emoticon,cnt,emoji,name,group,sub_group
_red_heart_,168111,❤️,red heart,Smileys & Emotion,emotion
_loudly_crying_face_,136543,😭,loudly crying face,Smileys & Emotion,face-concerned
_face_with_tears_of_joy_,101488,😂,face with tears of joy,Smileys & Emotion,face-smiling
_smiling_face_with_smiling_eyes_,80186,😊,smiling face with smiling eyes,Smileys & Emotion,face-smiling
_smiling_face_with_heart-eyes_,66088,😍,smiling face with heart-eyes,Smileys & Emotion,face-affection
_purple_heart_,51958,💜,purple heart,Smileys & Emotion,emotion
_thumbs_up_,50944,👍,thumbs up,People & Body,hand-fingers-closed
_backhand_index_pointing_down_,49786,👇,backhand index pointing down,People & Body,hand-single-finger
_eyes_,48343,👀,eyes,People & Body,body-parts
_pouting_face_,47801,😡,pouting face,Smileys & Emotion,face-negative
_waving_hand_,44672,👋,waving hand,People & Body,hand-fingers-open
_thinking_face_,40136,🤔,thinking face,Smileys & Emotion,face-hand
_winking_face_,39826,😉,winking face,Smileys & Emotion,face-smiling
_pleading_face_,33970,🥺,pleading face,Smileys & Emotion,face-concerned
_fire_,32470,🔥,fire,Travel & Places,sky & weather
_weary_face_,29627,😩,weary face,Smileys & Emotion,face-concerned
_face_savoring_food_,26814,😋,face savoring food,Smileys & Emotion,face-tongue
_rolling_on_the_floor_laughing_,26488,🤣,rolling on the floor laughing,Smileys & Emotion,face-smiling
_beaming_face_with_smiling_eyes_,26419,😁,beaming face with smiling eyes,Smileys & Emotion,face-smiling
_folded_hands_,25067,🙏,folded hands,People & Body,hands
_face_with_rolling_eyes_,25004,🙄,face with rolling eyes,Smileys & Emotion,face-neutral-skeptical
_grinning_face_,24434,😀,grinning face,Smileys & Emotion,face-smiling
_slightly_smiling_face_,22957,🙂,slightly smiling face,Smileys & Emotion,face-smiling
_pensive_face_,22537,😔,pensive face,Smileys & Emotion,face-sleepy
_musical_notes_,22219,🎶,musical notes,Objects,music
_clapping_hands_,19510,👏,clapping hands,People & Body,hands
_registered_,19174,®️,registered,Symbols,other-symbol
_woman_dancing_,18944,💃,woman dancing,People & Body,person-activity
_heart_suit_,17431,♥️,heart suit,Activities,game
_smiling_face_with_sunglasses_,17100,😎,smiling face with sunglasses,Smileys & Emotion,face-glasses
_blue_heart_,16970,💙,blue heart,Smileys & Emotion,emotion
_crying_face_,16734,😢,crying face,Smileys & Emotion,face-concerned
_police_car_light_,16589,🚨,police car light,Travel & Places,transport-ground
_face_with_symbols_on_mouth_,16030,🤬,face with symbols on mouth,Smileys & Emotion,face-negative
_raising_hands_,14911,🙌,raising hands,People & Body,hands
_face_with_steam_from_nose_,14813,😤,face with steam from nose,Smileys & Emotion,face-negative
_backhand_index_pointing_right_,14446,👉,backhand index pointing right,People & Body,hand-single-finger
_unamused_face_,14224,😒,unamused face,Smileys & Emotion,face-neutral-skeptical
_smiling_face_with_hearts_,13189,🥰,smiling face with hearts,Smileys & Emotion,face-affection
_broken_heart_,12341,💔,broken heart,Smileys & Emotion,emotion
_hamburger_,11744,🍔,hamburger,Food & Drink,food-prepared
_two_hearts_,11531,💕,two hearts,Smileys & Emotion,emotion
_smiling_face_,11451,☺️,smiling face,Smileys & Emotion,face-affection
_man_dancing_,11358,🕺,man dancing,People & Body,person-activity
_french_fries_,11294,🍟,french fries,Food & Drink,food-prepared
_globe_showing_Americas_,11157,🌎,globe showing Americas,Travel & Places,place-map
_disappointed_face_,11102,😞,disappointed face,Smileys & Emotion,face-concerned
_musical_note_,10499,🎵,musical note,Objects,music
_face_blowing_a_kiss_,10477,😘,face blowing a kiss,Smileys & Emotion,face-affection
_tired_face_,10352,😫,tired face,Smileys & Emotion,face-concerned
_grinning_face_with_big_eyes_,10076,😃,grinning face with big eyes,Smileys & Emotion,face-smiling
_OK_hand_,9965,👌,OK hand,People & Body,hand-fingers-partial
_hundred_points_,9627,💯,hundred points,Smileys & Emotion,emotion
_shopping_cart_,9619,🛒,shopping cart,Objects,household
_sparkling_heart_,9133,💖,sparkling heart,Smileys & Emotion,emotion
_sparkles_,8990,✨,sparkles,Activities,event
_double_exclamation_mark_,8988,‼️,double exclamation mark,Symbols,punctuation
_folded_hands_light_skin_tone_,8930,🙏🏻,folded hands: light skin tone,People & Body,hands
_flushed_face_,8401,😳,flushed face,Smileys & Emotion,face-concerned
_sun_,8295,☀️,sun,Travel & Places,sky & weather
_angry_face_,8271,😠,angry face,Smileys & Emotion,face-negative
_upside-down_face_,8225,🙃,upside-down face,Smileys & Emotion,face-smiling
_frowning_face_,8187,☹️,frowning face,Smileys & Emotion,face-concerned
_face_screaming_in_fear_,7920,😱,face screaming in fear,Smileys & Emotion,face-concerned
_grinning_face_with_sweat_,7901,😅,grinning face with sweat,Smileys & Emotion,face-smiling
_folded_hands_medium-light_skin_tone_,7871,🙏🏼,folded hands: medium-light skin tone,People & Body,hands
_smiling_face_with_open_hands_,7666,🤗,hugging face,Smileys & Emotion,face-hand
_alarm_clock_,7648,⏰,alarm clock,Travel & Places,time
_crossed_fingers_,7440,🤞,crossed fingers,People & Body,hand-fingers-partial
_man_raising_hand_,7435,🙋‍♂️,man raising hand,People & Body,person-gesture
_party_popper_,7393,🎉,party popper,Activities,event
_star-struck_,7356,🤩,star-struck,Smileys & Emotion,face-affection
_smirking_face_,7022,😏,smirking face,Smileys & Emotion,face-neutral-skeptical
_thumbs_down_,7007,👎,thumbs down,People & Body,hand-fingers-closed
_grinning_face_with_smiling_eyes_,7002,😄,grinning face with smiling eyes,Smileys & Emotion,face-smiling
_hot_beverage_,6883,☕,hot beverage,Food & Drink,drink
_face_vomiting_,6881,🤮,face vomiting,Smileys & Emotion,face-unwell
_nauseated_face_,6863,🤢,nauseated face,Smileys & Emotion,face-unwell
_woman_raising_hand_,6853,🙋‍♀️,woman raising hand,People & Body,person-gesture
_drooling_face_,6764,🤤,drooling face,Smileys & Emotion,face-sleepy
_expressionless_face_,6709,😑,expressionless face,Smileys & Emotion,face-neutral-skeptical
_yellow_heart_,6480,💛,yellow heart,Smileys & Emotion,emotion
_clapping_hands_light_skin_tone_,6255,👏🏻,clapping hands: light skin tone,People & Body,hands
_grinning_squinting_face_,6159,😆,grinning squinting face,Smileys & Emotion,face-smiling
_grimacing_face_,6083,😬,grimacing face,Smileys & Emotion,face-neutral-skeptical
_neutral_face_,6059,😐,neutral face,Smileys & Emotion,face-neutral-skeptical
_relieved_face_,5958,😌,relieved face,Smileys & Emotion,face-sleepy
_confused_face_,5678,😕,confused face,Smileys & Emotion,face-concerned
_Christmas_tree_,5592,🎄,Christmas tree,Activities,event
_folded_hands_medium_skin_tone_,5580,🙏🏽,folded hands: medium skin tone,People & Body,hands
_flexed_biceps_,5489,💪,flexed biceps,People & Body,body-parts
_speaking_head_,5443,🗣️,speaking head,People & Body,person-symbol
_smiling_face_with_horns_,5289,😈,smiling face with horns,Smileys & Emotion,face-negative
_thumbs_up_light_skin_tone_,5184,👍🏻,thumbs up: light skin tone,People & Body,hand-fingers-closed
_see-no-evil_monkey_,4948,🙈,see-no-evil monkey,Smileys & Emotion,monkey-face
_skull_,4892,💀,skull,Smileys & Emotion,face-negative
_growing_heart_,4860,💗,growing heart,Smileys & Emotion,emotion
_clapping_hands_medium-light_skin_tone_,4796,👏🏼,clapping hands: medium-light skin tone,People & Body,hands
_face_with_raised_eyebrow_,4597,🤨,face with raised eyebrow,Smileys & Emotion,face-neutral-skeptical
_folded_hands_medium-dark_skin_tone_,4564,🙏🏾,folded hands: medium-dark skin tone,People & Body,hands
_winking_face_with_tongue_,4521,😜,winking face with tongue,Smileys & Emotion,face-tongue
_microphone_,4420,🎤,microphone,Objects,music
_green_heart_,4361,💚,green heart,Smileys & Emotion,emotion
_exploding_head_,4125,🤯,exploding head,Smileys & Emotion,face-unwell
_pile_of_poo_,3995,💩,pile of poo,Smileys & Emotion,face-costume
_sad_but_relieved_face_,3990,😥,sad but relieved face,Smileys & Emotion,face-concerned
_star_,3970,⭐,star,Travel & Places,sky & weather
_baseball_,3904,⚾,baseball,Activities,sport
_crown_,3861,👑,crown,Objects,clothing
_black_heart_,3755,🖤,black heart,Smileys & Emotion,emotion
_middle_finger_,3755,🖕,middle finger,People & Body,hand-single-finger
_partying_face_,3731,🥳,partying face,Smileys & Emotion,face-hat
_clapping_hands_medium_skin_tone_,3662,👏🏽,clapping hands: medium skin tone,People & Body,hands
_sleepy_face_,3629,😪,sleepy face,Smileys & Emotion,face-sleepy
_face_with_monocle_,3541,🧐,face with monocle,Smileys & Emotion,face-glasses
_slightly_frowning_face_,3517,🙁,slightly frowning face,Smileys & Emotion,face-concerned
_worried_face_,3517,😟,worried face,Smileys & Emotion,face-concerned
_wrapped_gift_,3393,🎁,wrapped gift,Activities,event
_clapping_hands_medium-dark_skin_tone_,3379,👏🏾,clapping hands: medium-dark skin tone,People & Body,hands
_United_States_,3347,🇺🇸,flag: United States,Flags,country-flag
_soft_ice_cream_,3287,🍦,soft ice cream,Food & Drink,food-sweet
_woozy_face_,3198,🥴,woozy face,Smileys & Emotion,face-unwell
_thumbs_up_medium-light_skin_tone_,3179,👍🏼,thumbs up: medium-light skin tone,People & Body,hand-fingers-closed
_persevering_face_,3179,😣,persevering face,Smileys & Emotion,face-concerned
_clown_face_,3171,🤡,clown face,Smileys & Emotion,face-costume
_sneezing_face_,2996,🤧,sneezing face,Smileys & Emotion,face-unwell
_collision_,2980,💥,collision,Smileys & Emotion,emotion
_face_with_hand_over_mouth_,2979,🤭,face with hand over mouth,Smileys & Emotion,face-hand
_revolving_hearts_,2857,💞,revolving hearts,Smileys & Emotion,emotion
_raising_hands_medium-light_skin_tone_,2830,🙌🏼,raising hands: medium-light skin tone,People & Body,hands
_smiling_face_with_halo_,2815,😇,smiling face with halo,Smileys & Emotion,face-smiling
_shamrock_,2738,☘️,shamrock,Animals & Nature,plant-other
_raising_hands_light_skin_tone_,2736,🙌🏻,raising hands: light skin tone,People & Body,hands
_smiling_face_with_tear_,2735,🥲,smiling face with tear,Smileys & Emotion,face-affection
_high_voltage_,2733,⚡,high voltage,Travel & Places,sky & weather
_oncoming_fist_,2721,👊,oncoming fist,People & Body,hand-fingers-closed
_hot_dog_,2645,🌭,hot dog,Food & Drink,food-prepared
_beating_heart_,2620,💓,beating heart,Smileys & Emotion,emotion
_face_with_medical_mask_,2572,😷,face with medical mask,Smileys & Emotion,face-unwell
_money_bag_,2569,💰,money bag,Objects,money
_zany_face_,2558,🤪,zany face,Smileys & Emotion,face-tongue
_victory_hand_,2539,✌️,victory hand,People & Body,hand-fingers-partial
_downcast_face_with_sweat_,2468,😓,downcast face with sweat,Smileys & Emotion,face-concerned
_glowing_star_,2464,🌟,glowing star,Travel & Places,sky & weather
_OK_hand_light_skin_tone_,2405,👌🏻,OK hand: light skin tone,People & Body,hand-fingers-partial
_squinting_face_with_tongue_,2388,😝,squinting face with tongue,Smileys & Emotion,face-tongue
_red_exclamation_mark_,2380,❗,red exclamation mark,Symbols,punctuation
_octopus_,2344,🐙,octopus,Animals & Nature,animal-marine
_raising_hands_medium-dark_skin_tone_,2303,🙌🏾,raising hands: medium-dark skin tone,People & Body,hands
_right_arrow_,2296,➡️,right arrow,Symbols,arrow
_popcorn_,2295,🍿,popcorn,Food & Drink,food-prepared
_mobile_phone_,2289,📱,mobile phone,Objects,phone
_woman_shrugging_light_skin_tone_,2279,🤷🏻‍♀️,woman shrugging: light skin tone,People & Body,person-gesture
_confounded_face_,2273,😖,confounded face,Smileys & Emotion,face-concerned
_raising_hands_medium_skin_tone_,2203,🙌🏽,raising hands: medium skin tone,People & Body,hands
_ghost_,2180,👻,ghost,Smileys & Emotion,face-costume
_backhand_index_pointing_left_,2174,👈,backhand index pointing left,People & Body,hand-single-finger
_check_mark_button_,2169,✅,check mark button,Symbols,other-symbol
_man_facepalming_,2117,🤦‍♂️,man facepalming,People & Body,person-gesture
_trade_mark_,2106,™️,trade mark,Symbols,other-symbol
_poultry_leg_,2087,🍗,poultry leg,Food & Drink,food-prepared
_man_facepalming_medium-dark_skin_tone_,2037,🤦🏾‍♂️,man facepalming: medium-dark skin tone,People & Body,person-gesture
_rainbow_,2029,🌈,rainbow,Travel & Places,sky & weather
_thumbs_down_light_skin_tone_,2028,👎🏻,thumbs down: light skin tone,People & Body,hand-fingers-closed
_magnifying_glass_tilted_right_,2024,🔎,magnifying glass tilted right,Objects,light & video
_eye_,2010,👁️,eye,People & Body,body-parts
_man_shrugging_,2002,🤷‍♂️,man shrugging,People & Body,person-gesture
_cup_with_straw_,1998,🥤,cup with straw,Food & Drink,drink
_kiss_mark_,1949,💋,kiss mark,Smileys & Emotion,emotion
_woman_shrugging_,1925,🤷‍♀️,woman shrugging,People & Body,person-gesture
_check_mark_,1922,✔️,check mark,Symbols,other-symbol
_woman_facepalming_light_skin_tone_,1910,🤦🏻‍♀️,woman facepalming: light skin tone,People & Body,person-gesture
_OK_hand_medium-light_skin_tone_,1874,👌🏼,OK hand: medium-light skin tone,People & Body,hand-fingers-partial
_Santa_Claus_,1845,🎅,Santa Claus,People & Body,person-fantasy
_man_facepalming_medium_skin_tone_,1805,🤦🏽‍♂️,man facepalming: medium skin tone,People & Body,person-gesture
_rocket_,1805,🚀,rocket,Travel & Places,transport-air
_astonished_face_,1791,😲,astonished face,Smileys & Emotion,face-concerned
_orange_heart_,1783,🧡,orange heart,Smileys & Emotion,emotion
_down_arrow_,1769,⬇️,down arrow,Symbols,arrow
_four_leaf_clover_,1759,🍀,four leaf clover,Animals & Nature,plant-other
_smiling_cat_with_heart-eyes_,1729,😻,smiling cat with heart-eyes,Smileys & Emotion,cat-face
_face_with_open_mouth_,1703,😮,face with open mouth,Smileys & Emotion,face-concerned
_woman_facepalming_medium_skin_tone_,1701,🤦🏽‍♀️,woman facepalming: medium skin tone,People & Body,person-gesture
_person_raising_hand_,1676,🙋,person raising hand,People & Body,person-gesture
_raised_hand_,1664,✋,raised hand,People & Body,hand-fingers-open
_woman_shrugging_medium-light_skin_tone_,1651,🤷🏼‍♀️,woman shrugging: medium-light skin tone,People & Body,person-gesture
_hot_face_,1649,🥵,hot face,Smileys & Emotion,face-unwell
_sleeping_face_,1648,😴,sleeping face,Smileys & Emotion,face-sleepy
_trophy_,1639,🏆,trophy,Activities,award-medal
_middle_finger_light_skin_tone_,1637,🖕🏻,middle finger: light skin tone,People & Body,hand-single-finger
_anxious_face_with_sweat_,1629,😰,anxious face with sweat,Smileys & Emotion,face-concerned
_dog_face_,1618,🐶,dog face,Animals & Nature,animal-mammal
_writing_hand_,1586,✍️,writing hand,People & Body,hand-prop
_thumbs_down_medium-light_skin_tone_,1580,👎🏼,thumbs down: medium-light skin tone,People & Body,hand-fingers-closed
_jack-o-lantern_,1564,🎃,jack-o-lantern,Activities,event
_woman_shrugging_medium_skin_tone_,1558,🤷🏽‍♀️,woman shrugging: medium skin tone,People & Body,person-gesture
_nerd_face_,1553,🤓,nerd face,Smileys & Emotion,face-glasses
_crossed_fingers_light_skin_tone_,1537,🤞🏻,crossed fingers: light skin tone,People & Body,hand-fingers-partial
_television_,1537,📺,television,Objects,light & video
_pizza_,1532,🍕,pizza,Food & Drink,food-prepared
_thumbs_up_medium_skin_tone_,1532,👍🏽,thumbs up: medium skin tone,People & Body,hand-fingers-closed
_rose_,1531,🌹,rose,Animals & Nature,plant-flower
_woman_facepalming_,1524,🤦‍♀️,woman facepalming,People & Body,person-gesture
_pig_face_,1519,🐷,pig face,Animals & Nature,animal-mammal
_middle_finger_medium-light_skin_tone_,1509,🖕🏼,middle finger: medium-light skin tone,People & Body,hand-single-finger
_man_facepalming_light_skin_tone_,1496,🤦🏻‍♂️,man facepalming: light skin tone,People & Body,person-gesture
_man_shrugging_light_skin_tone_,1473,🤷🏻‍♂️,man shrugging: light skin tone,People & Body,person-gesture
_white_heart_,1462,🤍,white heart,Smileys & Emotion,emotion
_globe_showing_Europe-Africa_,1398,🌍,globe showing Europe-Africa,Travel & Places,place-map
_prohibited_,1366,🚫,prohibited,Symbols,warning
_honeybee_,1348,🐝,honeybee,Animals & Nature,animal-bug
_heart_with_arrow_,1335,💘,heart with arrow,Smileys & Emotion,emotion
_magnifying_glass_tilted_left_,1334,🔍,magnifying glass tilted left,Objects,light & video
_face_with_tongue_,1332,😛,face with tongue,Smileys & Emotion,face-tongue
_automobile_,1332,🚗,automobile,Travel & Places,transport-ground
_crossed_fingers_medium-light_skin_tone_,1331,🤞🏼,crossed fingers: medium-light skin tone,People & Body,hand-fingers-partial
_birthday_cake_,1320,🎂,birthday cake,Food & Drink,food-sweet
_movie_camera_,1307,🎥,movie camera,Objects,light & video
_american_football_,1285,🏈,american football,Activities,sport
_heart_exclamation_,1284,❣️,heart exclamation,Smileys & Emotion,emotion
_man_shrugging_medium-dark_skin_tone_,1268,🤷🏾‍♂️,man shrugging: medium-dark skin tone,People & Body,person-gesture
_package_,1267,📦,package,Objects,mail
_chicken_,1263,🐔,chicken,Animals & Nature,animal-bird
_memo_,1257,📝,memo,Objects,writing
_woman_facepalming_medium-dark_skin_tone_,1250,🤦🏾‍♀️,woman facepalming: medium-dark skin tone,People & Body,person-gesture
_man_shrugging_medium_skin_tone_,1237,🤷🏽‍♂️,man shrugging: medium skin tone,People & Body,person-gesture
_cookie_,1235,🍪,cookie,Food & Drink,food-sweet
_middle_finger_medium_skin_tone_,1219,🖕🏽,middle finger: medium skin tone,People & Body,hand-single-finger
_money-mouth_face_,1211,🤑,money-mouth face,Smileys & Emotion,face-tongue
_OK_hand_medium_skin_tone_,1208,👌🏽,OK hand: medium skin tone,People & Body,hand-fingers-partial
_angry_face_with_horns_,1197,👿,angry face with horns,Smileys & Emotion,face-negative
_snowflake_,1195,❄️,snowflake,Travel & Places,sky & weather
_confetti_ball_,1187,🎊,confetti ball,Activities,event
_wine_glass_,1177,🍷,wine glass,Food & Drink,drink
_sun_with_face_,1150,🌞,sun with face,Travel & Places,sky & weather
_bacon_,1146,🥓,bacon,Food & Drink,food-prepared
_kissing_face_with_closed_eyes_,1143,😚,kissing face with closed eyes,Smileys & Emotion,face-affection
_airplane_,1127,✈️,airplane,Travel & Places,transport-air
_United_Kingdom_,1122,🇬🇧,flag: United Kingdom,Flags,country-flag
_litter_in_bin_sign_,1120,🚮,litter in bin sign,Symbols,transport-sign
_OK_hand_medium-dark_skin_tone_,1118,👌🏾,OK hand: medium-dark skin tone,People & Body,hand-fingers-partial
_dizzy_,1115,💫,dizzy,Smileys & Emotion,emotion
_woman_facepalming_medium-light_skin_tone_,1094,🤦🏼‍♀️,woman facepalming: medium-light skin tone,People & Body,person-gesture
_raised_fist_,1086,✊,raised fist,People & Body,hand-fingers-closed
_thumbs_up_medium-dark_skin_tone_,1086,👍🏾,thumbs up: medium-dark skin tone,People & Body,hand-fingers-closed
_money_with_wings_,1080,💸,money with wings,Objects,money
_face_without_mouth_,1067,😶,face without mouth,Smileys & Emotion,face-neutral-skeptical
_skull_and_crossbones_,1067,☠️,skull and crossbones,Smileys & Emotion,face-negative
_sign_of_the_horns_,1049,🤘,sign of the horns,People & Body,hand-fingers-partial
_video_game_,1045,🎮,video game,Activities,game
_camera_with_flash_,1036,📸,camera with flash,Objects,light & video
_face_with_crossed-out_eyes_,1031,😵,knocked-out face,Smileys & Emotion,face-unwell
_candle_,1019,🕯️,candle,Objects,light & video
_bottle_with_popping_cork_,1012,🍾,bottle with popping cork,Food & Drink,drink
_handshake_,1009,🤝,handshake,People & Body,hands
_camera_,987,📷,camera,Objects,light & video
_zzz_,976,💤,zzz,Smileys & Emotion,emotion
_clinking_glasses_,969,🥂,clinking glasses,Food & Drink,drink
_sweat_droplets_,964,💦,sweat droplets,Smileys & Emotion,emotion
_rabbit_face_,961,🐰,rabbit face,Animals & Nature,animal-mammal
_wastebasket_,952,🗑️,wastebasket,Objects,office
_dollar_banknote_,946,💵,dollar banknote,Objects,money
_kitchen_knife_,942,🔪,kitchen knife,Food & Drink,dishware
_middle_finger_medium-dark_skin_tone_,938,🖕🏾,middle finger: medium-dark skin tone,People & Body,hand-single-finger
_rainbow_flag_,937,🏳️‍🌈,rainbow flag,Flags,flag
_speak-no-evil_monkey_,934,🙊,speak-no-evil monkey,Smileys & Emotion,monkey-face
_clapper_board_,933,🎬,clapper board,Objects,light & video
_seedling_,921,🌱,seedling,Animals & Nature,plant-other
_tangerine_,920,🍊,tangerine,Food & Drink,food-fruit
_cowboy_hat_face_,913,🤠,cowboy hat face,Smileys & Emotion,face-hat
_cherry_blossom_,905,🌸,cherry blossom,Animals & Nature,plant-flower
_cactus_,891,🌵,cactus,Animals & Nature,plant-other
_gem_stone_,870,💎,gem stone,Objects,clothing
_Brazil_,869,🇧🇷,flag: Brazil,Flags,country-flag
_exclamation_question_mark_,865,⁉️,exclamation question mark,Symbols,punctuation
_butter_,851,🧈,butter,Food & Drink,food-prepared
_fearful_face_,850,😨,fearful face,Smileys & Emotion,face-concerned
_heart_with_ribbon_,849,💝,heart with ribbon,Smileys & Emotion,emotion
_soccer_ball_,849,⚽,soccer ball,Activities,sport
_thumbs_down_medium_skin_tone_,844,👎🏽,thumbs down: medium skin tone,People & Body,hand-fingers-closed
_thumbs_down_medium-dark_skin_tone_,839,👎🏾,thumbs down: medium-dark skin tone,People & Body,hand-fingers-closed
_hushed_face_,834,😯,hushed face,Smileys & Emotion,face-concerned
_Saudi_Arabia_,833,🇸🇦,flag: Saudi Arabia,Flags,country-flag
_cross_mark_,823,❌,cross mark,Symbols,other-symbol
_woman_shrugging_medium-dark_skin_tone_,809,🤷🏾‍♀️,woman shrugging: medium-dark skin tone,People & Body,person-gesture
_Canada_,808,🇨🇦,flag: Canada,Flags,country-flag
_laptop_,803,💻,laptop,Objects,computer
_chocolate_bar_,786,🍫,chocolate bar,Food & Drink,food-sweet
_mouth_,784,👄,mouth,People & Body,body-parts
_victory_hand_light_skin_tone_,779,✌🏻,victory hand: light skin tone,People & Body,hand-fingers-partial
_raised_fist_medium-dark_skin_tone_,769,✊🏾,raised fist: medium-dark skin tone,People & Body,hand-fingers-closed
_headphone_,758,🎧,headphone,Objects,music
_person_facepalming_,758,🤦,person facepalming,People & Body,person-gesture
_balloon_,741,🎈,balloon,Activities,event
_backhand_index_pointing_right_medium-light_skin_tone_,733,👉🏼,backhand index pointing right: medium-light skin tone,People & Body,hand-single-finger
_backhand_index_pointing_down_light_skin_tone_,733,👇🏻,backhand index pointing down: light skin tone,People & Body,hand-single-finger
_water_pistol_,732,🔫,water pistol,Objects,tool
_man_shrugging_medium-light_skin_tone_,727,🤷🏼‍♂️,man shrugging: medium-light skin tone,People & Body,person-gesture
_alien_,727,👽,alien,Smileys & Emotion,face-costume
_index_pointing_up_,725,☝️,index pointing up,People & Body,hand-single-finger
_cat_with_tears_of_joy_,722,😹,cat with tears of joy,Smileys & Emotion,cat-face
_shushing_face_,721,🤫,shushing face,Smileys & Emotion,face-hand
_dashing_away_,719,💨,dashing away,Smileys & Emotion,emotion
_new_moon_face_,719,🌚,new moon face,Travel & Places,sky & weather
_bear_,715,🐻,bear,Animals & Nature,animal-mammal
_pineapple_,708,🍍,pineapple,Food & Drink,food-fruit
_cherries_,706,🍒,cherries,Food & Drink,food-fruit
_kissing_face_,705,😗,kissing face,Smileys & Emotion,face-affection
_anguished_face_,704,😧,anguished face,Smileys & Emotion,face-concerned
_egg_,700,🥚,egg,Food & Drink,food-prepared
_backhand_index_pointing_right_light_skin_tone_,699,👉🏻,backhand index pointing right: light skin tone,People & Body,hand-single-finger
_paw_prints_,696,🐾,paw prints,Animals & Nature,animal-mammal
_crossed_fingers_medium_skin_tone_,694,🤞🏽,crossed fingers: medium skin tone,People & Body,hand-fingers-partial
_bouquet_,681,💐,bouquet,Animals & Nature,plant-flower
_globe_showing_Asia-Australia_,669,🌏,globe showing Asia-Australia,Travel & Places,place-map
_up_arrow_,666,⬆️,up arrow,Symbols,arrow
_pancakes_,659,🥞,pancakes,Food & Drink,food-prepared
_bug_,653,🐛,bug,Animals & Nature,animal-bug
_light_bulb_,648,💡,light bulb,Objects,light & video
_man_facepalming_medium-light_skin_tone_,641,🤦🏼‍♂️,man facepalming: medium-light skin tone,People & Body,person-gesture
_Santa_Claus_light_skin_tone_,640,🎅🏻,Santa Claus: light skin tone,People & Body,person-fantasy
_raised_fist_light_skin_tone_,638,✊🏻,raised fist: light skin tone,People & Body,hand-fingers-closed
_folded_hands_dark_skin_tone_,638,🙏🏿,folded hands: dark skin tone,People & Body,hands
_pie_,631,🥧,pie,Food & Drink,food-sweet
_tongue_,626,👅,tongue,People & Body,body-parts
_water_wave_,626,🌊,water wave,Travel & Places,sky & weather
_butterfly_,622,🦋,butterfly,Animals & Nature,animal-bug
_goat_,618,🐐,goat,Animals & Nature,animal-mammal
_victory_hand_medium-light_skin_tone_,616,✌🏼,victory hand: medium-light skin tone,People & Body,hand-fingers-partial
_person_shrugging_,613,🤷,person shrugging,People & Body,person-gesture
_shopping_bags_,606,🛍️,shopping bags,Objects,clothing
_warning_,604,⚠️,warning,Symbols,warning
_curly_loop_,591,➰,curly loop,Symbols,other-symbol
_sunflower_,591,🌻,sunflower,Animals & Nature,plant-flower
_kissing_face_with_smiling_eyes_,590,😙,kissing face with smiling eyes,Smileys & Emotion,face-affection
_red_question_mark_,589,❓,red question mark,Symbols,punctuation
_snake_,580,🐍,snake,Animals & Nature,animal-reptile
_hand_with_fingers_splayed_,580,🖐️,hand with fingers splayed,People & Body,hand-fingers-open
_Turkey_,576,🇹🇷,flag: Turkey,Flags,country-flag
_credit_card_,567,💳,credit card,Objects,money
_hatching_chick_,565,🐣,hatching chick,Animals & Nature,animal-bird
_oncoming_automobile_,557,🚘,oncoming automobile,Travel & Places,transport-ground
_backhand_index_pointing_down_medium-dark_skin_tone_,547,👇🏾,backhand index pointing down: medium-dark skin tone,People & Body,hand-single-finger
_backhand_index_pointing_down_medium-light_skin_tone_,545,👇🏼,backhand index pointing down: medium-light skin tone,People & Body,hand-single-finger
_red_apple_,541,🍎,red apple,Food & Drink,food-fruit
_detective_,541,🕵️,detective,People & Body,person-role
_clapping_hands_dark_skin_tone_,538,👏🏿,clapping hands: dark skin tone,People & Body,hands
_flexed_biceps_light_skin_tone_,538,💪🏻,flexed biceps: light skin tone,People & Body,body-parts
_hot_pepper_,537,🌶️,hot pepper,Food & Drink,food-vegetable
_crossed_fingers_medium-dark_skin_tone_,534,🤞🏾,crossed fingers: medium-dark skin tone,People & Body,hand-fingers-partial
_tiger_face_,529,🐯,tiger face,Animals & Nature,animal-mammal
_cheese_wedge_,527,🧀,cheese wedge,Food & Drink,food-prepared
_flexed_biceps_medium_skin_tone_,527,💪🏽,flexed biceps: medium skin tone,People & Body,body-parts
_frowning_face_with_open_mouth_,526,😦,frowning face with open mouth,Smileys & Emotion,face-concerned
_lemon_,524,🍋,lemon,Food & Drink,food-fruit
_shortcake_,518,🍰,shortcake,Food & Drink,food-sweet
_flexed_biceps_medium-dark_skin_tone_,516,💪🏾,flexed biceps: medium-dark skin tone,People & Body,body-parts
_person_running_,510,🏃,person running,People & Body,person-activity
_ring_,506,💍,ring,Objects,clothing
_call_me_hand_,505,🤙,call me hand,People & Body,hand-fingers-partial
_India_,503,🇮🇳,flag: India,Flags,country-flag
_China_,502,🇨🇳,flag: China,Flags,country-flag
_backhand_index_pointing_left_light_skin_tone_,501,👈🏻,backhand index pointing left: light skin tone,People & Body,hand-single-finger
_nail_polish_,500,💅,nail polish,People & Body,hand-prop
_chart_increasing_,499,📈,chart increasing,Objects,office
_France_,497,🇫🇷,flag: France,Flags,country-flag
_cat_face_,497,🐱,cat face,Animals & Nature,animal-mammal
_lion_,493,🦁,lion,Animals & Nature,animal-mammal
_ogre_,491,👹,ogre,Smileys & Emotion,face-costume
_telephone_,490,☎️,telephone,Objects,phone
_strawberry_,489,🍓,strawberry,Food & Drink,food-fruit
_evergreen_tree_,489,🌲,evergreen tree,Animals & Nature,plant-other
_crying_cat_,485,😿,crying cat,Smileys & Emotion,cat-face
_red_circle_,484,🔴,red circle,Symbols,geometric
_clinking_beer_mugs_,475,🍻,clinking beer mugs,Food & Drink,drink
_raised_fist_medium_skin_tone_,472,✊🏽,raised fist: medium skin tone,People & Body,hand-fingers-closed
_yawning_face_,468,🥱,yawning face,Smileys & Emotion,face-concerned
_bomb_,468,💣,bomb,Smileys & Emotion,emotion
_face_with_head-bandage_,467,🤕,face with head-bandage,Smileys & Emotion,face-unwell
_SOS_button_,464,🆘,SOS button,Symbols,alphanum
_flexed_biceps_medium-light_skin_tone_,462,💪🏼,flexed biceps: medium-light skin tone,People & Body,body-parts
_robot_,461,🤖,robot,Smileys & Emotion,face-costume
_zipper-mouth_face_,457,🤐,zipper-mouth face,Smileys & Emotion,face-neutral-skeptical
_woman_dancing_light_skin_tone_,454,💃🏻,woman dancing: light skin tone,People & Body,person-activity
_herb_,448,🌿,herb,Animals & Nature,plant-other
_Palestinian_Territories_,448,🇵🇸,flag: Palestinian Territories,Flags,country-flag
_loudspeaker_,445,📢,loudspeaker,Objects,sound
_droplet_,439,💧,droplet,Travel & Places,sky & weather
_cold_face_,439,🥶,cold face,Smileys & Emotion,face-unwell
_rooster_,438,🐓,rooster,Animals & Nature,animal-bird
_film_projector_,433,📽️,film projector,Objects,light & video
_taco_,427,🌮,taco,Food & Drink,food-prepared
_waving_hand_light_skin_tone_,426,👋🏻,waving hand: light skin tone,People & Body,hand-fingers-open
_dog_,422,🐕,dog,Animals & Nature,animal-mammal
_South_Africa_,416,🇿🇦,flag: South Africa,Flags,country-flag
_victory_hand_medium_skin_tone_,416,✌🏽,victory hand: medium skin tone,People & Body,hand-fingers-partial
_person_tipping_hand_,415,💁,person tipping hand,People & Body,person-gesture
_heart_decoration_,413,💟,heart decoration,Smileys & Emotion,emotion
_telephone_receiver_,413,📞,telephone receiver,Objects,phone
_spider_,412,🕷️,spider,Animals & Nature,animal-bug
_books_,410,📚,books,Objects,book-paper
_doughnut_,408,🍩,doughnut,Food & Drink,food-sweet
_copyright_,406,©️,copyright,Symbols,other-symbol
_Pakistan_,406,🇵🇰,flag: Pakistan,Flags,country-flag
_love-you_gesture_,406,🤟,love-you gesture,People & Body,hand-fingers-partial
_hibiscus_,402,🌺,hibiscus,Animals & Nature,plant-flower
_play_button_,398,▶️,play button,Symbols,av-symbol
_Germany_,395,🇩🇪,flag: Germany,Flags,country-flag
_speaker_high_volume_,395,🔊,speaker high volume,Objects,sound
_brown_heart_,395,🤎,brown heart,Smileys & Emotion,emotion
_backhand_index_pointing_up_,394,👆,backhand index pointing up,People & Body,hand-single-finger
_snowman_,390,☃️,snowman,Travel & Places,sky & weather
_racing_car_,388,🏎️,racing car,Travel & Places,transport-ground
_woman_detective_,386,🕵️‍♀️,woman detective,People & Body,person-role
_pouting_cat_,385,😾,pouting cat,Smileys & Emotion,cat-face
_deciduous_tree_,385,🌳,deciduous tree,Animals & Nature,plant-other
_backhand_index_pointing_down_medium_skin_tone_,383,👇🏽,backhand index pointing down: medium skin tone,People & Body,hand-single-finger
_stop_sign_,374,🛑,stop sign,Travel & Places,transport-ground
_Santa_Claus_medium-light_skin_tone_,373,🎅🏼,Santa Claus: medium-light skin tone,People & Body,person-fantasy
_megaphone_,373,📣,megaphone,Objects,sound
_airplane_departure_,372,🛫,airplane departure,Travel & Places,transport-air
_lipstick_,371,💄,lipstick,Objects,clothing
_basketball_,370,🏀,basketball,Activities,sport
_recycling_symbol_,367,♻️,recycling symbol,Symbols,other-symbol
_jeans_,365,👖,jeans,Objects,clothing
_blossom_,364,🌼,blossom,Animals & Nature,plant-flower
_raised_fist_medium-light_skin_tone_,363,✊🏼,raised fist: medium-light skin tone,People & Body,hand-fingers-closed
_front-facing_baby_chick_,362,🐥,front-facing baby chick,Animals & Nature,animal-bird
_pig_nose_,361,🐽,pig nose,Animals & Nature,animal-mammal
_penguin_,361,🐧,penguin,Animals & Nature,animal-bird
_guitar_,361,🎸,guitar,Objects,musical-instrument
_crossed_swords_,359,⚔️,crossed swords,Objects,tool
_waving_hand_medium-light_skin_tone_,358,👋🏼,waving hand: medium-light skin tone,People & Body,hand-fingers-open
_weary_cat_,358,🙀,weary cat,Smileys & Emotion,cat-face
_raised_back_of_hand_,358,🤚,raised back of hand,People & Body,hand-fingers-open
_full_moon_face_,357,🌝,full moon face,Travel & Places,sky & weather
_love_letter_,355,💌,love letter,Smileys & Emotion,emotion
_peach_,351,🍑,peach,Food & Drink,food-fruit
_mobile_phone_with_arrow_,351,📲,mobile phone with arrow,Objects,phone
_tomato_,350,🍅,tomato,Food & Drink,food-fruit
_snowman_without_snow_,347,⛄,snowman without snow,Travel & Places,sky & weather
_oncoming_fist_light_skin_tone_,346,👊🏻,oncoming fist: light skin tone,People & Body,hand-fingers-closed
_chequered_flag_,345,🏁,chequered flag,Flags,flag
_oncoming_fist_medium-light_skin_tone_,338,👊🏼,oncoming fist: medium-light skin tone,People & Body,hand-fingers-closed
_musical_score_,335,🎼,musical score,Objects,music
_keycap_1_,333,1️⃣,keycap: 1,Symbols,keycap
_backhand_index_pointing_right_medium-dark_skin_tone_,332,👉🏾,backhand index pointing right: medium-dark skin tone,People & Body,hand-single-finger
_cocktail_glass_,331,🍸,cocktail glass,Food & Drink,drink
_tulip_,324,🌷,tulip,Animals & Nature,plant-flower
_woman_running_,323,🏃‍♀️,woman running,People & Body,person-activity
_cat_with_wry_smile_,322,😼,cat with wry smile,Smileys & Emotion,cat-face
_victory_hand_medium-dark_skin_tone_,322,✌🏾,victory hand: medium-dark skin tone,People & Body,hand-fingers-partial
_fish_,321,🐟,fish,Animals & Nature,animal-marine
_beer_mug_,318,🍺,beer mug,Food & Drink,drink
_Spain_,317,🇪🇸,flag: Spain,Flags,country-flag
_house_with_garden_,316,🏡,house with garden,Travel & Places,place-building
_sport_utility_vehicle_,316,🚙,sport utility vehicle,Travel & Places,transport-ground
_backhand_index_pointing_right_medium_skin_tone_,316,👉🏽,backhand index pointing right: medium skin tone,People & Body,hand-single-finger
_Russia_,315,🇷🇺,flag: Russia,Flags,country-flag
_monkey_,313,🐒,monkey,Animals & Nature,animal-mammal
_backhand_index_pointing_left_medium_skin_tone_,312,👈🏽,backhand index pointing left: medium skin tone,People & Body,hand-single-finger
_crystal_ball_,310,🔮,crystal ball,Activities,game
_moai_,309,🗿,moai,Objects,other-object
_backhand_index_pointing_left_medium-dark_skin_tone_,308,👈🏾,backhand index pointing left: medium-dark skin tone,People & Body,hand-single-finger
_check_box_with_check_,308,☑️,check box with check,Symbols,other-symbol
_unicorn_,305,🦄,unicorn,Animals & Nature,animal-mammal
_watch_,302,⌚,watch,Travel & Places,time
_1st_place_medal_,302,🥇,1st place medal,Activities,award-medal
_Egypt_,301,🇪🇬,flag: Egypt,Flags,country-flag
_goblin_,299,👺,goblin,Smileys & Emotion,face-costume
_left_arrow_,298,⬅️,left arrow,Symbols,arrow
_crescent_moon_,298,🌙,crescent moon,Travel & Places,sky & weather
_backhand_index_pointing_left_medium-light_skin_tone_,296,👈🏼,backhand index pointing left: medium-light skin tone,People & Body,hand-single-finger
_microbe_,294,🦠,microbe,Animals & Nature,animal-bug
_man_raising_hand_light_skin_tone_,293,🙋🏻‍♂️,man raising hand: light skin tone,People & Body,person-gesture
_sign_of_the_horns_light_skin_tone_,293,🤘🏻,sign of the horns: light skin tone,People & Body,hand-fingers-partial
_face_with_thermometer_,292,🤒,face with thermometer,Smileys & Emotion,face-unwell
_middle_finger_dark_skin_tone_,291,🖕🏿,middle finger: dark skin tone,People & Body,hand-single-finger
_cooking_,288,🍳,cooking,Food & Drink,food-prepared
_sign_of_the_horns_medium_skin_tone_,287,🤘🏽,sign of the horns: medium skin tone,People & Body,hand-fingers-partial
_eggplant_,287,🍆,eggplant,Food & Drink,food-vegetable
_billed_cap_,285,🧢,billed cap,Objects,clothing
_Italy_,285,🇮🇹,flag: Italy,Flags,country-flag
_sign_of_the_horns_medium-light_skin_tone_,285,🤘🏼,sign of the horns: medium-light skin tone,People & Body,hand-fingers-partial
_gorilla_,283,🦍,gorilla,Animals & Nature,animal-mammal
_palm_tree_,282,🌴,palm tree,Animals & Nature,plant-other
_cloud_,281,☁️,cloud,Travel & Places,sky & weather
_tumbler_glass_,280,🥃,tumbler glass,Food & Drink,drink
_thought_balloon_,275,💭,thought balloon,Smileys & Emotion,emotion
_antenna_bars_,275,📶,antenna bars,Symbols,av-symbol
_key_,275,🔑,key,Objects,lock
_man_facepalming_dark_skin_tone_,274,🤦🏿‍♂️,man facepalming: dark skin tone,People & Body,person-gesture
_lying_face_,271,🤥,lying face,Smileys & Emotion,face-neutral-skeptical
_house_,268,🏠,house,Travel & Places,place-building
_fireworks_,268,🎆,fireworks,Activities,event
_artist_palette_,267,🎨,artist palette,Activities,arts & crafts
_dove_,265,🕊️,dove,Animals & Nature,animal-bird
_turtle_,264,🐢,turtle,Animals & Nature,animal-reptile
_spider_web_,264,🕸️,spider web,Animals & Nature,animal-bug
_wrench_,264,🔧,wrench,Objects,tool
_person_fencing_,261,🤺,person fencing,People & Body,person-sport
_raised_fist_dark_skin_tone_,257,✊🏿,raised fist: dark skin tone,People & Body,hand-fingers-closed
_call_me_hand_medium-light_skin_tone_,257,🤙🏼,call me hand: medium-light skin tone,People & Body,hand-fingers-partial
_banana_,257,🍌,banana,Food & Drink,food-fruit
_fork_and_knife_,255,🍴,fork and knife,Food & Drink,dishware
_level_slider_,255,🎚️,level slider,Objects,music
_raising_hands_dark_skin_tone_,254,🙌🏿,raising hands: dark skin tone,People & Body,hands
_woman_dancing_medium_skin_tone_,250,💃🏽,woman dancing: medium skin tone,People & Body,person-activity
_Argentina_,250,🇦🇷,flag: Argentina,Flags,country-flag
_palms_up_together_,249,🤲,palms up together,People & Body,hands
_carrot_,249,🥕,carrot,Food & Drink,food-vegetable
_hear-no-evil_monkey_,248,🙉,hear-no-evil monkey,Smileys & Emotion,monkey-face
_open_hands_,247,👐,open hands,People & Body,hands
_heavy_dollar_sign_,247,💲,heavy dollar sign,Symbols,currency
_man_zombie_,245,🧟‍♂️,man zombie,People & Body,person-fantasy
_bat_,244,🦇,bat,Animals & Nature,animal-mammal
_wolf_,244,🐺,wolf,Animals & Nature,animal-mammal
_lollipop_,243,🍭,lollipop,Food & Drink,food-sweet
_blue_circle_,241,🔵,blue circle,Symbols,geometric
_frog_,241,🐸,frog,Animals & Nature,animal-amphibian
_link_,240,🔗,link,Objects,tool
_female_sign_,240,♀️,female sign,Symbols,gender
_bullseye_,239,🎯,bullseye,Activities,game
_delivery_truck_,237,🚚,delivery truck,Travel & Places,transport-ground
_green_apple_,236,🍏,green apple,Food & Drink,food-fruit
_thumbs_up_dark_skin_tone_,235,👍🏿,thumbs up: dark skin tone,People & Body,hand-fingers-closed
_umbrella_,233,☂️,umbrella,Travel & Places,sky & weather
_beach_with_umbrella_,232,🏖️,beach with umbrella,Travel & Places,place-geographic
_call_me_hand_light_skin_tone_,230,🤙🏻,call me hand: light skin tone,People & Body,hand-fingers-partial
_raised_hand_light_skin_tone_,228,✋🏻,raised hand: light skin tone,People & Body,hand-fingers-open
_round_pushpin_,227,📍,round pushpin,Objects,office
_green_salad_,227,🥗,green salad,Food & Drink,food-prepared
_grinning_cat_,225,😺,grinning cat,Smileys & Emotion,cat-face
_tropical_drink_,225,🍹,tropical drink,Food & Drink,drink
_bicycle_,224,🚲,bicycle,Travel & Places,transport-ground
_man_shrugging_dark_skin_tone_,224,🤷🏿‍♂️,man shrugging: dark skin tone,People & Body,person-gesture
_candy_,224,🍬,candy,Food & Drink,food-sweet
_running_shoe_,223,👟,running shoe,Objects,clothing
_grinning_cat_with_smiling_eyes_,223,😸,grinning cat with smiling eyes,Smileys & Emotion,cat-face
_call_me_hand_medium_skin_tone_,223,🤙🏽,call me hand: medium skin tone,People & Body,hand-fingers-partial
_woman_tipping_hand_light_skin_tone_,222,💁🏻‍♀️,woman tipping hand: light skin tone,People & Body,person-gesture
_battery_,221,🔋,battery,Objects,computer
_oncoming_fist_medium-dark_skin_tone_,219,👊🏾,oncoming fist: medium-dark skin tone,People & Body,hand-fingers-closed
_ear_,218,👂,ear,People & Body,body-parts
_desktop_computer_,218,🖥️,desktop computer,Objects,computer
_brain_,218,🧠,brain,People & Body,body-parts
_oncoming_fist_medium_skin_tone_,218,👊🏽,oncoming fist: medium skin tone,People & Body,hand-fingers-closed
_Poland_,216,🇵🇱,flag: Poland,Flags,country-flag
_film_frames_,215,🎞️,film frames,Objects,light & video
_sandwich_,215,🥪,sandwich,Food & Drink,food-prepared
_white_circle_,214,⚪,white circle,Symbols,geometric
_Nigeria_,214,🇳🇬,flag: Nigeria,Flags,country-flag
_Mexico_,214,🇲🇽,flag: Mexico,Flags,country-flag
_place_of_worship_,214,🛐,place of worship,Symbols,religion
_maple_leaf_,213,🍁,maple leaf,Animals & Nature,plant-other
_woman_dancing_medium-dark_skin_tone_,213,💃🏾,woman dancing: medium-dark skin tone,People & Body,person-activity
_woman_zombie_,212,🧟‍♀️,woman zombie,People & Body,person-fantasy
_red_triangle_pointed_up_,212,🔺,red triangle pointed up,Symbols,geometric
_mouse_,211,🐁,mouse,Animals & Nature,animal-mammal
_woman_raising_hand_light_skin_tone_,211,🙋🏻‍♀️,woman raising hand: light skin tone,People & Body,person-gesture
_fork_and_knife_with_plate_,209,🍽️,fork and knife with plate,Food & Drink,dishware
_Japan_,208,🇯🇵,flag: Japan,Flags,country-flag
_mantelpiece_clock_,208,🕰️,mantelpiece clock,Travel & Places,time
_bagel_,207,🥯,bagel,Food & Drink,food-prepared
_prince_,206,🤴,prince,People & Body,person-role
_high-heeled_shoe_,206,👠,high-heeled shoe,Objects,clothing
_pig_,204,🐖,pig,Animals & Nature,animal-mammal
_drum_,204,🥁,drum,Objects,musical-instrument
_coffin_,203,⚰️,coffin,Objects,other-object
_articulated_lorry_,201,🚛,articulated lorry,Travel & Places,transport-ground
_latin_cross_,201,✝️,latin cross,Symbols,religion
_selfie_,200,🤳,selfie,People & Body,hand-prop
_ice_cream_,199,🍨,ice cream,Food & Drink,food-sweet
_kissing_cat_,198,😽,kissing cat,Smileys & Emotion,cat-face
_alien_monster_,197,👾,alien monster,Smileys & Emotion,face-costume
_syringe_,196,💉,syringe,Objects,medical
_milky_way_,193,🌌,milky way,Travel & Places,sky & weather
_Statue_of_Liberty_,193,🗽,Statue of Liberty,Travel & Places,place-building
_bell_,192,🔔,bell,Objects,sound
_love-you_gesture_light_skin_tone_,190,🤟🏻,love-you gesture: light skin tone,People & Body,hand-fingers-partial
_thumbs_down_dark_skin_tone_,190,👎🏿,thumbs down: dark skin tone,People & Body,hand-fingers-closed
_leaf_fluttering_in_wind_,189,🍃,leaf fluttering in wind,Animals & Nature,plant-other
_rugby_football_,189,🏉,rugby football,Activities,sport
_woman_tipping_hand_medium-light_skin_tone_,189,💁🏼‍♀️,woman tipping hand: medium-light skin tone,People & Body,person-gesture
_satellite_antenna_,188,📡,satellite antenna,Objects,science
_cow_,187,🐄,cow,Animals & Nature,animal-mammal
_top_hat_,186,🎩,top hat,Objects,clothing
_burrito_,186,🌯,burrito,Food & Drink,food-prepared
_turkey_,184,🦃,turkey,Animals & Nature,animal-bird
_raised_hand_medium-light_skin_tone_,184,✋🏼,raised hand: medium-light skin tone,People & Body,hand-fingers-open
_teacup_without_handle_,184,🍵,teacup without handle,Food & Drink,drink
_waving_hand_medium_skin_tone_,183,👋🏽,waving hand: medium skin tone,People & Body,hand-fingers-open
_ship_,181,🚢,ship,Travel & Places,transport-water
_snail_,180,🐌,snail,Animals & Nature,animal-bug
_deer_,179,🦌,deer,Animals & Nature,animal-mammal
_potato_,178,🥔,potato,Food & Drink,food-vegetable
_cat_,178,🐈,cat,Animals & Nature,animal-mammal
_chart_decreasing_,178,📉,chart decreasing,Objects,office
_Australia_,177,🇦🇺,flag: Australia,Flags,country-flag
_right_arrow_curving_down_,177,⤵️,right arrow curving down,Symbols,arrow
_hourglass_not_done_,176,⏳,hourglass not done,Travel & Places,time
_person_gesturing_OK_,176,🙆,person gesturing OK,People & Body,person-gesture
_woman_tipping_hand_,175,💁‍♀️,woman tipping hand,People & Body,person-gesture
_hollow_red_circle_,175,⭕,hollow red circle,Symbols,other-symbol
_white_exclamation_mark_,175,❕,white exclamation mark,Symbols,punctuation
_woman_dancing_medium-light_skin_tone_,173,💃🏼,woman dancing: medium-light skin tone,People & Body,person-activity
_grapes_,173,🍇,grapes,Food & Drink,food-fruit
_firecracker_,173,🧨,firecracker,Activities,event
_person_bowing_,172,🙇,person bowing,People & Body,person-gesture
_open_book_,171,📖,open book,Objects,book-paper
_bread_,169,🍞,bread,Food & Drink,food-prepared
_sign_of_the_horns_medium-dark_skin_tone_,169,🤘🏾,sign of the horns: medium-dark skin tone,People & Body,hand-fingers-partial
_Scotland_,169,🏴󠁧󠁢󠁳󠁣󠁴󠁿,flag: Scotland,Flags,subdivision-flag
_Philippines_,168,🇵🇭,flag: Philippines,Flags,country-flag
_eagle_,167,🦅,eagle,Animals & Nature,animal-bird
_keycap_2_,167,2️⃣,keycap: 2,Symbols,keycap
_sparkler_,167,🎇,sparkler,Activities,event
_computer_mouse_,165,🖱️,computer mouse,Objects,computer
_Chile_,164,🇨🇱,flag: Chile,Flags,country-flag
_cut_of_meat_,161,🥩,cut of meat,Food & Drink,food-prepared
_umbrella_with_rain_drops_,160,☔,umbrella with rain drops,Travel & Places,sky & weather
_man_detective_,159,🕵️‍♂️,man detective,People & Body,person-role
_sports_medal_,159,🏅,sports medal,Activities,award-medal
_fallen_leaf_,159,🍂,fallen leaf,Animals & Nature,plant-other
_baby_,156,👶,baby,People & Body,person
_rat_,156,🐀,rat,Animals & Nature,animal-mammal
_man_running_,156,🏃‍♂️,man running,People & Body,person-activity
_full_moon_,156,🌕,full moon,Travel & Places,sky & weather
_honey_pot_,155,🍯,honey pot,Food & Drink,food-sweet
_TOP_arrow_,155,🔝,TOP arrow,Symbols,arrow
_speech_balloon_,154,💬,speech balloon,Smileys & Emotion,emotion
_woman_standing_,154,🧍‍♀️,woman standing,People & Body,person-activity
_cloud_with_rain_,154,🌧️,cloud with rain,Travel & Places,sky & weather
_dress_,153,👗,dress,Objects,clothing
_globe_with_meridians_,153,🌐,globe with meridians,Travel & Places,place-map
_dagger_,153,🗡️,dagger,Objects,tool
_joystick_,151,🕹️,joystick,Activities,game
_right_anger_bubble_,151,🗯️,right anger bubble,Smileys & Emotion,emotion
_studio_microphone_,151,🎙️,studio microphone,Objects,music
_nail_polish_light_skin_tone_,151,💅🏻,nail polish: light skin tone,People & Body,hand-prop
_baby_angel_,150,👼,baby angel,People & Body,person-fantasy
_waving_hand_medium-dark_skin_tone_,150,👋🏾,waving hand: medium-dark skin tone,People & Body,hand-fingers-open
_sunglasses_,150,🕶️,sunglasses,Objects,clothing
_admission_tickets_,150,🎟️,admission tickets,Activities,event
_South_Korea_,149,🇰🇷,flag: South Korea,Flags,country-flag
_women_holding_hands_,149,👭,women holding hands,People & Body,family
_rabbit_,149,🐇,rabbit,Animals & Nature,animal-mammal
_woman_bowing_,149,🙇‍♀️,woman bowing,People & Body,person-gesture
_elephant_,148,🐘,elephant,Animals & Nature,animal-mammal
_fox_,148,🦊,fox,Animals & Nature,animal-mammal
_backhand_index_pointing_right_dark_skin_tone_,147,👉🏿,backhand index pointing right: dark skin tone,People & Body,hand-single-finger
_shallow_pan_of_food_,145,🥘,shallow pan of food,Food & Drink,food-prepared
_pound_banknote_,145,💷,pound banknote,Objects,money
_FREE_button_,145,🆓,FREE button,Symbols,alphanum
_Peru_,145,🇵🇪,flag: Peru,Flags,country-flag
_electric_plug_,144,🔌,electric plug,Objects,computer
_pushpin_,144,📌,pushpin,Objects,office
_call_me_hand_medium-dark_skin_tone_,144,🤙🏾,call me hand: medium-dark skin tone,People & Body,hand-fingers-partial
_Puerto_Rico_,143,🇵🇷,flag: Puerto Rico,Flags,country-flag
_graduation_cap_,143,🎓,graduation cap,Objects,clothing
_OK_hand_dark_skin_tone_,143,👌🏿,OK hand: dark skin tone,People & Body,hand-fingers-partial
_person_tipping_hand_light_skin_tone_,143,💁🏻,person tipping hand: light skin tone,People & Body,person-gesture
_peace_symbol_,143,☮️,peace symbol,Symbols,religion
_palms_up_together_light_skin_tone_,142,🤲🏻,palms up together: light skin tone,People & Body,hands
_princess_,142,👸,princess,People & Body,person-role
_sunrise_,141,🌅,sunrise,Travel & Places,place-other
_nail_polish_medium-light_skin_tone_,141,💅🏼,nail polish: medium-light skin tone,People & Body,hand-prop
_wilted_flower_,140,🥀,wilted flower,Animals & Nature,plant-flower
_cyclone_,140,🌀,cyclone,Travel & Places,sky & weather
_horse_face_,140,🐴,horse face,Animals & Nature,animal-mammal
_people_with_bunny_ears_,139,👯,people with bunny ears,People & Body,person-activity
_desert_island_,138,🏝️,desert island,Travel & Places,place-geographic
_no_entry_,138,⛔,no entry,Symbols,warning
_tropical_fish_,137,🐠,tropical fish,Animals & Nature,animal-marine
_glass_of_milk_,136,🥛,glass of milk,Food & Drink,drink
_socks_,136,🧦,socks,Objects,clothing
_left-facing_fist_,134,🤛,left-facing fist,People & Body,hand-fingers-closed
_backhand_index_pointing_left_dark_skin_tone_,133,👈🏿,backhand index pointing left: dark skin tone,People & Body,hand-single-finger
_keycap_3_,133,3️⃣,keycap: 3,Symbols,keycap
_mango_,133,🥭,mango,Food & Drink,food-fruit
_Sweden_,132,🇸🇪,flag: Sweden,Flags,country-flag
_watermelon_,132,🍉,watermelon,Food & Drink,food-fruit
_raised_back_of_hand_light_skin_tone_,132,🤚🏻,raised back of hand: light skin tone,People & Body,hand-fingers-open
_woman_raising_hand_medium_skin_tone_,132,🙋🏽‍♀️,woman raising hand: medium skin tone,People & Body,person-gesture
_boxing_glove_,131,🥊,boxing glove,Activities,sport
_ribbon_,131,🎀,ribbon,Activities,event
_horse_,129,🐎,horse,Animals & Nature,animal-mammal
_avocado_,129,🥑,avocado,Food & Drink,food-vegetable
_dragon_,129,🐉,dragon,Animals & Nature,animal-reptile
_right-facing_fist_,129,🤜,right-facing fist,People & Body,hand-fingers-closed
_cow_face_,128,🐮,cow face,Animals & Nature,animal-mammal
_Vietnam_,128,🇻🇳,flag: Vietnam,Flags,country-flag
_tennis_,127,🎾,tennis,Activities,sport
_person_gesturing_NO_,127,🙅,person gesturing NO,People & Body,person-gesture
_bird_,127,🐦,bird,Animals & Nature,animal-bird
_writing_hand_light_skin_tone_,125,✍🏻,writing hand: light skin tone,People & Body,hand-prop
_shooting_star_,125,🌠,shooting star,Travel & Places,sky & weather
_Jamaica_,125,🇯🇲,flag: Jamaica,Flags,country-flag
_small_blue_diamond_,124,🔹,small blue diamond,Symbols,geometric
_fuel_pump_,123,⛽,fuel pump,Travel & Places,transport-ground
_performing_arts_,122,🎭,performing arts,Activities,arts & crafts
_Morocco_,122,🇲🇦,flag: Morocco,Flags,country-flag
_disguised_face_,121,🥸,disguised face,Smileys & Emotion,face-hat
_tiger_,121,🐅,tiger,Animals & Nature,animal-mammal
_woman_and_man_holding_hands_,120,👫,woman and man holding hands,People & Body,family
_hammer_and_wrench_,120,🛠️,hammer and wrench,Objects,tool
_woman_tipping_hand_medium_skin_tone_,119,💁🏽‍♀️,woman tipping hand: medium skin tone,People & Body,person-gesture
_BACK_arrow_,119,🔙,BACK arrow,Symbols,arrow
_t-shirt_,119,👕,t-shirt,Objects,clothing
_ice_hockey_,118,🏒,ice hockey,Activities,sport
_man_dancing_light_skin_tone_,117,🕺🏻,man dancing: light skin tone,People & Body,person-activity
_person_tipping_hand_medium-light_skin_tone_,116,💁🏼,person tipping hand: medium-light skin tone,People & Body,person-gesture
_T-Rex_,116,🦖,T-Rex,Animals & Nature,animal-reptile
_Sri_Lanka_,116,🇱🇰,flag: Sri Lanka,Flags,country-flag
_backhand_index_pointing_up_medium-dark_skin_tone_,115,👆🏾,backhand index pointing up: medium-dark skin tone,People & Body,hand-single-finger
_envelope_,115,✉️,envelope,Objects,mail
_meat_on_bone_,115,🍖,meat on bone,Food & Drink,food-prepared
_night_with_stars_,114,🌃,night with stars,Travel & Places,place-other
_koala_,113,🐨,koala,Animals & Nature,animal-mammal
_love-you_gesture_medium-light_skin_tone_,113,🤟🏼,love-you gesture: medium-light skin tone,People & Body,hand-fingers-partial
_cucumber_,112,🥒,cucumber,Food & Drink,food-vegetable
_spaghetti_,112,🍝,spaghetti,Food & Drink,food-asian
_ewe_,112,🐑,ewe,Animals & Nature,animal-mammal
_woman_raising_hand_medium-light_skin_tone_,111,🙋🏼‍♀️,woman raising hand: medium-light skin tone,People & Body,person-gesture
_person_walking_,111,🚶,person walking,People & Body,person-activity
_cloud_with_lightning_,111,🌩️,cloud with lightning,Travel & Places,sky & weather
_world_map_,110,🗺️,world map,Travel & Places,place-map
_pinched_fingers_,110,🤌,pinched fingers,People & Body,hand-fingers-partial
_video_camera_,109,📹,video camera,Objects,light & video
_microscope_,109,🔬,microscope,Objects,science
_pill_,109,💊,pill,Objects,medical
_hammer_,108,🔨,hammer,Objects,tool
_vulcan_salute_,108,🖖,vulcan salute,People & Body,hand-fingers-open
_ice_skate_,108,⛸️,ice skate,Activities,sport
_locked_,107,🔒,locked,Objects,lock
_woman_bowing_light_skin_tone_,107,🙇🏻‍♀️,woman bowing: light skin tone,People & Body,person-gesture
_woman_health_worker_,107,👩‍⚕️,woman health worker,People & Body,person-role
_hole_,107,🕳️,hole,Smileys & Emotion,emotion
_keycap_0_,106,0️⃣,keycap: 0,Symbols,keycap
_toilet_,106,🚽,toilet,Objects,household
_plus_,105,➕,plus,Symbols,math
_woman_standing_light_skin_tone_,105,🧍🏻‍♀️,woman standing: light skin tone,People & Body,person-activity
_radio_button_,105,🔘,radio button,Symbols,geometric
_ambulance_,105,🚑,ambulance,Travel & Places,transport-ground
_door_,105,🚪,door,Objects,household
_croissant_,105,🥐,croissant,Food & Drink,food-prepared
_backhand_index_pointing_up_medium_skin_tone_,104,👆🏽,backhand index pointing up: medium skin tone,People & Body,hand-single-finger
_raised_hand_medium_skin_tone_,103,✋🏽,raised hand: medium skin tone,People & Body,hand-fingers-open
_flexed_biceps_dark_skin_tone_,102,💪🏿,flexed biceps: dark skin tone,People & Body,body-parts
_Greece_,102,🇬🇷,flag: Greece,Flags,country-flag
_motorcycle_,102,🏍️,motorcycle,Travel & Places,transport-ground
_England_,102,🏴󠁧󠁢󠁥󠁮󠁧󠁿,flag: England,Flags,subdivision-flag
_minus_,102,➖,minus,Symbols,math
_ear_of_corn_,102,🌽,ear of corn,Food & Drink,food-vegetable
_squid_,101,🦑,squid,Food & Drink,food-marine
_trumpet_,101,🎺,trumpet,Objects,musical-instrument
_hamster_,101,🐹,hamster,Animals & Nature,animal-mammal
_musical_keyboard_,101,🎹,musical keyboard,Objects,musical-instrument
_envelope_with_arrow_,100,📩,envelope with arrow,Objects,mail
_scissors_,100,✂️,scissors,Objects,office
_sheaf_of_rice_,99,🌾,sheaf of rice,Animals & Nature,plant-other
_pinching_hand_,99,🤏,pinching hand,People & Body,hand-fingers-partial
_SOON_arrow_,98,🔜,SOON arrow,Symbols,arrow
_stopwatch_,98,⏱️,stopwatch,Travel & Places,time
_fried_shrimp_,98,🍤,fried shrimp,Food & Drink,food-asian
_flying_saucer_,98,🛸,flying saucer,Travel & Places,transport-air
_cricket_,98,🦗,cricket,Animals & Nature,animal-bug
_woman_gesturing_OK_,98,🙆‍♀️,woman gesturing OK,People & Body,person-gesture
_chess_pawn_,98,♟️,chess pawn,Activities,game
_index_pointing_up_light_skin_tone_,97,☝🏻,index pointing up: light skin tone,People & Body,hand-single-finger
_part_alternation_mark_,97,〽️,part alternation mark,Symbols,other-symbol
_person_with_veil_,97,👰,person with veil,People & Body,person-role
_triangular_flag_,96,🚩,triangular flag,Flags,flag
_woman_,95,👩,woman,People & Body,person
_shaved_ice_,95,🍧,shaved ice,Food & Drink,food-sweet
_Belgium_,95,🇧🇪,flag: Belgium,Flags,country-flag
_white_medium-small_square_,95,◽,white medium-small square,Symbols,geometric
_linked_paperclips_,94,🖇️,linked paperclips,Objects,office
_pot_of_food_,94,🍲,pot of food,Food & Drink,food-prepared
_ringed_planet_,94,🪐,ringed planet,Travel & Places,sky & weather
_bikini_,94,👙,bikini,Objects,clothing
_helicopter_,94,🚁,helicopter,Travel & Places,transport-air
_backhand_index_pointing_up_medium-light_skin_tone_,94,👆🏼,backhand index pointing up: medium-light skin tone,People & Body,hand-single-finger
_cupcake_,94,🧁,cupcake,Food & Drink,food-sweet
_anger_symbol_,93,💢,anger symbol,Smileys & Emotion,emotion
_ox_,93,🐂,ox,Animals & Nature,animal-mammal
_Ireland_,93,🇮🇪,flag: Ireland,Flags,country-flag
_chains_,93,⛓️,chains,Objects,tool
_duck_,93,🦆,duck,Animals & Nature,animal-bird
_leafy_green_,93,🥬,leafy green,Food & Drink,food-vegetable
_locomotive_,92,🚂,locomotive,Travel & Places,transport-ground
_footprints_,92,👣,footprints,People & Body,person-symbol
_flashlight_,91,🔦,flashlight,Objects,light & video
_person_tipping_hand_medium_skin_tone_,91,💁🏽,person tipping hand: medium skin tone,People & Body,person-gesture
_blueberries_,91,🫐,blueberries,Food & Drink,food-fruit
_princess_medium-light_skin_tone_,91,👸🏼,princess: medium-light skin tone,People & Body,person-role
_baby_chick_,91,🐤,baby chick,Animals & Nature,animal-bird
_chipmunk_,91,🐿️,chipmunk,Animals & Nature,animal-mammal
_office_building_,90,🏢,office building,Travel & Places,place-building
_man_health_worker_,90,👨‍⚕️,man health worker,People & Body,person-role
_love-you_gesture_medium_skin_tone_,90,🤟🏽,love-you gesture: medium skin tone,People & Body,hand-fingers-partial
_locked_with_key_,90,🔐,locked with key,Objects,lock
_dolphin_,90,🐬,dolphin,Animals & Nature,animal-marine
_man_tipping_hand_light_skin_tone_,89,💁🏻‍♂️,man tipping hand: light skin tone,People & Body,person-gesture
_crab_,89,🦀,crab,Food & Drink,food-marine
_Taiwan_,89,🇹🇼,flag: Taiwan,Flags,country-flag
_woman_gesturing_NO_light_skin_tone_,89,🙅🏻‍♀️,woman gesturing NO: light skin tone,People & Body,person-gesture
_palms_up_together_medium-light_skin_tone_,88,🤲🏼,palms up together: medium-light skin tone,People & Body,hands
_paperclip_,88,📎,paperclip,Objects,office
_nail_polish_medium_skin_tone_,88,💅🏽,nail polish: medium skin tone,People & Body,hand-prop
_optical_disk_,88,💿,optical disk,Objects,computer
_women_with_bunny_ears_,88,👯‍♀️,women with bunny ears,People & Body,person-activity
_woman_gesturing_NO_medium_skin_tone_,87,🙅🏽‍♀️,woman gesturing NO: medium skin tone,People & Body,person-gesture
_shark_,86,🦈,shark,Animals & Nature,animal-marine
_raised_back_of_hand_medium-light_skin_tone_,86,🤚🏼,raised back of hand: medium-light skin tone,People & Body,hand-fingers-open
_woman_technologist_,86,👩‍💻,woman technologist,People & Body,person-role
_bar_chart_,85,📊,bar chart,Objects,office
_spiral_calendar_,85,🗓️,spiral calendar,Objects,office
_white_question_mark_,84,❔,white question mark,Symbols,punctuation
_black_circle_,84,⚫,black circle,Symbols,geometric
_woman_running_light_skin_tone_,84,🏃🏻‍♀️,woman running: light skin tone,People & Body,person-activity
_index_pointing_up_medium-light_skin_tone_,83,☝🏼,index pointing up: medium-light skin tone,People & Body,hand-single-finger
_baguette_bread_,83,🥖,baguette bread,Food & Drink,food-prepared
_woman_walking_,83,🚶‍♀️,woman walking,People & Body,person-activity
_person_facepalming_light_skin_tone_,83,🤦🏻,person facepalming: light skin tone,People & Body,person-gesture
_inbox_tray_,83,📥,inbox tray,Objects,mail
_martial_arts_uniform_,83,🥋,martial arts uniform,Activities,sport
_record_button_,82,⏺️,record button,Symbols,av-symbol
_woman_shrugging_dark_skin_tone_,82,🤷🏿‍♀️,woman shrugging: dark skin tone,People & Body,person-gesture
_tornado_,82,🌪️,tornado,Travel & Places,sky & weather
_Santa_Claus_medium_skin_tone_,81,🎅🏽,Santa Claus: medium skin tone,People & Body,person-fantasy
_Kenya_,81,🇰🇪,flag: Kenya,Flags,country-flag
_man_tipping_hand_,81,💁‍♂️,man tipping hand,People & Body,person-gesture
_woman_gesturing_OK_light_skin_tone_,81,🙆🏻‍♀️,woman gesturing OK: light skin tone,People & Body,person-gesture
_man_gesturing_NO_medium_skin_tone_,80,🙅🏽‍♂️,man gesturing NO: medium skin tone,People & Body,person-gesture
_comet_,80,☄️,comet,Travel & Places,sky & weather
_nail_polish_medium-dark_skin_tone_,79,💅🏾,nail polish: medium-dark skin tone,People & Body,hand-prop
_violin_,79,🎻,violin,Objects,musical-instrument
_cityscape_,79,🏙️,cityscape,Travel & Places,place-other
_family_,79,👪,family,People & Body,family
_white_large_square_,79,⬜,white large square,Symbols,geometric
_monkey_face_,79,🐵,monkey face,Animals & Nature,animal-mammal
_sauropod_,78,🦕,sauropod,Animals & Nature,animal-reptile
_index_pointing_up_medium-dark_skin_tone_,78,☝🏾,index pointing up: medium-dark skin tone,People & Body,hand-single-finger
_peanuts_,78,🥜,peanuts,Food & Drink,food-vegetable
_green_circle_,78,🟢,green circle,Symbols,geometric
_raised_back_of_hand_medium_skin_tone_,78,🤚🏽,raised back of hand: medium skin tone,People & Body,hand-fingers-open
_United_Arab_Emirates_,77,🇦🇪,flag: United Arab Emirates,Flags,country-flag
_person_biking_,76,🚴,person biking,People & Body,person-sport
_Bangladesh_,76,🇧🇩,flag: Bangladesh,Flags,country-flag
_Ghana_,76,🇬🇭,flag: Ghana,Flags,country-flag
_drop_of_blood_,76,🩸,drop of blood,Objects,medical
_wind_face_,76,🌬️,wind face,Travel & Places,sky & weather
_woman_gesturing_NO_,75,🙅‍♀️,woman gesturing NO,People & Body,person-gesture
_hospital_,75,🏥,hospital,Travel & Places,place-building
_old_key_,75,🗝️,old key,Objects,lock
_last_quarter_moon_face_,75,🌜,last quarter moon face,Travel & Places,sky & weather
_balance_scale_,75,⚖️,balance scale,Objects,tool
_flag_in_hole_,75,⛳,flag in hole,Activities,sport
_man_gesturing_NO_medium-dark_skin_tone_,74,🙅🏾‍♂️,man gesturing NO: medium-dark skin tone,People & Body,person-gesture
_necktie_,74,👔,necktie,Objects,clothing
_hand_with_fingers_splayed_light_skin_tone_,74,🖐🏻,hand with fingers splayed: light skin tone,People & Body,hand-fingers-open
_man_gesturing_NO_,74,🙅‍♂️,man gesturing NO,People & Body,person-gesture
_oncoming_police_car_,74,🚔,oncoming police car,Travel & Places,transport-ground
_Wales_,74,🏴󠁧󠁢󠁷󠁬󠁳󠁿,flag: Wales,Flags,subdivision-flag
_speaker_low_volume_,74,🔈,speaker low volume,Objects,sound
_woman_raising_hand_medium-dark_skin_tone_,74,🙋🏾‍♀️,woman raising hand: medium-dark skin tone,People & Body,person-gesture
_ballot_box_with_ballot_,73,🗳️,ballot box with ballot,Objects,mail
_bow_and_arrow_,73,🏹,bow and arrow,Objects,tool
_man_gesturing_OK_,73,🙆‍♂️,man gesturing OK,People & Body,person-gesture
_person_raising_hand_light_skin_tone_,72,🙋🏻,person raising hand: light skin tone,People & Body,person-gesture
_downwards_button_,72,🔽,downwards button,Symbols,av-symbol
_baby_light_skin_tone_,72,👶🏻,baby: light skin tone,People & Body,person
_couple_with_heart_,72,💑,couple with heart,People & Body,family
_person_raising_hand_medium-light_skin_tone_,72,🙋🏼,person raising hand: medium-light skin tone,People & Body,person-gesture
_palms_up_together_medium-dark_skin_tone_,71,🤲🏾,palms up together: medium-dark skin tone,People & Body,hands
_raised_hand_medium-dark_skin_tone_,71,✋🏾,raised hand: medium-dark skin tone,People & Body,hand-fingers-open
_owl_,71,🦉,owl,Animals & Nature,animal-bird
_victory_hand_dark_skin_tone_,71,✌🏿,victory hand: dark skin tone,People & Body,hand-fingers-partial
_busts_in_silhouette_,71,👥,busts in silhouette,People & Body,person-symbol
_cigarette_,71,🚬,cigarette,Objects,other-object
_hot_springs_,70,♨️,hot springs,Travel & Places,place-other
_glasses_,70,👓,glasses,Objects,clothing
_princess_light_skin_tone_,70,👸🏻,princess: light skin tone,People & Body,person-role
_counterclockwise_arrows_button_,70,🔄,counterclockwise arrows button,Symbols,arrow
_Ukraine_,70,🇺🇦,flag: Ukraine,Flags,country-flag
_military_medal_,70,🎖️,military medal,Activities,award-medal
_Hong_Kong_SAR_China_,70,🇭🇰,flag: Hong Kong SAR China,Flags,country-flag
_fountain_pen_,70,🖋️,fountain pen,Objects,writing
_steaming_bowl_,70,🍜,steaming bowl,Food & Drink,food-asian
_person_facepalming_medium_skin_tone_,70,🤦🏽,person facepalming: medium skin tone,People & Body,person-gesture
_backhand_index_pointing_up_light_skin_tone_,69,👆🏻,backhand index pointing up: light skin tone,People & Body,hand-single-finger
_pen_,69,🖊️,pen,Objects,writing
_police_officer_,69,👮,police officer,People & Body,person-role
_palms_up_together_medium_skin_tone_,69,🤲🏽,palms up together: medium skin tone,People & Body,hands
_person_cartwheeling_,68,🤸,person cartwheeling,People & Body,person-sport
_girl_,68,👧,girl,People & Body,person
_family_man_woman_girl_boy_,68,👨‍👩‍👧‍👦,"family: man, woman, girl, boy",People & Body,family
_broccoli_,68,🥦,broccoli,Food & Drink,food-vegetable
_panda_,68,🐼,panda,Animals & Nature,animal-mammal
_black_small_square_,68,▪️,black small square,Symbols,geometric
_radio_,67,📻,radio,Objects,music
_multiply_,67,✖️,multiply,Symbols,math
_man_bowing_,67,🙇‍♂️,man bowing,People & Body,person-gesture
_man_,67,👨,man,People & Body,person
_woman_tipping_hand_medium-dark_skin_tone_,67,💁🏾‍♀️,woman tipping hand: medium-dark skin tone,People & Body,person-gesture
_index_pointing_up_medium_skin_tone_,67,☝🏽,index pointing up: medium skin tone,People & Body,hand-single-finger
_infinity_,67,♾️,infinity,Symbols,math
_euro_banknote_,67,💶,euro banknote,Objects,money
_woman_fairy_,66,🧚‍♀️,woman fairy,People & Body,person-fantasy
_OK_button_,66,🆗,OK button,Symbols,alphanum
_European_Union_,66,🇪🇺,flag: European Union,Flags,country-flag
_small_orange_diamond_,66,🔸,small orange diamond,Symbols,geometric
_yellow_circle_,66,🟡,yellow circle,Symbols,geometric
_cloud_with_snow_,66,🌨️,cloud with snow,Travel & Places,sky & weather
_Cuba_,66,🇨🇺,flag: Cuba,Flags,country-flag
_man_technologist_,66,👨‍💻,man technologist,People & Body,person-role
_woman_standing_medium_skin_tone_,66,🧍🏽‍♀️,woman standing: medium skin tone,People & Body,person-activity
_mushroom_,66,🍄,mushroom,Food & Drink,food-vegetable
_mechanical_arm_,66,🦾,mechanical arm,People & Body,body-parts
_videocassette_,65,📼,videocassette,Objects,light & video
_sunrise_over_mountains_,65,🌄,sunrise over mountains,Travel & Places,place-other
_woman_mage_,64,🧙‍♀️,woman mage,People & Body,person-fantasy
_diamond_suit_,64,♦️,diamond suit,Activities,game
_spouting_whale_,64,🐳,spouting whale,Animals & Nature,animal-marine
_backhand_index_pointing_down_dark_skin_tone_,64,👇🏿,backhand index pointing down: dark skin tone,People & Body,hand-single-finger
_joker_,64,🃏,joker,Activities,game
_wheelchair_symbol_,64,♿,wheelchair symbol,Symbols,transport-sign
_hourglass_done_,63,⌛,hourglass done,Travel & Places,time
_briefcase_,63,💼,briefcase,Objects,office
_Portugal_,63,🇵🇹,flag: Portugal,Flags,country-flag
_volcano_,63,🌋,volcano,Travel & Places,place-geographic
_love-you_gesture_medium-dark_skin_tone_,63,🤟🏾,love-you gesture: medium-dark skin tone,People & Body,hand-fingers-partial
_ant_,63,🐜,ant,Animals & Nature,animal-bug
_woman_dancing_dark_skin_tone_,63,💃🏿,woman dancing: dark skin tone,People & Body,person-activity
_Netherlands_,63,🇳🇱,flag: Netherlands,Flags,country-flag
_no_one_under_eighteen_,62,🔞,no one under eighteen,Symbols,warning
_repeat_button_,62,🔁,repeat button,Symbols,av-symbol
_bed_,62,🛏️,bed,Objects,household
_person_surfing_,61,🏄,person surfing,People & Body,person-sport
_star_and_crescent_,61,☪️,star and crescent,Symbols,religion
_Colombia_,61,🇨🇴,flag: Colombia,Flags,country-flag
_pinched_fingers_light_skin_tone_,61,🤌🏻,pinched fingers: light skin tone,People & Body,hand-fingers-partial
_crocodile_,61,🐊,crocodile,Animals & Nature,animal-reptile
_man_dancing_medium-dark_skin_tone_,60,🕺🏾,man dancing: medium-dark skin tone,People & Body,person-activity
_keycap_5_,60,5️⃣,keycap: 5,Symbols,keycap
_boy_,60,👦,boy,People & Body,person
_roller_coaster_,60,🎢,roller coaster,Travel & Places,place-other
_man_gesturing_OK_medium-dark_skin_tone_,60,🙆🏾‍♂️,man gesturing OK: medium-dark skin tone,People & Body,person-gesture
_man_gesturing_OK_medium_skin_tone_,60,🙆🏽‍♂️,man gesturing OK: medium skin tone,People & Body,person-gesture
_Sudan_,60,🇸🇩,flag: Sudan,Flags,country-flag
_bus_,59,🚌,bus,Travel & Places,transport-ground
_castle_,59,🏰,castle,Travel & Places,place-building
_person_facepalming_medium-dark_skin_tone_,59,🤦🏾,person facepalming: medium-dark skin tone,People & Body,person-gesture
_teddy_bear_,59,🧸,teddy bear,Activities,game
_man_mage_,59,🧙‍♂️,man mage,People & Body,person-fantasy
_shuffle_tracks_button_,58,🔀,shuffle tracks button,Symbols,av-symbol
_pirate_flag_,58,🏴‍☠️,pirate flag,Flags,flag
_mountain_,58,⛰️,mountain,Travel & Places,place-geographic
_yen_banknote_,58,💴,yen banknote,Objects,money
_Armenia_,58,🇦🇲,flag: Armenia,Flags,country-flag
_snow-capped_mountain_,58,🏔️,snow-capped mountain,Travel & Places,place-geographic
_man_dancing_medium_skin_tone_,57,🕺🏽,man dancing: medium skin tone,People & Body,person-activity
_person_in_bed_,57,🛌,person in bed,People & Body,person-resting
_pencil_,57,✏️,pencil,Objects,writing
_salt_,57,🧂,salt,Food & Drink,food-prepared
_baby_bottle_,57,🍼,baby bottle,Food & Drink,drink
_man_tipping_hand_medium_skin_tone_,57,💁🏽‍♂️,man tipping hand: medium skin tone,People & Body,person-gesture
_fishing_pole_,57,🎣,fishing pole,Activities,sport
_leopard_,57,🐆,leopard,Animals & Nature,animal-mammal
_dvd_,56,📀,dvd,Objects,computer
_Tokyo_tower_,56,🗼,Tokyo tower,Travel & Places,place-building
_sailboat_,56,⛵,sailboat,Travel & Places,transport-water
_construction_worker_,56,👷,construction worker,People & Body,person-role
_floppy_disk_,56,💾,floppy disk,Objects,computer
_Japanese_symbol_for_beginner_,55,🔰,Japanese symbol for beginner,Symbols,other-symbol
_school_,55,🏫,school,Travel & Places,place-building
_bone_,55,🦴,bone,People & Body,body-parts
_dna_,55,🧬,dna,Objects,science
_woman_gesturing_NO_medium-dark_skin_tone_,55,🙅🏾‍♀️,woman gesturing NO: medium-dark skin tone,People & Body,person-gesture
_Liberia_,55,🇱🇷,flag: Liberia,Flags,country-flag
_cloud_with_lightning_and_rain_,55,⛈️,cloud with lightning and rain,Travel & Places,sky & weather
_New_Zealand_,55,🇳🇿,flag: New Zealand,Flags,country-flag
_person_getting_massage_,54,💆,person getting massage,People & Body,person-activity
_stop_button_,54,⏹️,stop button,Symbols,av-symbol
_lady_beetle_,54,🐞,lady beetle,Animals & Nature,animal-bug
_radioactive_,53,☢️,radioactive,Symbols,warning
_woman_facepalming_dark_skin_tone_,53,🤦🏿‍♀️,woman facepalming: dark skin tone,People & Body,person-gesture
_woman_cartwheeling_,53,🤸‍♀️,woman cartwheeling,People & Body,person-sport
_ping_pong_,53,🏓,ping pong,Activities,sport
_men_holding_hands_,53,👬,men holding hands,People & Body,family
_person_golfing_,53,🏌️,person golfing,People & Body,person-sport
_tooth_,52,🦷,tooth,People & Body,body-parts
_thermometer_,52,🌡️,thermometer,Travel & Places,sky & weather
_framed_picture_,52,🖼️,framed picture,Activities,arts & crafts
_prince_light_skin_tone_,52,🤴🏻,prince: light skin tone,People & Body,person-role
_cross_mark_button_,52,❎,cross mark button,Symbols,other-symbol
_whale_,52,🐋,whale,Animals & Nature,animal-marine
_new_moon_,52,🌑,new moon,Travel & Places,sky & weather
_nose_,52,👃,nose,People & Body,body-parts
_baby_medium-light_skin_tone_,51,👶🏼,baby: medium-light skin tone,People & Body,person
_man_walking_,51,🚶‍♂️,man walking,People & Body,person-activity
_mouse_face_,51,🐭,mouse face,Animals & Nature,animal-mammal
_ice_,51,🧊,ice,Food & Drink,drink
_mage_,51,🧙,mage,People & Body,person-fantasy
_timer_clock_,51,⏲️,timer clock,Travel & Places,time
_handbag_,51,👜,handbag,Objects,clothing
_couch_and_lamp_,51,🛋️,couch and lamp,Objects,household
_game_die_,51,🎲,game die,Activities,game
_kiss_,51,💏,kiss,People & Body,family
_UP!_button_,50,🆙,UP! button,Symbols,alphanum
_COOL_button_,50,🆒,COOL button,Symbols,alphanum
_pregnant_woman_,50,🤰,pregnant woman,People & Body,person-role
_Jordan_,49,🇯🇴,flag: Jordan,Flags,country-flag
_Switzerland_,49,🇨🇭,flag: Switzerland,Flags,country-flag
_e-mail_,49,📧,e-mail,Objects,mail
_Denmark_,49,🇩🇰,flag: Denmark,Flags,country-flag
_man_cook_,49,👨‍🍳,man cook,People & Body,person-role
_newspaper_,49,📰,newspaper,Objects,book-paper
_keycap_4_,49,4️⃣,keycap: 4,Symbols,keycap
_crossed_fingers_dark_skin_tone_,49,🤞🏿,crossed fingers: dark skin tone,People & Body,hand-fingers-partial
_zebra_,49,🦓,zebra,Animals & Nature,animal-mammal
_yellow_square_,49,🟨,yellow square,Symbols,geometric
_person_gesturing_NO_medium_skin_tone_,49,🙅🏽,person gesturing NO: medium skin tone,People & Body,person-gesture
_person_standing_,49,🧍,person standing,People & Body,person-activity
_fast-forward_button_,49,⏩,fast-forward button,Symbols,av-symbol
_NEW_button_,48,🆕,NEW button,Symbols,alphanum
_reminder_ribbon_,48,🎗️,reminder ribbon,Activities,event
_black_large_square_,48,⬛,black large square,Symbols,geometric
_file_folder_,48,📁,file folder,Objects,office
_person_shrugging_medium-dark_skin_tone_,48,🤷🏾,person shrugging: medium-dark skin tone,People & Body,person-gesture
_man_tipping_hand_medium-light_skin_tone_,48,💁🏼‍♂️,man tipping hand: medium-light skin tone,People & Body,person-gesture
_dragon_face_,48,🐲,dragon face,Animals & Nature,animal-reptile
_anchor_,48,⚓,anchor,Travel & Places,transport-water
_woman_kneeling_,48,🧎‍♀️,woman kneeling,People & Body,person-activity
_keyboard_,48,⌨️,keyboard,Objects,computer
_unlocked_,47,🔓,unlocked,Objects,lock
_man_gesturing_NO_light_skin_tone_,47,🙅🏻‍♂️,man gesturing NO: light skin tone,People & Body,person-gesture
_shrimp_,47,🦐,shrimp,Food & Drink,food-marine
_Kuwait_,47,🇰🇼,flag: Kuwait,Flags,country-flag
_person_in_suit_levitating_,46,🕴️,person in suit levitating,People & Body,person-activity
_calendar_,46,📅,calendar,Objects,office
_saxophone_,46,🎷,saxophone,Objects,musical-instrument
_woman_standing_medium-dark_skin_tone_,46,🧍🏾‍♀️,woman standing: medium-dark skin tone,People & Body,person-activity
_Haiti_,45,🇭🇹,flag: Haiti,Flags,country-flag
_no_mobile_phones_,45,📵,no mobile phones,Symbols,warning
_man_raising_hand_medium_skin_tone_,45,🙋🏽‍♂️,man raising hand: medium skin tone,People & Body,person-gesture
_man_superhero_,45,🦸‍♂️,man superhero,People & Body,person-fantasy
_shield_,45,🛡️,shield,Objects,tool
_blue_square_,45,🟦,blue square,Symbols,geometric
_ON!_arrow_,45,🔛,ON! arrow,Symbols,arrow
_green_square_,45,🟩,green square,Symbols,geometric
_razor_,45,🪒,razor,Objects,household
_printer_,45,🖨️,printer,Objects,computer
_Indonesia_,45,🇮🇩,flag: Indonesia,Flags,country-flag
_Clipperton_Island_,45,🇨🇵,flag: Clipperton Island,Flags,country-flag
_sushi_,45,🍣,sushi,Food & Drink,food-asian
_Malaysia_,45,🇲🇾,flag: Malaysia,Flags,country-flag
_man_dancing_medium-light_skin_tone_,45,🕺🏼,man dancing: medium-light skin tone,People & Body,person-activity
_shower_,44,🚿,shower,Objects,household
_red_square_,44,🟥,red square,Symbols,geometric
_seat_,44,💺,seat,Travel & Places,transport-air
_woman_getting_massage_,44,💆‍♀️,woman getting massage,People & Body,person-activity
_kiss_woman_woman_,44,👩‍❤️‍💋‍👩,"kiss: woman, woman",People & Body,family
_woman_running_medium_skin_tone_,44,🏃🏽‍♀️,woman running: medium skin tone,People & Body,person-activity
_closed_umbrella_,44,🌂,closed umbrella,Travel & Places,sky & weather
_paintbrush_,43,🖌️,paintbrush,Objects,writing
_satellite_,43,🛰️,satellite,Travel & Places,transport-air
_Iraq_,43,🇮🇶,flag: Iraq,Flags,country-flag
_stadium_,43,🏟️,stadium,Travel & Places,place-building
_volleyball_,43,🏐,volleyball,Activities,sport
_woman_bowing_medium_skin_tone_,43,🙇🏽‍♀️,woman bowing: medium skin tone,People & Body,person-gesture
_police_car_,43,🚓,police car,Travel & Places,transport-ground
_first_quarter_moon_face_,42,🌛,first quarter moon face,Travel & Places,sky & weather
_blowfish_,42,🐡,blowfish,Animals & Nature,animal-marine
_woman_gesturing_NO_medium-light_skin_tone_,42,🙅🏼‍♀️,woman gesturing NO: medium-light skin tone,People & Body,person-gesture
_hand_with_fingers_splayed_medium-light_skin_tone_,42,🖐🏼,hand with fingers splayed: medium-light skin tone,People & Body,hand-fingers-open
_cricket_game_,42,🏏,cricket game,Activities,sport
_umbrella_on_ground_,42,⛱️,umbrella on ground,Travel & Places,sky & weather
_bento_box_,42,🍱,bento box,Food & Drink,food-asian
_soap_,42,🧼,soap,Objects,household
_coconut_,42,🥥,coconut,Food & Drink,food-fruit
_white_medium_square_,42,◻️,white medium square,Symbols,geometric
_down-right_arrow_,41,↘️,down-right arrow,Symbols,arrow
_Romania_,41,🇷🇴,flag: Romania,Flags,country-flag
_airplane_arrival_,41,🛬,airplane arrival,Travel & Places,transport-air
_sunset_,41,🌇,sunset,Travel & Places,place-other
_Azerbaijan_,41,🇦🇿,flag: Azerbaijan,Flags,country-flag
_gear_,41,⚙️,gear,Objects,tool
_poodle_,41,🐩,poodle,Animals & Nature,animal-mammal
_pinched_fingers_medium_skin_tone_,41,🤌🏽,pinched fingers: medium skin tone,People & Body,hand-fingers-partial
_waning_crescent_moon_,41,🌘,waning crescent moon,Travel & Places,sky & weather
_man_tipping_hand_medium-dark_skin_tone_,41,💁🏾‍♂️,man tipping hand: medium-dark skin tone,People & Body,person-gesture
_person_shrugging_medium_skin_tone_,40,🤷🏽,person shrugging: medium skin tone,People & Body,person-gesture
_spoon_,40,🥄,spoon,Food & Drink,dishware
_scorpion_,40,🦂,scorpion,Animals & Nature,animal-bug
_open_mailbox_with_raised_flag_,40,📬,open mailbox with raised flag,Objects,mail
_oncoming_fist_dark_skin_tone_,40,👊🏿,oncoming fist: dark skin tone,People & Body,hand-fingers-closed
_incoming_envelope_,40,📨,incoming envelope,Objects,mail
_spade_suit_,40,♠️,spade suit,Activities,game
_foot_,40,🦶,foot,People & Body,body-parts
_small_airplane_,40,🛩️,small airplane,Travel & Places,transport-air
_trident_emblem_,39,🔱,trident emblem,Symbols,other-symbol
_old_woman_,39,👵,old woman,People & Body,person
_princess_medium_skin_tone_,39,👸🏽,princess: medium skin tone,People & Body,person-role
_church_,39,⛪,church,Travel & Places,place-religious
_woman_lifting_weights_,39,🏋️‍♀️,woman lifting weights,People & Body,person-sport
_lobster_,39,🦞,lobster,Food & Drink,food-marine
_Santa_Claus_medium-dark_skin_tone_,39,🎅🏾,Santa Claus: medium-dark skin tone,People & Body,person-fantasy
_telescope_,38,🔭,telescope,Objects,science
_person_shrugging_light_skin_tone_,38,🤷🏻,person shrugging: light skin tone,People & Body,person-gesture
_woman_cook_,38,👩‍🍳,woman cook,People & Body,person-role
_backpack_,38,🎒,backpack,Objects,clothing
_closed_book_,38,📕,closed book,Objects,book-paper
_pinched_fingers_medium-light_skin_tone_,38,🤌🏼,pinched fingers: medium-light skin tone,People & Body,hand-fingers-partial
_fleur-de-lis_,38,⚜️,fleur-de-lis,Symbols,other-symbol
_pinching_hand_light_skin_tone_,38,🤏🏻,pinching hand: light skin tone,People & Body,hand-fingers-partial
_vibration_mode_,38,📳,vibration mode,Symbols,av-symbol
_sun_behind_small_cloud_,38,🌤️,sun behind small cloud,Travel & Places,sky & weather
_man_surfing_,38,🏄‍♂️,man surfing,People & Body,person-sport
_Ecuador_,38,🇪🇨,flag: Ecuador,Flags,country-flag
_prince_medium-dark_skin_tone_,37,🤴🏾,prince: medium-dark skin tone,People & Body,person-role
_notebook_,37,📓,notebook,Objects,book-paper
_pick_,37,⛏️,pick,Objects,tool
_pretzel_,37,🥨,pretzel,Food & Drink,food-prepared
_nazar_amulet_,37,🧿,nazar amulet,Activities,game
_woman_bowing_medium-light_skin_tone_,37,🙇🏼‍♀️,woman bowing: medium-light skin tone,People & Body,person-gesture
_cinema_,37,🎦,cinema,Symbols,av-symbol
_gloves_,37,🧤,gloves,Objects,clothing
_zombie_,37,🧟,zombie,People & Body,person-fantasy
_ticket_,36,🎫,ticket,Activities,event
_heart_on_fire_,36,❤️‍🔥,heart on fire,Smileys & Emotion,emotion
_vertical_traffic_light_,36,🚦,vertical traffic light,Travel & Places,transport-ground
_fire_engine_,36,🚒,fire engine,Travel & Places,transport-ground
_national_park_,36,🏞️,national park,Travel & Places,place-geographic
_woman_superhero_,36,🦸‍♀️,woman superhero,People & Body,person-fantasy
_baby_angel_medium-light_skin_tone_,36,👼🏼,baby angel: medium-light skin tone,People & Body,person-fantasy
_Israel_,36,🇮🇱,flag: Israel,Flags,country-flag
_woman_kneeling_light_skin_tone_,36,🧎🏻‍♀️,woman kneeling: light skin tone,People & Body,person-activity
_spiral_shell_,36,🐚,spiral shell,Animals & Nature,animal-marine
_man_vampire_,36,🧛‍♂️,man vampire,People & Body,person-fantasy
_purse_,36,👛,purse,Objects,clothing
_person_raising_hand_medium_skin_tone_,35,🙋🏽,person raising hand: medium skin tone,People & Body,person-gesture
_up-right_arrow_,35,↗️,up-right arrow,Symbols,arrow
_houses_,35,🏘️,houses,Travel & Places,place-building
_Thailand_,35,🇹🇭,flag: Thailand,Flags,country-flag
_family_man_woman_boy_,35,👨‍👩‍👦,"family: man, woman, boy",People & Body,family
_woman_running_medium-light_skin_tone_,35,🏃🏼‍♀️,woman running: medium-light skin tone,People & Body,person-activity
_man_bowing_light_skin_tone_,35,🙇🏻‍♂️,man bowing: light skin tone,People & Body,person-gesture
_medical_symbol_,34,⚕️,medical symbol,Symbols,other-symbol
_green_book_,34,📗,green book,Objects,book-paper
_passenger_ship_,34,🛳️,passenger ship,Travel & Places,transport-water
_person_gesturing_NO_light_skin_tone_,34,🙅🏻,person gesturing NO: light skin tone,People & Body,person-gesture
_custard_,34,🍮,custard,Food & Drink,food-sweet
_Dominican_Republic_,34,🇩🇴,flag: Dominican Republic,Flags,country-flag
_woman_getting_massage_light_skin_tone_,34,💆🏻‍♀️,woman getting massage: light skin tone,People & Body,person-activity
_raised_back_of_hand_medium-dark_skin_tone_,34,🤚🏾,raised back of hand: medium-dark skin tone,People & Body,hand-fingers-open
_person_lifting_weights_,34,🏋️,person lifting weights,People & Body,person-sport
_hiking_boot_,34,🥾,hiking boot,Objects,clothing
_woman_student_,34,👩‍🎓,woman student,People & Body,person-role
_END_arrow_,33,🔚,END arrow,Symbols,arrow
_woman_gesturing_OK_medium_skin_tone_,33,🙆🏽‍♀️,woman gesturing OK: medium skin tone,People & Body,person-gesture
_rosette_,33,🏵️,rosette,Animals & Nature,plant-flower
_Algeria_,33,🇩🇿,flag: Algeria,Flags,country-flag
_old_man_,33,👴,old man,People & Body,person
_wedding_,33,💒,wedding,Travel & Places,place-building
_camping_,33,🏕️,camping,Travel & Places,place-geographic
_pregnant_woman_medium-light_skin_tone_,33,🤰🏼,pregnant woman: medium-light skin tone,People & Body,person-role
_white_flower_,33,💮,white flower,Animals & Nature,plant-flower
_left-right_arrow_,33,↔️,left-right arrow,Symbols,arrow
_luggage_,33,🧳,luggage,Travel & Places,hotel
_ferris_wheel_,33,🎡,ferris wheel,Travel & Places,place-other
_woman_police_officer_,32,👮‍♀️,woman police officer,People & Body,person-role
_El_Salvador_,32,🇸🇻,flag: El Salvador,Flags,country-flag
_writing_hand_medium_skin_tone_,32,✍🏽,writing hand: medium skin tone,People & Body,hand-prop
_lizard_,32,🦎,lizard,Animals & Nature,animal-reptile
_woman_cartwheeling_light_skin_tone_,32,🤸🏻‍♀️,woman cartwheeling: light skin tone,People & Body,person-sport
_water_buffalo_,32,🐃,water buffalo,Animals & Nature,animal-mammal
_bright_button_,32,🔆,bright button,Symbols,av-symbol
_left_arrow_curving_right_,32,↪️,left arrow curving right,Symbols,arrow
_white_flag_,32,🏳️,white flag,Flags,flag
_woman_walking_light_skin_tone_,32,🚶🏻‍♀️,woman walking: light skin tone,People & Body,person-activity
_cooked_rice_,32,🍚,cooked rice,Food & Drink,food-asian
_taxi_,31,🚕,taxi,Travel & Places,transport-ground
_tent_,31,⛺,tent,Travel & Places,place-other
_fish_cake_with_swirl_,31,🍥,fish cake with swirl,Food & Drink,food-asian
_beverage_box_,31,🧃,beverage box,Food & Drink,drink
_man_standing_,31,🧍‍♂️,man standing,People & Body,person-activity
_construction_,31,🚧,construction,Travel & Places,transport-ground
_woman_mechanic_,31,👩‍🔧,woman mechanic,People & Body,person-role
_bowl_with_spoon_,31,🥣,bowl with spoon,Food & Drink,food-prepared
_sponge_,31,🧽,sponge,Objects,household
_up-left_arrow_,31,↖️,up-left arrow,Symbols,arrow
_ram_,31,🐏,ram,Animals & Nature,animal-mammal
_man_bowing_medium_skin_tone_,30,🙇🏽‍♂️,man bowing: medium skin tone,People & Body,person-gesture
_man_bowing_medium-dark_skin_tone_,30,🙇🏾‍♂️,man bowing: medium-dark skin tone,People & Body,person-gesture
_sign_of_the_horns_dark_skin_tone_,30,🤘🏿,sign of the horns: dark skin tone,People & Body,hand-fingers-partial
_person_swimming_,30,🏊,person swimming,People & Body,person-sport
_sun_behind_cloud_,30,⛅,sun behind cloud,Travel & Places,sky & weather
_people_hugging_,30,🫂,people hugging,People & Body,person-symbol
_open_hands_light_skin_tone_,30,👐🏻,open hands: light skin tone,People & Body,hands
_person_gesturing_NO_medium-light_skin_tone_,30,🙅🏼,person gesturing NO: medium-light skin tone,People & Body,person-gesture
_department_store_,30,🏬,department store,Travel & Places,place-building
_dango_,30,🍡,dango,Food & Drink,food-asian
_woman_light_skin_tone_,30,👩🏻,woman: light skin tone,People & Body,person
_computer_disk_,30,💽,computer disk,Objects,computer
_man_light_skin_tone_,30,👨🏻,man: light skin tone,People & Body,person
_man_raising_hand_medium-dark_skin_tone_,30,🙋🏾‍♂️,man raising hand: medium-dark skin tone,People & Body,person-gesture
_man_raising_hand_medium-light_skin_tone_,30,🙋🏼‍♂️,man raising hand: medium-light skin tone,People & Body,person-gesture
_Finland_,30,🇫🇮,flag: Finland,Flags,country-flag
_person_getting_haircut_,29,💇,person getting haircut,People & Body,person-activity
_teapot_,29,🫖,teapot,Food & Drink,drink
_field_hockey_,29,🏑,field hockey,Activities,sport
_open_hands_medium-dark_skin_tone_,29,👐🏾,open hands: medium-dark skin tone,People & Body,hands
_onion_,29,🧅,onion,Food & Drink,food-vegetable
_old_woman_medium-light_skin_tone_,29,👵🏼,old woman: medium-light skin tone,People & Body,person
_horse_racing_,29,🏇,horse racing,People & Body,person-sport
_scarf_,29,🧣,scarf,Objects,clothing
_desert_,29,🏜️,desert,Travel & Places,place-geographic
_reverse_button_,29,◀️,reverse button,Symbols,av-symbol
_motorway_,29,🛣️,motorway,Travel & Places,transport-ground
_mobile_phone_off_,29,📴,mobile phone off,Symbols,av-symbol
_woman_fairy_light_skin_tone_,29,🧚🏻‍♀️,woman fairy: light skin tone,People & Body,person-fantasy
_blue_book_,29,📘,blue book,Objects,book-paper
_vulcan_salute_medium_skin_tone_,29,🖖🏽,vulcan salute: medium skin tone,People & Body,hand-fingers-open
_woman_getting_massage_medium_skin_tone_,28,💆🏽‍♀️,woman getting massage: medium skin tone,People & Body,person-activity
_writing_hand_medium-dark_skin_tone_,28,✍🏾,writing hand: medium-dark skin tone,People & Body,hand-prop
_man_running_light_skin_tone_,28,🏃🏻‍♂️,man running: light skin tone,People & Body,person-activity
_person_shrugging_medium-light_skin_tone_,28,🤷🏼,person shrugging: medium-light skin tone,People & Body,person-gesture
_woman_mage_light_skin_tone_,28,🧙🏻‍♀️,woman mage: light skin tone,People & Body,person-fantasy
_stuffed_flatbread_,28,🥙,stuffed flatbread,Food & Drink,food-prepared
_family_man_woman_boy_boy_,28,👨‍👩‍👦‍👦,"family: man, woman, boy, boy",People & Body,family
_circus_tent_,28,🎪,circus tent,Travel & Places,place-other
_giraffe_,28,🦒,giraffe,Animals & Nature,animal-mammal
_chestnut_,28,🌰,chestnut,Food & Drink,food-vegetable
_broom_,28,🧹,broom,Objects,household
_keycap_7_,28,7️⃣,keycap: 7,Symbols,keycap
_keycap_8_,28,8️⃣,keycap: 8,Symbols,keycap
_tear-off_calendar_,28,📆,tear-off calendar,Objects,office
_call_me_hand_dark_skin_tone_,28,🤙🏿,call me hand: dark skin tone,People & Body,hand-fingers-partial
_boy_light_skin_tone_,27,👦🏻,boy: light skin tone,People & Body,person
_fax_machine_,27,📠,fax machine,Objects,phone
_sparkle_,27,❇️,sparkle,Symbols,other-symbol
_orangutan_,27,🦧,orangutan,Animals & Nature,animal-mammal
_face_exhaling_,27,😮‍💨,face exhaling,Smileys & Emotion,face-neutral-skeptical
_woman_technologist_medium-light_skin_tone_,27,👩🏼‍💻,woman technologist: medium-light skin tone,People & Body,person-role
_high-speed_train_,27,🚄,high-speed train,Travel & Places,transport-ground
_fast_down_button_,27,⏬,fast down button,Symbols,av-symbol
_old_woman_light_skin_tone_,27,👵🏻,old woman: light skin tone,People & Body,person
_parrot_,27,🦜,parrot,Animals & Nature,animal-bird
_train_,27,🚆,train,Travel & Places,transport-ground
_princess_medium-dark_skin_tone_,27,👸🏾,princess: medium-dark skin tone,People & Body,person-role
_men_with_bunny_ears_,27,👯‍♂️,men with bunny ears,People & Body,person-activity
_person_raising_hand_medium-dark_skin_tone_,27,🙋🏾,person raising hand: medium-dark skin tone,People & Body,person-gesture
_man_gesturing_OK_light_skin_tone_,27,🙆🏻‍♂️,man gesturing OK: light skin tone,People & Body,person-gesture
_anatomical_heart_,27,🫀,anatomical heart,People & Body,body-parts
_woman_running_medium-dark_skin_tone_,27,🏃🏾‍♀️,woman running: medium-dark skin tone,People & Body,person-activity
_muted_speaker_,27,🔇,muted speaker,Objects,sound
_first_quarter_moon_,27,🌓,first quarter moon,Travel & Places,sky & weather
_minibus_,27,🚐,minibus,Travel & Places,transport-ground
_notebook_with_decorative_cover_,26,📔,notebook with decorative cover,Objects,book-paper
_woman_in_lotus_position_,26,🧘‍♀️,woman in lotus position,People & Body,person-resting
_person_in_tuxedo_,26,🤵,person in tuxedo,People & Body,person-role
_Cancer_,26,♋,Cancer,Symbols,zodiac
_person_with_veil_medium-light_skin_tone_,26,👰🏼,person with veil: medium-light skin tone,People & Body,person-role
_pear_,26,🍐,pear,Food & Drink,food-fruit
_curry_rice_,26,🍛,curry rice,Food & Drink,food-asian
_wavy_dash_,26,〰️,wavy dash,Symbols,punctuation
_woman_cartwheeling_medium_skin_tone_,26,🤸🏽‍♀️,woman cartwheeling: medium skin tone,People & Body,person-sport
_woman_bowing_medium-dark_skin_tone_,26,🙇🏾‍♀️,woman bowing: medium-dark skin tone,People & Body,person-gesture
_woman_surfing_,26,🏄‍♀️,woman surfing,People & Body,person-sport
_yarn_,26,🧶,yarn,Activities,arts & crafts
_person_facepalming_medium-light_skin_tone_,26,🤦🏼,person facepalming: medium-light skin tone,People & Body,person-gesture
_waxing_crescent_moon_,26,🌒,waxing crescent moon,Travel & Places,sky & weather
_vulcan_salute_medium-dark_skin_tone_,26,🖖🏾,vulcan salute: medium-dark skin tone,People & Body,hand-fingers-open
_pool_8_ball_,26,🎱,pool 8 ball,Activities,game
_keycap_9_,26,9️⃣,keycap: 9,Symbols,keycap
_man_police_officer_light_skin_tone_,26,👮🏻‍♂️,man police officer: light skin tone,People & Body,person-role
_man_walking_medium_skin_tone_,25,🚶🏽‍♂️,man walking: medium skin tone,People & Body,person-activity
_Ethiopia_,25,🇪🇹,flag: Ethiopia,Flags,country-flag
_woman_teacher_,25,👩‍🏫,woman teacher,People & Body,person-role
_keycap_10_,25,🔟,keycap: 10,Symbols,keycap
_Iceland_,25,🇮🇸,flag: Iceland,Flags,country-flag
_bridge_at_night_,25,🌉,bridge at night,Travel & Places,place-other
_family_woman_girl_,25,👩‍👧,"family: woman, girl",People & Body,family
_page_with_curl_,25,📃,page with curl,Objects,book-paper
_man_walking_medium-dark_skin_tone_,25,🚶🏾‍♂️,man walking: medium-dark skin tone,People & Body,person-activity
_person_taking_bath_,25,🛀,person taking bath,People & Body,person-resting
_black_flag_,25,🏴,black flag,Flags,flag
_goal_net_,25,🥅,goal net,Activities,sport
_tractor_,25,🚜,tractor,Travel & Places,transport-ground
_person_bowing_light_skin_tone_,25,🙇🏻,person bowing: light skin tone,People & Body,person-gesture
_woman_kneeling_medium_skin_tone_,25,🧎🏽‍♀️,woman kneeling: medium skin tone,People & Body,person-activity
_right_arrow_curving_up_,25,⤴️,right arrow curving up,Symbols,arrow
_metro_,25,🚇,metro,Travel & Places,transport-ground
_Norway_,25,🇳🇴,flag: Norway,Flags,country-flag
_club_suit_,25,♣️,club suit,Activities,game
_Uganda_,25,🇺🇬,flag: Uganda,Flags,country-flag
_woman_technologist_light_skin_tone_,24,👩🏻‍💻,woman technologist: light skin tone,People & Body,person-role
_person_running_light_skin_tone_,24,🏃🏻,person running: light skin tone,People & Body,person-activity
_slot_machine_,24,🎰,slot machine,Activities,game
_baby_medium_skin_tone_,24,👶🏽,baby: medium skin tone,People & Body,person
_bank_,24,🏦,bank,Travel & Places,place-building
_P_button_,24,🅿️,P button,Symbols,alphanum
_basket_,24,🧺,basket,Objects,household
_man_police_officer_,24,👮‍♂️,man police officer,People & Body,person-role
_puzzle_piece_,24,🧩,puzzle piece,Activities,game
_ferry_,24,⛴️,ferry,Travel & Places,transport-water
_couple_with_heart_woman_woman_,24,👩‍❤️‍👩,"couple with heart: woman, woman",People & Body,family
_person_with_veil_light_skin_tone_,24,👰🏻,person with veil: light skin tone,People & Body,person-role
_roasted_sweet_potato_,24,🍠,roasted sweet potato,Food & Drink,food-asian
_waving_hand_dark_skin_tone_,24,👋🏿,waving hand: dark skin tone,People & Body,hand-fingers-open
_large_blue_diamond_,24,🔷,large blue diamond,Symbols,geometric
_hand_with_fingers_splayed_medium_skin_tone_,24,🖐🏽,hand with fingers splayed: medium skin tone,People & Body,hand-fingers-open
_person_beard_,24,🧔,person: beard,People & Body,person
_fast_reverse_button_,24,⏪,fast reverse button,Symbols,av-symbol
_woman_medium-light_skin_tone_,23,👩🏼,woman: medium-light skin tone,People & Body,person
_woman_singer_,23,👩‍🎤,woman singer,People & Body,person-role
_woman_vampire_,23,🧛‍♀️,woman vampire,People & Body,person-fantasy
_bust_in_silhouette_,23,👤,bust in silhouette,People & Body,person-symbol
_prince_medium_skin_tone_,23,🤴🏽,prince: medium skin tone,People & Body,person-role
_black_nib_,23,✒️,black nib,Objects,writing
_woman_standing_medium-light_skin_tone_,23,🧍🏼‍♀️,woman standing: medium-light skin tone,People & Body,person-activity
_baby_angel_light_skin_tone_,23,👼🏻,baby angel: light skin tone,People & Body,person-fantasy
_person_gesturing_NO_medium-dark_skin_tone_,23,🙅🏾,person gesturing NO: medium-dark skin tone,People & Body,person-gesture
_fairy_light_skin_tone_,23,🧚🏻,fairy: light skin tone,People & Body,person-fantasy
_person_tipping_hand_medium-dark_skin_tone_,23,💁🏾,person tipping hand: medium-dark skin tone,People & Body,person-gesture
_family_man_woman_girl_girl_,23,👨‍👩‍👧‍👧,"family: man, woman, girl, girl",People & Body,family
_Singapore_,22,🇸🇬,flag: Singapore,Flags,country-flag
_pregnant_woman_light_skin_tone_,22,🤰🏻,pregnant woman: light skin tone,People & Body,person-role
_biohazard_,22,☣️,biohazard,Symbols,warning
_woman_gesturing_OK_medium-dark_skin_tone_,22,🙆🏾‍♀️,woman gesturing OK: medium-dark skin tone,People & Body,person-gesture
_woman_elf_light_skin_tone_,22,🧝🏻‍♀️,woman elf: light skin tone,People & Body,person-fantasy
_open_file_folder_,22,📂,open file folder,Objects,office
_oncoming_taxi_,22,🚖,oncoming taxi,Travel & Places,transport-ground
_man_student_,22,👨‍🎓,man student,People & Body,person-role
_open_hands_medium-light_skin_tone_,22,👐🏼,open hands: medium-light skin tone,People & Body,hands
_mount_fuji_,22,🗻,mount fuji,Travel & Places,place-geographic
_hedgehog_,22,🦔,hedgehog,Animals & Nature,animal-mammal
_woman_fairy_medium-light_skin_tone_,22,🧚🏼‍♀️,woman fairy: medium-light skin tone,People & Body,person-fantasy
_woman_light_skin_tone_red_hair_,22,👩🏻‍🦰,"woman: light skin tone, red hair",People & Body,person
_roll_of_paper_,22,🧻,roll of paper,Objects,household
_eye_in_speech_bubble_,22,👁️‍🗨️,eye in speech bubble,Smileys & Emotion,emotion
_Nepal_,22,🇳🇵,flag: Nepal,Flags,country-flag
_melon_,22,🍈,melon,Food & Drink,food-fruit
_woman_student_light_skin_tone_,22,👩🏻‍🎓,woman student: light skin tone,People & Body,person-role
_Lebanon_,21,🇱🇧,flag: Lebanon,Flags,country-flag
_Czechia_,21,🇨🇿,flag: Czechia,Flags,country-flag
_pinched_fingers_medium-dark_skin_tone_,21,🤌🏾,pinched fingers: medium-dark skin tone,People & Body,hand-fingers-partial
_woman_technologist_medium_skin_tone_,21,👩🏽‍💻,woman technologist: medium skin tone,People & Body,person-role
_kiwi_fruit_,21,🥝,kiwi fruit,Food & Drink,food-fruit
_girl_light_skin_tone_,21,👧🏻,girl: light skin tone,People & Body,person
_skier_,21,⛷️,skier,People & Body,person-sport
_yin_yang_,21,☯️,yin yang,Symbols,religion
_star_of_David_,21,✡️,star of David,Symbols,religion
_magic_wand_,21,🪄,magic wand,Activities,game
_canned_food_,21,🥫,canned food,Food & Drink,food-prepared
_right-facing_fist_medium-light_skin_tone_,21,🤜🏼,right-facing fist: medium-light skin tone,People & Body,hand-fingers-closed
_black_medium-small_square_,21,◾,black medium-small square,Symbols,geometric
_prayer_beads_,20,📿,prayer beads,Objects,clothing
_bathtub_,20,🛁,bathtub,Objects,household
_kangaroo_,20,🦘,kangaroo,Animals & Nature,animal-mammal
_circled_M_,20,Ⓜ️,circled M,Symbols,alphanum
_postal_horn_,20,📯,postal horn,Objects,sound
_man_fairy_,20,🧚‍♂️,man fairy,People & Body,person-fantasy
_girl_medium-light_skin_tone_,20,👧🏼,girl: medium-light skin tone,People & Body,person
_black_cat_,20,🐈‍⬛,black cat,Animals & Nature,animal-mammal
_person_facepalming_dark_skin_tone_,20,🤦🏿,person facepalming: dark skin tone,People & Body,person-gesture
_mermaid_,20,🧜‍♀️,mermaid,People & Body,person-fantasy
_Georgia_,20,🇬🇪,flag: Georgia,Flags,country-flag
_fairy_,20,🧚,fairy,People & Body,person-fantasy
_bellhop_bell_,20,🛎️,bellhop bell,Travel & Places,hotel
_test_tube_,20,🧪,test tube,Objects,science
_scroll_,20,📜,scroll,Objects,book-paper
_pregnant_woman_medium_skin_tone_,20,🤰🏽,pregnant woman: medium skin tone,People & Body,person-role
_coat_,20,🧥,coat,Objects,clothing
_person_bowing_medium_skin_tone_,20,🙇🏽,person bowing: medium skin tone,People & Body,person-gesture
_last_quarter_moon_,20,🌗,last quarter moon,Travel & Places,sky & weather
_right-facing_fist_medium_skin_tone_,20,🤜🏽,right-facing fist: medium skin tone,People & Body,hand-fingers-closed
_man_swimming_medium-dark_skin_tone_,20,🏊🏾‍♂️,man swimming: medium-dark skin tone,People & Body,person-sport
_ballet_shoes_,20,🩰,ballet shoes,Objects,clothing
_ledger_,20,📒,ledger,Objects,book-paper
_left-facing_fist_medium_skin_tone_,19,🤛🏽,left-facing fist: medium skin tone,People & Body,hand-fingers-closed
_clipboard_,19,📋,clipboard,Objects,office
_left-facing_fist_medium-light_skin_tone_,19,🤛🏼,left-facing fist: medium-light skin tone,People & Body,hand-fingers-closed
_building_construction_,19,🏗️,building construction,Travel & Places,place-building
_man_mage_light_skin_tone_,19,🧙🏻‍♂️,man mage: light skin tone,People & Body,person-fantasy
_left-facing_fist_medium-dark_skin_tone_,19,🤛🏾,left-facing fist: medium-dark skin tone,People & Body,hand-fingers-closed
_camel_,19,🐪,camel,Animals & Nature,animal-mammal
_man_mechanic_,19,👨‍🔧,man mechanic,People & Body,person-role
_nut_and_bolt_,19,🔩,nut and bolt,Objects,tool
_person_frowning_,19,🙍,person frowning,People & Body,person-gesture
_down-left_arrow_,19,↙️,down-left arrow,Symbols,arrow
_sun_behind_large_cloud_,19,🌥️,sun behind large cloud,Travel & Places,sky & weather
_classical_building_,19,🏛️,classical building,Travel & Places,place-building
_woman_mage_medium-light_skin_tone_,19,🧙🏼‍♀️,woman mage: medium-light skin tone,People & Body,person-fantasy
_Serbia_,19,🇷🇸,flag: Serbia,Flags,country-flag
_coin_,19,🪙,coin,Objects,money
_eight-pointed_star_,19,✴️,eight-pointed star,Symbols,other-symbol
_hotel_,19,🏨,hotel,Travel & Places,place-building
_waxing_gibbous_moon_,19,🌔,waxing gibbous moon,Travel & Places,sky & weather
_breast-feeding_,19,🤱,breast-feeding,People & Body,person-role
_red_triangle_pointed_down_,19,🔻,red triangle pointed down,Symbols,geometric
_Austria_,19,🇦🇹,flag: Austria,Flags,country-flag
_woman_technologist_medium-dark_skin_tone_,19,👩🏾‍💻,woman technologist: medium-dark skin tone,People & Body,person-role
_mosquito_,19,🦟,mosquito,Animals & Nature,animal-bug
_speaker_medium_volume_,18,🔉,speaker medium volume,Objects,sound
_Gemini_,18,♊,Gemini,Symbols,zodiac
_woman_scientist_,18,👩‍🔬,woman scientist,People & Body,person-role
_next_track_button_,18,⏭️,next track button,Symbols,av-symbol
_bullet_train_,18,🚅,bullet train,Travel & Places,transport-ground
_triangular_ruler_,18,📐,triangular ruler,Objects,office
_bubble_tea_,18,🧋,bubble tea,Food & Drink,drink
_no_smoking_,18,🚭,no smoking,Symbols,warning
_closed_mailbox_with_raised_flag_,18,📫,closed mailbox with raised flag,Objects,mail
_woman_red_hair_,18,👩‍🦰,woman: red hair,People & Body,person
_VS_button_,18,🆚,VS button,Symbols,alphanum
_man_detective_light_skin_tone_,18,🕵🏻‍♂️,man detective: light skin tone,People & Body,person-role
_ear_medium-light_skin_tone_,18,👂🏼,ear: medium-light skin tone,People & Body,body-parts
_family_woman_boy_,18,👩‍👦,"family: woman, boy",People & Body,family
_raccoon_,18,🦝,raccoon,Animals & Nature,animal-mammal
_vulcan_salute_medium-light_skin_tone_,18,🖖🏼,vulcan salute: medium-light skin tone,People & Body,hand-fingers-open
_Monaco_,18,🇲🇨,flag: Monaco,Flags,country-flag
_family_man_woman_girl_,18,👨‍👩‍👧,"family: man, woman, girl",People & Body,family
_vulcan_salute_light_skin_tone_,18,🖖🏻,vulcan salute: light skin tone,People & Body,hand-fingers-open
_man_lifting_weights_,18,🏋️‍♂️,man lifting weights,People & Body,person-sport
_pager_,18,📟,pager,Objects,phone
_woman_astronaut_,18,👩‍🚀,woman astronaut,People & Body,person-role
_rock_,18,🪨,rock,Travel & Places,place-building
_man_cartwheeling_,18,🤸‍♂️,man cartwheeling,People & Body,person-sport
_spiral_notepad_,17,🗒️,spiral notepad,Objects,office
_woman_gesturing_OK_medium-light_skin_tone_,17,🙆🏼‍♀️,woman gesturing OK: medium-light skin tone,People & Body,person-gesture
_person_gesturing_OK_medium_skin_tone_,17,🙆🏽,person gesturing OK: medium skin tone,People & Body,person-gesture
_eight-spoked_asterisk_,17,✳️,eight-spoked asterisk,Symbols,other-symbol
_cityscape_at_dusk_,17,🌆,cityscape at dusk,Travel & Places,place-other
_man_technologist_light_skin_tone_,17,👨🏻‍💻,man technologist: light skin tone,People & Body,person-role
_takeout_box_,17,🥡,takeout box,Food & Drink,food-asian
_woman_walking_medium-dark_skin_tone_,17,🚶🏾‍♀️,woman walking: medium-dark skin tone,People & Body,person-activity
_woman_construction_worker_,17,👷‍♀️,woman construction worker,People & Body,person-role
_stethoscope_,17,🩺,stethoscope,Objects,medical
_writing_hand_medium-light_skin_tone_,17,✍🏼,writing hand: medium-light skin tone,People & Body,hand-prop
_rolled-up_newspaper_,17,🗞️,rolled-up newspaper,Objects,book-paper
_Zimbabwe_,17,🇿🇼,flag: Zimbabwe,Flags,country-flag
_open_hands_medium_skin_tone_,17,👐🏽,open hands: medium skin tone,People & Body,hands
_white_small_square_,17,▫️,white small square,Symbols,geometric
_man_swimming_,17,🏊‍♂️,man swimming,People & Body,person-sport
_Costa_Rica_,17,🇨🇷,flag: Costa Rica,Flags,country-flag
_woman_biking_,17,🚴‍♀️,woman biking,People & Body,person-sport
_motor_scooter_,17,🛵,motor scooter,Travel & Places,transport-ground
_person_kneeling_,17,🧎,person kneeling,People & Body,person-activity
_ear_light_skin_tone_,17,👂🏻,ear: light skin tone,People & Body,body-parts
_keycap_6_,17,6️⃣,keycap: 6,Symbols,keycap
_bowling_,17,🎳,bowling,Activities,sport
_person_blond_hair_,17,👱,person: blond hair,People & Body,person
_service_dog_,17,🐕‍🦺,service dog,Animals & Nature,animal-mammal
_male_sign_,17,♂️,male sign,Symbols,gender
_woman_with_white_cane_light_skin_tone_,17,👩🏻‍🦯,woman with white cane: light skin tone,People & Body,person-activity
_chart_increasing_with_yen_,17,💹,chart increasing with yen,Objects,money
_two-hump_camel_,17,🐫,two-hump camel,Animals & Nature,animal-mammal
_man_walking_light_skin_tone_,17,🚶🏻‍♂️,man walking: light skin tone,People & Body,person-activity
_rhinoceros_,17,🦏,rhinoceros,Animals & Nature,animal-mammal
_axe_,17,🪓,axe,Objects,tool
_woman_blond_hair_,16,👱‍♀️,woman: blond hair,People & Body,person
_skateboard_,16,🛹,skateboard,Travel & Places,transport-ground
_palms_up_together_dark_skin_tone_,16,🤲🏿,palms up together: dark skin tone,People & Body,hands
_Croatia_,16,🇭🇷,flag: Croatia,Flags,country-flag
_currency_exchange_,16,💱,currency exchange,Symbols,currency
_right-facing_fist_light_skin_tone_,16,🤜🏻,right-facing fist: light skin tone,People & Body,hand-fingers-closed
_woman_getting_massage_medium-dark_skin_tone_,16,💆🏾‍♀️,woman getting massage: medium-dark skin tone,People & Body,person-activity
_otter_,16,🦦,otter,Animals & Nature,animal-mammal
_Pisces_,16,♓,Pisces,Symbols,zodiac
_woman_singer_light_skin_tone_,16,👩🏻‍🎤,woman singer: light skin tone,People & Body,person-role
_boy_medium-light_skin_tone_,16,👦🏼,boy: medium-light skin tone,People & Body,person
_barber_pole_,16,💈,barber pole,Travel & Places,place-other
_boar_,16,🐗,boar,Animals & Nature,animal-mammal
_couple_with_heart_man_man_,16,👨‍❤️‍👨,"couple with heart: man, man",People & Body,family
_swan_,16,🦢,swan,Animals & Nature,animal-bird
_woman_detective_light_skin_tone_,16,🕵🏻‍♀️,woman detective: light skin tone,People & Body,person-role
_person_gesturing_OK_light_skin_tone_,16,🙆🏻,person gesturing OK: light skin tone,People & Body,person-gesture
_motor_boat_,16,🛥️,motor boat,Travel & Places,transport-water
_cook_,16,🧑‍🍳,cook,People & Body,person-role
_black_medium_square_,16,◼️,black medium square,Symbols,geometric
_seal_,16,🦭,seal,Animals & Nature,animal-marine
_control_knobs_,16,🎛️,control knobs,Objects,music
_man_astronaut_,15,👨‍🚀,man astronaut,People & Body,person-role
_Tanzania_,15,🇹🇿,flag: Tanzania,Flags,country-flag
_lotion_bottle_,15,🧴,lotion bottle,Objects,household
_person_light_skin_tone_beard_,15,🧔🏻,"person: light skin tone, beard",People & Body,person
_woman_pouting_light_skin_tone_,15,🙎🏻‍♀️,woman pouting: light skin tone,People & Body,person-gesture
_hammer_and_pick_,15,⚒️,hammer and pick,Objects,tool
_man_elf_,15,🧝‍♂️,man elf,People & Body,person-fantasy
_station_,15,🚉,station,Travel & Places,transport-ground
_hand_with_fingers_splayed_medium-dark_skin_tone_,15,🖐🏾,hand with fingers splayed: medium-dark skin tone,People & Body,hand-fingers-open
_woman_light_skin_tone_blond_hair_,15,👱🏻‍♀️,"woman: light skin tone, blond hair",People & Body,person
_sun_behind_rain_cloud_,15,🌦️,sun behind rain cloud,Travel & Places,sky & weather
_person_standing_light_skin_tone_,15,🧍🏻,person standing: light skin tone,People & Body,person-activity
_Yemen_,15,🇾🇪,flag: Yemen,Flags,country-flag
_man_getting_massage_medium_skin_tone_,15,💆🏽‍♂️,man getting massage: medium skin tone,People & Body,person-activity
_information_,15,ℹ️,information,Symbols,alphanum
_man_mechanic_medium-light_skin_tone_,15,👨🏼‍🔧,man mechanic: medium-light skin tone,People & Body,person-role
_baby_angel_medium-dark_skin_tone_,15,👼🏾,baby angel: medium-dark skin tone,People & Body,person-fantasy
_2nd_place_medal_,15,🥈,2nd place medal,Activities,award-medal
_person_in_lotus_position_,15,🧘,person in lotus position,People & Body,person-resting
_snowboarder_,15,🏂,snowboarder,People & Body,person-sport
_leg_,15,🦵,leg,People & Body,body-parts
_woman_teacher_light_skin_tone_,15,👩🏻‍🏫,woman teacher: light skin tone,People & Body,person-role
_woman_cartwheeling_medium-dark_skin_tone_,14,🤸🏾‍♀️,woman cartwheeling: medium-dark skin tone,People & Body,person-sport
_child_,14,🧒,child,People & Body,person
_left-facing_fist_light_skin_tone_,14,🤛🏻,left-facing fist: light skin tone,People & Body,hand-fingers-closed
_person_running_medium_skin_tone_,14,🏃🏽,person running: medium skin tone,People & Body,person-activity
_right_arrow_curving_left_,14,↩️,right arrow curving left,Symbols,arrow
_ear_medium-dark_skin_tone_,14,👂🏾,ear: medium-dark skin tone,People & Body,body-parts
_crayon_,14,🖍️,crayon,Objects,writing
_Kazakhstan_,14,🇰🇿,flag: Kazakhstan,Flags,country-flag
_person_with_veil_medium_skin_tone_,14,👰🏽,person with veil: medium skin tone,People & Body,person-role
_receipt_,14,🧾,receipt,Objects,money
_Venezuela_,14,🇻🇪,flag: Venezuela,Flags,country-flag
_woman_swimming_,14,🏊‍♀️,woman swimming,People & Body,person-sport
_couple_with_heart_woman_man_,14,👩‍❤️‍👨,"couple with heart: woman, man",People & Body,family
_sake_,14,🍶,sake,Food & Drink,drink
_fire_extinguisher_,14,🧯,fire extinguisher,Objects,household
_lab_coat_,14,🥼,lab coat,Objects,clothing
_ID_button_,14,🆔,ID button,Symbols,alphanum
_potted_plant_,14,🪴,potted plant,Animals & Nature,plant-other
_Scorpio_,14,♏,Scorpio,Symbols,zodiac
_man_running_medium-dark_skin_tone_,14,🏃🏾‍♂️,man running: medium-dark skin tone,People & Body,person-activity
_man_running_medium_skin_tone_,14,🏃🏽‍♂️,man running: medium skin tone,People & Body,person-activity
_carousel_horse_,14,🎠,carousel horse,Travel & Places,place-other
_man_gesturing_OK_dark_skin_tone_,14,🙆🏿‍♂️,man gesturing OK: dark skin tone,People & Body,person-gesture
_girl_medium_skin_tone_,14,👧🏽,girl: medium skin tone,People & Body,person
_man_getting_massage_medium-dark_skin_tone_,14,💆🏾‍♂️,man getting massage: medium-dark skin tone,People & Body,person-activity
_man_getting_haircut_,14,💇‍♂️,man getting haircut,People & Body,person-activity
_woman_in_lotus_position_light_skin_tone_,14,🧘🏻‍♀️,woman in lotus position: light skin tone,People & Body,person-resting
_Mauritius_,14,🇲🇺,flag: Mauritius,Flags,country-flag
_om_,14,🕉️,om,Symbols,religion
_diamond_with_a_dot_,14,💠,diamond with a dot,Symbols,geometric
_man_singer_,14,👨‍🎤,man singer,People & Body,person-role
_old_woman_dark_skin_tone_,13,👵🏿,old woman: dark skin tone,People & Body,person
_Aquarius_,13,♒,Aquarius,Symbols,zodiac
_person_bouncing_ball_,13,⛹️,person bouncing ball,People & Body,person-sport
_moon_cake_,13,🥮,moon cake,Food & Drink,food-asian
_waning_gibbous_moon_,13,🌖,waning gibbous moon,Travel & Places,sky & weather
_person_gesturing_OK_medium-dark_skin_tone_,13,🙆🏾,person gesturing OK: medium-dark skin tone,People & Body,person-gesture
_factory_,13,🏭,factory,Travel & Places,place-building
_goggles_,13,🥽,goggles,Objects,clothing
_person_rowing_boat_,13,🚣,person rowing boat,People & Body,person-sport
_Iran_,13,🇮🇷,flag: Iran,Flags,country-flag
_trolleybus_,13,🚎,trolleybus,Travel & Places,transport-ground
_skis_,13,🎿,skis,Activities,sport
_red_envelope_,13,🧧,red envelope,Activities,event
_Leo_,13,♌,Leo,Symbols,zodiac
_fog_,13,🌫️,fog,Travel & Places,sky & weather
_foggy_,13,🌁,foggy,Travel & Places,place-other
_woman_medium_skin_tone_,13,👩🏽,woman: medium skin tone,People & Body,person
_man_juggling_,13,🤹‍♂️,man juggling,People & Body,person-sport
_person_walking_light_skin_tone_,13,🚶🏻,person walking: light skin tone,People & Body,person-activity
_speedboat_,13,🚤,speedboat,Travel & Places,transport-water
_chopsticks_,13,🥢,chopsticks,Food & Drink,dishware
_woman_golfing_,13,🏌️‍♀️,woman golfing,People & Body,person-sport
_love-you_gesture_dark_skin_tone_,13,🤟🏿,love-you gesture: dark skin tone,People & Body,hand-fingers-partial
_person_in_tuxedo_medium_skin_tone_,13,🤵🏽,person in tuxedo: medium skin tone,People & Body,person-role
_man_technologist_medium-dark_skin_tone_,13,👨🏾‍💻,man technologist: medium-dark skin tone,People & Body,person-role
_derelict_house_,13,🏚️,derelict house,Travel & Places,place-building
_Japanese_dolls_,13,🎎,Japanese dolls,Activities,event
_3rd_place_medal_,13,🥉,3rd place medal,Activities,award-medal
_fountain_,12,⛲,fountain,Travel & Places,place-other
_person_in_suit_levitating_light_skin_tone_,12,🕴🏻,person in suit levitating: light skin tone,People & Body,person-activity
_family_man_boy_,12,👨‍👦,"family: man, boy",People & Body,family
_woman_superhero_medium-light_skin_tone_,12,🦸🏼‍♀️,woman superhero: medium-light skin tone,People & Body,person-fantasy
_person_getting_massage_medium-light_skin_tone_,12,💆🏼,person getting massage: medium-light skin tone,People & Body,person-activity
_face_with_spiral_eyes_,12,😵‍💫,face with spiral eyes,Smileys & Emotion,face-unwell
_person_bowing_medium-dark_skin_tone_,12,🙇🏾,person bowing: medium-dark skin tone,People & Body,person-gesture
_person_getting_massage_light_skin_tone_,12,💆🏻,person getting massage: light skin tone,People & Body,person-activity
_old_man_light_skin_tone_,12,👴🏻,old man: light skin tone,People & Body,person
_dumpling_,12,🥟,dumpling,Food & Drink,food-asian
_ear_medium_skin_tone_,12,👂🏽,ear: medium skin tone,People & Body,body-parts
_woman_vampire_light_skin_tone_,12,🧛🏻‍♀️,woman vampire: light skin tone,People & Body,person-fantasy
_right-facing_fist_medium-dark_skin_tone_,12,🤜🏾,right-facing fist: medium-dark skin tone,People & Body,hand-fingers-closed
_large_orange_diamond_,12,🔶,large orange diamond,Symbols,geometric
_Cameroon_,12,🇨🇲,flag: Cameroon,Flags,country-flag
_man_genie_,12,🧞‍♂️,man genie,People & Body,person-fantasy
_Zambia_,12,🇿🇲,flag: Zambia,Flags,country-flag
_canoe_,12,🛶,canoe,Travel & Places,transport-water
_raised_hand_dark_skin_tone_,12,✋🏿,raised hand: dark skin tone,People & Body,hand-fingers-open
_woman_detective_medium-light_skin_tone_,12,🕵🏼‍♀️,woman detective: medium-light skin tone,People & Body,person-role
_woman_office_worker_,12,👩‍💼,woman office worker,People & Body,person-role
_atom_symbol_,12,⚛️,atom symbol,Symbols,religion
_waffle_,12,🧇,waffle,Food & Drink,food-prepared
_tram_,12,🚊,tram,Travel & Places,transport-ground
_label_,12,🏷️,label,Objects,book-paper
_man_gesturing_NO_dark_skin_tone_,12,🙅🏿‍♂️,man gesturing NO: dark skin tone,People & Body,person-gesture
_prince_medium-light_skin_tone_,12,🤴🏼,prince: medium-light skin tone,People & Body,person-role
_brick_,12,🧱,brick,Travel & Places,place-building
_woman_health_worker_medium-light_skin_tone_,12,👩🏼‍⚕️,woman health worker: medium-light skin tone,People & Body,person-role
_red_paper_lantern_,12,🏮,red paper lantern,Objects,light & video
_baby_medium-dark_skin_tone_,12,👶🏾,baby: medium-dark skin tone,People & Body,person
_person_running_medium-dark_skin_tone_,12,🏃🏾,person running: medium-dark skin tone,People & Body,person-activity
_woman_health_worker_medium_skin_tone_,12,👩🏽‍⚕️,woman health worker: medium skin tone,People & Body,person-role
_woman_cartwheeling_medium-light_skin_tone_,12,🤸🏼‍♀️,woman cartwheeling: medium-light skin tone,People & Body,person-sport
_Aries_,12,♈,Aries,Symbols,zodiac
_potable_water_,12,🚰,potable water,Symbols,transport-sign
_page_facing_up_,11,📄,page facing up,Objects,book-paper
_man_scientist_,11,👨‍🔬,man scientist,People & Body,person-role
_woman_student_medium_skin_tone_,11,👩🏽‍🎓,woman student: medium skin tone,People & Body,person-role
_railway_track_,11,🛤️,railway track,Travel & Places,transport-ground
_man_office_worker_,11,👨‍💼,man office worker,People & Body,person-role
_kiss_man_man_,11,👨‍❤️‍💋‍👨,"kiss: man, man",People & Body,family
_man_vampire_light_skin_tone_,11,🧛🏻‍♂️,man vampire: light skin tone,People & Body,person-fantasy
_kick_scooter_,11,🛴,kick scooter,Travel & Places,transport-ground
_play_or_pause_button_,11,⏯️,play or pause button,Symbols,av-symbol
_boy_medium_skin_tone_,11,👦🏽,boy: medium skin tone,People & Body,person
_police_officer_light_skin_tone_,11,👮🏻,police officer: light skin tone,People & Body,person-role
_person_gesturing_OK_medium-light_skin_tone_,11,🙆🏼,person gesturing OK: medium-light skin tone,People & Body,person-gesture
_old_woman_medium_skin_tone_,11,👵🏽,old woman: medium skin tone,People & Body,person
_index_pointing_up_dark_skin_tone_,11,☝🏿,index pointing up: dark skin tone,People & Body,hand-single-finger
_railway_car_,11,🚃,railway car,Travel & Places,transport-ground
_man_kneeling_,11,🧎‍♂️,man kneeling,People & Body,person-activity
_flamingo_,11,🦩,flamingo,Animals & Nature,animal-bird
_love_hotel_,11,🏩,love hotel,Travel & Places,place-building
_person_running_dark_skin_tone_,11,🏃🏿,person running: dark skin tone,People & Body,person-activity
_compass_,11,🧭,compass,Travel & Places,place-map
_ATM_sign_,11,🏧,ATM sign,Symbols,transport-sign
_Slovakia_,11,🇸🇰,flag: Slovakia,Flags,country-flag
_mosque_,11,🕌,mosque,Travel & Places,place-religious
_woman_scientist_medium-dark_skin_tone_,11,👩🏾‍🔬,woman scientist: medium-dark skin tone,People & Body,person-role
_man_dancing_dark_skin_tone_,11,🕺🏿,man dancing: dark skin tone,People & Body,person-activity
_shinto_shrine_,11,⛩️,shinto shrine,Travel & Places,place-religious
_woman_office_worker_light_skin_tone_,11,👩🏻‍💼,woman office worker: light skin tone,People & Body,person-role
_woman_walking_medium_skin_tone_,11,🚶🏽‍♀️,woman walking: medium skin tone,People & Body,person-activity
_clockwise_vertical_arrows_,11,🔃,clockwise vertical arrows,Symbols,arrow
_oncoming_bus_,11,🚍,oncoming bus,Travel & Places,transport-ground
_restroom_,11,🚻,restroom,Symbols,transport-sign
_llama_,11,🦙,llama,Animals & Nature,animal-mammal
_man_getting_massage_,11,💆‍♂️,man getting massage,People & Body,person-activity
_women_wrestling_,11,🤼‍♀️,women wrestling,People & Body,person-sport
_menorah_,11,🕎,menorah,Symbols,religion
_selfie_light_skin_tone_,10,🤳🏻,selfie: light skin tone,People & Body,hand-prop
_backhand_index_pointing_up_dark_skin_tone_,10,👆🏿,backhand index pointing up: dark skin tone,People & Body,hand-single-finger
_up-down_arrow_,10,↕️,up-down arrow,Symbols,arrow
_person_frowning_medium_skin_tone_,10,🙍🏽,person frowning: medium skin tone,People & Body,person-gesture
_Tunisia_,10,🇹🇳,flag: Tunisia,Flags,country-flag
_man_biking_,10,🚴‍♂️,man biking,People & Body,person-sport
_person_frowning_medium-light_skin_tone_,10,🙍🏼,person frowning: medium-light skin tone,People & Body,person-gesture
_Honduras_,10,🇭🇳,flag: Honduras,Flags,country-flag
_purple_circle_,10,🟣,purple circle,Symbols,geometric
_window_,10,🪟,window,Objects,household
_Virgo_,10,♍,Virgo,Symbols,zodiac
_orange_circle_,10,🟠,orange circle,Symbols,geometric
_woman_rowing_boat_,10,🚣‍♀️,woman rowing boat,People & Body,person-sport
_black_square_button_,10,🔲,black square button,Symbols,geometric
_tanabata_tree_,10,🎋,tanabata tree,Activities,event
_person_running_medium-light_skin_tone_,10,🏃🏼,person running: medium-light skin tone,People & Body,person-activity
_person_shrugging_dark_skin_tone_,10,🤷🏿,person shrugging: dark skin tone,People & Body,person-gesture
_woman_raising_hand_dark_skin_tone_,10,🙋🏿‍♀️,woman raising hand: dark skin tone,People & Body,person-gesture
_guide_dog_,10,🦮,guide dog,Animals & Nature,animal-mammal
_Bulgaria_,10,🇧🇬,flag: Bulgaria,Flags,country-flag
_hand_with_fingers_splayed_dark_skin_tone_,10,🖐🏿,hand with fingers splayed: dark skin tone,People & Body,hand-fingers-open
_woman_in_lotus_position_medium_skin_tone_,10,🧘🏽‍♀️,woman in lotus position: medium skin tone,People & Body,person-resting
_thread_,10,🧵,thread,Activities,arts & crafts
_men_wrestling_,10,🤼‍♂️,men wrestling,People & Body,person-sport
_person_in_tuxedo_light_skin_tone_,10,🤵🏻,person in tuxedo: light skin tone,People & Body,person-role
_woman_health_worker_light_skin_tone_,10,👩🏻‍⚕️,woman health worker: light skin tone,People & Body,person-role
_man_vampire_medium-light_skin_tone_,10,🧛🏼‍♂️,man vampire: medium-light skin tone,People & Body,person-fantasy
_man_bowing_dark_skin_tone_,10,🙇🏿‍♂️,man bowing: dark skin tone,People & Body,person-gesture
_Fiji_,10,🇫🇯,flag: Fiji,Flags,country-flag
_man_technologist_medium-light_skin_tone_,10,👨🏼‍💻,man technologist: medium-light skin tone,People & Body,person-role
_postbox_,10,📮,postbox,Objects,mail
_hippopotamus_,10,🦛,hippopotamus,Animals & Nature,animal-mammal
_woman_getting_haircut_,10,💇‍♀️,woman getting haircut,People & Body,person-activity
_adhesive_bandage_,9,🩹,adhesive bandage,Objects,medical
_woman_bouncing_ball_,9,⛹️‍♀️,woman bouncing ball,People & Body,person-sport
_woman_fairy_medium-dark_skin_tone_,9,🧚🏾‍♀️,woman fairy: medium-dark skin tone,People & Body,person-fantasy
_thong_sandal_,9,🩴,thong sandal,Objects,clothing
_man_golfing_medium-dark_skin_tone_,9,🏌🏾‍♂️,man golfing: medium-dark skin tone,People & Body,person-sport
_kaaba_,9,🕋,kaaba,Travel & Places,place-religious
_police_officer_medium_skin_tone_,9,👮🏽,police officer: medium skin tone,People & Body,person-role
_man_gesturing_NO_medium-light_skin_tone_,9,🙅🏼‍♂️,man gesturing NO: medium-light skin tone,People & Body,person-gesture
_convenience_store_,9,🏪,convenience store,Travel & Places,place-building
_peacock_,9,🦚,peacock,Animals & Nature,animal-bird
_Libra_,9,♎,Libra,Symbols,zodiac
_Oman_,9,🇴🇲,flag: Oman,Flags,country-flag
_Panama_,9,🇵🇦,flag: Panama,Flags,country-flag
_United_Nations_,9,🇺🇳,flag: United Nations,Flags,country-flag
_woman_surfing_medium-light_skin_tone_,9,🏄🏼‍♀️,woman surfing: medium-light skin tone,People & Body,person-sport
_guard_,9,💂,guard,People & Body,person-role
_funeral_urn_,9,⚱️,funeral urn,Objects,other-object
_Sagittarius_,9,♐,Sagittarius,Symbols,zodiac
_man_cook_light_skin_tone_,9,👨🏻‍🍳,man cook: light skin tone,People & Body,person-role
_clutch_bag_,9,👝,clutch bag,Objects,clothing
_Libya_,9,🇱🇾,flag: Libya,Flags,country-flag
_sloth_,9,🦥,sloth,Animals & Nature,animal-mammal
_sled_,9,🛷,sled,Activities,sport
_man_mage_medium-light_skin_tone_,9,🧙🏼‍♂️,man mage: medium-light skin tone,People & Body,person-fantasy
_banjo_,9,🪕,banjo,Objects,musical-instrument
_ear_with_hearing_aid_,9,🦻,ear with hearing aid,People & Body,body-parts
_person_getting_massage_medium-dark_skin_tone_,9,💆🏾,person getting massage: medium-dark skin tone,People & Body,person-activity
_woman_teacher_medium-light_skin_tone_,9,👩🏼‍🏫,woman teacher: medium-light skin tone,People & Body,person-role
_pinching_hand_medium-light_skin_tone_,9,🤏🏼,pinching hand: medium-light skin tone,People & Body,hand-fingers-partial
_person_getting_massage_medium_skin_tone_,9,💆🏽,person getting massage: medium skin tone,People & Body,person-activity
_badminton_,9,🏸,badminton,Activities,sport
_man_with_white_cane_,9,👨‍🦯,man with white cane,People & Body,person-activity
_headstone_,9,🪦,headstone,Objects,other-object
_woman_dark_skin_tone_,9,👩🏿,woman: dark skin tone,People & Body,person
_man_mechanic_dark_skin_tone_,9,👨🏿‍🔧,man mechanic: dark skin tone,People & Body,person-role
_man_teacher_,9,👨‍🏫,man teacher,People & Body,person-role
_woman_artist_,9,👩‍🎨,woman artist,People & Body,person-role
_upwards_button_,9,🔼,upwards button,Symbols,av-symbol
_woman_superhero_medium_skin_tone_,9,🦸🏽‍♀️,woman superhero: medium skin tone,People & Body,person-fantasy
_petri_dish_,9,🧫,petri dish,Objects,science
_woman_cook_light_skin_tone_,9,👩🏻‍🍳,woman cook: light skin tone,People & Body,person-role
_pickup_truck_,9,🛻,pickup truck,Travel & Places,transport-ground
_nose_medium-light_skin_tone_,9,👃🏼,nose: medium-light skin tone,People & Body,body-parts
_superhero_,8,🦸,superhero,People & Body,person-fantasy
_selfie_medium-dark_skin_tone_,8,🤳🏾,selfie: medium-dark skin tone,People & Body,hand-prop
_woman_walking_medium-light_skin_tone_,8,🚶🏼‍♀️,woman walking: medium-light skin tone,People & Body,person-activity
_person_in_suit_levitating_medium-dark_skin_tone_,8,🕴🏾,person in suit levitating: medium-dark skin tone,People & Body,person-activity
_woman_genie_,8,🧞‍♀️,woman genie,People & Body,person-fantasy
_woman_police_officer_medium-light_skin_tone_,8,👮🏼‍♀️,woman police officer: medium-light skin tone,People & Body,person-role
_woman_in_lotus_position_medium-light_skin_tone_,8,🧘🏼‍♀️,woman in lotus position: medium-light skin tone,People & Body,person-resting
_wheel_of_dharma_,8,☸️,wheel of dharma,Symbols,religion
_person_walking_medium-dark_skin_tone_,8,🚶🏾,person walking: medium-dark skin tone,People & Body,person-activity
_tram_car_,8,🚋,tram car,Travel & Places,transport-ground
_woman_with_white_cane_,8,👩‍🦯,woman with white cane,People & Body,person-activity
_person_with_skullcap_,8,👲,person with skullcap,People & Body,person-role
_toolbox_,8,🧰,toolbox,Objects,tool
_person_pouting_,8,🙎,person pouting,People & Body,person-gesture
_woman_fairy_medium_skin_tone_,8,🧚🏽‍♀️,woman fairy: medium skin tone,People & Body,person-fantasy
_prince_dark_skin_tone_,8,🤴🏿,prince: dark skin tone,People & Body,person-role
_woman_tipping_hand_dark_skin_tone_,8,💁🏿‍♀️,woman tipping hand: dark skin tone,People & Body,person-gesture
_man_running_medium-light_skin_tone_,8,🏃🏼‍♂️,man running: medium-light skin tone,People & Body,person-activity
_Afghanistan_,8,🇦🇫,flag: Afghanistan,Flags,country-flag
_man_golfing_,8,🏌️‍♂️,man golfing,People & Body,person-sport
_Botswana_,8,🇧🇼,flag: Botswana,Flags,country-flag
_man_vampire_dark_skin_tone_,8,🧛🏿‍♂️,man vampire: dark skin tone,People & Body,person-fantasy
_man_technologist_medium_skin_tone_,8,👨🏽‍💻,man technologist: medium skin tone,People & Body,person-role
_garlic_,8,🧄,garlic,Food & Drink,food-vegetable
_man_cartwheeling_light_skin_tone_,8,🤸🏻‍♂️,man cartwheeling: light skin tone,People & Body,person-sport
_Uruguay_,8,🇺🇾,flag: Uruguay,Flags,country-flag
_man_pilot_dark_skin_tone_,8,👨🏿‍✈️,man pilot: dark skin tone,People & Body,person-role
_ninja_medium_skin_tone_,8,🥷🏽,ninja: medium skin tone,People & Body,person-role
_Hungary_,8,🇭🇺,flag: Hungary,Flags,country-flag
_man_walking_dark_skin_tone_,8,🚶🏿‍♂️,man walking: dark skin tone,People & Body,person-activity
_light_rail_,8,🚈,light rail,Travel & Places,transport-ground
_Qatar_,8,🇶🇦,flag: Qatar,Flags,country-flag
_older_person_,8,🧓,older person,People & Body,person
_Nicaragua_,8,🇳🇮,flag: Nicaragua,Flags,country-flag
_NG_button_,8,🆖,NG button,Symbols,alphanum
_magnet_,8,🧲,magnet,Objects,tool
_Luxembourg_,8,🇱🇺,flag: Luxembourg,Flags,country-flag
_man_cartwheeling_medium-dark_skin_tone_,8,🤸🏾‍♂️,man cartwheeling: medium-dark skin tone,People & Body,person-sport
_family_woman_girl_girl_,8,👩‍👧‍👧,"family: woman, girl, girl",People & Body,family
_Cambodia_,8,🇰🇭,flag: Cambodia,Flags,country-flag
_ninja_,8,🥷,ninja,People & Body,person-role
_mermaid_medium_skin_tone_,8,🧜🏽‍♀️,mermaid: medium skin tone,People & Body,person-fantasy
_detective_light_skin_tone_,8,🕵🏻,detective: light skin tone,People & Body,person-role
_Albania_,8,🇦🇱,flag: Albania,Flags,country-flag
_mountain_railway_,8,🚞,mountain railway,Travel & Places,transport-ground
_dotted_six-pointed_star_,8,🔯,dotted six-pointed star,Symbols,religion
_Bahrain_,8,🇧🇭,flag: Bahrain,Flags,country-flag
_chair_,8,🪑,chair,Objects,household
_bookmark_,8,🔖,bookmark,Objects,book-paper
_card_file_box_,8,🗃️,card file box,Objects,office
_card_index_dividers_,8,🗂️,card index dividers,Objects,office
_oden_,8,🍢,oden,Food & Drink,food-asian
_bookmark_tabs_,8,📑,bookmark tabs,Objects,book-paper
_person_walking_medium_skin_tone_,7,🚶🏽,person walking: medium skin tone,People & Body,person-activity
_monorail_,7,🚝,monorail,Travel & Places,transport-ground
_man_construction_worker_,7,👷‍♂️,man construction worker,People & Body,person-role
_Kosovo_,7,🇽🇰,flag: Kosovo,Flags,country-flag
_running_shirt_,7,🎽,running shirt,Activities,sport
_Belize_,7,🇧🇿,flag: Belize,Flags,country-flag
_person_standing_medium_skin_tone_,7,🧍🏽,person standing: medium skin tone,People & Body,person-activity
_Japanese_post_office_,7,🏣,Japanese post office,Travel & Places,place-building
_Bahamas_,7,🇧🇸,flag: Bahamas,Flags,country-flag
_mending_heart_,7,❤️‍🩹,mending heart,Smileys & Emotion,emotion
_woman_curly_hair_,7,👩‍🦱,woman: curly hair,People & Body,person
_woman_student_medium-light_skin_tone_,7,👩🏼‍🎓,woman student: medium-light skin tone,People & Body,person-role
_Capricorn_,7,♑,Capricorn,Symbols,zodiac
_Japanese_castle_,7,🏯,Japanese castle,Travel & Places,place-building
_woman_in_tuxedo_,7,🤵‍♀️,woman in tuxedo,People & Body,person-role
_man_getting_massage_light_skin_tone_,7,💆🏻‍♂️,man getting massage: light skin tone,People & Body,person-activity
_no_pedestrians_,7,🚷,no pedestrians,Symbols,warning
_person_walking_dark_skin_tone_,7,🚶🏿,person walking: dark skin tone,People & Body,person-activity
_person_juggling_,7,🤹,person juggling,People & Body,person-sport
_Cape_Verde_,7,🇨🇻,flag: Cape Verde,Flags,country-flag
_woman_frowning_medium_skin_tone_,7,🙍🏽‍♀️,woman frowning: medium skin tone,People & Body,person-gesture
_woman_supervillain_,7,🦹‍♀️,woman supervillain,People & Body,person-fantasy
_man_pilot_,7,👨‍✈️,man pilot,People & Body,person-role
_mermaid_light_skin_tone_,7,🧜🏻‍♀️,mermaid: light skin tone,People & Body,person-fantasy
_man_supervillain_,7,🦹‍♂️,man supervillain,People & Body,person-fantasy
_technologist_,7,🧑‍💻,technologist,People & Body,person-role
_man_bowing_medium-light_skin_tone_,7,🙇🏼‍♂️,man bowing: medium-light skin tone,People & Body,person-gesture
_family_man_man_girl_girl_,7,👨‍👨‍👧‍👧,"family: man, man, girl, girl",People & Body,family
_water_closet_,7,🚾,water closet,Symbols,transport-sign
_horizontal_traffic_light_,7,🚥,horizontal traffic light,Travel & Places,transport-ground
_alembic_,7,⚗️,alembic,Objects,science
_softball_,7,🥎,softball,Activities,sport
_baby_symbol_,7,🚼,baby symbol,Symbols,transport-sign
_family_woman_girl_boy_,7,👩‍👧‍👦,"family: woman, girl, boy",People & Body,family
_fairy_medium_skin_tone_,7,🧚🏽,fairy: medium skin tone,People & Body,person-fantasy
_kimono_,7,👘,kimono,Objects,clothing
_straight_ruler_,7,📏,straight ruler,Objects,office
_twelve-thirty_,7,🕧,twelve-thirty,Travel & Places,time
_briefs_,7,🩲,briefs,Objects,clothing
_synagogue_,7,🕍,synagogue,Travel & Places,place-religious
_diya_lamp_,7,🪔,diya lamp,Objects,light & video
_dim_button_,7,🔅,dim button,Symbols,av-symbol
_detective_medium_skin_tone_,7,🕵🏽,detective: medium skin tone,People & Body,person-role
_open_mailbox_with_lowered_flag_,7,📭,open mailbox with lowered flag,Objects,mail
_Japanese_prohibited_button_,7,🈲,Japanese “prohibited” button,Symbols,alphanum
_Santa_Claus_dark_skin_tone_,7,🎅🏿,Santa Claus: dark skin tone,People & Body,person-fantasy
_woman_with_headscarf_light_skin_tone_,7,🧕🏻,woman with headscarf: light skin tone,People & Body,person-role
_selfie_medium_skin_tone_,7,🤳🏽,selfie: medium skin tone,People & Body,hand-prop
_Samoa_,7,🇼🇸,flag: Samoa,Flags,country-flag
_left_speech_bubble_,7,🗨️,left speech bubble,Smileys & Emotion,emotion
_Paraguay_,7,🇵🇾,flag: Paraguay,Flags,country-flag
_Namibia_,7,🇳🇦,flag: Namibia,Flags,country-flag
_Guernsey_,6,🇬🇬,flag: Guernsey,Flags,country-flag
_file_cabinet_,6,🗄️,file cabinet,Objects,office
_pinching_hand_medium-dark_skin_tone_,6,🤏🏾,pinching hand: medium-dark skin tone,People & Body,hand-fingers-partial
_woman_medium-dark_skin_tone_,6,👩🏾,woman: medium-dark skin tone,People & Body,person
_mate_,6,🧉,mate,Food & Drink,drink
_mechanical_leg_,6,🦿,mechanical leg,People & Body,body-parts
_boy_dark_skin_tone_,6,👦🏿,boy: dark skin tone,People & Body,person
_roller_skate_,6,🛼,roller skate,Travel & Places,transport-ground
_person_wearing_turban_,6,👳,person wearing turban,People & Body,person-role
_foot_light_skin_tone_,6,🦶🏻,foot: light skin tone,People & Body,body-parts
_fairy_medium-light_skin_tone_,6,🧚🏼,fairy: medium-light skin tone,People & Body,person-fantasy
_woman_bald_,6,👩‍🦲,woman: bald,People & Body,person
_woman_running_dark_skin_tone_,6,🏃🏿‍♀️,woman running: dark skin tone,People & Body,person-activity
_person_taking_bath_medium-light_skin_tone_,6,🛀🏼,person taking bath: medium-light skin tone,People & Body,person-resting
_man_dark_skin_tone_,6,👨🏿,man: dark skin tone,People & Body,person
_man_blond_hair_,6,👱‍♂️,man: blond hair,People & Body,person
_man_cartwheeling_medium-light_skin_tone_,6,🤸🏼‍♂️,man cartwheeling: medium-light skin tone,People & Body,person-sport
_detective_medium-light_skin_tone_,6,🕵🏼,detective: medium-light skin tone,People & Body,person-role
_deaf_woman_light_skin_tone_,6,🧏🏻‍♀️,deaf woman: light skin tone,People & Body,person-gesture
_military_helmet_,6,🪖,military helmet,Objects,clothing
_man_frowning_,6,🙍‍♂️,man frowning,People & Body,person-gesture
_genie_,6,🧞,genie,People & Body,person-fantasy
_woman_lifting_weights_medium-light_skin_tone_,6,🏋🏼‍♀️,woman lifting weights: medium-light skin tone,People & Body,person-sport
_Guyana_,6,🇬🇾,flag: Guyana,Flags,country-flag
_man_health_worker_light_skin_tone_,6,👨🏻‍⚕️,man health worker: light skin tone,People & Body,person-role
_man_health_worker_medium-light_skin_tone_,6,👨🏼‍⚕️,man health worker: medium-light skin tone,People & Body,person-role
_woman_farmer_,6,👩‍🌾,woman farmer,People & Body,person-role
_man_in_motorized_wheelchair_,6,👨‍🦼,man in motorized wheelchair,People & Body,person-activity
_woman_frowning_,6,🙍‍♀️,woman frowning,People & Body,person-gesture
_Senegal_,6,🇸🇳,flag: Senegal,Flags,country-flag
_input_numbers_,6,🔢,input numbers,Symbols,alphanum
_man_kneeling_light_skin_tone_,6,🧎🏻‍♂️,man kneeling: light skin tone,People & Body,person-activity
_man_lifting_weights_light_skin_tone_,6,🏋🏻‍♂️,man lifting weights: light skin tone,People & Body,person-sport
_woman_getting_haircut_light_skin_tone_,6,💇🏻‍♀️,woman getting haircut: light skin tone,People & Body,person-activity
_Curaçao_,6,🇨🇼,flag: Curaçao,Flags,country-flag
_input_latin_letters_,6,🔤,input latin letters,Symbols,alphanum
_Syria_,6,🇸🇾,flag: Syria,Flags,country-flag
_man_bouncing_ball_medium-dark_skin_tone_,6,⛹🏾‍♂️,man bouncing ball: medium-dark skin tone,People & Body,person-sport
_Chad_,6,🇹🇩,flag: Chad,Flags,country-flag
_Taurus_,6,♉,Taurus,Symbols,zodiac
_rice_ball_,6,🍙,rice ball,Food & Drink,food-asian
_woman_in_steamy_room_,6,🧖‍♀️,woman in steamy room,People & Body,person-activity
_woman_in_steamy_room_medium-dark_skin_tone_,6,🧖🏾‍♀️,woman in steamy room: medium-dark skin tone,People & Body,person-activity
_man_gesturing_OK_medium-light_skin_tone_,6,🙆🏼‍♂️,man gesturing OK: medium-light skin tone,People & Body,person-gesture
_post_office_,6,🏤,post office,Travel & Places,place-building
_woman_health_worker_medium-dark_skin_tone_,6,👩🏾‍⚕️,woman health worker: medium-dark skin tone,People & Body,person-role
_raised_back_of_hand_dark_skin_tone_,6,🤚🏿,raised back of hand: dark skin tone,People & Body,hand-fingers-open
_woman_student_medium-dark_skin_tone_,6,👩🏾‍🎓,woman student: medium-dark skin tone,People & Body,person-role
_woman_scientist_medium_skin_tone_,6,👩🏽‍🔬,woman scientist: medium skin tone,People & Body,person-role
_woman_with_white_cane_medium_skin_tone_,6,👩🏽‍🦯,woman with white cane: medium skin tone,People & Body,person-activity
_woman_with_white_cane_medium-light_skin_tone_,6,👩🏼‍🦯,woman with white cane: medium-light skin tone,People & Body,person-activity
_parachute_,6,🪂,parachute,Travel & Places,transport-air
_people_wrestling_,6,🤼,people wrestling,People & Body,person-sport
_writing_hand_dark_skin_tone_,6,✍🏿,writing hand: dark skin tone,People & Body,hand-prop
_person_raising_hand_dark_skin_tone_,6,🙋🏿,person raising hand: dark skin tone,People & Body,person-gesture
_woman_teacher_medium_skin_tone_,6,👩🏽‍🏫,woman teacher: medium skin tone,People & Body,person-role
_oil_drum_,6,🛢️,oil drum,Travel & Places,transport-ground
_woman_vampire_medium_skin_tone_,5,🧛🏽‍♀️,woman vampire: medium skin tone,People & Body,person-fantasy
_woman_superhero_medium-dark_skin_tone_,5,🦸🏾‍♀️,woman superhero: medium-dark skin tone,People & Body,person-fantasy
_pause_button_,5,⏸️,pause button,Symbols,av-symbol
_passport_control_,5,🛂,passport control,Symbols,transport-sign
_purple_square_,5,🟪,purple square,Symbols,geometric
_woman_superhero_light_skin_tone_,5,🦸🏻‍♀️,woman superhero: light skin tone,People & Body,person-fantasy
_Congo_-_Kinshasa_,5,🇨🇩,flag: Congo - Kinshasa,Flags,country-flag
_woman_getting_massage_medium-light_skin_tone_,5,💆🏼‍♀️,woman getting massage: medium-light skin tone,People & Body,person-activity
_man_pouting_medium_skin_tone_,5,🙎🏽‍♂️,man pouting: medium skin tone,People & Body,person-gesture
_oyster_,5,🦪,oyster,Food & Drink,food-marine
_deaf_person_,5,🧏,deaf person,People & Body,person-gesture
_man_medium-dark_skin_tone_,5,👨🏾,man: medium-dark skin tone,People & Body,person
_woman_getting_haircut_medium-light_skin_tone_,5,💇🏼‍♀️,woman getting haircut: medium-light skin tone,People & Body,person-activity
_vulcan_salute_dark_skin_tone_,5,🖖🏿,vulcan salute: dark skin tone,People & Body,hand-fingers-open
_man_cook_medium-light_skin_tone_,5,👨🏼‍🍳,man cook: medium-light skin tone,People & Body,person-role
_vampire_light_skin_tone_,5,🧛🏻,vampire: light skin tone,People & Body,person-fantasy
_person_light_skin_tone_,5,🧑🏻,person: light skin tone,People & Body,person
_man_student_medium-dark_skin_tone_,5,👨🏾‍🎓,man student: medium-dark skin tone,People & Body,person-role
_police_officer_medium-light_skin_tone_,5,👮🏼,police officer: medium-light skin tone,People & Body,person-role
_bell_with_slash_,5,🔕,bell with slash,Objects,sound
_man_supervillain_light_skin_tone_,5,🦹🏻‍♂️,man supervillain: light skin tone,People & Body,person-fantasy
_woman_kneeling_medium-dark_skin_tone_,5,🧎🏾‍♀️,woman kneeling: medium-dark skin tone,People & Body,person-activity
_person_mountain_biking_,5,🚵,person mountain biking,People & Body,person-sport
_bell_pepper_,5,🫑,bell pepper,Food & Drink,food-vegetable
_woman_judge_medium-light_skin_tone_,5,👩🏼‍⚖️,woman judge: medium-light skin tone,People & Body,person-role
_man_red_hair_,5,👨‍🦰,man: red hair,People & Body,person
_woman_judge_,5,👩‍⚖️,woman judge,People & Body,person-role
_flat_shoe_,5,🥿,flat shoe,Objects,clothing
_man_cook_medium-dark_skin_tone_,5,👨🏾‍🍳,man cook: medium-dark skin tone,People & Body,person-role
_man_scientist_light_skin_tone_,5,👨🏻‍🔬,man scientist: light skin tone,People & Body,person-role
_man_running_dark_skin_tone_,5,🏃🏿‍♂️,man running: dark skin tone,People & Body,person-activity
_vampire_,5,🧛,vampire,People & Body,person-fantasy
_Lithuania_,5,🇱🇹,flag: Lithuania,Flags,country-flag
_orthodox_cross_,5,☦️,orthodox cross,Symbols,religion
_woman_biking_medium-light_skin_tone_,5,🚴🏼‍♀️,woman biking: medium-light skin tone,People & Body,person-sport
_person_in_tuxedo_medium-light_skin_tone_,5,🤵🏼,person in tuxedo: medium-light skin tone,People & Body,person-role
_woman_biking_light_skin_tone_,5,🚴🏻‍♀️,woman biking: light skin tone,People & Body,person-sport
_man_detective_medium_skin_tone_,5,🕵🏽‍♂️,man detective: medium skin tone,People & Body,person-role
_woman_cook_medium-dark_skin_tone_,5,👩🏾‍🍳,woman cook: medium-dark skin tone,People & Body,person-role
_woman_astronaut_medium-light_skin_tone_,5,👩🏼‍🚀,woman astronaut: medium-light skin tone,People & Body,person-role
_Maldives_,5,🇲🇻,flag: Maldives,Flags,country-flag
_man_fairy_medium_skin_tone_,5,🧚🏽‍♂️,man fairy: medium skin tone,People & Body,person-fantasy
_moon_viewing_ceremony_,5,🎑,moon viewing ceremony,Activities,event
_man_artist_,5,👨‍🎨,man artist,People & Body,person-role
_Malta_,5,🇲🇹,flag: Malta,Flags,country-flag
_man_frowning_medium_skin_tone_,5,🙍🏽‍♂️,man frowning: medium skin tone,People & Body,person-gesture
_woman_swimming_light_skin_tone_,5,🏊🏻‍♀️,woman swimming: light skin tone,People & Body,person-sport
_woman_elf_,5,🧝‍♀️,woman elf,People & Body,person-fantasy
_old_man_medium-light_skin_tone_,5,👴🏼,old man: medium-light skin tone,People & Body,person
_man_golfing_medium_skin_tone_,5,🏌🏽‍♂️,man golfing: medium skin tone,People & Body,person-sport
_person_frowning_light_skin_tone_,5,🙍🏻,person frowning: light skin tone,People & Body,person-gesture
_no_littering_,5,🚯,no littering,Symbols,warning
_woman_surfing_medium_skin_tone_,5,🏄🏽‍♀️,woman surfing: medium skin tone,People & Body,person-sport
_Guatemala_,5,🇬🇹,flag: Guatemala,Flags,country-flag
_woman_vampire_medium-light_skin_tone_,5,🧛🏼‍♀️,woman vampire: medium-light skin tone,People & Body,person-fantasy
_woman_white_hair_,5,👩‍🦳,woman: white hair,People & Body,person
_man_in_lotus_position_,5,🧘‍♂️,man in lotus position,People & Body,person-resting
_leg_light_skin_tone_,5,🦵🏻,leg: light skin tone,People & Body,body-parts
_skunk_,5,🦨,skunk,Animals & Nature,animal-mammal
_left-facing_fist_dark_skin_tone_,5,🤛🏿,left-facing fist: dark skin tone,People & Body,hand-fingers-closed
_kiss_woman_man_,5,👩‍❤️‍💋‍👨,"kiss: woman, man",People & Body,family
_person_kneeling_medium_skin_tone_,5,🧎🏽,person kneeling: medium skin tone,People & Body,person-activity
_open_hands_dark_skin_tone_,5,👐🏿,open hands: dark skin tone,People & Body,hands
_man_judge_,5,👨‍⚖️,man judge,People & Body,person-role
_South_Sudan_,5,🇸🇸,flag: South Sudan,Flags,country-flag
_man_swimming_light_skin_tone_,5,🏊🏻‍♂️,man swimming: light skin tone,People & Body,person-sport
_man_farmer_,5,👨‍🌾,man farmer,People & Body,person-role
_Latvia_,5,🇱🇻,flag: Latvia,Flags,country-flag
_mx_claus_,5,🧑‍🎄,mx claus,People & Body,person-fantasy
_person_tipping_hand_dark_skin_tone_,5,💁🏿,person tipping hand: dark skin tone,People & Body,person-gesture
_woman_singer_medium_skin_tone_,5,👩🏽‍🎤,woman singer: medium skin tone,People & Body,person-role
_pine_decoration_,5,🎍,pine decoration,Activities,event
_mermaid_medium-light_skin_tone_,5,🧜🏼‍♀️,mermaid: medium-light skin tone,People & Body,person-fantasy
_closed_mailbox_with_lowered_flag_,5,📪,closed mailbox with lowered flag,Objects,mail
_pinching_hand_medium_skin_tone_,5,🤏🏽,pinching hand: medium skin tone,People & Body,hand-fingers-partial
_Bolivia_,5,🇧🇴,flag: Bolivia,Flags,country-flag
_person_walking_medium-light_skin_tone_,5,🚶🏼,person walking: medium-light skin tone,People & Body,person-activity
_Bermuda_,5,🇧🇲,flag: Bermuda,Flags,country-flag
_nine-thirty_,5,🕤,nine-thirty,Travel & Places,time
_eleven-thirty_,5,🕦,eleven-thirty,Travel & Places,time
_woman_medium_skin_tone_curly_hair_,5,👩🏽‍🦱,"woman: medium skin tone, curly hair",People & Body,person
_transgender_flag_,5,🏳️‍⚧️,transgender flag,Flags,flag
_woman_medium-dark_skin_tone_curly_hair_,5,👩🏾‍🦱,"woman: medium-dark skin tone, curly hair",People & Body,person
_map_of_Japan_,5,🗾,map of Japan,Travel & Places,place-map
_woman_police_officer_light_skin_tone_,5,👮🏻‍♀️,woman police officer: light skin tone,People & Body,person-role
_boy_medium-dark_skin_tone_,5,👦🏾,boy: medium-dark skin tone,People & Body,person
_detective_medium-dark_skin_tone_,5,🕵🏾,detective: medium-dark skin tone,People & Body,person-role
_woman_pouting_,5,🙎‍♀️,woman pouting,People & Body,person-gesture
_three-thirty_,5,🕞,three-thirty,Travel & Places,time
_man_teacher_light_skin_tone_,5,👨🏻‍🏫,man teacher: light skin tone,People & Body,person-role
_family_man_girl_,5,👨‍👧,"family: man, girl",People & Body,family
_woman_detective_medium_skin_tone_,4,🕵🏽‍♀️,woman detective: medium skin tone,People & Body,person-role
_woman_mountain_biking_,4,🚵‍♀️,woman mountain biking,People & Body,person-sport
_one-thirty_,4,🕜,one-thirty,Travel & Places,time
_old_man_medium-dark_skin_tone_,4,👴🏾,old man: medium-dark skin tone,People & Body,person
_person_kneeling_medium-light_skin_tone_,4,🧎🏼,person kneeling: medium-light skin tone,People & Body,person-activity
_deaf_woman_medium-dark_skin_tone_,4,🧏🏾‍♀️,deaf woman: medium-dark skin tone,People & Body,person-gesture
_woman_frowning_light_skin_tone_,4,🙍🏻‍♀️,woman frowning: light skin tone,People & Body,person-gesture
_trackball_,4,🖲️,trackball,Objects,computer
_carp_streamer_,4,🎏,carp streamer,Activities,event
_deaf_woman_,4,🧏‍♀️,deaf woman,People & Body,person-gesture
_orange_book_,4,📙,orange book,Objects,book-paper
_Gibraltar_,4,🇬🇮,flag: Gibraltar,Flags,country-flag
_woman_gesturing_OK_dark_skin_tone_,4,🙆🏿‍♀️,woman gesturing OK: dark skin tone,People & Body,person-gesture
_nose_light_skin_tone_,4,👃🏻,nose: light skin tone,People & Body,body-parts
_woman_lifting_weights_light_skin_tone_,4,🏋🏻‍♀️,woman lifting weights: light skin tone,People & Body,person-sport
_person_frowning_medium-dark_skin_tone_,4,🙍🏾,person frowning: medium-dark skin tone,People & Body,person-gesture
_orange_square_,4,🟧,orange square,Symbols,geometric
_person_with_white_cane_,4,🧑‍🦯,person with white cane,People & Body,person-activity
_card_index_,4,📇,card index,Objects,office
_man_firefighter_,4,👨‍🚒,man firefighter,People & Body,person-role
_man_light_skin_tone_bald_,4,👨🏻‍🦲,"man: light skin tone, bald",People & Body,person
_man_in_lotus_position_medium-dark_skin_tone_,4,🧘🏾‍♂️,man in lotus position: medium-dark skin tone,People & Body,person-resting
_yo-yo_,4,🪀,yo-yo,Activities,game
_person_,4,🧑,person,People & Body,person
_woman_office_worker_medium-light_skin_tone_,4,👩🏼‍💼,woman office worker: medium-light skin tone,People & Body,person-role
_woman_scientist_light_skin_tone_,4,👩🏻‍🔬,woman scientist: light skin tone,People & Body,person-role
_woman_swimming_medium-light_skin_tone_,4,🏊🏼‍♀️,woman swimming: medium-light skin tone,People & Body,person-sport
_man_biking_light_skin_tone_,4,🚴🏻‍♂️,man biking: light skin tone,People & Body,person-sport
_woman_cook_medium-light_skin_tone_,4,👩🏼‍🍳,woman cook: medium-light skin tone,People & Body,person-role
_man_fairy_dark_skin_tone_,4,🧚🏿‍♂️,man fairy: dark skin tone,People & Body,person-fantasy
_man_frowning_light_skin_tone_,4,🙍🏻‍♂️,man frowning: light skin tone,People & Body,person-gesture
_old_woman_medium-dark_skin_tone_,4,👵🏾,old woman: medium-dark skin tone,People & Body,person
_person_in_suit_levitating_medium-light_skin_tone_,4,🕴🏼,person in suit levitating: medium-light skin tone,People & Body,person-activity
_crossed_flags_,4,🎌,crossed flags,Flags,flag
_man_light_skin_tone_white_hair_,4,👨🏻‍🦳,"man: light skin tone, white hair",People & Body,person
_non-potable_water_,4,🚱,non-potable water,Symbols,warning
_North_Korea_,4,🇰🇵,flag: North Korea,Flags,country-flag
_repeat_single_button_,4,🔂,repeat single button,Symbols,av-symbol
_clamp_,4,🗜️,clamp,Objects,tool
_nail_polish_dark_skin_tone_,4,💅🏿,nail polish: dark skin tone,People & Body,hand-prop
_teacher_,4,🧑‍🏫,teacher,People & Body,person-role
_woman_pilot_,4,👩‍✈️,woman pilot,People & Body,person-role
_man_guard_,4,💂‍♂️,man guard,People & Body,person-role
_mahjong_red_dragon_,4,🀄,mahjong red dragon,Activities,game
_woman_pouting_medium_skin_tone_,4,🙎🏽‍♀️,woman pouting: medium skin tone,People & Body,person-gesture
_man_light_skin_tone_blond_hair_,4,👱🏻‍♂️,"man: light skin tone, blond hair",People & Body,person
_woman_surfing_light_skin_tone_,4,🏄🏻‍♀️,woman surfing: light skin tone,People & Body,person-sport
_woman_medium-light_skin_tone_blond_hair_,4,👱🏼‍♀️,"woman: medium-light skin tone, blond hair",People & Body,person
_person_cartwheeling_light_skin_tone_,4,🤸🏻,person cartwheeling: light skin tone,People & Body,person-sport
_man_cartwheeling_medium_skin_tone_,4,🤸🏽‍♂️,man cartwheeling: medium skin tone,People & Body,person-sport
_woman_in_manual_wheelchair_,4,👩‍🦽,woman in manual wheelchair,People & Body,person-activity
_man_pouting_light_skin_tone_,4,🙎🏻‍♂️,man pouting: light skin tone,People & Body,person-gesture
_breast-feeding_light_skin_tone_,4,🤱🏻,breast-feeding: light skin tone,People & Body,person-role
_fondue_,4,🫕,fondue,Food & Drink,food-prepared
_person_pouting_light_skin_tone_,4,🙎🏻,person pouting: light skin tone,People & Body,person-gesture
_people_holding_hands_,4,🧑‍🤝‍🧑,people holding hands,People & Body,family
_pregnant_woman_medium-dark_skin_tone_,4,🤰🏾,pregnant woman: medium-dark skin tone,People & Body,person-role
_man_singer_light_skin_tone_,4,👨🏻‍🎤,man singer: light skin tone,People & Body,person-role
_fast_up_button_,4,⏫,fast up button,Symbols,av-symbol
_woman_in_steamy_room_medium_skin_tone_,4,🧖🏽‍♀️,woman in steamy room: medium skin tone,People & Body,person-activity
_falafel_,4,🧆,falafel,Food & Drink,food-prepared
_man_police_officer_medium-dark_skin_tone_,4,👮🏾‍♂️,man police officer: medium-dark skin tone,People & Body,person-role
_man_student_light_skin_tone_,4,👨🏻‍🎓,man student: light skin tone,People & Body,person-role
_person_playing_handball_,4,🤾,person playing handball,People & Body,person-sport
_family_man_boy_boy_,4,👨‍👦‍👦,"family: man, boy, boy",People & Body,family
_family_woman_woman_boy_boy_,4,👩‍👩‍👦‍👦,"family: woman, woman, boy, boy",People & Body,family
_CL_button_,4,🆑,CL button,Symbols,alphanum
_man_technologist_dark_skin_tone_,4,👨🏿‍💻,man technologist: dark skin tone,People & Body,person-role
_Bouvet_Island_,4,🇧🇻,flag: Bouvet Island,Flags,country-flag
_man_surfing_light_skin_tone_,4,🏄🏻‍♂️,man surfing: light skin tone,People & Body,person-sport
_family_man_man_girl_boy_,4,👨‍👨‍👧‍👦,"family: man, man, girl, boy",People & Body,family
_man_surfing_medium-light_skin_tone_,4,🏄🏼‍♂️,man surfing: medium-light skin tone,People & Body,person-sport
_man_surfing_medium_skin_tone_,4,🏄🏽‍♂️,man surfing: medium skin tone,People & Body,person-sport
_man_swimming_medium-light_skin_tone_,4,🏊🏼‍♂️,man swimming: medium-light skin tone,People & Body,person-sport
_brown_circle_,4,🟤,brown circle,Symbols,geometric
_person_bowing_medium-light_skin_tone_,4,🙇🏼,person bowing: medium-light skin tone,People & Body,person-gesture
_elf_,4,🧝,elf,People & Body,person-fantasy
_outbox_tray_,4,📤,outbox tray,Objects,mail
_man_medium_skin_tone_bald_,4,👨🏽‍🦲,"man: medium skin tone, bald",People & Body,person
_astronaut_,4,🧑‍🚀,astronaut,People & Body,person-role
_woman_guard_,4,💂‍♀️,woman guard,People & Body,person-role
_guard_light_skin_tone_,4,💂🏻,guard: light skin tone,People & Body,person-role
_man_with_white_cane_light_skin_tone_,4,👨🏻‍🦯,man with white cane: light skin tone,People & Body,person-activity
_Benin_,4,🇧🇯,flag: Benin,Flags,country-flag
_man_medium-light_skin_tone_,4,👨🏼,man: medium-light skin tone,People & Body,person
_Cyprus_,4,🇨🇾,flag: Cyprus,Flags,country-flag
_abacus_,4,🧮,abacus,Objects,computer
_person_pouting_medium-light_skin_tone_,4,🙎🏼,person pouting: medium-light skin tone,People & Body,person-gesture
_girl_medium-dark_skin_tone_,4,👧🏾,girl: medium-dark skin tone,People & Body,person
_baby_angel_medium_skin_tone_,4,👼🏽,baby angel: medium skin tone,People & Body,person-fantasy
_person_medium-light_skin_tone_beard_,4,🧔🏼,"person: medium-light skin tone, beard",People & Body,person
_person_cartwheeling_medium-dark_skin_tone_,3,🤸🏾,person cartwheeling: medium-dark skin tone,People & Body,person-sport
_woman_astronaut_light_skin_tone_,3,👩🏻‍🚀,woman astronaut: light skin tone,People & Body,person-role
_person_biking_medium-light_skin_tone_,3,🚴🏼,person biking: medium-light skin tone,People & Body,person-sport
_women_holding_hands_medium-light_skin_tone_,3,👭🏼,women holding hands: medium-light skin tone,People & Body,family
_eight-thirty_,3,🕣,eight-thirty,Travel & Places,time
_person_getting_haircut_medium-light_skin_tone_,3,💇🏼,person getting haircut: medium-light skin tone,People & Body,person-activity
_wood_,3,🪵,wood,Travel & Places,place-building
_customs_,3,🛃,customs,Symbols,transport-sign
_man_biking_medium-light_skin_tone_,3,🚴🏼‍♂️,man biking: medium-light skin tone,People & Body,person-sport
_deaf_man_,3,🧏‍♂️,deaf man,People & Body,person-gesture
_deaf_woman_medium-light_skin_tone_,3,🧏🏼‍♀️,deaf woman: medium-light skin tone,People & Body,person-gesture
_selfie_medium-light_skin_tone_,3,🤳🏼,selfie: medium-light skin tone,People & Body,hand-prop
_family_woman_woman_boy_,3,👩‍👩‍👦,"family: woman, woman, boy",People & Body,family
_screwdriver_,3,🪛,screwdriver,Objects,tool
_man_bouncing_ball_,3,⛹️‍♂️,man bouncing ball,People & Body,person-sport
_person_climbing_,3,🧗,person climbing,People & Body,person-activity
_woman_vampire_medium-dark_skin_tone_,3,🧛🏾‍♀️,woman vampire: medium-dark skin tone,People & Body,person-fantasy
_transgender_symbol_,3,⚧️,transgender symbol,Symbols,gender
_singer_medium-light_skin_tone_,3,🧑🏼‍🎤,singer: medium-light skin tone,People & Body,person-role
_Malawi_,3,🇲🇼,flag: Malawi,Flags,country-flag
_input_latin_lowercase_,3,🔡,input latin lowercase,Symbols,alphanum
_diving_mask_,3,🤿,diving mask,Activities,sport
_fortune_cookie_,3,🥠,fortune cookie,Food & Drink,food-asian
_foot_medium-light_skin_tone_,3,🦶🏼,foot: medium-light skin tone,People & Body,body-parts
_North_Macedonia_,3,🇲🇰,flag: North Macedonia,Flags,country-flag
_Niger_,3,🇳🇪,flag: Niger,Flags,country-flag
_last_track_button_,3,⏮️,last track button,Symbols,av-symbol
_white_square_button_,3,🔳,white square button,Symbols,geometric
_Vatican_City_,3,🇻🇦,flag: Vatican City,Flags,country-flag
_child_medium-light_skin_tone_,3,🧒🏼,child: medium-light skin tone,People & Body,person
_guard_dark_skin_tone_,3,💂🏿,guard: dark skin tone,People & Body,person-role
_guard_medium-dark_skin_tone_,3,💂🏾,guard: medium-dark skin tone,People & Body,person-role
_Sierra_Leone_,3,🇸🇱,flag: Sierra Leone,Flags,country-flag
_family_woman_woman_girl_girl_,3,👩‍👩‍👧‍👧,"family: woman, woman, girl, girl",People & Body,family
_shorts_,3,🩳,shorts,Objects,clothing
_family_woman_woman_girl_boy_,3,👩‍👩‍👧‍👦,"family: woman, woman, girl, boy",People & Body,family
_amphora_,3,🏺,amphora,Food & Drink,dishware
_person_biking_medium_skin_tone_,3,🚴🏽,person biking: medium skin tone,People & Body,person-sport
_dodo_,3,🦤,dodo,Animals & Nature,animal-bird
_Suriname_,3,🇸🇷,flag: Suriname,Flags,country-flag
_woman_and_man_holding_hands_light_skin_tone_,3,👫🏻,woman and man holding hands: light skin tone,People & Body,family
_family_man_man_boy_,3,👨‍👨‍👦,"family: man, man, boy",People & Body,family
_deaf_man_medium_skin_tone_,3,🧏🏽‍♂️,deaf man: medium skin tone,People & Body,person-gesture
_man_climbing_,3,🧗‍♂️,man climbing,People & Body,person-activity
_man_police_officer_dark_skin_tone_,3,👮🏿‍♂️,man police officer: dark skin tone,People & Body,person-role
_man_superhero_medium-light_skin_tone_,3,🦸🏼‍♂️,man superhero: medium-light skin tone,People & Body,person-fantasy
_person_medium_skin_tone_blond_hair_,3,👱🏽,"person: medium skin tone, blond hair",People & Body,person
_man_singer_medium-dark_skin_tone_,3,👨🏾‍🎤,man singer: medium-dark skin tone,People & Body,person-role
_pregnant_woman_dark_skin_tone_,3,🤰🏿,pregnant woman: dark skin tone,People & Body,person-role
_woman_in_steamy_room_medium-light_skin_tone_,3,🧖🏼‍♀️,woman in steamy room: medium-light skin tone,People & Body,person-activity
_person_medium_skin_tone_beard_,3,🧔🏽,"person: medium skin tone, beard",People & Body,person
_woman_in_steamy_room_light_skin_tone_,3,🧖🏻‍♀️,woman in steamy room: light skin tone,People & Body,person-activity
_man_raising_hand_dark_skin_tone_,3,🙋🏿‍♂️,man raising hand: dark skin tone,People & Body,person-gesture
_woman_in_steamy_room_dark_skin_tone_,3,🧖🏿‍♀️,woman in steamy room: dark skin tone,People & Body,person-activity
_princess_dark_skin_tone_,3,👸🏿,princess: dark skin tone,People & Body,person-role
_woman_in_lotus_position_medium-dark_skin_tone_,3,🧘🏾‍♀️,woman in lotus position: medium-dark skin tone,People & Body,person-resting
_person_medium-dark_skin_tone_blond_hair_,3,👱🏾,"person: medium-dark skin tone, blond hair",People & Body,person
_Burkina_Faso_,3,🇧🇫,flag: Burkina Faso,Flags,country-flag
_person_medium-dark_skin_tone_beard_,3,🧔🏾,"person: medium-dark skin tone, beard",People & Body,person
_person_light_skin_tone_blond_hair_,3,👱🏻,"person: light skin tone, blond hair",People & Body,person
_man_office_worker_medium-light_skin_tone_,3,👨🏼‍💼,man office worker: medium-light skin tone,People & Body,person-role
_man_office_worker_light_skin_tone_,3,👨🏻‍💼,man office worker: light skin tone,People & Body,person-role
_woman_supervillain_light_skin_tone_,3,🦹🏻‍♀️,woman supervillain: light skin tone,People & Body,person-fantasy
_man_medium_skin_tone_,3,👨🏽,man: medium skin tone,People & Body,person
_man_mage_medium-dark_skin_tone_,3,🧙🏾‍♂️,man mage: medium-dark skin tone,People & Body,person-fantasy
_man_lifting_weights_dark_skin_tone_,3,🏋🏿‍♂️,man lifting weights: dark skin tone,People & Body,person-sport
_Estonia_,3,🇪🇪,flag: Estonia,Flags,country-flag
_Guam_,3,🇬🇺,flag: Guam,Flags,country-flag
_woman_frowning_medium-light_skin_tone_,3,🙍🏼‍♀️,woman frowning: medium-light skin tone,People & Body,person-gesture
_polar_bear_,3,🐻‍❄️,polar bear,Animals & Nature,animal-mammal
_woman_firefighter_,3,👩‍🚒,woman firefighter,People & Body,person-role
_men_holding_hands_light_skin_tone_medium-light_skin_tone_,3,👨🏻‍🤝‍👨🏼,"men holding hands: light skin tone, medium-light skin tone",People & Body,family
_Angola_,3,🇦🇴,flag: Angola,Flags,country-flag
_person_surfing_light_skin_tone_,3,🏄🏻,person surfing: light skin tone,People & Body,person-sport
_person_surfing_medium-light_skin_tone_,3,🏄🏼,person surfing: medium-light skin tone,People & Body,person-sport
_woman_police_officer_medium_skin_tone_,3,👮🏽‍♀️,woman police officer: medium skin tone,People & Body,person-role
_mouse_trap_,3,🪤,mouse trap,Objects,household
_merman_,3,🧜‍♂️,merman,People & Body,person-fantasy
_Barbados_,3,🇧🇧,flag: Barbados,Flags,country-flag
_woman_scientist_medium-light_skin_tone_,3,👩🏼‍🔬,woman scientist: medium-light skin tone,People & Body,person-role
_woman_medium_skin_tone_red_hair_,3,👩🏽‍🦰,"woman: medium skin tone, red hair",People & Body,person
_woman_medium_skin_tone_blond_hair_,3,👱🏽‍♀️,"woman: medium skin tone, blond hair",People & Body,person
_woman_medium-light_skin_tone_white_hair_,3,👩🏼‍🦳,"woman: medium-light skin tone, white hair",People & Body,person
_person_with_white_cane_medium_skin_tone_,3,🧑🏽‍🦯,person with white cane: medium skin tone,People & Body,person-activity
_woman_standing_dark_skin_tone_,3,🧍🏿‍♀️,woman standing: dark skin tone,People & Body,person-activity
_man_with_white_cane_medium_skin_tone_,3,👨🏽‍🦯,man with white cane: medium skin tone,People & Body,person-activity
_woman_medium-dark_skin_tone_blond_hair_,3,👱🏾‍♀️,"woman: medium-dark skin tone, blond hair",People & Body,person
_man_wearing_turban_medium-dark_skin_tone_,3,👳🏾‍♂️,man wearing turban: medium-dark skin tone,People & Body,person-role
_woman_mage_medium-dark_skin_tone_,3,🧙🏾‍♀️,woman mage: medium-dark skin tone,People & Body,person-fantasy
_man_walking_medium-light_skin_tone_,3,🚶🏼‍♂️,man walking: medium-light skin tone,People & Body,person-activity
_woman_singer_medium-dark_skin_tone_,3,👩🏾‍🎤,woman singer: medium-dark skin tone,People & Body,person-role
_woman_light_skin_tone_white_hair_,3,👩🏻‍🦳,"woman: light skin tone, white hair",People & Body,person
_placard_,3,🪧,placard,Objects,other-object
_woman_light_skin_tone_bald_,3,👩🏻‍🦲,"woman: light skin tone, bald",People & Body,person
_woman_lifting_weights_medium_skin_tone_,3,🏋🏽‍♀️,woman lifting weights: medium skin tone,People & Body,person-sport
_woman_frowning_medium-dark_skin_tone_,3,🙍🏾‍♀️,woman frowning: medium-dark skin tone,People & Body,person-gesture
_man_playing_handball_,3,🤾‍♂️,man playing handball,People & Body,person-sport
_Japanese_here_button_,3,🈁,Japanese “here” button,Symbols,alphanum
_woman_climbing_light_skin_tone_,3,🧗🏻‍♀️,woman climbing: light skin tone,People & Body,person-activity
_man_frowning_medium-dark_skin_tone_,3,🙍🏾‍♂️,man frowning: medium-dark skin tone,People & Body,person-gesture
_man_detective_medium-light_skin_tone_,3,🕵🏼‍♂️,man detective: medium-light skin tone,People & Body,person-role
_person_in_lotus_position_light_skin_tone_,3,🧘🏻,person in lotus position: light skin tone,People & Body,person-resting
_man_detective_medium-dark_skin_tone_,3,🕵🏾‍♂️,man detective: medium-dark skin tone,People & Body,person-role
_man_health_worker_medium_skin_tone_,3,👨🏽‍⚕️,man health worker: medium skin tone,People & Body,person-role
_safety_pin_,3,🧷,safety pin,Objects,household
_Isle_of_Man_,3,🇮🇲,flag: Isle of Man,Flags,country-flag
_person_kneeling_dark_skin_tone_,3,🧎🏿,person kneeling: dark skin tone,People & Body,person-activity
_woman_fairy_dark_skin_tone_,3,🧚🏿‍♀️,woman fairy: dark skin tone,People & Body,person-fantasy
_man_factory_worker_,3,👨‍🏭,man factory worker,People & Body,person-role
_woman_factory_worker_,3,👩‍🏭,woman factory worker,People & Body,person-role
_person_in_tuxedo_medium-dark_skin_tone_,3,🤵🏾,person in tuxedo: medium-dark skin tone,People & Body,person-role
_man_getting_massage_dark_skin_tone_,3,💆🏿‍♂️,man getting massage: dark skin tone,People & Body,person-activity
_woman_construction_worker_medium_skin_tone_,3,👷🏽‍♀️,woman construction worker: medium skin tone,People & Body,person-role
_woman_teacher_medium-dark_skin_tone_,3,👩🏾‍🏫,woman teacher: medium-dark skin tone,People & Body,person-role
_Japanese_bargain_button_,3,🉐,Japanese “bargain” button,Symbols,alphanum
_woman_cook_medium_skin_tone_,3,👩🏽‍🍳,woman cook: medium skin tone,People & Body,person-role
_man_curly_hair_,3,👨‍🦱,man: curly hair,People & Body,person
_woman_dark_skin_tone_bald_,3,👩🏿‍🦲,"woman: dark skin tone, bald",People & Body,person
_woman_farmer_light_skin_tone_,3,👩🏻‍🌾,woman farmer: light skin tone,People & Body,person-role
_person_kneeling_light_skin_tone_,3,🧎🏻,person kneeling: light skin tone,People & Body,person-activity
_woman_dark_skin_tone_curly_hair_,3,👩🏿‍🦱,"woman: dark skin tone, curly hair",People & Body,person
_woman_elf_medium-light_skin_tone_,3,🧝🏼‍♀️,woman elf: medium-light skin tone,People & Body,person-fantasy
_man_farmer_medium-light_skin_tone_,3,👨🏼‍🌾,man farmer: medium-light skin tone,People & Body,person-role
_woman_medium-dark_skin_tone_bald_,2,👩🏾‍🦲,"woman: medium-dark skin tone, bald",People & Body,person
_breast-feeding_medium_skin_tone_,2,🤱🏽,breast-feeding: medium skin tone,People & Body,person-role
_breast-feeding_medium-light_skin_tone_,2,🤱🏼,breast-feeding: medium-light skin tone,People & Body,person-role
_woman_mage_medium_skin_tone_,2,🧙🏽‍♀️,woman mage: medium skin tone,People & Body,person-fantasy
_woman_astronaut_medium_skin_tone_,2,👩🏽‍🚀,woman astronaut: medium skin tone,People & Body,person-role
_woman_medium-light_skin_tone_red_hair_,2,👩🏼‍🦰,"woman: medium-light skin tone, red hair",People & Body,person
_woman_swimming_medium_skin_tone_,2,🏊🏽‍♀️,woman swimming: medium skin tone,People & Body,person-sport
_woman_astronaut_medium-dark_skin_tone_,2,👩🏾‍🚀,woman astronaut: medium-dark skin tone,People & Body,person-role
_woman_mechanic_medium_skin_tone_,2,👩🏽‍🔧,woman mechanic: medium skin tone,People & Body,person-role
_bucket_,2,🪣,bucket,Objects,household
_woman_feeding_baby_light_skin_tone_,2,👩🏻‍🍼,woman feeding baby: light skin tone,People & Body,person-role
_woman_bowing_dark_skin_tone_,2,🙇🏿‍♀️,woman bowing: dark skin tone,People & Body,person-gesture
_woman_rowing_boat_light_skin_tone_,2,🚣🏻‍♀️,woman rowing boat: light skin tone,People & Body,person-sport
_deaf_man_medium-light_skin_tone_,2,🧏🏼‍♂️,deaf man: medium-light skin tone,People & Body,person-gesture
_woman_cartwheeling_dark_skin_tone_,2,🤸🏿‍♀️,woman cartwheeling: dark skin tone,People & Body,person-sport
_Anguilla_,2,🇦🇮,flag: Anguilla,Flags,country-flag
_Aruba_,2,🇦🇼,flag: Aruba,Flags,country-flag
_woman_pouting_medium-dark_skin_tone_,2,🙎🏾‍♀️,woman pouting: medium-dark skin tone,People & Body,person-gesture
_woman_scientist_dark_skin_tone_,2,👩🏿‍🔬,woman scientist: dark skin tone,People & Body,person-role
_woman_police_officer_dark_skin_tone_,2,👮🏿‍♀️,woman police officer: dark skin tone,People & Body,person-role
_construction_worker_medium-light_skin_tone_,2,👷🏼,construction worker: medium-light skin tone,People & Body,person-role
_woman_playing_handball_,2,🤾‍♀️,woman playing handball,People & Body,person-sport
_woman_climbing_medium_skin_tone_,2,🧗🏽‍♀️,woman climbing: medium skin tone,People & Body,person-activity
_woman_office_worker_medium_skin_tone_,2,👩🏽‍💼,woman office worker: medium skin tone,People & Body,person-role
_child_medium_skin_tone_,2,🧒🏽,child: medium skin tone,People & Body,person
_woman_mountain_biking_light_skin_tone_,2,🚵🏻‍♀️,woman mountain biking: light skin tone,People & Body,person-sport
_toothbrush_,2,🪥,toothbrush,Objects,household
_Japanese_secret_button_,2,㊙️,Japanese “secret” button,Symbols,alphanum
_woman_astronaut_dark_skin_tone_,2,👩🏿‍🚀,woman astronaut: dark skin tone,People & Body,person-role
_Dominica_,2,🇩🇲,flag: Dominica,Flags,country-flag
_woman_getting_massage_dark_skin_tone_,2,💆🏿‍♀️,woman getting massage: dark skin tone,People & Body,person-activity
_woman_getting_haircut_medium_skin_tone_,2,💇🏽‍♀️,woman getting haircut: medium skin tone,People & Body,person-activity
_woman_getting_haircut_medium-dark_skin_tone_,2,💇🏾‍♀️,woman getting haircut: medium-dark skin tone,People & Body,person-activity
_woman_with_headscarf_dark_skin_tone_,2,🧕🏿,woman with headscarf: dark skin tone,People & Body,person-role
_woman_with_white_cane_medium-dark_skin_tone_,2,👩🏾‍🦯,woman with white cane: medium-dark skin tone,People & Body,person-activity
_woman_supervillain_medium-light_skin_tone_,2,🦹🏼‍♀️,woman supervillain: medium-light skin tone,People & Body,person-fantasy
_Tonga_,2,🇹🇴,flag: Tonga,Flags,country-flag
_Timor-Leste_,2,🇹🇱,flag: Timor-Leste,Flags,country-flag
_white_cane_,2,🦯,white cane,Objects,tool
_woman_with_veil_,2,👰‍♀️,woman with veil,People & Body,person-role
_Rwanda_,2,🇷🇼,flag: Rwanda,Flags,country-flag
_woman_artist_light_skin_tone_,2,👩🏻‍🎨,woman artist: light skin tone,People & Body,person-role
_Falkland_Islands_,2,🇫🇰,flag: Falkland Islands,Flags,country-flag
_French_Polynesia_,2,🇵🇫,flag: French Polynesia,Flags,country-flag
_woman_gesturing_NO_dark_skin_tone_,2,🙅🏿‍♀️,woman gesturing NO: dark skin tone,People & Body,person-gesture
_woman_with_headscarf_medium-dark_skin_tone_,2,🧕🏾,woman with headscarf: medium-dark skin tone,People & Body,person-role
_woman_surfing_medium-dark_skin_tone_,2,🏄🏾‍♀️,woman surfing: medium-dark skin tone,People & Body,person-sport
_Somalia_,2,🇸🇴,flag: Somalia,Flags,country-flag
_Slovenia_,2,🇸🇮,flag: Slovenia,Flags,country-flag
_woman_firefighter_light_skin_tone_,2,👩🏻‍🚒,woman firefighter: light skin tone,People & Body,person-role
_woman_with_headscarf_medium_skin_tone_,2,🧕🏽,woman with headscarf: medium skin tone,People & Body,person-role
_woman_with_headscarf_medium-light_skin_tone_,2,🧕🏼,woman with headscarf: medium-light skin tone,People & Body,person-role
_woman_with_headscarf_,2,🧕,woman with headscarf,People & Body,person-role
_woman_golfing_light_skin_tone_,2,🏌🏻‍♀️,woman golfing: light skin tone,People & Body,person-sport
_woman_lifting_weights_medium-dark_skin_tone_,2,🏋🏾‍♀️,woman lifting weights: medium-dark skin tone,People & Body,person-sport
_woman_and_man_holding_hands_medium_skin_tone_,2,👫🏽,woman and man holding hands: medium skin tone,People & Body,family
_Brunei_,2,🇧🇳,flag: Brunei,Flags,country-flag
_woman_farmer_medium-light_skin_tone_,2,👩🏼‍🌾,woman farmer: medium-light skin tone,People & Body,person-role
_woman_kneeling_medium-light_skin_tone_,2,🧎🏼‍♀️,woman kneeling: medium-light skin tone,People & Body,person-activity
_woman_swimming_medium-dark_skin_tone_,2,🏊🏾‍♀️,woman swimming: medium-dark skin tone,People & Body,person-sport
_woman_juggling_medium-light_skin_tone_,2,🤹🏼‍♀️,woman juggling: medium-light skin tone,People & Body,person-sport
_woman_juggling_,2,🤹‍♀️,woman juggling,People & Body,person-sport
_woman_judge_medium_skin_tone_,2,👩🏽‍⚖️,woman judge: medium skin tone,People & Body,person-role
_Moldova_,2,🇲🇩,flag: Moldova,Flags,country-flag
_Mongolia_,2,🇲🇳,flag: Mongolia,Flags,country-flag
_Mozambique_,2,🇲🇿,flag: Mozambique,Flags,country-flag
_vampire_medium-light_skin_tone_,2,🧛🏼,vampire: medium-light skin tone,People & Body,person-fantasy
_woman_wearing_turban_,2,👳‍♀️,woman wearing turban,People & Body,person-role
_baby_dark_skin_tone_,2,👶🏿,baby: dark skin tone,People & Body,person
_woman_student_dark_skin_tone_,2,👩🏿‍🎓,woman student: dark skin tone,People & Body,person-role
_woman_in_manual_wheelchair_light_skin_tone_,2,👩🏻‍🦽,woman in manual wheelchair: light skin tone,People & Body,person-activity
_baby_angel_dark_skin_tone_,2,👼🏿,baby angel: dark skin tone,People & Body,person-fantasy
_person_bald_,2,🧑‍🦲,person: bald,People & Body,person
_person_getting_haircut_light_skin_tone_,2,💇🏻,person getting haircut: light skin tone,People & Body,person-activity
_girl_dark_skin_tone_,2,👧🏿,girl: dark skin tone,People & Body,person
_foot_dark_skin_tone_,2,🦶🏿,foot: dark skin tone,People & Body,body-parts
_locked_with_pen_,2,🔏,locked with pen,Objects,lock
_flying_disc_,2,🥏,flying disc,Activities,sport
_man_golfing_dark_skin_tone_,2,🏌🏿‍♂️,man golfing: dark skin tone,People & Body,person-sport
_fly_,2,🪰,fly,Animals & Nature,animal-bug
_man_dark_skin_tone_bald_,2,👨🏿‍🦲,"man: dark skin tone, bald",People & Body,person
_man_golfing_medium-light_skin_tone_,2,🏌🏼‍♂️,man golfing: medium-light skin tone,People & Body,person-sport
_person_getting_haircut_medium_skin_tone_,2,💇🏽,person getting haircut: medium skin tone,People & Body,person-activity
_man_health_worker_medium-dark_skin_tone_,2,👨🏾‍⚕️,man health worker: medium-dark skin tone,People & Body,person-role
_man_teacher_medium-light_skin_tone_,2,👨🏼‍🏫,man teacher: medium-light skin tone,People & Body,person-role
_family_woman_woman_girl_,2,👩‍👩‍👧,"family: woman, woman, girl",People & Body,family
_family_woman_boy_boy_,2,👩‍👦‍👦,"family: woman, boy, boy",People & Body,family
_old_man_medium_skin_tone_,2,👴🏽,old man: medium skin tone,People & Body,person
_family_man_man_boy_boy_,2,👨‍👨‍👦‍👦,"family: man, man, boy, boy",People & Body,family
_family_man_girl_girl_,2,👨‍👧‍👧,"family: man, girl, girl",People & Body,family
_family_man_girl_boy_,2,👨‍👧‍👦,"family: man, girl, boy",People & Body,family
_man_cook_medium_skin_tone_,2,👨🏽‍🍳,man cook: medium skin tone,People & Body,person-role
_olive_,2,🫒,olive,Food & Drink,food-fruit
_person_pouting_medium_skin_tone_,2,🙎🏽,person pouting: medium skin tone,People & Body,person-gesture
_man_supervillain_medium_skin_tone_,2,🦹🏽‍♂️,man supervillain: medium skin tone,People & Body,person-fantasy
_office_worker_,2,🧑‍💼,office worker,People & Body,person-role
_man_tipping_hand_dark_skin_tone_,2,💁🏿‍♂️,man tipping hand: dark skin tone,People & Body,person-gesture
_person_gesturing_NO_dark_skin_tone_,2,🙅🏿,person gesturing NO: dark skin tone,People & Body,person-gesture
_person_in_suit_levitating_medium_skin_tone_,2,🕴🏽,person in suit levitating: medium skin tone,People & Body,person-activity
_kite_,2,🪁,kite,Activities,game
_man_fairy_light_skin_tone_,2,🧚🏻‍♂️,man fairy: light skin tone,People & Body,person-fantasy
_person_with_veil_medium-dark_skin_tone_,2,👰🏾,person with veil: medium-dark skin tone,People & Body,person-role
_person_with_white_cane_light_skin_tone_,2,🧑🏻‍🦯,person with white cane: light skin tone,People & Body,person-activity
_man_fairy_medium-dark_skin_tone_,2,🧚🏾‍♂️,man fairy: medium-dark skin tone,People & Body,person-fantasy
_man_fairy_medium-light_skin_tone_,2,🧚🏼‍♂️,man fairy: medium-light skin tone,People & Body,person-fantasy
_person_lifting_weights_medium_skin_tone_,2,🏋🏽,person lifting weights: medium skin tone,People & Body,person-sport
_input_latin_uppercase_,2,🔠,input latin uppercase,Symbols,alphanum
_person_lifting_weights_medium-dark_skin_tone_,2,🏋🏾,person lifting weights: medium-dark skin tone,People & Body,person-sport
_man_with_white_cane_medium-dark_skin_tone_,2,👨🏾‍🦯,man with white cane: medium-dark skin tone,People & Body,person-activity
_no_bicycles_,2,🚳,no bicycles,Symbols,warning
_nose_dark_skin_tone_,2,👃🏿,nose: dark skin tone,People & Body,body-parts
_man_vampire_medium_skin_tone_,2,🧛🏽‍♂️,man vampire: medium skin tone,People & Body,person-fantasy
_person_medium_skin_tone_white_hair_,2,🧑🏽‍🦳,"person: medium skin tone, white hair",People & Body,person
_man_with_veil_medium_skin_tone_,2,👰🏽‍♂️,man with veil: medium skin tone,People & Body,person-role
_man_getting_haircut_light_skin_tone_,2,💇🏻‍♂️,man getting haircut: light skin tone,People & Body,person-activity
_six-thirty_,2,🕡,six-thirty,Travel & Places,time
_nose_medium_skin_tone_,2,👃🏽,nose: medium skin tone,People & Body,body-parts
_man_elf_light_skin_tone_,2,🧝🏻‍♂️,man elf: light skin tone,People & Body,person-fantasy
_man_white_hair_,2,👨‍🦳,man: white hair,People & Body,person
_snowboarder_medium-dark_skin_tone_,2,🏂🏾,snowboarder: medium-dark skin tone,People & Body,person-sport
_person_golfing_dark_skin_tone_,2,🏌🏿,person golfing: dark skin tone,People & Body,person-sport
_man_in_manual_wheelchair_,2,👨‍🦽,man in manual wheelchair,People & Body,person-activity
_older_person_light_skin_tone_,2,🧓🏻,older person: light skin tone,People & Body,person
_man_pouting_,2,🙎‍♂️,man pouting,People & Body,person-gesture
_person_swimming_medium-light_skin_tone_,2,🏊🏼,person swimming: medium-light skin tone,People & Body,person-sport
_man_mage_medium_skin_tone_,2,🧙🏽‍♂️,man mage: medium skin tone,People & Body,person-fantasy
_divide_,2,➗,divide,Symbols,math
_face_in_clouds_,2,😶‍🌫️,face in clouds,Smileys & Emotion,face-neutral-skeptical
_mirror_,2,🪞,mirror,Objects,household
_person_swimming_light_skin_tone_,2,🏊🏻,person swimming: light skin tone,People & Body,person-sport
_man_medium-light_skin_tone_bald_,2,👨🏼‍🦲,"man: medium-light skin tone, bald",People & Body,person
_merperson_light_skin_tone_,2,🧜🏻,merperson: light skin tone,People & Body,person-fantasy
_man_medium-light_skin_tone_blond_hair_,2,👱🏼‍♂️,"man: medium-light skin tone, blond hair",People & Body,person
_person_biking_light_skin_tone_,2,🚴🏻,person biking: light skin tone,People & Body,person-sport
_man_police_officer_medium_skin_tone_,2,👮🏽‍♂️,man police officer: medium skin tone,People & Body,person-role
_man_kneeling_medium-dark_skin_tone_,2,🧎🏾‍♂️,man kneeling: medium-dark skin tone,People & Body,person-activity
_person_bouncing_ball_medium-dark_skin_tone_,2,⛹🏾,person bouncing ball: medium-dark skin tone,People & Body,person-sport
_technologist_medium-light_skin_tone_,2,🧑🏼‍💻,technologist: medium-light skin tone,People & Body,person-role
_deaf_woman_medium_skin_tone_,2,🧏🏽‍♀️,deaf woman: medium skin tone,People & Body,person-gesture
_person_bouncing_ball_light_skin_tone_,2,⛹🏻,person bouncing ball: light skin tone,People & Body,person-sport
_ten-thirty_,2,🕥,ten-thirty,Travel & Places,time
_man_police_officer_medium-light_skin_tone_,2,👮🏼‍♂️,man police officer: medium-light skin tone,People & Body,person-role
_man_office_worker_dark_skin_tone_,2,👨🏿‍💼,man office worker: dark skin tone,People & Body,person-role
_merperson_,2,🧜,merperson,People & Body,person-fantasy
_man_playing_handball_medium-dark_skin_tone_,2,🤾🏾‍♂️,man playing handball: medium-dark skin tone,People & Body,person-sport
_man_pilot_light_skin_tone_,2,👨🏻‍✈️,man pilot: light skin tone,People & Body,person-role
_man_pouting_medium-dark_skin_tone_,2,🙎🏾‍♂️,man pouting: medium-dark skin tone,People & Body,person-gesture
_men_holding_hands_medium_skin_tone_,2,👬🏽,men holding hands: medium skin tone,People & Body,family
_man_student_dark_skin_tone_,2,👨🏿‍🎓,man student: dark skin tone,People & Body,person-role
_nesting_dolls_,2,🪆,nesting dolls,Activities,game
_man_superhero_light_skin_tone_,2,🦸🏻‍♂️,man superhero: light skin tone,People & Body,person-fantasy
_mage_medium-light_skin_tone_,2,🧙🏼,mage: medium-light skin tone,People & Body,person-fantasy
_person_taking_bath_medium_skin_tone_,2,🛀🏽,person taking bath: medium skin tone,People & Body,person-resting
_man_standing_medium-dark_skin_tone_,2,🧍🏾‍♂️,man standing: medium-dark skin tone,People & Body,person-activity
_man_in_steamy_room_,2,🧖‍♂️,man in steamy room,People & Body,person-activity
_man_juggling_light_skin_tone_,2,🤹🏻‍♂️,man juggling: light skin tone,People & Body,person-sport
_man_student_medium_skin_tone_,2,👨🏽‍🎓,man student: medium skin tone,People & Body,person-role
_supervillain_,2,🦹,supervillain,People & Body,person-fantasy
_man_rowing_boat_,2,🚣‍♂️,man rowing boat,People & Body,person-sport
_person_dark_skin_tone_beard_,2,🧔🏿,"person: dark skin tone, beard",People & Body,person
_ear_with_hearing_aid_medium-light_skin_tone_,2,🦻🏼,ear with hearing aid: medium-light skin tone,People & Body,body-parts
_man_in_tuxedo_,2,🤵‍♂️,man in tuxedo,People & Body,person-role
_person_wearing_turban_medium-dark_skin_tone_,1,👳🏾,person wearing turban: medium-dark skin tone,People & Body,person-role
_person_taking_bath_light_skin_tone_,1,🛀🏻,person taking bath: light skin tone,People & Body,person-resting
_person_wearing_turban_medium-light_skin_tone_,1,👳🏼,person wearing turban: medium-light skin tone,People & Body,person-role
_person_with_skullcap_medium-light_skin_tone_,1,👲🏼,person with skullcap: medium-light skin tone,People & Body,person-role
_woman_pouting_medium-light_skin_tone_,1,🙎🏼‍♀️,woman pouting: medium-light skin tone,People & Body,person-gesture
_person_with_skullcap_dark_skin_tone_,1,👲🏿,person with skullcap: dark skin tone,People & Body,person-role
_person_surfing_medium_skin_tone_,1,🏄🏽,person surfing: medium skin tone,People & Body,person-sport
_woman_medium_skin_tone_white_hair_,1,👩🏽‍🦳,"woman: medium skin tone, white hair",People & Body,person
_Belarus_,1,🇧🇾,flag: Belarus,Flags,country-flag
_mermaid_dark_skin_tone_,1,🧜🏿‍♀️,mermaid: dark skin tone,People & Body,person-fantasy
_woman_playing_handball_medium_skin_tone_,1,🤾🏽‍♀️,woman playing handball: medium skin tone,People & Body,person-sport
_woman_pilot_medium-light_skin_tone_,1,👩🏼‍✈️,woman pilot: medium-light skin tone,People & Body,person-role
_woman_pilot_light_skin_tone_,1,👩🏻‍✈️,woman pilot: light skin tone,People & Body,person-role
_merman_medium_skin_tone_,1,🧜🏽‍♂️,merman: medium skin tone,People & Body,person-fantasy
_woman_office_worker_medium-dark_skin_tone_,1,👩🏾‍💼,woman office worker: medium-dark skin tone,People & Body,person-role
_person_wearing_turban_light_skin_tone_,1,👳🏻,person wearing turban: light skin tone,People & Body,person-role
_woman_playing_water_polo_,1,🤽‍♀️,woman playing water polo,People & Body,person-sport
_mermaid_medium-dark_skin_tone_,1,🧜🏾‍♀️,mermaid: medium-dark skin tone,People & Body,person-fantasy
_merman_light_skin_tone_,1,🧜🏻‍♂️,merman: light skin tone,People & Body,person-fantasy
_woman_police_officer_medium-dark_skin_tone_,1,👮🏾‍♀️,woman police officer: medium-dark skin tone,People & Body,person-role
_merman_medium-dark_skin_tone_,1,🧜🏾‍♂️,merman: medium-dark skin tone,People & Body,person-fantasy
_person_wearing_turban_dark_skin_tone_,1,👳🏿,person wearing turban: dark skin tone,People & Body,person-role
_woman_light_skin_tone_curly_hair_,1,👩🏻‍🦱,"woman: light skin tone, curly hair",People & Body,person
_men_holding_hands_medium_skin_tone_light_skin_tone_,1,👨🏽‍🤝‍👨🏻,"men holding hands: medium skin tone, light skin tone",People & Body,family
_man_surfing_dark_skin_tone_,1,🏄🏿‍♂️,man surfing: dark skin tone,People & Body,person-sport
_man_student_medium-light_skin_tone_,1,👨🏼‍🎓,man student: medium-light skin tone,People & Body,person-role
_woman_judge_light_skin_tone_,1,👩🏻‍⚖️,woman judge: light skin tone,People & Body,person-role
_woman_judge_dark_skin_tone_,1,👩🏿‍⚖️,woman judge: dark skin tone,People & Body,person-role
_man_standing_light_skin_tone_,1,🧍🏻‍♂️,man standing: light skin tone,People & Body,person-activity
_man_standing_dark_skin_tone_,1,🧍🏿‍♂️,man standing: dark skin tone,People & Body,person-activity
_man_singer_dark_skin_tone_,1,👨🏿‍🎤,man singer: dark skin tone,People & Body,person-role
_man_scientist_medium-light_skin_tone_,1,👨🏼‍🔬,man scientist: medium-light skin tone,People & Body,person-role
_man_pouting_medium-light_skin_tone_,1,🙎🏼‍♂️,man pouting: medium-light skin tone,People & Body,person-gesture
_woman_in_motorized_wheelchair_light_skin_tone_,1,👩🏻‍🦼,woman in motorized wheelchair: light skin tone,People & Body,person-activity
_woman_in_motorized_wheelchair_,1,👩‍🦼,woman in motorized wheelchair,People & Body,person-activity
_woman_in_manual_wheelchair_medium_skin_tone_,1,👩🏽‍🦽,woman in manual wheelchair: medium skin tone,People & Body,person-activity
_woman_in_manual_wheelchair_medium-dark_skin_tone_,1,👩🏾‍🦽,woman in manual wheelchair: medium-dark skin tone,People & Body,person-activity
_man_pouting_dark_skin_tone_,1,🙎🏿‍♂️,man pouting: dark skin tone,People & Body,person-gesture
_woman_in_manual_wheelchair_dark_skin_tone_,1,👩🏿‍🦽,woman in manual wheelchair: dark skin tone,People & Body,person-activity
_Canary_Islands_,1,🇮🇨,flag: Canary Islands,Flags,country-flag
_man_playing_water_polo_medium_skin_tone_,1,🤽🏽‍♂️,man playing water polo: medium skin tone,People & Body,person-sport
_Central_African_Republic_,1,🇨🇫,flag: Central African Republic,Flags,country-flag
_police_officer_dark_skin_tone_,1,👮🏿,police officer: dark skin tone,People & Body,person-role
_mechanic_,1,🧑‍🔧,mechanic,People & Body,person-role
_manual_wheelchair_,1,🦽,manual wheelchair,Travel & Places,transport-ground
_woman_medium-dark_skin_tone_red_hair_,1,👩🏾‍🦰,"woman: medium-dark skin tone, red hair",People & Body,person
_man_with_white_cane_medium-light_skin_tone_,1,👨🏼‍🦯,man with white cane: medium-light skin tone,People & Body,person-activity
_man_with_white_cane_dark_skin_tone_,1,👨🏿‍🦯,man with white cane: dark skin tone,People & Body,person-activity
_pilot_,1,🧑‍✈️,pilot,People & Body,person-role
_woman_mechanic_medium-dark_skin_tone_,1,👩🏾‍🔧,woman mechanic: medium-dark skin tone,People & Body,person-role
_woman_mechanic_light_skin_tone_,1,👩🏻‍🔧,woman mechanic: light skin tone,People & Body,person-role
_man_wearing_turban_medium_skin_tone_,1,👳🏽‍♂️,man wearing turban: medium skin tone,People & Body,person-role
_Bhutan_,1,🇧🇹,flag: Bhutan,Flags,country-flag
_man_wearing_turban_dark_skin_tone_,1,👳🏿‍♂️,man wearing turban: dark skin tone,People & Body,person-role
_man_wearing_turban_,1,👳‍♂️,man wearing turban,People & Body,person-role
_woman_mage_dark_skin_tone_,1,🧙🏿‍♀️,woman mage: dark skin tone,People & Body,person-fantasy
_Ascension_Island_,1,🇦🇨,flag: Ascension Island,Flags,country-flag
_British_Indian_Ocean_Territory_,1,🇮🇴,flag: British Indian Ocean Territory,Flags,country-flag
_man_teacher_dark_skin_tone_,1,👨🏿‍🏫,man teacher: dark skin tone,People & Body,person-role
_British_Virgin_Islands_,1,🇻🇬,flag: British Virgin Islands,Flags,country-flag
_plunger_,1,🪠,plunger,Objects,household
_person_surfing_medium-dark_skin_tone_,1,🏄🏾,person surfing: medium-dark skin tone,People & Body,person-sport
_women_holding_hands_medium-dark_skin_tone_medium_skin_tone_,1,👩🏾‍🤝‍👩🏽,"women holding hands: medium-dark skin tone, medium skin tone",People & Body,family
_women_holding_hands_medium-dark_skin_tone_,1,👭🏾,women holding hands: medium-dark skin tone,People & Body,family
_person_dark_skin_tone_white_hair_,1,🧑🏿‍🦳,"person: dark skin tone, white hair",People & Body,person
_person_feeding_baby_,1,🧑‍🍼,person feeding baby,People & Body,person-role
_woman_with_veil_medium_skin_tone_,1,👰🏽‍♀️,woman with veil: medium skin tone,People & Body,person-role
_woman_with_veil_medium-light_skin_tone_,1,👰🏼‍♀️,woman with veil: medium-light skin tone,People & Body,person-role
_woman_with_veil_medium-dark_skin_tone_,1,👰🏾‍♀️,woman with veil: medium-dark skin tone,People & Body,person-role
_person_frowning_dark_skin_tone_,1,🙍🏿,person frowning: dark skin tone,People & Body,person-gesture
_one-piece_swimsuit_,1,🩱,one-piece swimsuit,Objects,clothing
_person_gesturing_OK_dark_skin_tone_,1,🙆🏿,person gesturing OK: dark skin tone,People & Body,person-gesture
_woman_wearing_turban_medium_skin_tone_,1,👳🏽‍♀️,woman wearing turban: medium skin tone,People & Body,person-role
_woman_walking_dark_skin_tone_,1,🚶🏿‍♀️,woman walking: dark skin tone,People & Body,person-activity
_old_man_dark_skin_tone_,1,👴🏿,old man: dark skin tone,People & Body,person
_person_dark_skin_tone_bald_,1,🧑🏿‍🦲,"person: dark skin tone, bald",People & Body,person
_women_holding_hands_medium_skin_tone_,1,👭🏽,women holding hands: medium skin tone,People & Body,family
_person_biking_medium-dark_skin_tone_,1,🚴🏾,person biking: medium-dark skin tone,People & Body,person-sport
_person_bouncing_ball_dark_skin_tone_,1,⛹🏿,person bouncing ball: dark skin tone,People & Body,person-sport
_person_bouncing_ball_medium-light_skin_tone_,1,⛹🏼,person bouncing ball: medium-light skin tone,People & Body,person-sport
_people_holding_hands_medium-light_skin_tone_light_skin_tone_,1,🧑🏼‍🤝‍🧑🏻,"people holding hands: medium-light skin tone, light skin tone",People & Body,family
_person_cartwheeling_medium_skin_tone_,1,🤸🏽,person cartwheeling: medium skin tone,People & Body,person-sport
_person_curly_hair_,1,🧑‍🦱,person: curly hair,People & Body,person
_worm_,1,🪱,worm,Animals & Nature,animal-bug
_person_dark_skin_tone_,1,🧑🏿,person: dark skin tone,People & Body,person
_Antarctica_,1,🇦🇶,flag: Antarctica,Flags,country-flag
_person_mountain_biking_dark_skin_tone_,1,🚵🏿,person mountain biking: dark skin tone,People & Body,person-sport
_person_playing_handball_dark_skin_tone_,1,🤾🏿,person playing handball: dark skin tone,People & Body,person-sport
_person_playing_handball_medium_skin_tone_,1,🤾🏽,person playing handball: medium skin tone,People & Body,person-sport
_woman_singer_medium-light_skin_tone_,1,👩🏼‍🎤,woman singer: medium-light skin tone,People & Body,person-role
_ninja_medium-dark_skin_tone_,1,🥷🏾,ninja: medium-dark skin tone,People & Body,person-role
_person_pouting_medium-dark_skin_tone_,1,🙎🏾,person pouting: medium-dark skin tone,People & Body,person-gesture
_name_badge_,1,📛,name badge,Symbols,other-symbol
_mx_claus_medium-light_skin_tone_,1,🧑🏼‍🎄,mx claus: medium-light skin tone,People & Body,person-fantasy
_mx_claus_light_skin_tone_,1,🧑🏻‍🎄,mx claus: light skin tone,People & Body,person-fantasy
_mountain_cableway_,1,🚠,mountain cableway,Travel & Places,transport-air
_motorized_wheelchair_,1,🦼,motorized wheelchair,Travel & Places,transport-ground
_merperson_medium_skin_tone_,1,🧜🏽,merperson: medium skin tone,People & Body,person-fantasy
_Andorra_,1,🇦🇩,flag: Andorra,Flags,country-flag
_person_standing_medium-light_skin_tone_,1,🧍🏼,person standing: medium-light skin tone,People & Body,person-activity
_person_medium_skin_tone_,1,🧑🏽,person: medium skin tone,People & Body,person
_person_golfing_light_skin_tone_,1,🏌🏻,person golfing: light skin tone,People & Body,person-sport
_person_golfing_medium-dark_skin_tone_,1,🏌🏾,person golfing: medium-dark skin tone,People & Body,person-sport
_person_golfing_medium_skin_tone_,1,🏌🏽,person golfing: medium skin tone,People & Body,person-sport
_woman_technologist_dark_skin_tone_,1,👩🏿‍💻,woman technologist: dark skin tone,People & Body,person-role
_person_in_lotus_position_medium-dark_skin_tone_,1,🧘🏾,person in lotus position: medium-dark skin tone,People & Body,person-resting
_person_in_manual_wheelchair_medium-light_skin_tone_,1,🧑🏼‍🦽,person in manual wheelchair: medium-light skin tone,People & Body,person-activity
_person_in_motorized_wheelchair_,1,🧑‍🦼,person in motorized wheelchair,People & Body,person-activity
_nose_medium-dark_skin_tone_,1,👃🏾,nose: medium-dark skin tone,People & Body,body-parts
_person_lifting_weights_medium-light_skin_tone_,1,🏋🏼,person lifting weights: medium-light skin tone,People & Body,person-sport
_person_light_skin_tone_bald_,1,🧑🏻‍🦲,"person: light skin tone, bald",People & Body,person
_ninja_medium-light_skin_tone_,1,🥷🏼,ninja: medium-light skin tone,People & Body,person-role
_person_light_skin_tone_red_hair_,1,🧑🏻‍🦰,"person: light skin tone, red hair",People & Body,person
_person_medium-dark_skin_tone_bald_,1,🧑🏾‍🦲,"person: medium-dark skin tone, bald",People & Body,person
_person_medium-light_skin_tone_bald_,1,🧑🏼‍🦲,"person: medium-light skin tone, bald",People & Body,person
_person_medium-light_skin_tone_blond_hair_,1,👱🏼,"person: medium-light skin tone, blond hair",People & Body,person
_man_pilot_medium-dark_skin_tone_,1,👨🏾‍✈️,man pilot: medium-dark skin tone,People & Body,person-role
_deaf_person_light_skin_tone_,1,🧏🏻,deaf person: light skin tone,People & Body,person-gesture
_woman_health_worker_dark_skin_tone_,1,👩🏿‍⚕️,woman health worker: dark skin tone,People & Body,person-role
_horse_racing_medium-light_skin_tone_,1,🏇🏼,horse racing: medium-light skin tone,People & Body,person-sport
_Togo_,1,🇹🇬,flag: Togo,Flags,country-flag
_horse_racing_medium-dark_skin_tone_,1,🏇🏾,horse racing: medium-dark skin tone,People & Body,person-sport
_hook_,1,🪝,hook,Objects,tool
_Uzbekistan_,1,🇺🇿,flag: Uzbekistan,Flags,country-flag
_hindu_temple_,1,🛕,hindu temple,Travel & Places,place-religious
_health_worker_,1,🧑‍⚕️,health worker,People & Body,person-role
_guard_medium-light_skin_tone_,1,💂🏼,guard: medium-light skin tone,People & Body,person-role
_astronaut_light_skin_tone_,1,🧑🏻‍🚀,astronaut: light skin tone,People & Body,person-role
_auto_rickshaw_,1,🛺,auto rickshaw,Travel & Places,transport-ground
_vampire_medium_skin_tone_,1,🧛🏽,vampire: medium skin tone,People & Body,person-fantasy
_vampire_medium-dark_skin_tone_,1,🧛🏾,vampire: medium-dark skin tone,People & Body,person-fantasy
_flower_playing_cards_,1,🎴,flower playing cards,Activities,game
_horse_racing_medium_skin_tone_,1,🏇🏽,horse racing: medium skin tone,People & Body,person-sport
_flatbread_,1,🫓,flatbread,Food & Drink,food-prepared
_singer_,1,🧑‍🎤,singer,People & Body,person-role
_singer_medium-dark_skin_tone_,1,🧑🏾‍🎤,singer: medium-dark skin tone,People & Body,person-role
_leg_medium-light_skin_tone_,1,🦵🏼,leg: medium-light skin tone,People & Body,body-parts
_leg_medium-dark_skin_tone_,1,🦵🏾,leg: medium-dark skin tone,People & Body,body-parts
_ladder_,1,🪜,ladder,Objects,tool
_judge_light_skin_tone_,1,🧑🏻‍⚖️,judge: light skin tone,People & Body,person-role
_Sint_Maarten_,1,🇸🇽,flag: Sint Maarten,Flags,country-flag
_judge_,1,🧑‍⚖️,judge,People & Body,person-role
_input_symbols_,1,🔣,input symbols,Symbols,alphanum
_badger_,1,🦡,badger,Animals & Nature,animal-mammal
_woman_guard_medium_skin_tone_,1,💂🏽‍♀️,woman guard: medium skin tone,People & Body,person-role
_child_light_skin_tone_,1,🧒🏻,child: light skin tone,People & Body,person
_child_medium-dark_skin_tone_,1,🧒🏾,child: medium-dark skin tone,People & Body,person
_double_curly_loop_,1,➿,double curly loop,Symbols,other-symbol
_cockroach_,1,🪳,cockroach,Animals & Nature,animal-bug
_construction_worker_light_skin_tone_,1,👷🏻,construction worker: light skin tone,People & Body,person-role
_curling_stone_,1,🥌,curling stone,Activities,sport
_deaf_man_dark_skin_tone_,1,🧏🏿‍♂️,deaf man: dark skin tone,People & Body,person-gesture
_deaf_man_medium-dark_skin_tone_,1,🧏🏾‍♂️,deaf man: medium-dark skin tone,People & Body,person-gesture
_deaf_person_medium_skin_tone_,1,🧏🏽,deaf person: medium skin tone,People & Body,person-gesture
_child_dark_skin_tone_,1,🧒🏿,child: dark skin tone,People & Body,person
_baggage_claim_,1,🛄,baggage claim,Symbols,transport-sign
_beaver_,1,🦫,beaver,Animals & Nature,animal-mammal
_bison_,1,🦬,bison,Animals & Nature,animal-mammal
_boomerang_,1,🪃,boomerang,Objects,tool
_two-thirty_,1,🕝,two-thirty,Travel & Places,time
_student_,1,🧑‍🎓,student,People & Body,person-role
_fairy_medium-dark_skin_tone_,1,🧚🏾,fairy: medium-dark skin tone,People & Body,person-fantasy
_factory_worker_medium-light_skin_tone_,1,🧑🏼‍🏭,factory worker: medium-light skin tone,People & Body,person-role
_factory_worker_,1,🧑‍🏭,factory worker,People & Body,person-role
_suspension_railway_,1,🚟,suspension railway,Travel & Places,transport-air
_bus_stop_,1,🚏,bus stop,Travel & Places,transport-ground
_supervillain_light_skin_tone_,1,🦹🏻,supervillain: light skin tone,People & Body,person-fantasy
_lungs_,1,🫁,lungs,People & Body,body-parts
_wind_chime_,1,🎐,wind chime,Activities,event
_woman_feeding_baby_,1,👩‍🍼,woman feeding baby,People & Body,person-role
_woman_farmer_medium_skin_tone_,1,👩🏽‍🌾,woman farmer: medium skin tone,People & Body,person-role
_man_in_lotus_position_medium_skin_tone_,1,🧘🏽‍♂️,man in lotus position: medium skin tone,People & Body,person-resting
_woman_farmer_medium-dark_skin_tone_,1,👩🏾‍🌾,woman farmer: medium-dark skin tone,People & Body,person-role
_woman_farmer_dark_skin_tone_,1,👩🏿‍🌾,woman farmer: dark skin tone,People & Body,person-role
_man_in_lotus_position_light_skin_tone_,1,🧘🏻‍♂️,man in lotus position: light skin tone,People & Body,person-resting
_woman_factory_worker_medium_skin_tone_,1,👩🏽‍🏭,woman factory worker: medium skin tone,People & Body,person-role
_woman_factory_worker_medium-light_skin_tone_,1,👩🏼‍🏭,woman factory worker: medium-light skin tone,People & Body,person-role
_man_getting_massage_medium-light_skin_tone_,1,💆🏼‍♂️,man getting massage: medium-light skin tone,People & Body,person-activity
_man_in_manual_wheelchair_medium_skin_tone_,1,👨🏽‍🦽,man in manual wheelchair: medium skin tone,People & Body,person-activity
_man_getting_haircut_medium-light_skin_tone_,1,💇🏼‍♂️,man getting haircut: medium-light skin tone,People & Body,person-activity
_woman_elf_medium_skin_tone_,1,🧝🏽‍♀️,woman elf: medium skin tone,People & Body,person-fantasy
_rice_cracker_,1,🍘,rice cracker,Food & Drink,food-asian
_woman_elf_medium-dark_skin_tone_,1,🧝🏾‍♀️,woman elf: medium-dark skin tone,People & Body,person-fantasy
_woman_elf_dark_skin_tone_,1,🧝🏿‍♀️,woman elf: dark skin tone,People & Body,person-fantasy
_right-facing_fist_dark_skin_tone_,1,🤜🏿,right-facing fist: dark skin tone,People & Body,hand-fingers-closed
_man_frowning_medium-light_skin_tone_,1,🙍🏼‍♂️,man frowning: medium-light skin tone,People & Body,person-gesture
_Japanese_acceptable_button_,1,🉑,Japanese “acceptable” button,Symbols,alphanum
_man_in_manual_wheelchair_dark_skin_tone_,1,👨🏿‍🦽,man in manual wheelchair: dark skin tone,People & Body,person-activity
_woman_firefighter_medium-light_skin_tone_,1,👩🏼‍🚒,woman firefighter: medium-light skin tone,People & Body,person-role
_mage_light_skin_tone_,1,🧙🏻,mage: light skin tone,People & Body,person-fantasy
_woman_guard_medium-dark_skin_tone_,1,💂🏾‍♀️,woman guard: medium-dark skin tone,People & Body,person-role
_woman_guard_light_skin_tone_,1,💂🏻‍♀️,woman guard: light skin tone,People & Body,person-role
_woman_golfing_medium-light_skin_tone_,1,🏌🏼‍♀️,woman golfing: medium-light skin tone,People & Body,person-sport
_woman_golfing_medium-dark_skin_tone_,1,🏌🏾‍♀️,woman golfing: medium-dark skin tone,People & Body,person-sport
_man_mountain_biking_,1,🚵‍♂️,man mountain biking,People & Body,person-sport
_man_medium-light_skin_tone_white_hair_,1,👨🏼‍🦳,"man: medium-light skin tone, white hair",People & Body,person
_man_medium-light_skin_tone_red_hair_,1,👨🏼‍🦰,"man: medium-light skin tone, red hair",People & Body,person
_man_medium-dark_skin_tone_curly_hair_,1,👨🏾‍🦱,"man: medium-dark skin tone, curly hair",People & Body,person
_man_mechanic_medium-dark_skin_tone_,1,👨🏾‍🔧,man mechanic: medium-dark skin tone,People & Body,person-role
_man_lifting_weights_medium-dark_skin_tone_,1,🏋🏾‍♂️,man lifting weights: medium-dark skin tone,People & Body,person-sport
_man_in_steamy_room_light_skin_tone_,1,🧖🏻‍♂️,man in steamy room: light skin tone,People & Body,person-activity
_man_kneeling_medium_skin_tone_,1,🧎🏽‍♂️,man kneeling: medium skin tone,People & Body,person-activity
_man_juggling_medium_skin_tone_,1,🤹🏽‍♂️,man juggling: medium skin tone,People & Body,person-sport
_Faroe_Islands_,1,🇫🇴,flag: Faroe Islands,Flags,country-flag
_man_juggling_medium-light_skin_tone_,1,🤹🏼‍♂️,man juggling: medium-light skin tone,People & Body,person-sport
_Greenland_,1,🇬🇱,flag: Greenland,Flags,country-flag
_man_judge_medium-light_skin_tone_,1,👨🏼‍⚖️,man judge: medium-light skin tone,People & Body,person-role
_Grenada_,1,🇬🇩,flag: Grenada,Flags,country-flag
_man_judge_medium-dark_skin_tone_,1,👨🏾‍⚖️,man judge: medium-dark skin tone,People & Body,person-role
_man_judge_light_skin_tone_,1,👨🏻‍⚖️,man judge: light skin tone,People & Body,person-role
_man_in_tuxedo_medium-dark_skin_tone_,1,🤵🏾‍♂️,man in tuxedo: medium-dark skin tone,People & Body,person-role
_man_firefighter_dark_skin_tone_,1,👨🏿‍🚒,man firefighter: dark skin tone,People & Body,person-role
_woman_detective_dark_skin_tone_,1,🕵🏿‍♀️,woman detective: dark skin tone,People & Body,person-role
_man_farmer_medium-dark_skin_tone_,1,👨🏾‍🌾,man farmer: medium-dark skin tone,People & Body,person-role
_seven-thirty_,1,🕢,seven-thirty,Travel & Places,time
_woman_biking_medium-dark_skin_tone_,1,🚴🏾‍♀️,woman biking: medium-dark skin tone,People & Body,person-sport
_sewing_needle_,1,🪡,sewing needle,Activities,arts & crafts
_man_biking_dark_skin_tone_,1,🚴🏿‍♂️,man biking: dark skin tone,People & Body,person-sport
_man_bald_,1,👨‍🦲,man: bald,People & Body,person
_man_astronaut_medium-light_skin_tone_,1,👨🏼‍🚀,man astronaut: medium-light skin tone,People & Body,person-role
_man_astronaut_light_skin_tone_,1,👨🏻‍🚀,man astronaut: light skin tone,People & Body,person-role
_man_astronaut_dark_skin_tone_,1,👨🏿‍🚀,man astronaut: dark skin tone,People & Body,person-role
_man_artist_medium_skin_tone_,1,👨🏽‍🎨,man artist: medium skin tone,People & Body,person-role
_man_artist_medium-light_skin_tone_,1,👨🏼‍🎨,man artist: medium-light skin tone,People & Body,person-role
_woman_and_man_holding_hands_medium_skin_tone_medium-light_skin_tone_,1,👩🏽‍🤝‍👨🏼,"woman and man holding hands: medium skin tone, medium-light skin tone",People & Body,family
_woman_dark_skin_tone_red_hair_,1,👩🏿‍🦰,"woman: dark skin tone, red hair",People & Body,person
_woman_and_man_holding_hands_medium_skin_tone_medium-dark_skin_tone_,1,👩🏽‍🤝‍👨🏾,"woman and man holding hands: medium skin tone, medium-dark skin tone",People & Body,family
_man_artist_medium-dark_skin_tone_,1,👨🏾‍🎨,man artist: medium-dark skin tone,People & Body,person-role
_woman_and_man_holding_hands_medium-light_skin_tone_,1,👫🏼,woman and man holding hands: medium-light skin tone,People & Body,family
_woman_and_man_holding_hands_medium-dark_skin_tone_,1,👫🏾,woman and man holding hands: medium-dark skin tone,People & Body,family
_woman_and_man_holding_hands_light_skin_tone_medium_skin_tone_,1,👩🏻‍🤝‍👨🏽,"woman and man holding hands: light skin tone, medium skin tone",People & Body,family
_woman_and_man_holding_hands_light_skin_tone_medium-dark_skin_tone_,1,👩🏻‍🤝‍👨🏾,"woman and man holding hands: light skin tone, medium-dark skin tone",People & Body,family
_woman_and_man_holding_hands_light_skin_tone_dark_skin_tone_,1,👩🏻‍🤝‍👨🏿,"woman and man holding hands: light skin tone, dark skin tone",People & Body,family
_man_artist_light_skin_tone_,1,👨🏻‍🎨,man artist: light skin tone,People & Body,person-role
_mage_medium_skin_tone_,1,🧙🏽,mage: medium skin tone,People & Body,person-fantasy
_Montenegro_,1,🇲🇪,flag: Montenegro,Flags,country-flag
_woman_bouncing_ball_medium_skin_tone_,1,⛹🏽‍♀️,woman bouncing ball: medium skin tone,People & Body,person-sport
_selfie_dark_skin_tone_,1,🤳🏿,selfie: dark skin tone,People & Body,hand-prop
_Japanese_congratulations_button_,1,㊗️,Japanese “congratulations” button,Symbols,alphanum
_Japanese_discount_button_,1,🈹,Japanese “discount” button,Symbols,alphanum
_Japanese_no_vacancy_button_,1,🈵,Japanese “no vacancy” button,Symbols,alphanum
_Japanese_not_free_of_charge_button_,1,🈶,Japanese “not free of charge” button,Symbols,alphanum
_Japanese_open_for_business_button_,1,🈺,Japanese “open for business” button,Symbols,alphanum
_Japanese_passing_grade_button_,1,🈴,Japanese “passing grade” button,Symbols,alphanum
_man_factory_worker_medium-light_skin_tone_,1,👨🏼‍🏭,man factory worker: medium-light skin tone,People & Body,person-role
_man_elf_medium_skin_tone_,1,🧝🏽‍♂️,man elf: medium skin tone,People & Body,person-fantasy
_man_elf_medium-dark_skin_tone_,1,🧝🏾‍♂️,man elf: medium-dark skin tone,People & Body,person-fantasy
_man_dark_skin_tone_red_hair_,1,👨🏿‍🦰,"man: dark skin tone, red hair",People & Body,person
_woman_construction_worker_light_skin_tone_,1,👷🏻‍♀️,woman construction worker: light skin tone,People & Body,person-role
_safety_vest_,1,🦺,safety vest,Objects,clothing
_woman_climbing_,1,🧗‍♀️,woman climbing,People & Body,person-activity
_Jersey_,1,🇯🇪,flag: Jersey,Flags,country-flag
_man_cook_dark_skin_tone_,1,👨🏿‍🍳,man cook: dark skin tone,People & Body,person-role
_Kyrgyzstan_,1,🇰🇬,flag: Kyrgyzstan,Flags,country-flag
_man_climbing_light_skin_tone_,1,🧗🏻‍♂️,man climbing: light skin tone,People & Body,person-activity
_man_bouncing_ball_medium_skin_tone_,1,⛹🏽‍♂️,man bouncing ball: medium skin tone,People & Body,person-sport
_man_bouncing_ball_medium-light_skin_tone_,1,⛹🏼‍♂️,man bouncing ball: medium-light skin tone,People & Body,person-sport
