idx,anger,happy,sad,fear,surprise,disgust,emoticon,cnt,emoji,name,group,sub_group
flat_shoe,0.0,1.0,0.0,0.0,0.0,0.0,flat_shoe,5,🥿,flat shoe,Objects,clothing
boy_medium-dark_skin_tone,,,,,,,boy_medium-dark_skin_tone,5,👦🏾,boy: medium-dark skin tone,People & Body,person
crayon,0.0,1.0,0.0,0.0,0.0,0.0,crayon,14,🖍️,crayon,Objects,writing
Jamaica,,,,,,,Jamaica,125,🇯🇲,flag: Jamaica,Flags,country-flag
double_curly_loop,,,,,,,double_curly_loop,1,➿,double curly loop,Symbols,other-symbol
man_dark_skin_tone,,,,,,,man_dark_skin_tone,6,👨🏿,man: dark skin tone,People & Body,person
woman_getting_massage_medium-dark_skin_tone,,,,,,,woman_getting_massage_medium-dark_skin_tone,16,💆🏾‍♀️,woman getting massage: medium-dark skin tone,People & Body,person-activity
bank,0.09016393442622951,0.22950819672131148,0.20081967213114754,0.21618852459016394,0.1413934426229508,0.12192622950819672,bank,24,🏦,bank,Travel & Places,place-building
New_Zealand,,,,,,,New_Zealand,55,🇳🇿,flag: New Zealand,Flags,country-flag
non-potable_water,,,,,,,non-potable_water,4,🚱,non-potable water,Symbols,warning
Tokyo_tower,,,,,,,Tokyo_tower,56,🗼,Tokyo tower,Travel & Places,place-building
police_officer_medium-light_skin_tone,,,,,,,police_officer_medium-light_skin_tone,5,👮🏼,police officer: medium-light skin tone,People & Body,person-role
Netherlands,,,,,,,Netherlands,63,🇳🇱,flag: Netherlands,Flags,country-flag
hamster,0.0,0.2727272727272727,0.09090909090909091,0.2727272727272727,0.0,0.36363636363636365,hamster,101,🐹,hamster,Animals & Nature,animal-mammal
man_with_white_cane_medium_skin_tone,,,,,,,man_with_white_cane_medium_skin_tone,3,👨🏽‍🦯,man with white cane: medium skin tone,People & Body,person-activity
nine-thirty,,,,,,,nine-thirty,5,🕤,nine-thirty,Travel & Places,time
Ascension_Island,,,,,,,Ascension_Island,1,🇦🇨,flag: Ascension Island,Flags,country-flag
dollar_banknote,0.17647058823529413,0.45098039215686275,0.0392156862745098,0.1568627450980392,0.0784313725490196,0.09803921568627451,dollar_banknote,946,💵,dollar banknote,Objects,money
vampire_medium-light_skin_tone,,,,,,,vampire_medium-light_skin_tone,2,🧛🏼,vampire: medium-light skin tone,People & Body,person-fantasy
person_bowing_medium_skin_tone,0.0,0.3333333333333333,0.0,0.6666666666666666,0.0,0.0,person_bowing_medium_skin_tone,20,🙇🏽,person bowing: medium skin tone,People & Body,person-gesture
Japanese_discount_button,,,,,,,Japanese_discount_button,1,🈹,Japanese “discount” button,Symbols,alphanum
eight-pointed_star,,,,,,,eight-pointed_star,19,✴️,eight-pointed star,Symbols,other-symbol
smiling_face,0.0220125786163522,0.8018867924528302,0.0660377358490566,0.0440251572327044,0.06289308176100629,0.0031446540880503146,smiling_face,11451,☺️,smiling face,Smileys & Emotion,face-affection
woman_cartwheeling_light_skin_tone,0.0,0.8,0.0,0.0,0.2,0.0,woman_cartwheeling_light_skin_tone,32,🤸🏻‍♀️,woman cartwheeling: light skin tone,People & Body,person-sport
raised_fist_light_skin_tone,0.125,0.5,0.1,0.225,0.025,0.025,raised_fist_light_skin_tone,638,✊🏻,raised fist: light skin tone,People & Body,hand-fingers-closed
woman_technologist_dark_skin_tone,,,,,,,woman_technologist_dark_skin_tone,1,👩🏿‍💻,woman technologist: dark skin tone,People & Body,person-role
transgender_symbol,,,,,,,transgender_symbol,3,⚧️,transgender symbol,Symbols,gender
clapping_hands_medium-dark_skin_tone,,,,,,,clapping_hands_medium-dark_skin_tone,3379,👏🏾,clapping hands: medium-dark skin tone,People & Body,hands
wheelchair_symbol,0.0,0.5,0.375,0.125,0.0,0.0,wheelchair_symbol,64,♿,wheelchair symbol,Symbols,transport-sign
next_track_button,1.0,0.0,0.0,0.0,0.0,0.0,next_track_button,18,⏭️,next track button,Symbols,av-symbol
man_medium_skin_tone,,,,,,,man_medium_skin_tone,3,👨🏽,man: medium skin tone,People & Body,person
hospital,0.0796875,0.2609375,0.25625,0.178125,0.1359375,0.0890625,hospital,75,🏥,hospital,Travel & Places,place-building
man_singer_medium-dark_skin_tone,,,,,,,man_singer_medium-dark_skin_tone,3,👨🏾‍🎤,man singer: medium-dark skin tone,People & Body,person-role
Japanese_post_office,,,,,,,Japanese_post_office,7,🏣,Japanese post office,Travel & Places,place-building
person_getting_haircut_medium-light_skin_tone,,,,,,,person_getting_haircut_medium-light_skin_tone,3,💇🏼,person getting haircut: medium-light skin tone,People & Body,person-activity
parachute,0.125,0.25,0.375,0.125,0.125,0.0,parachute,6,🪂,parachute,Travel & Places,transport-air
woman_scientist_medium_skin_tone,,,,,,,woman_scientist_medium_skin_tone,6,👩🏽‍🔬,woman scientist: medium skin tone,People & Body,person-role
tired_face,0.07150480256136606,0.37353255069370334,0.17929562433297758,0.22198505869797225,0.054429028815368194,0.09925293489861259,tired_face,10352,😫,tired face,Smileys & Emotion,face-concerned
euro_banknote,0.1,0.8,0.05,0.05,0.0,0.0,euro_banknote,67,💶,euro banknote,Objects,money
person_tipping_hand,0.08823529411764706,0.7058823529411765,0.029411764705882353,0.14705882352941177,0.0,0.029411764705882353,person_tipping_hand,415,💁,person tipping hand,People & Body,person-gesture
station,0.047619047619047616,0.29931972789115646,0.24489795918367346,0.16326530612244897,0.12471655328798185,0.12018140589569161,station,15,🚉,station,Travel & Places,transport-ground
angry_face_with_horns,0.125,0.1956521739130435,0.09782608695652174,0.44021739130434784,0.02717391304347826,0.11413043478260869,angry_face_with_horns,1197,👿,angry face with horns,Smileys & Emotion,face-negative
person_facepalming_medium-dark_skin_tone,,,,,,,person_facepalming_medium-dark_skin_tone,59,🤦🏾,person facepalming: medium-dark skin tone,People & Body,person-gesture
woman_office_worker,0.0,1.0,0.0,0.0,0.0,0.0,woman_office_worker,12,👩‍💼,woman office worker,People & Body,person-role
women_with_bunny_ears,,,,,,,women_with_bunny_ears,88,👯‍♀️,women with bunny ears,People & Body,person-activity
tulip,0.013513513513513514,0.8783783783783784,0.05405405405405406,0.04054054054054054,0.013513513513513514,0.0,tulip,324,🌷,tulip,Animals & Nature,plant-flower
man_bowing_dark_skin_tone,,,,,,,man_bowing_dark_skin_tone,10,🙇🏿‍♂️,man bowing: dark skin tone,People & Body,person-gesture
woman_bowing,0.0,1.0,0.0,0.0,0.0,0.0,woman_bowing,149,🙇‍♀️,woman bowing,People & Body,person-gesture
round_pushpin,0.0,0.3333333333333333,0.041666666666666664,0.5416666666666666,0.08333333333333333,0.0,round_pushpin,227,📍,round pushpin,Objects,office
smiling_face_with_heart-eyes,,,,,,,smiling_face_with_heart-eyes,66088,😍,smiling face with heart-eyes,Smileys & Emotion,face-affection
middle_finger_medium_skin_tone,0.1657142857142857,0.10285714285714286,0.08571428571428572,0.24,0.02857142857142857,0.37714285714285717,middle_finger_medium_skin_tone,1219,🖕🏽,middle finger: medium skin tone,People & Body,hand-single-finger
t-shirt,,,,,,,t-shirt,119,👕,t-shirt,Objects,clothing
seedling,0.035398230088495575,0.5575221238938053,0.09734513274336283,0.168141592920354,0.08849557522123894,0.05309734513274336,seedling,921,🌱,seedling,Animals & Nature,plant-other
person_with_veil_medium_skin_tone,,,,,,,person_with_veil_medium_skin_tone,14,👰🏽,person with veil: medium skin tone,People & Body,person-role
pouting_cat,,,,,,,pouting_cat,385,😾,pouting cat,Smileys & Emotion,cat-face
person_frowning,0.0,0.0,0.0,0.5,0.5,0.0,person_frowning,19,🙍,person frowning,People & Body,person-gesture
person_running_medium-light_skin_tone,,,,,,,person_running_medium-light_skin_tone,10,🏃🏼,person running: medium-light skin tone,People & Body,person-activity
thumbs_down_dark_skin_tone,0.13043478260869565,0.1956521739130435,0.0,0.43478260869565216,0.17391304347826086,0.06521739130434782,thumbs_down_dark_skin_tone,190,👎🏿,thumbs down: dark skin tone,People & Body,hand-fingers-closed
woman_dark_skin_tone_curly_hair,,,,,,,woman_dark_skin_tone_curly_hair,3,👩🏿‍🦱,"woman: dark skin tone, curly hair",People & Body,person
mx_claus_light_skin_tone,,,,,,,mx_claus_light_skin_tone,1,🧑🏻‍🎄,mx claus: light skin tone,People & Body,person-fantasy
test_tube,0.0,1.0,0.0,0.0,0.0,0.0,test_tube,20,🧪,test tube,Objects,science
magnifying_glass_tilted_left,0.04281345565749235,0.6972477064220184,0.10091743119266056,0.10703363914373089,0.05198776758409786,0.0,magnifying_glass_tilted_left,1334,🔍,magnifying glass tilted left,Objects,light & video
person_cartwheeling_medium_skin_tone,,,,,,,person_cartwheeling_medium_skin_tone,1,🤸🏽,person cartwheeling: medium skin tone,People & Body,person-sport
raising_hands_medium_skin_tone,0.012048192771084338,0.6465863453815262,0.008032128514056224,0.17670682730923695,0.07630522088353414,0.08032128514056225,raising_hands_medium_skin_tone,2203,🙌🏽,raising hands: medium skin tone,People & Body,hands
teddy_bear,0.0,0.8,0.0,0.2,0.0,0.0,teddy_bear,59,🧸,teddy bear,Activities,game
person_blond_hair,,,,,,,person_blond_hair,17,👱,person: blond hair,People & Body,person
Nicaragua,,,,,,,Nicaragua,8,🇳🇮,flag: Nicaragua,Flags,country-flag
toothbrush,0.16666666666666666,0.3333333333333333,0.16666666666666666,0.0,0.16666666666666666,0.16666666666666666,toothbrush,2,🪥,toothbrush,Objects,household
prince_dark_skin_tone,0.0,0.5,0.0,0.5,0.0,0.0,prince_dark_skin_tone,8,🤴🏿,prince: dark skin tone,People & Body,person-role
Morocco,,,,,,,Morocco,122,🇲🇦,flag: Morocco,Flags,country-flag
oncoming_bus,1.0,0.0,0.0,0.0,0.0,0.0,oncoming_bus,11,🚍,oncoming bus,Travel & Places,transport-ground
person_walking_medium-dark_skin_tone,,,,,,,person_walking_medium-dark_skin_tone,8,🚶🏾,person walking: medium-dark skin tone,People & Body,person-activity
man_raising_hand_medium_skin_tone,,,,,,,man_raising_hand_medium_skin_tone,45,🙋🏽‍♂️,man raising hand: medium skin tone,People & Body,person-gesture
Malta,,,,,,,Malta,5,🇲🇹,flag: Malta,Flags,country-flag
cow,0.11337868480725624,0.1655328798185941,0.14512471655328799,0.26077097505668934,0.047619047619047616,0.2675736961451247,cow,187,🐄,cow,Animals & Nature,animal-mammal
woman_guard_medium_skin_tone,,,,,,,woman_guard_medium_skin_tone,1,💂🏽‍♀️,woman guard: medium skin tone,People & Body,person-role
ice_hockey,0.0,0.7692307692307693,0.0,0.0,0.23076923076923078,0.0,ice_hockey,118,🏒,ice hockey,Activities,sport
man_cartwheeling,,,,,,,man_cartwheeling,18,🤸‍♂️,man cartwheeling,People & Body,person-sport
chopsticks,0.1,0.7,0.1,0.1,0.0,0.0,chopsticks,13,🥢,chopsticks,Food & Drink,dishware
stopwatch,0.0,0.5,0.16666666666666666,0.16666666666666666,0.0,0.16666666666666666,stopwatch,98,⏱️,stopwatch,Travel & Places,time
Norway,,,,,,,Norway,25,🇳🇴,flag: Norway,Flags,country-flag
mosque,0.0,0.25,0.125,0.5,0.125,0.0,mosque,11,🕌,mosque,Travel & Places,place-religious
person_in_suit_levitating_medium_skin_tone,,,,,,,person_in_suit_levitating_medium_skin_tone,2,🕴🏽,person in suit levitating: medium skin tone,People & Body,person-activity
taco,0.07801418439716312,0.3546099290780142,0.1016548463356974,0.19858156028368795,0.06855791962174941,0.19858156028368795,taco,427,🌮,taco,Food & Drink,food-prepared
person_cartwheeling_medium-dark_skin_tone,,,,,,,person_cartwheeling_medium-dark_skin_tone,3,🤸🏾,person cartwheeling: medium-dark skin tone,People & Body,person-sport
selfie_medium-light_skin_tone,,,,,,,selfie_medium-light_skin_tone,3,🤳🏼,selfie: medium-light skin tone,People & Body,hand-prop
hedgehog,0.06666666666666667,0.6333333333333333,0.06666666666666667,0.1,0.0,0.13333333333333333,hedgehog,22,🦔,hedgehog,Animals & Nature,animal-mammal
cheese_wedge,0.022727272727272728,0.6818181818181818,0.045454545454545456,0.09090909090909091,0.09090909090909091,0.06818181818181818,cheese_wedge,527,🧀,cheese wedge,Food & Drink,food-prepared
woman_scientist_light_skin_tone,0.0,0.0,0.0,0.0,0.0,1.0,woman_scientist_light_skin_tone,4,👩🏻‍🔬,woman scientist: light skin tone,People & Body,person-role
person_facepalming_light_skin_tone,0.0,0.2,0.1,0.1,0.4,0.2,person_facepalming_light_skin_tone,83,🤦🏻,person facepalming: light skin tone,People & Body,person-gesture
woman_golfing_medium-dark_skin_tone,,,,,,,woman_golfing_medium-dark_skin_tone,1,🏌🏾‍♀️,woman golfing: medium-dark skin tone,People & Body,person-sport
tanabata_tree,0.0,1.0,0.0,0.0,0.0,0.0,tanabata_tree,10,🎋,tanabata tree,Activities,event
broken_heart,0.14392523364485982,0.3107476635514019,0.28785046728971964,0.13130841121495326,0.03271028037383177,0.09345794392523364,broken_heart,12341,💔,broken heart,Smileys & Emotion,emotion
woman_surfing_medium-light_skin_tone,,,,,,,woman_surfing_medium-light_skin_tone,9,🏄🏼‍♀️,woman surfing: medium-light skin tone,People & Body,person-sport
fairy_medium-dark_skin_tone,,,,,,,fairy_medium-dark_skin_tone,1,🧚🏾,fairy: medium-dark skin tone,People & Body,person-fantasy
vampire_light_skin_tone,0.0,0.75,0.0,0.25,0.0,0.0,vampire_light_skin_tone,5,🧛🏻,vampire: light skin tone,People & Body,person-fantasy
worried_face,0.11646586345381527,0.44377510040160645,0.21084337349397592,0.0783132530120482,0.11646586345381527,0.03413654618473896,worried_face,3517,😟,worried face,Smileys & Emotion,face-concerned
toilet,0.0625,0.1766304347826087,0.15489130434782608,0.11956521739130435,0.06793478260869565,0.41847826086956524,toilet,106,🚽,toilet,Objects,household
Belgium,,,,,,,Belgium,95,🇧🇪,flag: Belgium,Flags,country-flag
man_police_officer_light_skin_tone,0.0,1.0,0.0,0.0,0.0,0.0,man_police_officer_light_skin_tone,26,👮🏻‍♂️,man police officer: light skin tone,People & Body,person-role
baby_angel_medium_skin_tone,,,,,,,baby_angel_medium_skin_tone,4,👼🏽,baby angel: medium skin tone,People & Body,person-fantasy
woman_firefighter_light_skin_tone,,,,,,,woman_firefighter_light_skin_tone,2,👩🏻‍🚒,woman firefighter: light skin tone,People & Body,person-role
martial_arts_uniform,0.0,0.6666666666666666,0.0,0.0,0.2222222222222222,0.1111111111111111,martial_arts_uniform,83,🥋,martial arts uniform,Activities,sport
Denmark,,,,,,,Denmark,49,🇩🇰,flag: Denmark,Flags,country-flag
hand_with_fingers_splayed_medium_skin_tone,0.0,0.0,0.0,1.0,0.0,0.0,hand_with_fingers_splayed_medium_skin_tone,24,🖐🏽,hand with fingers splayed: medium skin tone,People & Body,hand-fingers-open
waning_gibbous_moon,,,,,,,waning_gibbous_moon,13,🌖,waning gibbous moon,Travel & Places,sky & weather
guard,0.06557377049180328,0.48633879781420764,0.11475409836065574,0.17486338797814208,0.08196721311475409,0.07650273224043716,guard,9,💂,guard,People & Body,person-role
Croatia,,,,,,,Croatia,16,🇭🇷,flag: Croatia,Flags,country-flag
input_latin_lowercase,,,,,,,input_latin_lowercase,3,🔡,input latin lowercase,Symbols,alphanum
no_one_under_eighteen,0.0,0.5,0.25,0.0,0.0,0.25,no_one_under_eighteen,62,🔞,no one under eighteen,Symbols,warning
cat_with_tears_of_joy,,,,,,,cat_with_tears_of_joy,722,😹,cat with tears of joy,Smileys & Emotion,cat-face
see-no-evil_monkey,,,,,,,see-no-evil_monkey,4948,🙈,see-no-evil monkey,Smileys & Emotion,monkey-face
person_running,0.05,0.8,0.05,0.025,0.05,0.025,person_running,510,🏃,person running,People & Body,person-activity
mountain,0.04229607250755287,0.30513595166163143,0.07854984894259819,0.1933534743202417,0.2930513595166163,0.08761329305135952,mountain,58,⛰️,mountain,Travel & Places,place-geographic
man_standing_light_skin_tone,,,,,,,man_standing_light_skin_tone,1,🧍🏻‍♂️,man standing: light skin tone,People & Body,person-activity
man_golfing_medium_skin_tone,0.0,0.0,0.0,0.0,0.0,1.0,man_golfing_medium_skin_tone,5,🏌🏽‍♂️,man golfing: medium skin tone,People & Body,person-sport
Bermuda,,,,,,,Bermuda,5,🇧🇲,flag: Bermuda,Flags,country-flag
backhand_index_pointing_right_medium_skin_tone,0.0,0.7142857142857143,0.07142857142857142,0.14285714285714285,0.07142857142857142,0.0,backhand_index_pointing_right_medium_skin_tone,316,👉🏽,backhand index pointing right: medium skin tone,People & Body,hand-single-finger
guard_medium-dark_skin_tone,,,,,,,guard_medium-dark_skin_tone,3,💂🏾,guard: medium-dark skin tone,People & Body,person-role
Kazakhstan,,,,,,,Kazakhstan,14,🇰🇿,flag: Kazakhstan,Flags,country-flag
woman_getting_massage_light_skin_tone,0.0,0.5,0.5,0.0,0.0,0.0,woman_getting_massage_light_skin_tone,34,💆🏻‍♀️,woman getting massage: light skin tone,People & Body,person-activity
stadium,0.08333333333333333,0.5,0.075,0.125,0.058333333333333334,0.15833333333333333,stadium,43,🏟️,stadium,Travel & Places,place-building
man_dancing_dark_skin_tone,,,,,,,man_dancing_dark_skin_tone,11,🕺🏿,man dancing: dark skin tone,People & Body,person-activity
fleur-de-lis,,,,,,,fleur-de-lis,38,⚜️,fleur-de-lis,Symbols,other-symbol
woman_and_man_holding_hands_light_skin_tone_dark_skin_tone,,,,,,,woman_and_man_holding_hands_light_skin_tone_dark_skin_tone,1,👩🏻‍🤝‍👨🏿,"woman and man holding hands: light skin tone, dark skin tone",People & Body,family
racing_car,0.017543859649122806,0.7719298245614035,0.03508771929824561,0.017543859649122806,0.15789473684210525,0.0,racing_car,388,🏎️,racing car,Travel & Places,transport-ground
man_light_skin_tone_bald,,,,,,,man_light_skin_tone_bald,4,👨🏻‍🦲,"man: light skin tone, bald",People & Body,person
eagle,0.041666666666666664,0.4166666666666667,0.16666666666666666,0.3333333333333333,0.041666666666666664,0.0,eagle,167,🦅,eagle,Animals & Nature,animal-bird
person_standing_medium_skin_tone,,,,,,,person_standing_medium_skin_tone,7,🧍🏽,person standing: medium skin tone,People & Body,person-activity
woman_mechanic_medium-dark_skin_tone,,,,,,,woman_mechanic_medium-dark_skin_tone,1,👩🏾‍🔧,woman mechanic: medium-dark skin tone,People & Body,person-role
blue_square,0.0,1.0,0.0,0.0,0.0,0.0,blue_square,45,🟦,blue square,Symbols,geometric
backhand_index_pointing_left_medium_skin_tone,0.0,0.75,0.0625,0.125,0.0625,0.0,backhand_index_pointing_left_medium_skin_tone,312,👈🏽,backhand index pointing left: medium skin tone,People & Body,hand-single-finger
Wales,,,,,,,Wales,74,🏴󠁧󠁢󠁷󠁬󠁳󠁿,flag: Wales,Flags,subdivision-flag
man_technologist_medium-dark_skin_tone,,,,,,,man_technologist_medium-dark_skin_tone,13,👨🏾‍💻,man technologist: medium-dark skin tone,People & Body,person-role
Japanese_prohibited_button,,,,,,,Japanese_prohibited_button,7,🈲,Japanese “prohibited” button,Symbols,alphanum
man_white_hair,,,,,,,man_white_hair,2,👨‍🦳,man: white hair,People & Body,person
baby_angel,0.0,0.4583333333333333,0.08333333333333333,0.375,0.041666666666666664,0.041666666666666664,baby_angel,150,👼,baby angel,People & Body,person-fantasy
woman_detective_medium-light_skin_tone,,,,,,,woman_detective_medium-light_skin_tone,12,🕵🏼‍♀️,woman detective: medium-light skin tone,People & Body,person-role
spiral_notepad,,,,,,,spiral_notepad,17,🗒️,spiral notepad,Objects,office
person_wearing_turban_medium-light_skin_tone,,,,,,,person_wearing_turban_medium-light_skin_tone,1,👳🏼,person wearing turban: medium-light skin tone,People & Body,person-role
palms_up_together_medium_skin_tone,0.08333333333333333,0.4166666666666667,0.08333333333333333,0.08333333333333333,0.3333333333333333,0.0,palms_up_together_medium_skin_tone,69,🤲🏽,palms up together: medium skin tone,People & Body,hands
placard,0.0,0.0,0.0,1.0,0.0,0.0,placard,3,🪧,placard,Objects,other-object
person_dark_skin_tone,,,,,,,person_dark_skin_tone,1,🧑🏿,person: dark skin tone,People & Body,person
woman_facepalming_medium-dark_skin_tone,,,,,,,woman_facepalming_medium-dark_skin_tone,1250,🤦🏾‍♀️,woman facepalming: medium-dark skin tone,People & Body,person-gesture
shushing_face,0.017094017094017096,0.4188034188034188,0.02564102564102564,0.09401709401709402,0.09401709401709402,0.3504273504273504,shushing_face,721,🤫,shushing face,Smileys & Emotion,face-hand
brain,0.11255411255411256,0.18614718614718614,0.2958152958152958,0.2077922077922078,0.030303030303030304,0.1673881673881674,brain,218,🧠,brain,People & Body,body-parts
woman_police_officer_medium-light_skin_tone,,,,,,,woman_police_officer_medium-light_skin_tone,8,👮🏼‍♀️,woman police officer: medium-light skin tone,People & Body,person-role
paintbrush,0.0,0.6363636363636364,0.18181818181818182,0.0,0.18181818181818182,0.0,paintbrush,43,🖌️,paintbrush,Objects,writing
snowboarder,,,,,,,snowboarder,15,🏂,snowboarder,People & Body,person-sport
Turkey,,,,,,,Turkey,576,🇹🇷,flag: Turkey,Flags,country-flag
person_pouting_medium_skin_tone,,,,,,,person_pouting_medium_skin_tone,2,🙎🏽,person pouting: medium skin tone,People & Body,person-gesture
woman_getting_massage,,,,,,,woman_getting_massage,44,💆‍♀️,woman getting massage,People & Body,person-activity
headstone,0.0,0.3333333333333333,0.6666666666666666,0.0,0.0,0.0,headstone,9,🪦,headstone,Objects,other-object
man_health_worker_medium-dark_skin_tone,,,,,,,man_health_worker_medium-dark_skin_tone,2,👨🏾‍⚕️,man health worker: medium-dark skin tone,People & Body,person-role
globe_showing_Europe-Africa,,,,,,,globe_showing_Europe-Africa,1398,🌍,globe showing Europe-Africa,Travel & Places,place-map
person_cartwheeling,0.0,0.9,0.0,0.0,0.0,0.1,person_cartwheeling,68,🤸,person cartwheeling,People & Body,person-sport
Japanese_acceptable_button,,,,,,,Japanese_acceptable_button,1,🉑,Japanese “acceptable” button,Symbols,alphanum
candle,0.006944444444444444,0.7291666666666666,0.10416666666666667,0.0763888888888889,0.04861111111111111,0.034722222222222224,candle,1019,🕯️,candle,Objects,light & video
victory_hand_medium-dark_skin_tone,,,,,,,victory_hand_medium-dark_skin_tone,322,✌🏾,victory hand: medium-dark skin tone,People & Body,hand-fingers-partial
man_shrugging,,,,,,,man_shrugging,2002,🤷‍♂️,man shrugging,People & Body,person-gesture
women_holding_hands_medium-dark_skin_tone,,,,,,,women_holding_hands_medium-dark_skin_tone,1,👭🏾,women holding hands: medium-dark skin tone,People & Body,family
tropical_drink,0.0,0.7894736842105263,0.10526315789473684,0.02631578947368421,0.07894736842105263,0.0,tropical_drink,225,🍹,tropical drink,Food & Drink,drink
fuel_pump,0.0,0.6666666666666666,0.0,0.0,0.0,0.3333333333333333,fuel_pump,123,⛽,fuel pump,Travel & Places,transport-ground
antenna_bars,0.0,0.84375,0.0,0.03125,0.09375,0.03125,antenna_bars,275,📶,antenna bars,Symbols,av-symbol
flatbread,0.13333333333333333,0.4,0.2,0.2,0.0,0.06666666666666667,flatbread,1,🫓,flatbread,Food & Drink,food-prepared
face_with_medical_mask,0.09063444108761329,0.2175226586102719,0.10574018126888217,0.21148036253776434,0.0513595166163142,0.32326283987915405,face_with_medical_mask,2572,😷,face with medical mask,Smileys & Emotion,face-unwell
chair,0.0641025641025641,0.48717948717948717,0.1346153846153846,0.17307692307692307,0.038461538461538464,0.10256410256410256,chair,8,🪑,chair,Objects,household
woman_in_lotus_position_medium-dark_skin_tone,,,,,,,woman_in_lotus_position_medium-dark_skin_tone,3,🧘🏾‍♀️,woman in lotus position: medium-dark skin tone,People & Body,person-resting
chains,0.3837837837837838,0.1945945945945946,0.13513513513513514,0.15135135135135136,0.021621621621621623,0.11351351351351352,chains,93,⛓️,chains,Objects,tool
woman_frowning_medium_skin_tone,0.0,0.3333333333333333,0.0,0.3333333333333333,0.3333333333333333,0.0,woman_frowning_medium_skin_tone,7,🙍🏽‍♀️,woman frowning: medium skin tone,People & Body,person-gesture
woman_swimming_light_skin_tone,0.0,1.0,0.0,0.0,0.0,0.0,woman_swimming_light_skin_tone,5,🏊🏻‍♀️,woman swimming: light skin tone,People & Body,person-sport
red_exclamation_mark,,,,,,,red_exclamation_mark,2380,❗,red exclamation mark,Symbols,punctuation
woman_singer_medium-dark_skin_tone,,,,,,,woman_singer_medium-dark_skin_tone,3,👩🏾‍🎤,woman singer: medium-dark skin tone,People & Body,person-role
woman_cartwheeling_medium_skin_tone,,,,,,,woman_cartwheeling_medium_skin_tone,26,🤸🏽‍♀️,woman cartwheeling: medium skin tone,People & Body,person-sport
sun_behind_small_cloud,0.0,1.0,0.0,0.0,0.0,0.0,sun_behind_small_cloud,38,🌤️,sun behind small cloud,Travel & Places,sky & weather
crossed_fingers_light_skin_tone,0.020134228187919462,0.785234899328859,0.087248322147651,0.04697986577181208,0.053691275167785234,0.006711409395973154,crossed_fingers_light_skin_tone,1537,🤞🏻,crossed fingers: light skin tone,People & Body,hand-fingers-partial
man_supervillain_light_skin_tone,,,,,,,man_supervillain_light_skin_tone,5,🦹🏻‍♂️,man supervillain: light skin tone,People & Body,person-fantasy
coat,0.01893939393939394,0.6439393939393939,0.125,0.125,0.04924242424242424,0.03787878787878788,coat,20,🧥,coat,Objects,clothing
dashing_away,0.029411764705882353,0.5,0.029411764705882353,0.17647058823529413,0.058823529411764705,0.20588235294117646,dashing_away,719,💨,dashing away,Smileys & Emotion,emotion
chocolate_bar,0.008928571428571428,0.8214285714285714,0.03571428571428571,0.0625,0.0625,0.008928571428571428,chocolate_bar,786,🍫,chocolate bar,Food & Drink,food-sweet
bear,0.06666666666666667,0.5978494623655914,0.08602150537634409,0.12043010752688173,0.07741935483870968,0.05161290322580645,bear,715,🐻,bear,Animals & Nature,animal-mammal
person_wearing_turban,0.0,1.0,0.0,0.0,0.0,0.0,person_wearing_turban,6,👳,person wearing turban,People & Body,person-role
British_Virgin_Islands,,,,,,,British_Virgin_Islands,1,🇻🇬,flag: British Virgin Islands,Flags,country-flag
India,,,,,,,India,503,🇮🇳,flag: India,Flags,country-flag
Lebanon,,,,,,,Lebanon,21,🇱🇧,flag: Lebanon,Flags,country-flag
face_with_tears_of_joy,0.05528265107212476,0.5184405458089668,0.0715009746588694,0.16623781676413255,0.040857699805068225,0.14768031189083822,face_with_tears_of_joy,101488,😂,face with tears of joy,Smileys & Emotion,face-smiling
Moldova,,,,,,,Moldova,2,🇲🇩,flag: Moldova,Flags,country-flag
roll_of_paper,,,,,,,roll_of_paper,22,🧻,roll of paper,Objects,household
bug,0.09863945578231292,0.36394557823129253,0.1360544217687075,0.20408163265306123,0.08503401360544217,0.11224489795918367,bug,653,🐛,bug,Animals & Nature,animal-bug
keycap_6,0.0,0.0,0.0,0.0,1.0,0.0,keycap_6,17,6️⃣,keycap: 6,Symbols,keycap
mirror,0.0614406779661017,0.4385593220338983,0.1228813559322034,0.17584745762711865,0.06779661016949153,0.13347457627118645,mirror,2,🪞,mirror,Objects,household
man_farmer_medium-light_skin_tone,,,,,,,man_farmer_medium-light_skin_tone,3,👨🏼‍🌾,man farmer: medium-light skin tone,People & Body,person-role
sunflower,0.022099447513812154,0.8950276243093923,0.022099447513812154,0.03867403314917127,0.022099447513812154,0.0,sunflower,591,🌻,sunflower,Animals & Nature,plant-flower
snowman_without_snow,0.024691358024691357,0.9012345679012346,0.012345679012345678,0.012345679012345678,0.04938271604938271,0.0,snowman_without_snow,347,⛄,snowman without snow,Travel & Places,sky & weather
game_die,0.16666666666666666,0.16666666666666666,0.0,0.16666666666666666,0.16666666666666666,0.3333333333333333,game_die,51,🎲,game die,Activities,game
Belarus,,,,,,,Belarus,1,🇧🇾,flag: Belarus,Flags,country-flag
black_medium_square,,,,,,,black_medium_square,16,◼️,black medium square,Symbols,geometric
woman_shrugging_light_skin_tone,0.07834101382488479,0.3456221198156682,0.1336405529953917,0.12442396313364056,0.12442396313364056,0.1935483870967742,woman_shrugging_light_skin_tone,2279,🤷🏻‍♀️,woman shrugging: light skin tone,People & Body,person-gesture
up-down_arrow,,,,,,,up-down_arrow,10,↕️,up-down arrow,Symbols,arrow
police_officer_medium_skin_tone,,,,,,,police_officer_medium_skin_tone,9,👮🏽,police officer: medium skin tone,People & Body,person-role
person_tipping_hand_medium-light_skin_tone,,,,,,,person_tipping_hand_medium-light_skin_tone,116,💁🏼,person tipping hand: medium-light skin tone,People & Body,person-gesture
calendar,0.0379746835443038,0.6860759493670886,0.07341772151898734,0.11139240506329114,0.07341772151898734,0.017721518987341773,calendar,46,📅,calendar,Objects,office
red_apple,0.0821917808219178,0.7534246575342466,0.0136986301369863,0.0684931506849315,0.0273972602739726,0.0547945205479452,red_apple,541,🍎,red apple,Food & Drink,food-fruit
open_hands_light_skin_tone,0.2,0.6,0.0,0.2,0.0,0.0,open_hands_light_skin_tone,30,👐🏻,open hands: light skin tone,People & Body,hands
man_pilot_medium-dark_skin_tone,,,,,,,man_pilot_medium-dark_skin_tone,1,👨🏾‍✈️,man pilot: medium-dark skin tone,People & Body,person-role
person_with_white_cane_medium_skin_tone,,,,,,,person_with_white_cane_medium_skin_tone,3,🧑🏽‍🦯,person with white cane: medium skin tone,People & Body,person-activity
man_astronaut_dark_skin_tone,,,,,,,man_astronaut_dark_skin_tone,1,👨🏿‍🚀,man astronaut: dark skin tone,People & Body,person-role
bell_with_slash,,,,,,,bell_with_slash,5,🔕,bell with slash,Objects,sound
Cyprus,,,,,,,Cyprus,4,🇨🇾,flag: Cyprus,Flags,country-flag
Lithuania,,,,,,,Lithuania,5,🇱🇹,flag: Lithuania,Flags,country-flag
SOON_arrow,,,,,,,SOON_arrow,98,🔜,SOON arrow,Symbols,arrow
busts_in_silhouette,0.07692307692307693,0.6923076923076923,0.07692307692307693,0.0,0.07692307692307693,0.07692307692307693,busts_in_silhouette,71,👥,busts in silhouette,People & Body,person-symbol
slot_machine,0.0,0.14285714285714285,0.0,0.0,0.14285714285714285,0.7142857142857143,slot_machine,24,🎰,slot machine,Activities,game
man_with_white_cane_dark_skin_tone,,,,,,,man_with_white_cane_dark_skin_tone,1,👨🏿‍🦯,man with white cane: dark skin tone,People & Body,person-activity
woman_and_man_holding_hands_light_skin_tone_medium_skin_tone,,,,,,,woman_and_man_holding_hands_light_skin_tone_medium_skin_tone,1,👩🏻‍🤝‍👨🏽,"woman and man holding hands: light skin tone, medium skin tone",People & Body,family
judge_light_skin_tone,,,,,,,judge_light_skin_tone,1,🧑🏻‍⚖️,judge: light skin tone,People & Body,person-role
person_medium-dark_skin_tone_blond_hair,,,,,,,person_medium-dark_skin_tone_blond_hair,3,👱🏾,"person: medium-dark skin tone, blond hair",People & Body,person
ping_pong,,,,,,,ping_pong,53,🏓,ping pong,Activities,sport
cucumber,0.09302325581395349,0.6395348837209303,0.08139534883720931,0.08139534883720931,0.03488372093023256,0.06976744186046512,cucumber,112,🥒,cucumber,Food & Drink,food-vegetable
Curaçao,,,,,,,Curaçao,6,🇨🇼,flag: Curaçao,Flags,country-flag
couple_with_heart_man_man,0.0,0.6363636363636364,0.0,0.36363636363636365,0.0,0.0,couple_with_heart_man_man,16,👨‍❤️‍👨,"couple with heart: man, man",People & Body,family
man_kneeling_medium_skin_tone,,,,,,,man_kneeling_medium_skin_tone,1,🧎🏽‍♂️,man kneeling: medium skin tone,People & Body,person-activity
globe_with_meridians,0.0,0.4117647058823529,0.058823529411764705,0.35294117647058826,0.17647058823529413,0.0,globe_with_meridians,153,🌐,globe with meridians,Travel & Places,place-map
water_wave,0.03389830508474576,0.6610169491525424,0.06779661016949153,0.2033898305084746,0.03389830508474576,0.0,water_wave,626,🌊,water wave,Travel & Places,sky & weather
sparkling_heart,0.01712962962962963,0.8870370370370371,0.02638888888888889,0.022222222222222223,0.03611111111111111,0.011111111111111112,sparkling_heart,9133,💖,sparkling heart,Smileys & Emotion,emotion
vulcan_salute_medium_skin_tone,0.25,0.75,0.0,0.0,0.0,0.0,vulcan_salute_medium_skin_tone,29,🖖🏽,vulcan salute: medium skin tone,People & Body,hand-fingers-open
fast_down_button,1.0,0.0,0.0,0.0,0.0,0.0,fast_down_button,27,⏬,fast down button,Symbols,av-symbol
face_with_raised_eyebrow,0.07462686567164178,0.2512437810945274,0.11194029850746269,0.22885572139303484,0.09203980099502487,0.24129353233830847,face_with_raised_eyebrow,4597,🤨,face with raised eyebrow,Smileys & Emotion,face-neutral-skeptical
bison,0.25,0.125,0.125,0.5,0.0,0.0,bison,1,🦬,bison,Animals & Nature,animal-mammal
gem_stone,0.04672897196261682,0.6448598130841121,0.08411214953271028,0.04672897196261682,0.1308411214953271,0.04672897196261682,gem_stone,870,💎,gem stone,Objects,clothing
speaker_medium_volume,0.0,1.0,0.0,0.0,0.0,0.0,speaker_medium_volume,18,🔉,speaker medium volume,Objects,sound
one-piece_swimsuit,,,,,,,one-piece_swimsuit,1,🩱,one-piece swimsuit,Objects,clothing
family_man_woman_boy,0.0,1.0,0.0,0.0,0.0,0.0,family_man_woman_boy,35,👨‍👩‍👦,"family: man, woman, boy",People & Body,family
person_light_skin_tone_beard,,,,,,,person_light_skin_tone_beard,15,🧔🏻,"person: light skin tone, beard",People & Body,person
trackball,0.0,1.0,0.0,0.0,0.0,0.0,trackball,4,🖲️,trackball,Objects,computer
man_fairy,,,,,,,man_fairy,20,🧚‍♂️,man fairy,People & Body,person-fantasy
violin,0.06896551724137931,0.6551724137931034,0.06896551724137931,0.13793103448275862,0.034482758620689655,0.034482758620689655,violin,79,🎻,violin,Objects,musical-instrument
woman_cook,0.0,0.6666666666666666,0.0,0.0,0.0,0.3333333333333333,woman_cook,38,👩‍🍳,woman cook,People & Body,person-role
open_mailbox_with_raised_flag,0.25,0.5,0.0,0.25,0.0,0.0,open_mailbox_with_raised_flag,40,📬,open mailbox with raised flag,Objects,mail
Afghanistan,,,,,,,Afghanistan,8,🇦🇫,flag: Afghanistan,Flags,country-flag
person_in_tuxedo_medium-light_skin_tone,,,,,,,person_in_tuxedo_medium-light_skin_tone,5,🤵🏼,person in tuxedo: medium-light skin tone,People & Body,person-role
unicorn,0.012658227848101266,0.3924050632911392,0.08860759493670886,0.05063291139240506,0.3037974683544304,0.1518987341772152,unicorn,305,🦄,unicorn,Animals & Nature,animal-mammal
wheel_of_dharma,,,,,,,wheel_of_dharma,8,☸️,wheel of dharma,Symbols,religion
person_gesturing_NO_light_skin_tone,,,,,,,person_gesturing_NO_light_skin_tone,34,🙅🏻,person gesturing NO: light skin tone,People & Body,person-gesture
horse_racing_medium_skin_tone,,,,,,,horse_racing_medium_skin_tone,1,🏇🏽,horse racing: medium skin tone,People & Body,person-sport
purple_circle,0.16666666666666666,0.6666666666666666,0.0,0.16666666666666666,0.0,0.0,purple_circle,10,🟣,purple circle,Symbols,geometric
ATM_sign,,,,,,,ATM_sign,11,🏧,ATM sign,Symbols,transport-sign
woman_standing_dark_skin_tone,,,,,,,woman_standing_dark_skin_tone,3,🧍🏿‍♀️,woman standing: dark skin tone,People & Body,person-activity
pinched_fingers_medium-light_skin_tone,,,,,,,pinched_fingers_medium-light_skin_tone,38,🤌🏼,pinched fingers: medium-light skin tone,People & Body,hand-fingers-partial
airplane,0.03773584905660377,0.5094339622641509,0.16981132075471697,0.1509433962264151,0.09433962264150944,0.03773584905660377,airplane,1127,✈️,airplane,Travel & Places,transport-air
person_cartwheeling_light_skin_tone,0.0,0.5,0.0,0.0,0.5,0.0,person_cartwheeling_light_skin_tone,4,🤸🏻,person cartwheeling: light skin tone,People & Body,person-sport
keycap_9,0.0,0.0,0.0,0.6666666666666666,0.3333333333333333,0.0,keycap_9,26,9️⃣,keycap: 9,Symbols,keycap
sleepy_face,0.057208237986270026,0.2997711670480549,0.37528604118993136,0.16475972540045766,0.034324942791762014,0.06864988558352403,sleepy_face,3629,😪,sleepy face,Smileys & Emotion,face-sleepy
Estonia,,,,,,,Estonia,3,🇪🇪,flag: Estonia,Flags,country-flag
baby_medium_skin_tone,0.0,1.0,0.0,0.0,0.0,0.0,baby_medium_skin_tone,24,👶🏽,baby: medium skin tone,People & Body,person
man_standing_medium-dark_skin_tone,,,,,,,man_standing_medium-dark_skin_tone,2,🧍🏾‍♂️,man standing: medium-dark skin tone,People & Body,person-activity
full_moon,0.0,0.9166666666666666,0.0,0.0,0.08333333333333333,0.0,full_moon,156,🌕,full moon,Travel & Places,sky & weather
Armenia,,,,,,,Armenia,58,🇦🇲,flag: Armenia,Flags,country-flag
dango,0.0,0.8,0.2,0.0,0.0,0.0,dango,30,🍡,dango,Food & Drink,food-asian
person_bouncing_ball,,,,,,,person_bouncing_ball,13,⛹️,person bouncing ball,People & Body,person-sport
man_superhero_medium-light_skin_tone,,,,,,,man_superhero_medium-light_skin_tone,3,🦸🏼‍♂️,man superhero: medium-light skin tone,People & Body,person-fantasy
woman_medium-dark_skin_tone,,,,,,,woman_medium-dark_skin_tone,6,👩🏾,woman: medium-dark skin tone,People & Body,person
person_in_suit_levitating_light_skin_tone,,,,,,,person_in_suit_levitating_light_skin_tone,12,🕴🏻,person in suit levitating: light skin tone,People & Body,person-activity
purple_heart,0.014726964681350188,0.9311221165124463,0.01563925452886746,0.017985142708197576,0.015508927407793562,0.005017594161344976,purple_heart,51958,💜,purple heart,Smileys & Emotion,emotion
woman_medium-light_skin_tone_white_hair,,,,,,,woman_medium-light_skin_tone_white_hair,3,👩🏼‍🦳,"woman: medium-light skin tone, white hair",People & Body,person
man_farmer_medium-dark_skin_tone,,,,,,,man_farmer_medium-dark_skin_tone,1,👨🏾‍🌾,man farmer: medium-dark skin tone,People & Body,person-role
foot_medium-light_skin_tone,,,,,,,foot_medium-light_skin_tone,3,🦶🏼,foot: medium-light skin tone,People & Body,body-parts
card_file_box,,,,,,,card_file_box,8,🗃️,card file box,Objects,office
panda,0.08333333333333333,0.3,0.4,0.11666666666666667,0.06666666666666667,0.03333333333333333,panda,68,🐼,panda,Animals & Nature,animal-mammal
woman_raising_hand_medium-dark_skin_tone,,,,,,,woman_raising_hand_medium-dark_skin_tone,74,🙋🏾‍♀️,woman raising hand: medium-dark skin tone,People & Body,person-gesture
moai,0.14285714285714285,0.09523809523809523,0.14285714285714285,0.5238095238095238,0.0,0.09523809523809523,moai,309,🗿,moai,Objects,other-object
cow_face,0.19230769230769232,0.34615384615384615,0.07692307692307693,0.19230769230769232,0.038461538461538464,0.15384615384615385,cow_face,128,🐮,cow face,Animals & Nature,animal-mammal
black_flag,0.0,0.5,0.0,0.25,0.0,0.25,black_flag,25,🏴,black flag,Flags,flag
delivery_truck,0.14285714285714285,0.6190476190476191,0.09523809523809523,0.09523809523809523,0.047619047619047616,0.0,delivery_truck,237,🚚,delivery truck,Travel & Places,transport-ground
men_wrestling,,,,,,,men_wrestling,10,🤼‍♂️,men wrestling,People & Body,person-sport
waving_hand_light_skin_tone,0.0,0.48,0.18,0.12,0.06,0.16,waving_hand_light_skin_tone,426,👋🏻,waving hand: light skin tone,People & Body,hand-fingers-open
badger,0.0,0.16666666666666666,0.0,0.6666666666666666,0.16666666666666666,0.0,badger,1,🦡,badger,Animals & Nature,animal-mammal
woman_vampire_medium-light_skin_tone,,,,,,,woman_vampire_medium-light_skin_tone,5,🧛🏼‍♀️,woman vampire: medium-light skin tone,People & Body,person-fantasy
kiss_woman_woman,0.0,1.0,0.0,0.0,0.0,0.0,kiss_woman_woman,44,👩‍❤️‍💋‍👩,"kiss: woman, woman",People & Body,family
face_screaming_in_fear,0.059375,0.33229166666666665,0.103125,0.3145833333333333,0.09479166666666666,0.09583333333333334,face_screaming_in_fear,7920,😱,face screaming in fear,Smileys & Emotion,face-concerned
clutch_bag,0.0,0.0,0.0,0.0,1.0,0.0,clutch_bag,9,👝,clutch bag,Objects,clothing
technologist,0.0,0.5,0.0,0.5,0.0,0.0,technologist,7,🧑‍💻,technologist,People & Body,person-role
person_in_manual_wheelchair_medium-light_skin_tone,,,,,,,person_in_manual_wheelchair_medium-light_skin_tone,1,🧑🏼‍🦽,person in manual wheelchair: medium-light skin tone,People & Body,person-activity
clapping_hands_dark_skin_tone,0.0,0.7142857142857143,0.0,0.11904761904761904,0.0,0.16666666666666666,clapping_hands_dark_skin_tone,538,👏🏿,clapping hands: dark skin tone,People & Body,hands
person_biking,0.0,0.25,0.0,0.3333333333333333,0.08333333333333333,0.3333333333333333,person_biking,76,🚴,person biking,People & Body,person-sport
woman_with_headscarf_light_skin_tone,0.0,1.0,0.0,0.0,0.0,0.0,woman_with_headscarf_light_skin_tone,7,🧕🏻,woman with headscarf: light skin tone,People & Body,person-role
graduation_cap,0.0,0.7142857142857143,0.0,0.07142857142857142,0.21428571428571427,0.0,graduation_cap,143,🎓,graduation cap,Objects,clothing
person_biking_medium-dark_skin_tone,,,,,,,person_biking_medium-dark_skin_tone,1,🚴🏾,person biking: medium-dark skin tone,People & Body,person-sport
blue_book,0.0,0.9411764705882353,0.0,0.058823529411764705,0.0,0.0,blue_book,29,📘,blue book,Objects,book-paper
Grenada,,,,,,,Grenada,1,🇬🇩,flag: Grenada,Flags,country-flag
prince_medium-dark_skin_tone,,,,,,,prince_medium-dark_skin_tone,37,🤴🏾,prince: medium-dark skin tone,People & Body,person-role
fire,0.06326623278341154,0.4044195550174058,0.06871499924322688,0.27970334493718785,0.05872559406689874,0.12517027395186922,fire,32470,🔥,fire,Travel & Places,sky & weather
mermaid_light_skin_tone,0.0,1.0,0.0,0.0,0.0,0.0,mermaid_light_skin_tone,7,🧜🏻‍♀️,mermaid: light skin tone,People & Body,person-fantasy
woman_factory_worker,,,,,,,woman_factory_worker,3,👩‍🏭,woman factory worker,People & Body,person-role
woman_swimming,,,,,,,woman_swimming,14,🏊‍♀️,woman swimming,People & Body,person-sport
mouse,0.1152073732718894,0.29493087557603687,0.09216589861751152,0.2350230414746544,0.07834101382488479,0.18433179723502305,mouse,211,🐁,mouse,Animals & Nature,animal-mammal
deaf_woman_medium-light_skin_tone,,,,,,,deaf_woman_medium-light_skin_tone,3,🧏🏼‍♀️,deaf woman: medium-light skin tone,People & Body,person-gesture
high_voltage,0.04580152671755725,0.5343511450381679,0.03435114503816794,0.061068702290076333,0.29389312977099236,0.030534351145038167,high_voltage,2733,⚡,high voltage,Travel & Places,sky & weather
Philippines,,,,,,,Philippines,168,🇵🇭,flag: Philippines,Flags,country-flag
dna,0.11428571428571428,0.26666666666666666,0.2571428571428571,0.18095238095238095,0.02857142857142857,0.1523809523809524,dna,55,🧬,dna,Objects,science
beaver,0.125,0.3333333333333333,0.08333333333333333,0.25,0.0,0.20833333333333334,beaver,1,🦫,beaver,Animals & Nature,animal-mammal
mouse_trap,,,,,,,mouse_trap,3,🪤,mouse trap,Objects,household
worm,0.045454545454545456,0.25,0.09090909090909091,0.2727272727272727,0.09090909090909091,0.25,worm,1,🪱,worm,Animals & Nature,animal-bug
cricket,0.09,0.53,0.01,0.29,0.03,0.05,cricket,98,🦗,cricket,Animals & Nature,animal-bug
place_of_worship,0.0,0.9230769230769231,0.0,0.07692307692307693,0.0,0.0,place_of_worship,214,🛐,place of worship,Symbols,religion
man_in_lotus_position_medium_skin_tone,,,,,,,man_in_lotus_position_medium_skin_tone,1,🧘🏽‍♂️,man in lotus position: medium skin tone,People & Body,person-resting
deaf_man,,,,,,,deaf_man,3,🧏‍♂️,deaf man,People & Body,person-gesture
woman_shrugging_medium_skin_tone,0.07947019867549669,0.4304635761589404,0.06622516556291391,0.15894039735099338,0.059602649006622516,0.2052980132450331,woman_shrugging_medium_skin_tone,1558,🤷🏽‍♀️,woman shrugging: medium skin tone,People & Body,person-gesture
vibration_mode,0.0,1.0,0.0,0.0,0.0,0.0,vibration_mode,38,📳,vibration mode,Symbols,av-symbol
woman_in_steamy_room_medium-light_skin_tone,,,,,,,woman_in_steamy_room_medium-light_skin_tone,3,🧖🏼‍♀️,woman in steamy room: medium-light skin tone,People & Body,person-activity
woman_playing_handball,,,,,,,woman_playing_handball,2,🤾‍♀️,woman playing handball,People & Body,person-sport
department_store,0.0,1.0,0.0,0.0,0.0,0.0,department_store,30,🏬,department store,Travel & Places,place-building
man_firefighter_dark_skin_tone,,,,,,,man_firefighter_dark_skin_tone,1,👨🏿‍🚒,man firefighter: dark skin tone,People & Body,person-role
camera_with_flash,0.02727272727272727,0.8181818181818182,0.02727272727272727,0.01818181818181818,0.09090909090909091,0.01818181818181818,camera_with_flash,1036,📸,camera with flash,Objects,light & video
woman_lifting_weights_medium-light_skin_tone,,,,,,,woman_lifting_weights_medium-light_skin_tone,6,🏋🏼‍♀️,woman lifting weights: medium-light skin tone,People & Body,person-sport
shrimp,0.058823529411764705,0.4411764705882353,0.08823529411764706,0.20588235294117646,0.029411764705882353,0.17647058823529413,shrimp,47,🦐,shrimp,Food & Drink,food-marine
raised_back_of_hand_dark_skin_tone,,,,,,,raised_back_of_hand_dark_skin_tone,6,🤚🏿,raised back of hand: dark skin tone,People & Body,hand-fingers-open
Japanese_passing_grade_button,,,,,,,Japanese_passing_grade_button,1,🈴,Japanese “passing grade” button,Symbols,alphanum
girl_dark_skin_tone,,,,,,,girl_dark_skin_tone,2,👧🏿,girl: dark skin tone,People & Body,person
Qatar,,,,,,,Qatar,8,🇶🇦,flag: Qatar,Flags,country-flag
woman_fairy_medium-dark_skin_tone,,,,,,,woman_fairy_medium-dark_skin_tone,9,🧚🏾‍♀️,woman fairy: medium-dark skin tone,People & Body,person-fantasy
person_frowning_medium_skin_tone,0.0,0.5,0.5,0.0,0.0,0.0,person_frowning_medium_skin_tone,10,🙍🏽,person frowning: medium skin tone,People & Body,person-gesture
person_in_suit_levitating_medium-light_skin_tone,,,,,,,person_in_suit_levitating_medium-light_skin_tone,4,🕴🏼,person in suit levitating: medium-light skin tone,People & Body,person-activity
pinching_hand_light_skin_tone,,,,,,,pinching_hand_light_skin_tone,38,🤏🏻,pinching hand: light skin tone,People & Body,hand-fingers-partial
fountain_pen,0.0,0.8,0.2,0.0,0.0,0.0,fountain_pen,70,🖋️,fountain pen,Objects,writing
person_biking_medium-light_skin_tone,,,,,,,person_biking_medium-light_skin_tone,3,🚴🏼,person biking: medium-light skin tone,People & Body,person-sport
woman_and_man_holding_hands_medium_skin_tone_medium-dark_skin_tone,,,,,,,woman_and_man_holding_hands_medium_skin_tone_medium-dark_skin_tone,1,👩🏽‍🤝‍👨🏾,"woman and man holding hands: medium skin tone, medium-dark skin tone",People & Body,family
deaf_man_medium_skin_tone,,,,,,,deaf_man_medium_skin_tone,3,🧏🏽‍♂️,deaf man: medium skin tone,People & Body,person-gesture
tumbler_glass,0.047619047619047616,0.7857142857142857,0.09523809523809523,0.07142857142857142,0.0,0.0,tumbler_glass,280,🥃,tumbler glass,Food & Drink,drink
raising_hands_medium-light_skin_tone,,,,,,,raising_hands_medium-light_skin_tone,2830,🙌🏼,raising hands: medium-light skin tone,People & Body,hands
man_standing_dark_skin_tone,,,,,,,man_standing_dark_skin_tone,1,🧍🏿‍♂️,man standing: dark skin tone,People & Body,person-activity
Italy,,,,,,,Italy,285,🇮🇹,flag: Italy,Flags,country-flag
woman_with_headscarf_medium-dark_skin_tone,,,,,,,woman_with_headscarf_medium-dark_skin_tone,2,🧕🏾,woman with headscarf: medium-dark skin tone,People & Body,person-role
automobile,0.0070921985815602835,0.7872340425531915,0.07801418439716312,0.05673758865248227,0.05673758865248227,0.014184397163120567,automobile,1332,🚗,automobile,Travel & Places,transport-ground
man_bowing_medium-dark_skin_tone,,,,,,,man_bowing_medium-dark_skin_tone,30,🙇🏾‍♂️,man bowing: medium-dark skin tone,People & Body,person-gesture
woman_kneeling_medium-dark_skin_tone,,,,,,,woman_kneeling_medium-dark_skin_tone,5,🧎🏾‍♀️,woman kneeling: medium-dark skin tone,People & Body,person-activity
briefcase,0.0,0.4166666666666667,0.16666666666666666,0.3333333333333333,0.08333333333333333,0.0,briefcase,63,💼,briefcase,Objects,office
club_suit,0.0,0.5,0.0,0.5,0.0,0.0,club_suit,25,♣️,club suit,Activities,game
ear,0.08300395256916997,0.5138339920948617,0.09486166007905138,0.11067193675889328,0.07905138339920949,0.11857707509881422,ear,218,👂,ear,People & Body,body-parts
Japanese_bargain_button,,,,,,,Japanese_bargain_button,3,🉐,Japanese “bargain” button,Symbols,alphanum
salt,0.11168831168831168,0.33246753246753247,0.12207792207792208,0.18441558441558442,0.08831168831168831,0.16103896103896104,salt,57,🧂,salt,Food & Drink,food-prepared
thermometer,0.0,1.0,0.0,0.0,0.0,0.0,thermometer,52,🌡️,thermometer,Travel & Places,sky & weather
clinking_beer_mugs,0.047058823529411764,0.7058823529411765,0.058823529411764705,0.09411764705882353,0.023529411764705882,0.07058823529411765,clinking_beer_mugs,475,🍻,clinking beer mugs,Food & Drink,drink
water_buffalo,0.3333333333333333,0.6666666666666666,0.0,0.0,0.0,0.0,water_buffalo,32,🐃,water buffalo,Animals & Nature,animal-mammal
Sri_Lanka,,,,,,,Sri_Lanka,116,🇱🇰,flag: Sri Lanka,Flags,country-flag
family_woman_woman_girl,0.0,1.0,0.0,0.0,0.0,0.0,family_woman_woman_girl,2,👩‍👩‍👧,"family: woman, woman, girl",People & Body,family
running_shirt,,,,,,,running_shirt,7,🎽,running shirt,Activities,sport
pinched_fingers,,,,,,,pinched_fingers,110,🤌,pinched fingers,People & Body,hand-fingers-partial
detective_light_skin_tone,0.0,0.5,0.0,0.0,0.5,0.0,detective_light_skin_tone,8,🕵🏻,detective: light skin tone,People & Body,person-role
woman_biking,,,,,,,woman_biking,17,🚴‍♀️,woman biking,People & Body,person-sport
woman_dancing_light_skin_tone,0.023809523809523808,0.8809523809523809,0.0,0.047619047619047616,0.047619047619047616,0.0,woman_dancing_light_skin_tone,454,💃🏻,woman dancing: light skin tone,People & Body,person-activity
old_woman_light_skin_tone,0.0,0.8571428571428571,0.0,0.14285714285714285,0.0,0.0,old_woman_light_skin_tone,27,👵🏻,old woman: light skin tone,People & Body,person
woman_light_skin_tone_red_hair,,,,,,,woman_light_skin_tone_red_hair,22,👩🏻‍🦰,"woman: light skin tone, red hair",People & Body,person
person_curly_hair,,,,,,,person_curly_hair,1,🧑‍🦱,person: curly hair,People & Body,person
nose_light_skin_tone,,,,,,,nose_light_skin_tone,4,👃🏻,nose: light skin tone,People & Body,body-parts
boy_medium-light_skin_tone,,,,,,,boy_medium-light_skin_tone,16,👦🏼,boy: medium-light skin tone,People & Body,person
woman_running_dark_skin_tone,,,,,,,woman_running_dark_skin_tone,6,🏃🏿‍♀️,woman running: dark skin tone,People & Body,person-activity
man_bouncing_ball,,,,,,,man_bouncing_ball,3,⛹️‍♂️,man bouncing ball,People & Body,person-sport
palms_up_together_medium-dark_skin_tone,,,,,,,palms_up_together_medium-dark_skin_tone,71,🤲🏾,palms up together: medium-dark skin tone,People & Body,hands
snake,0.09219858156028368,0.35106382978723405,0.05673758865248227,0.36524822695035464,0.031914893617021274,0.10283687943262411,snake,580,🐍,snake,Animals & Nature,animal-reptile
person_medium-dark_skin_tone_bald,,,,,,,person_medium-dark_skin_tone_bald,1,🧑🏾‍🦲,"person: medium-dark skin tone, bald",People & Body,person
sunset,0.06,0.62,0.04,0.11,0.11,0.06,sunset,41,🌇,sunset,Travel & Places,place-other
woman_walking,,,,,,,woman_walking,83,🚶‍♀️,woman walking,People & Body,person-activity
woman_cartwheeling_dark_skin_tone,,,,,,,woman_cartwheeling_dark_skin_tone,2,🤸🏿‍♀️,woman cartwheeling: dark skin tone,People & Body,person-sport
disappointed_face,0.10786106032906764,0.44149908592321757,0.3313528336380256,0.056672760511883,0.04204753199268738,0.02056672760511883,disappointed_face,11102,😞,disappointed face,Smileys & Emotion,face-concerned
nail_polish,0.04878048780487805,0.6341463414634146,0.0975609756097561,0.12195121951219512,0.024390243902439025,0.07317073170731707,nail_polish,500,💅,nail polish,People & Body,hand-prop
purple_square,,,,,,,purple_square,5,🟪,purple square,Symbols,geometric
chicken,0.05357385053573851,0.6818572268185723,0.07739952077399521,0.0801121208011212,0.032777250327772504,0.0742800307428003,chicken,1263,🐔,chicken,Animals & Nature,animal-bird
heart_decoration,0.04032258064516129,0.8870967741935484,0.024193548387096774,0.04032258064516129,0.008064516129032258,0.0,heart_decoration,413,💟,heart decoration,Smileys & Emotion,emotion
bouquet,0.003663003663003663,0.5494505494505495,0.2271062271062271,0.06593406593406594,0.13553113553113552,0.018315018315018316,bouquet,681,💐,bouquet,Animals & Nature,plant-flower
mushroom,0.015625,0.609375,0.0703125,0.15625,0.0703125,0.078125,mushroom,66,🍄,mushroom,Food & Drink,food-vegetable
older_person_light_skin_tone,,,,,,,older_person_light_skin_tone,2,🧓🏻,older person: light skin tone,People & Body,person
backhand_index_pointing_down_medium-light_skin_tone,,,,,,,backhand_index_pointing_down_medium-light_skin_tone,545,👇🏼,backhand index pointing down: medium-light skin tone,People & Body,hand-single-finger
admission_tickets,0.0,0.75,0.0,0.125,0.0,0.125,admission_tickets,150,🎟️,admission tickets,Activities,event
pilot,0.039735099337748346,0.5298013245033113,0.08609271523178808,0.09933774834437085,0.1456953642384106,0.09933774834437085,pilot,1,🧑‍✈️,pilot,People & Body,person-role
woman_in_manual_wheelchair_medium-dark_skin_tone,,,,,,,woman_in_manual_wheelchair_medium-dark_skin_tone,1,👩🏾‍🦽,woman in manual wheelchair: medium-dark skin tone,People & Body,person-activity
raised_hand_medium_skin_tone,0.2,0.4,0.2,0.2,0.0,0.0,raised_hand_medium_skin_tone,103,✋🏽,raised hand: medium skin tone,People & Body,hand-fingers-open
nail_polish_medium-dark_skin_tone,,,,,,,nail_polish_medium-dark_skin_tone,79,💅🏾,nail polish: medium-dark skin tone,People & Body,hand-prop
Kuwait,,,,,,,Kuwait,47,🇰🇼,flag: Kuwait,Flags,country-flag
woman_pouting_light_skin_tone,,,,,,,woman_pouting_light_skin_tone,15,🙎🏻‍♀️,woman pouting: light skin tone,People & Body,person-gesture
trade_mark,0.0345821325648415,0.4755043227665706,0.07492795389048991,0.04899135446685879,0.33429394812680113,0.03170028818443804,trade_mark,2106,™️,trade mark,Symbols,other-symbol
no_littering,,,,,,,no_littering,5,🚯,no littering,Symbols,warning
deaf_man_medium-light_skin_tone,,,,,,,deaf_man_medium-light_skin_tone,2,🧏🏼‍♂️,deaf man: medium-light skin tone,People & Body,person-gesture
person_frowning_dark_skin_tone,,,,,,,person_frowning_dark_skin_tone,1,🙍🏿,person frowning: dark skin tone,People & Body,person-gesture
man_cartwheeling_light_skin_tone,0.0,1.0,0.0,0.0,0.0,0.0,man_cartwheeling_light_skin_tone,8,🤸🏻‍♂️,man cartwheeling: light skin tone,People & Body,person-sport
nose_medium-dark_skin_tone,,,,,,,nose_medium-dark_skin_tone,1,👃🏾,nose: medium-dark skin tone,People & Body,body-parts
Niger,,,,,,,Niger,3,🇳🇪,flag: Niger,Flags,country-flag
woman_artist_light_skin_tone,,,,,,,woman_artist_light_skin_tone,2,👩🏻‍🎨,woman artist: light skin tone,People & Body,person-role
old_man_dark_skin_tone,0.0,1.0,0.0,0.0,0.0,0.0,old_man_dark_skin_tone,1,👴🏿,old man: dark skin tone,People & Body,person
hand_with_fingers_splayed,0.02631578947368421,0.7105263157894737,0.05263157894736842,0.10526315789473684,0.07894736842105263,0.02631578947368421,hand_with_fingers_splayed,580,🖐️,hand with fingers splayed,People & Body,hand-fingers-open
detective,0.0375,0.5,0.06666666666666667,0.31666666666666665,0.05,0.029166666666666667,detective,541,🕵️,detective,People & Body,person-role
tongue,0.057971014492753624,0.45652173913043476,0.09420289855072464,0.18115942028985507,0.09420289855072464,0.11594202898550725,tongue,626,👅,tongue,People & Body,body-parts
play_or_pause_button,1.0,0.0,0.0,0.0,0.0,0.0,play_or_pause_button,11,⏯️,play or pause button,Symbols,av-symbol
person_biking_light_skin_tone,,,,,,,person_biking_light_skin_tone,2,🚴🏻,person biking: light skin tone,People & Body,person-sport
man_juggling_medium_skin_tone,,,,,,,man_juggling_medium_skin_tone,1,🤹🏽‍♂️,man juggling: medium skin tone,People & Body,person-sport
notebook,0.09259259259259259,0.3765432098765432,0.2037037037037037,0.11728395061728394,0.09876543209876543,0.1111111111111111,notebook,37,📓,notebook,Objects,book-paper
person_taking_bath_medium-light_skin_tone,,,,,,,person_taking_bath_medium-light_skin_tone,6,🛀🏼,person taking bath: medium-light skin tone,People & Body,person-resting
lion,0.06569343065693431,0.5620437956204379,0.13138686131386862,0.11678832116788321,0.051094890510948905,0.072992700729927,lion,493,🦁,lion,Animals & Nature,animal-mammal
heart_exclamation,0.0,0.8647540983606558,0.040983606557377046,0.05737704918032787,0.03278688524590164,0.004098360655737705,heart_exclamation,1284,❣️,heart exclamation,Smileys & Emotion,emotion
up_arrow,0.0,0.0,1.0,0.0,0.0,0.0,up_arrow,666,⬆️,up arrow,Symbols,arrow
front-facing_baby_chick,,,,,,,front-facing_baby_chick,362,🐥,front-facing baby chick,Animals & Nature,animal-bird
scissors,0.3333333333333333,0.0,0.0,0.4444444444444444,0.1111111111111111,0.1111111111111111,scissors,100,✂️,scissors,Objects,office
cooked_rice,0.0,1.0,0.0,0.0,0.0,0.0,cooked_rice,32,🍚,cooked rice,Food & Drink,food-asian
man_raising_hand_medium-light_skin_tone,,,,,,,man_raising_hand_medium-light_skin_tone,30,🙋🏼‍♂️,man raising hand: medium-light skin tone,People & Body,person-gesture
woman_pouting,,,,,,,woman_pouting,5,🙎‍♀️,woman pouting,People & Body,person-gesture
locked,0.12362030905077263,0.20750551876379691,0.19205298013245034,0.22075055187637968,0.10816777041942605,0.1479028697571744,locked,107,🔒,locked,Objects,lock
person_bouncing_ball_medium-dark_skin_tone,,,,,,,person_bouncing_ball_medium-dark_skin_tone,2,⛹🏾,person bouncing ball: medium-dark skin tone,People & Body,person-sport
crossed_fingers_medium_skin_tone,0.03389830508474576,0.7796610169491526,0.01694915254237288,0.05084745762711865,0.0847457627118644,0.03389830508474576,crossed_fingers_medium_skin_tone,694,🤞🏽,crossed fingers: medium skin tone,People & Body,hand-fingers-partial
linked_paperclips,0.0,1.0,0.0,0.0,0.0,0.0,linked_paperclips,94,🖇️,linked paperclips,Objects,office
sunrise,0.05263157894736842,0.6578947368421053,0.05263157894736842,0.15789473684210525,0.05263157894736842,0.02631578947368421,sunrise,141,🌅,sunrise,Travel & Places,place-other
woman_standing_medium_skin_tone,,,,,,,woman_standing_medium_skin_tone,66,🧍🏽‍♀️,woman standing: medium skin tone,People & Body,person-activity
man_astronaut,0.0,0.3333333333333333,0.0,0.3333333333333333,0.3333333333333333,0.0,man_astronaut,15,👨‍🚀,man astronaut,People & Body,person-role
six-thirty,,,,,,,six-thirty,2,🕡,six-thirty,Travel & Places,time
abacus,,,,,,,abacus,4,🧮,abacus,Objects,computer
man_medium-light_skin_tone_bald,,,,,,,man_medium-light_skin_tone_bald,2,👨🏼‍🦲,"man: medium-light skin tone, bald",People & Body,person
coffin,0.0196078431372549,0.11764705882352941,0.39215686274509803,0.1568627450980392,0.0196078431372549,0.29411764705882354,coffin,203,⚰️,coffin,Objects,other-object
call_me_hand_medium-dark_skin_tone,,,,,,,call_me_hand_medium-dark_skin_tone,144,🤙🏾,call me hand: medium-dark skin tone,People & Body,hand-fingers-partial
nose_medium-light_skin_tone,,,,,,,nose_medium-light_skin_tone,9,👃🏼,nose: medium-light skin tone,People & Body,body-parts
yarn,0.0,0.6,0.0,0.4,0.0,0.0,yarn,26,🧶,yarn,Activities,arts & crafts
prince,0.05526315789473684,0.49605263157894736,0.08947368421052632,0.175,0.07105263157894737,0.11315789473684211,prince,206,🤴,prince,People & Body,person-role
Japan,,,,,,,Japan,208,🇯🇵,flag: Japan,Flags,country-flag
person_medium_skin_tone_blond_hair,,,,,,,person_medium_skin_tone_blond_hair,3,👱🏽,"person: medium skin tone, blond hair",People & Body,person
check_mark,0.07758620689655173,0.3879310344827586,0.08620689655172414,0.12931034482758622,0.034482758620689655,0.28448275862068967,check_mark,1922,✔️,check mark,Symbols,other-symbol
sun,0.09398496240601503,0.4642857142857143,0.09774436090225563,0.16541353383458646,0.08082706766917293,0.09774436090225563,sun,8295,☀️,sun,Travel & Places,sky & weather
banjo,0.0625,0.4375,0.15625,0.15625,0.0,0.1875,banjo,9,🪕,banjo,Objects,musical-instrument
peace_symbol,0.0,0.6666666666666666,0.3333333333333333,0.0,0.0,0.0,peace_symbol,143,☮️,peace symbol,Symbols,religion
star-struck,,,,,,,star-struck,7356,🤩,star-struck,Smileys & Emotion,face-affection
currency_exchange,0.0,1.0,0.0,0.0,0.0,0.0,currency_exchange,16,💱,currency exchange,Symbols,currency
smiling_face_with_sunglasses,0.028372900984365953,0.7608569774174869,0.028372900984365953,0.08627678054429647,0.06601042269832079,0.030110017371163866,smiling_face_with_sunglasses,17100,😎,smiling face with sunglasses,Smileys & Emotion,face-glasses
maple_leaf,0.0,0.7714285714285715,0.0,0.17142857142857143,0.02857142857142857,0.02857142857142857,maple_leaf,213,🍁,maple leaf,Animals & Nature,plant-other
keycap_0,0.0,0.7857142857142857,0.0,0.0,0.21428571428571427,0.0,keycap_0,106,0️⃣,keycap: 0,Symbols,keycap
woman_student_medium-light_skin_tone,,,,,,,woman_student_medium-light_skin_tone,7,👩🏼‍🎓,woman student: medium-light skin tone,People & Body,person-role
thinking_face,0.08261245674740485,0.3594290657439446,0.1046712802768166,0.19420415224913495,0.09948096885813149,0.15960207612456748,thinking_face,40136,🤔,thinking face,Smileys & Emotion,face-hand
CL_button,,,,,,,CL_button,4,🆑,CL button,Symbols,alphanum
man_with_white_cane_medium-dark_skin_tone,,,,,,,man_with_white_cane_medium-dark_skin_tone,2,👨🏾‍🦯,man with white cane: medium-dark skin tone,People & Body,person-activity
woman_detective_dark_skin_tone,,,,,,,woman_detective_dark_skin_tone,1,🕵🏿‍♀️,woman detective: dark skin tone,People & Body,person-role
goal_net,,,,,,,goal_net,25,🥅,goal net,Activities,sport
baby_angel_dark_skin_tone,,,,,,,baby_angel_dark_skin_tone,2,👼🏿,baby angel: dark skin tone,People & Body,person-fantasy
pick,0.09412780656303972,0.5051813471502591,0.10988773747841106,0.13363557858376512,0.0714594127806563,0.08570811744386873,pick,37,⛏️,pick,Objects,tool
woman_police_officer_medium_skin_tone,,,,,,,woman_police_officer_medium_skin_tone,3,👮🏽‍♀️,woman police officer: medium skin tone,People & Body,person-role
registered,0.04105571847507331,0.5659824046920822,0.10850439882697947,0.09970674486803519,0.12609970674486803,0.05865102639296188,registered,19174,®️,registered,Symbols,other-symbol
link,0.03037413635771086,0.18732890105592492,0.027897275453004824,0.024898970147308044,0.7197236344674749,0.009777082518576457,link,240,🔗,link,Objects,tool
flexed_biceps_medium-dark_skin_tone,,,,,,,flexed_biceps_medium-dark_skin_tone,516,💪🏾,flexed biceps: medium-dark skin tone,People & Body,body-parts
ice_skate,0.0,0.7142857142857143,0.0,0.14285714285714285,0.14285714285714285,0.0,ice_skate,108,⛸️,ice skate,Activities,sport
man_raising_hand_light_skin_tone,0.0,0.8461538461538461,0.07692307692307693,0.07692307692307693,0.0,0.0,man_raising_hand_light_skin_tone,293,🙋🏻‍♂️,man raising hand: light skin tone,People & Body,person-gesture
Togo,,,,,,,Togo,1,🇹🇬,flag: Togo,Flags,country-flag
person_facepalming_medium-light_skin_tone,,,,,,,person_facepalming_medium-light_skin_tone,26,🤦🏼,person facepalming: medium-light skin tone,People & Body,person-gesture
woman_dark_skin_tone_bald,,,,,,,woman_dark_skin_tone_bald,3,👩🏿‍🦲,"woman: dark skin tone, bald",People & Body,person
keycap_8,0.0,1.0,0.0,0.0,0.0,0.0,keycap_8,28,8️⃣,keycap: 8,Symbols,keycap
shuffle_tracks_button,0.25,0.75,0.0,0.0,0.0,0.0,shuffle_tracks_button,58,🔀,shuffle tracks button,Symbols,av-symbol
man_in_lotus_position_medium-dark_skin_tone,,,,,,,man_in_lotus_position_medium-dark_skin_tone,4,🧘🏾‍♂️,man in lotus position: medium-dark skin tone,People & Body,person-resting
Iraq,,,,,,,Iraq,43,🇮🇶,flag: Iraq,Flags,country-flag
hear-no-evil_monkey,,,,,,,hear-no-evil_monkey,248,🙉,hear-no-evil monkey,Smileys & Emotion,monkey-face
face_with_rolling_eyes,0.12045123726346434,0.21470160116448325,0.08842794759825327,0.18850072780203783,0.0789665211062591,0.3089519650655022,face_with_rolling_eyes,25004,🙄,face with rolling eyes,Smileys & Emotion,face-neutral-skeptical
man_in_motorized_wheelchair,0.0,1.0,0.0,0.0,0.0,0.0,man_in_motorized_wheelchair,6,👨‍🦼,man in motorized wheelchair,People & Body,person-activity
woman_medium_skin_tone_white_hair,,,,,,,woman_medium_skin_tone_white_hair,1,👩🏽‍🦳,"woman: medium skin tone, white hair",People & Body,person
orange_circle,0.0,1.0,0.0,0.0,0.0,0.0,orange_circle,10,🟠,orange circle,Symbols,geometric
person_walking_medium-light_skin_tone,,,,,,,person_walking_medium-light_skin_tone,5,🚶🏼,person walking: medium-light skin tone,People & Body,person-activity
grinning_face_with_smiling_eyes,0.013927576601671309,0.8310120705663882,0.028783658310120707,0.06592386258124419,0.04735376044568245,0.012999071494893221,grinning_face_with_smiling_eyes,7002,😄,grinning face with smiling eyes,Smileys & Emotion,face-smiling
backhand_index_pointing_up_light_skin_tone,0.0,0.5,0.0,0.5,0.0,0.0,backhand_index_pointing_up_light_skin_tone,69,👆🏻,backhand index pointing up: light skin tone,People & Body,hand-single-finger
Switzerland,,,,,,,Switzerland,49,🇨🇭,flag: Switzerland,Flags,country-flag
Hungary,,,,,,,Hungary,8,🇭🇺,flag: Hungary,Flags,country-flag
kimono,0.0,0.8333333333333334,0.16666666666666666,0.0,0.0,0.0,kimono,7,👘,kimono,Objects,clothing
woman_cook_medium-light_skin_tone,,,,,,,woman_cook_medium-light_skin_tone,4,👩🏼‍🍳,woman cook: medium-light skin tone,People & Body,person-role
woman_medium_skin_tone_blond_hair,,,,,,,woman_medium_skin_tone_blond_hair,3,👱🏽‍♀️,"woman: medium skin tone, blond hair",People & Body,person
crossed_fingers,0.012333965844402278,0.8273244781783681,0.05502846299810247,0.03225806451612903,0.05218216318785579,0.020872865275142316,crossed_fingers,7440,🤞,crossed fingers,People & Body,hand-fingers-partial
person_biking_medium_skin_tone,0.0,1.0,0.0,0.0,0.0,0.0,person_biking_medium_skin_tone,3,🚴🏽,person biking: medium skin tone,People & Body,person-sport
video_game,0.042735042735042736,0.6410256410256411,0.0,0.23076923076923078,0.05128205128205128,0.03418803418803419,video_game,1045,🎮,video game,Activities,game
cloud_with_lightning,0.0,1.0,0.0,0.0,0.0,0.0,cloud_with_lightning,111,🌩️,cloud with lightning,Travel & Places,sky & weather
Japanese_dolls,,,,,,,Japanese_dolls,13,🎎,Japanese dolls,Activities,event
wind_face,0.0,0.5,0.0,0.5,0.0,0.0,wind_face,76,🌬️,wind face,Travel & Places,sky & weather
file_folder,0.0,0.0,0.0,1.0,0.0,0.0,file_folder,48,📁,file folder,Objects,office
sled,0.0,0.4,0.2,0.0,0.0,0.4,sled,9,🛷,sled,Activities,sport
two-thirty,,,,,,,two-thirty,1,🕝,two-thirty,Travel & Places,time
razor,0.10160427807486631,0.46203208556149733,0.05668449197860963,0.0877005347593583,0.038502673796791446,0.253475935828877,razor,45,🪒,razor,Objects,household
person_getting_haircut,0.0,0.5,0.0,0.0,0.5,0.0,person_getting_haircut,29,💇,person getting haircut,People & Body,person-activity
right-facing_fist_light_skin_tone,,,,,,,right-facing_fist_light_skin_tone,16,🤜🏻,right-facing fist: light skin tone,People & Body,hand-fingers-closed
OK_hand,,,,,,,OK_hand,9965,👌,OK hand,People & Body,hand-fingers-partial
crown,0.028268551236749116,0.6607773851590106,0.0636042402826855,0.11071849234393404,0.0800942285041225,0.05653710247349823,crown,3861,👑,crown,Objects,clothing
thumbs_up_medium_skin_tone,0.03571428571428571,0.7366071428571429,0.0625,0.06696428571428571,0.05357142857142857,0.044642857142857144,thumbs_up_medium_skin_tone,1532,👍🏽,thumbs up: medium skin tone,People & Body,hand-fingers-closed
bright_button,0.0,1.0,0.0,0.0,0.0,0.0,bright_button,32,🔆,bright button,Symbols,av-symbol
large_blue_diamond,0.0,0.3333333333333333,0.3333333333333333,0.3333333333333333,0.0,0.0,large_blue_diamond,24,🔷,large blue diamond,Symbols,geometric
pool_8_ball,0.2,0.4,0.0,0.2,0.0,0.2,pool_8_ball,26,🎱,pool 8 ball,Activities,game
folded_hands_medium-light_skin_tone,,,,,,,folded_hands_medium-light_skin_tone,7871,🙏🏼,folded hands: medium-light skin tone,People & Body,hands
fly,0.05063291139240506,0.4531645569620253,0.11392405063291139,0.1468354430379747,0.07848101265822785,0.1569620253164557,fly,2,🪰,fly,Animals & Nature,animal-bug
window,0.10607621009268794,0.29351184346035014,0.11122554067971163,0.1627188465499485,0.11328527291452112,0.21318228630278063,window,10,🪟,window,Objects,household
woman_medium-light_skin_tone_red_hair,,,,,,,woman_medium-light_skin_tone_red_hair,2,👩🏼‍🦰,"woman: medium-light skin tone, red hair",People & Body,person
vampire_medium_skin_tone,,,,,,,vampire_medium_skin_tone,1,🧛🏽,vampire: medium skin tone,People & Body,person-fantasy
man_golfing_medium-light_skin_tone,,,,,,,man_golfing_medium-light_skin_tone,2,🏌🏼‍♂️,man golfing: medium-light skin tone,People & Body,person-sport
woman_astronaut,0.5,0.5,0.0,0.0,0.0,0.0,woman_astronaut,18,👩‍🚀,woman astronaut,People & Body,person-role
woman_pouting_medium-light_skin_tone,,,,,,,woman_pouting_medium-light_skin_tone,1,🙎🏼‍♀️,woman pouting: medium-light skin tone,People & Body,person-gesture
houses,0.08695652173913043,0.1956521739130435,0.21195652173913043,0.266304347826087,0.06521739130434782,0.17391304347826086,houses,35,🏘️,houses,Travel & Places,place-building
Portugal,,,,,,,Portugal,63,🇵🇹,flag: Portugal,Flags,country-flag
fairy_medium-light_skin_tone,,,,,,,fairy_medium-light_skin_tone,6,🧚🏼,fairy: medium-light skin tone,People & Body,person-fantasy
soft_ice_cream,0.011811023622047244,0.7165354330708661,0.051181102362204724,0.03937007874015748,0.16141732283464566,0.01968503937007874,soft_ice_cream,3287,🍦,soft ice cream,Food & Drink,food-sweet
Russia,,,,,,,Russia,315,🇷🇺,flag: Russia,Flags,country-flag
chart_increasing,0.0,0.6666666666666666,0.05555555555555555,0.16666666666666666,0.1111111111111111,0.0,chart_increasing,499,📈,chart increasing,Objects,office
articulated_lorry,0.0,0.5555555555555556,0.0,0.3333333333333333,0.1111111111111111,0.0,articulated_lorry,201,🚛,articulated lorry,Travel & Places,transport-ground
man_wearing_turban_medium-dark_skin_tone,,,,,,,man_wearing_turban_medium-dark_skin_tone,3,👳🏾‍♂️,man wearing turban: medium-dark skin tone,People & Body,person-role
waving_hand_medium_skin_tone,0.21428571428571427,0.35714285714285715,0.07142857142857142,0.21428571428571427,0.0,0.14285714285714285,waving_hand_medium_skin_tone,183,👋🏽,waving hand: medium skin tone,People & Body,hand-fingers-open
SOS_button,,,,,,,SOS_button,464,🆘,SOS button,Symbols,alphanum
man_technologist_medium_skin_tone,,,,,,,man_technologist_medium_skin_tone,8,👨🏽‍💻,man technologist: medium skin tone,People & Body,person-role
level_slider,0.0,0.0,0.0,0.0,1.0,0.0,level_slider,255,🎚️,level slider,Objects,music
face_with_symbols_on_mouth,0.19459238017206062,0.10815239655878738,0.1188037689471528,0.2535845964768538,0.04465383039737812,0.2802130274477673,face_with_symbols_on_mouth,16030,🤬,face with symbols on mouth,Smileys & Emotion,face-negative
radio,0.12949640287769784,0.37410071942446044,0.13309352517985612,0.18345323741007194,0.11151079136690648,0.0683453237410072,radio,67,📻,radio,Objects,music
trumpet,0.16666666666666666,0.16666666666666666,0.16666666666666666,0.16666666666666666,0.16666666666666666,0.16666666666666666,trumpet,101,🎺,trumpet,Objects,musical-instrument
star_and_crescent,0.0,0.0,0.0,1.0,0.0,0.0,star_and_crescent,61,☪️,star and crescent,Symbols,religion
lizard,0.15151515151515152,0.3333333333333333,0.09090909090909091,0.2727272727272727,0.06060606060606061,0.09090909090909091,lizard,32,🦎,lizard,Animals & Nature,animal-reptile
scorpion,0.0641025641025641,0.6153846153846154,0.08974358974358974,0.07692307692307693,0.1282051282051282,0.02564102564102564,scorpion,40,🦂,scorpion,Animals & Nature,animal-bug
taxi,0.03333333333333333,0.16666666666666666,0.06666666666666667,0.6083333333333333,0.09166666666666666,0.03333333333333333,taxi,31,🚕,taxi,Travel & Places,transport-ground
clinking_glasses,0.010309278350515464,0.8505154639175257,0.02577319587628866,0.041237113402061855,0.05154639175257732,0.020618556701030927,clinking_glasses,969,🥂,clinking glasses,Food & Drink,drink
pig,0.06759443339960239,0.4831013916500994,0.10337972166998012,0.14314115308151093,0.07554671968190854,0.1272365805168986,pig,204,🐖,pig,Animals & Nature,animal-mammal
right_arrow,0.4818181818181818,0.02727272727272727,0.00909090909090909,0.004545454545454545,0.4772727272727273,0.0,right_arrow,2296,➡️,right arrow,Symbols,arrow
vulcan_salute_medium-dark_skin_tone,,,,,,,vulcan_salute_medium-dark_skin_tone,26,🖖🏾,vulcan salute: medium-dark skin tone,People & Body,hand-fingers-open
snowman,0.024390243902439025,0.7560975609756098,0.024390243902439025,0.14634146341463414,0.024390243902439025,0.024390243902439025,snowman,390,☃️,snowman,Travel & Places,sky & weather
woman_in_tuxedo,,,,,,,woman_in_tuxedo,7,🤵‍♀️,woman in tuxedo,People & Body,person-role
person_raising_hand_dark_skin_tone,0.0,1.0,0.0,0.0,0.0,0.0,person_raising_hand_dark_skin_tone,6,🙋🏿,person raising hand: dark skin tone,People & Body,person-gesture
woman_juggling,,,,,,,woman_juggling,2,🤹‍♀️,woman juggling,People & Body,person-sport
oncoming_automobile,0.02531645569620253,0.7848101265822784,0.11392405063291139,0.02531645569620253,0.0379746835443038,0.012658227848101266,oncoming_automobile,557,🚘,oncoming automobile,Travel & Places,transport-ground
tiger,0.05357142857142857,0.375,0.1,0.2642857142857143,0.039285714285714285,0.16785714285714284,tiger,121,🐅,tiger,Animals & Nature,animal-mammal
vulcan_salute_dark_skin_tone,0.0,0.5,0.0,0.5,0.0,0.0,vulcan_salute_dark_skin_tone,5,🖖🏿,vulcan salute: dark skin tone,People & Body,hand-fingers-open
Sint_Maarten,,,,,,,Sint_Maarten,1,🇸🇽,flag: Sint Maarten,Flags,country-flag
Palestinian_Territories,,,,,,,Palestinian_Territories,448,🇵🇸,flag: Palestinian Territories,Flags,country-flag
card_index,0.0,0.0,0.0,1.0,0.0,0.0,card_index,4,📇,card index,Objects,office
bookmark,0.4,0.6,0.0,0.0,0.0,0.0,bookmark,8,🔖,bookmark,Objects,book-paper
pushpin,0.06666666666666667,0.06666666666666667,0.06666666666666667,0.5333333333333333,0.26666666666666666,0.0,pushpin,144,📌,pushpin,Objects,office
prayer_beads,0.0,0.4,0.0,0.6,0.0,0.0,prayer_beads,20,📿,prayer beads,Objects,clothing
man_gesturing_NO_dark_skin_tone,,,,,,,man_gesturing_NO_dark_skin_tone,12,🙅🏿‍♂️,man gesturing NO: dark skin tone,People & Body,person-gesture
woman_with_veil_medium-light_skin_tone,,,,,,,woman_with_veil_medium-light_skin_tone,1,👰🏼‍♀️,woman with veil: medium-light skin tone,People & Body,person-role
woman_running,,,,,,,woman_running,323,🏃‍♀️,woman running,People & Body,person-activity
ice_cream,0.0,0.6842105263157895,0.0,0.21052631578947367,0.05263157894736842,0.05263157894736842,ice_cream,199,🍨,ice cream,Food & Drink,food-sweet
full_moon_face,0.0,0.6666666666666666,0.047619047619047616,0.19047619047619047,0.047619047619047616,0.047619047619047616,full_moon_face,357,🌝,full moon face,Travel & Places,sky & weather
wavy_dash,,,,,,,wavy_dash,26,〰️,wavy dash,Symbols,punctuation
magnifying_glass_tilted_right,0.02956989247311828,0.8763440860215054,0.010752688172043012,0.002688172043010753,0.08064516129032258,0.0,magnifying_glass_tilted_right,2024,🔎,magnifying glass tilted right,Objects,light & video
horizontal_traffic_light,,,,,,,horizontal_traffic_light,7,🚥,horizontal traffic light,Travel & Places,transport-ground
man_kneeling_light_skin_tone,,,,,,,man_kneeling_light_skin_tone,6,🧎🏻‍♂️,man kneeling: light skin tone,People & Body,person-activity
guitar,0.06329113924050633,0.7088607594936709,0.06329113924050633,0.0759493670886076,0.05063291139240506,0.0379746835443038,guitar,361,🎸,guitar,Objects,musical-instrument
2nd_place_medal,0.0,0.75,0.0,0.25,0.0,0.0,2nd_place_medal,15,🥈,2nd place medal,Activities,award-medal
woman_in_lotus_position_medium_skin_tone,0.0,1.0,0.0,0.0,0.0,0.0,woman_in_lotus_position_medium_skin_tone,10,🧘🏽‍♀️,woman in lotus position: medium skin tone,People & Body,person-resting
potato,0.07392197125256673,0.41478439425051333,0.1806981519507187,0.15811088295687886,0.039014373716632446,0.13347022587268995,potato,178,🥔,potato,Food & Drink,food-vegetable
raised_fist_medium-light_skin_tone,,,,,,,raised_fist_medium-light_skin_tone,363,✊🏼,raised fist: medium-light skin tone,People & Body,hand-fingers-closed
microphone,0.07692307692307693,0.6666666666666666,0.02564102564102564,0.04487179487179487,0.07051282051282051,0.11538461538461539,microphone,4420,🎤,microphone,Objects,music
goblin,0.06666666666666667,0.3,0.06666666666666667,0.31666666666666665,0.15,0.1,goblin,299,👺,goblin,Smileys & Emotion,face-costume
backhand_index_pointing_left_light_skin_tone,0.2,0.4,0.0,0.13333333333333333,0.13333333333333333,0.13333333333333333,backhand_index_pointing_left_light_skin_tone,501,👈🏻,backhand index pointing left: light skin tone,People & Body,hand-single-finger
Ecuador,,,,,,,Ecuador,38,🇪🇨,flag: Ecuador,Flags,country-flag
face_without_mouth,0.06741573033707865,0.38202247191011235,0.1797752808988764,0.2247191011235955,0.02247191011235955,0.12359550561797752,face_without_mouth,1067,😶,face without mouth,Smileys & Emotion,face-neutral-skeptical
victory_hand_light_skin_tone,0.047619047619047616,0.6111111111111112,0.07142857142857142,0.07936507936507936,0.047619047619047616,0.14285714285714285,victory_hand_light_skin_tone,779,✌🏻,victory hand: light skin tone,People & Body,hand-fingers-partial
party_popper,0.006702412868632708,0.9028150134048257,0.00871313672922252,0.029490616621983913,0.04088471849865952,0.011394101876675604,party_popper,7393,🎉,party popper,Activities,event
mermaid_dark_skin_tone,0.0,0.0,0.0,1.0,0.0,0.0,mermaid_dark_skin_tone,1,🧜🏿‍♀️,mermaid: dark skin tone,People & Body,person-fantasy
person_with_skullcap_dark_skin_tone,,,,,,,person_with_skullcap_dark_skin_tone,1,👲🏿,person with skullcap: dark skin tone,People & Body,person-role
goggles,0.0,0.7142857142857143,0.0,0.2857142857142857,0.0,0.0,goggles,13,🥽,goggles,Objects,clothing
man_in_lotus_position,,,,,,,man_in_lotus_position,5,🧘‍♂️,man in lotus position,People & Body,person-resting
woman_judge_dark_skin_tone,,,,,,,woman_judge_dark_skin_tone,1,👩🏿‍⚖️,woman judge: dark skin tone,People & Body,person-role
heart_with_arrow,0.017587939698492462,0.9120603015075377,0.010050251256281407,0.02512562814070352,0.02763819095477387,0.007537688442211055,heart_with_arrow,1335,💘,heart with arrow,Smileys & Emotion,emotion
pinching_hand,0.1111111111111111,0.3333333333333333,0.0,0.1111111111111111,0.4444444444444444,0.0,pinching_hand,99,🤏,pinching hand,People & Body,hand-fingers-partial
small_blue_diamond,0.0,0.0,0.0,0.23076923076923078,0.7692307692307693,0.0,small_blue_diamond,124,🔹,small blue diamond,Symbols,geometric
person_kneeling,,,,,,,person_kneeling,17,🧎,person kneeling,People & Body,person-activity
amphora,,,,,,,amphora,3,🏺,amphora,Food & Drink,dishware
movie_camera,0.013761467889908258,0.7018348623853211,0.05504587155963303,0.11926605504587157,0.05045871559633028,0.05963302752293578,movie_camera,1307,🎥,movie camera,Objects,light & video
man_pilot_light_skin_tone,0.0,0.5,0.0,0.5,0.0,0.0,man_pilot_light_skin_tone,2,👨🏻‍✈️,man pilot: light skin tone,People & Body,person-role
Haiti,,,,,,,Haiti,45,🇭🇹,flag: Haiti,Flags,country-flag
left-facing_fist_medium-dark_skin_tone,,,,,,,left-facing_fist_medium-dark_skin_tone,19,🤛🏾,left-facing fist: medium-dark skin tone,People & Body,hand-fingers-closed
spoon,0.1111111111111111,0.36507936507936506,0.15873015873015872,0.12698412698412698,0.1111111111111111,0.12698412698412698,spoon,40,🥄,spoon,Food & Drink,dishware
Taurus,,,,,,,Taurus,6,♉,Taurus,Symbols,zodiac
open_file_folder,,,,,,,open_file_folder,22,📂,open file folder,Objects,office
man_elf_medium_skin_tone,,,,,,,man_elf_medium_skin_tone,1,🧝🏽‍♂️,man elf: medium skin tone,People & Body,person-fantasy
spider_web,0.0,0.5,0.0,0.375,0.0625,0.0625,spider_web,264,🕸️,spider web,Animals & Nature,animal-bug
tomato,0.06643356643356643,0.44755244755244755,0.1888111888111888,0.13286713286713286,0.045454545454545456,0.11888111888111888,tomato,350,🍅,tomato,Food & Drink,food-fruit
sushi,0.018867924528301886,0.660377358490566,0.16981132075471697,0.018867924528301886,0.07547169811320754,0.05660377358490566,sushi,45,🍣,sushi,Food & Drink,food-asian
old_man,0.5,0.25,0.25,0.0,0.0,0.0,old_man,33,👴,old man,People & Body,person
steaming_bowl,0.0,0.8,0.2,0.0,0.0,0.0,steaming_bowl,70,🍜,steaming bowl,Food & Drink,food-asian
keycap_5,0.16666666666666666,0.6666666666666666,0.0,0.0,0.16666666666666666,0.0,keycap_5,60,5️⃣,keycap: 5,Symbols,keycap
anchor,0.045454545454545456,0.5909090909090909,0.13636363636363635,0.09090909090909091,0.0,0.13636363636363635,anchor,48,⚓,anchor,Travel & Places,transport-water
pot_of_food,0.15384615384615385,0.6923076923076923,0.07692307692307693,0.07692307692307693,0.0,0.0,pot_of_food,94,🍲,pot of food,Food & Drink,food-prepared
man_cook_medium-dark_skin_tone,,,,,,,man_cook_medium-dark_skin_tone,5,👨🏾‍🍳,man cook: medium-dark skin tone,People & Body,person-role
mage_light_skin_tone,,,,,,,mage_light_skin_tone,1,🧙🏻,mage: light skin tone,People & Body,person-fantasy
Bahrain,,,,,,,Bahrain,8,🇧🇭,flag: Bahrain,Flags,country-flag
old_woman_medium-light_skin_tone,,,,,,,old_woman_medium-light_skin_tone,29,👵🏼,old woman: medium-light skin tone,People & Body,person
exploding_head,0.06165703275529865,0.30057803468208094,0.11175337186897881,0.21965317919075145,0.18882466281310212,0.11753371868978806,exploding_head,4125,🤯,exploding head,Smileys & Emotion,face-unwell
lipstick,0.0425531914893617,0.723404255319149,0.02127659574468085,0.06382978723404255,0.06382978723404255,0.0851063829787234,lipstick,371,💄,lipstick,Objects,clothing
teacher,0.038348082595870206,0.6784660766961652,0.11504424778761062,0.07374631268436578,0.04424778761061947,0.05014749262536873,teacher,4,🧑‍🏫,teacher,People & Body,person-role
railway_car,0.0,1.0,0.0,0.0,0.0,0.0,railway_car,11,🚃,railway car,Travel & Places,transport-ground
double_exclamation_mark,0.09375,0.8125,0.0625,0.03125,0.0,0.0,double_exclamation_mark,8988,‼️,double exclamation mark,Symbols,punctuation
woman_judge_medium-light_skin_tone,,,,,,,woman_judge_medium-light_skin_tone,5,👩🏼‍⚖️,woman judge: medium-light skin tone,People & Body,person-role
ninja_medium-light_skin_tone,,,,,,,ninja_medium-light_skin_tone,1,🥷🏼,ninja: medium-light skin tone,People & Body,person-role
people_wrestling,0.0,1.0,0.0,0.0,0.0,0.0,people_wrestling,6,🤼,people wrestling,People & Body,person-sport
stop_button,0.09523809523809523,0.047619047619047616,0.0,0.7619047619047619,0.0,0.09523809523809523,stop_button,54,⏹️,stop button,Symbols,av-symbol
pregnant_woman_medium-light_skin_tone,,,,,,,pregnant_woman_medium-light_skin_tone,33,🤰🏼,pregnant woman: medium-light skin tone,People & Body,person-role
drum,0.029850746268656716,0.47761194029850745,0.04477611940298507,0.11940298507462686,0.19402985074626866,0.13432835820895522,drum,204,🥁,drum,Objects,musical-instrument
red_heart,0.01718268763170692,0.8844221105527639,0.027881342194845192,0.04052520667855406,0.023180418220132924,0.006808234721997083,red_heart,168111,❤️,red heart,Smileys & Emotion,emotion
OK_hand_medium_skin_tone,,,,,,,OK_hand_medium_skin_tone,1208,👌🏽,OK hand: medium skin tone,People & Body,hand-fingers-partial
UP!_button,,,,,,,UP!_button,50,🆙,UP! button,Symbols,alphanum
ambulance,0.0625,0.203125,0.109375,0.078125,0.515625,0.03125,ambulance,105,🚑,ambulance,Travel & Places,transport-ground
balance_scale,0.0,0.5,0.0,0.5,0.0,0.0,balance_scale,75,⚖️,balance scale,Objects,tool
man_frowning_medium-dark_skin_tone,,,,,,,man_frowning_medium-dark_skin_tone,3,🙍🏾‍♂️,man frowning: medium-dark skin tone,People & Body,person-gesture
man_golfing_medium-dark_skin_tone,,,,,,,man_golfing_medium-dark_skin_tone,9,🏌🏾‍♂️,man golfing: medium-dark skin tone,People & Body,person-sport
speaking_head,0.11170212765957446,0.24468085106382978,0.031914893617021274,0.14893617021276595,0.0398936170212766,0.4228723404255319,speaking_head,5443,🗣️,speaking head,People & Body,person-symbol
black_small_square,,,,,,,black_small_square,68,▪️,black small square,Symbols,geometric
hand_with_fingers_splayed_dark_skin_tone,,,,,,,hand_with_fingers_splayed_dark_skin_tone,10,🖐🏿,hand with fingers splayed: dark skin tone,People & Body,hand-fingers-open
United_States,,,,,,,United_States,3347,🇺🇸,flag: United States,Flags,country-flag
water_closet,,,,,,,water_closet,7,🚾,water closet,Symbols,transport-sign
bullseye,0.0,0.5454545454545454,0.0,0.2727272727272727,0.0,0.18181818181818182,bullseye,239,🎯,bullseye,Activities,game
man_technologist_dark_skin_tone,,,,,,,man_technologist_dark_skin_tone,4,👨🏿‍💻,man technologist: dark skin tone,People & Body,person-role
woman_facepalming_light_skin_tone,0.09523809523809523,0.25,0.125,0.24404761904761904,0.10119047619047619,0.18452380952380953,woman_facepalming_light_skin_tone,1910,🤦🏻‍♀️,woman facepalming: light skin tone,People & Body,person-gesture
men_holding_hands_medium_skin_tone,,,,,,,men_holding_hands_medium_skin_tone,2,👬🏽,men holding hands: medium skin tone,People & Body,family
Australia,,,,,,,Australia,177,🇦🇺,flag: Australia,Flags,country-flag
raising_hands_medium-dark_skin_tone,,,,,,,raising_hands_medium-dark_skin_tone,2303,🙌🏾,raising hands: medium-dark skin tone,People & Body,hands
woman_vampire,,,,,,,woman_vampire,23,🧛‍♀️,woman vampire,People & Body,person-fantasy
woman_shrugging_medium-dark_skin_tone,,,,,,,woman_shrugging_medium-dark_skin_tone,809,🤷🏾‍♀️,woman shrugging: medium-dark skin tone,People & Body,person-gesture
kitchen_knife,0.11851851851851852,0.21481481481481482,0.13333333333333333,0.4740740740740741,0.014814814814814815,0.044444444444444446,kitchen_knife,942,🔪,kitchen knife,Food & Drink,dishware
European_Union,,,,,,,European_Union,66,🇪🇺,flag: European Union,Flags,country-flag
Indonesia,,,,,,,Indonesia,45,🇮🇩,flag: Indonesia,Flags,country-flag
woman_mechanic,0.0,0.75,0.25,0.0,0.0,0.0,woman_mechanic,31,👩‍🔧,woman mechanic,People & Body,person-role
closed_mailbox_with_raised_flag,0.0,1.0,0.0,0.0,0.0,0.0,closed_mailbox_with_raised_flag,18,📫,closed mailbox with raised flag,Objects,mail
Slovenia,,,,,,,Slovenia,2,🇸🇮,flag: Slovenia,Flags,country-flag
otter,0.0,1.0,0.0,0.0,0.0,0.0,otter,16,🦦,otter,Animals & Nature,animal-mammal
toolbox,0.0,0.6666666666666666,0.0,0.0,0.0,0.3333333333333333,toolbox,8,🧰,toolbox,Objects,tool
white_flag,0.0,0.3333333333333333,0.0,0.6666666666666666,0.0,0.0,white_flag,32,🏳️,white flag,Flags,flag
egg,0.3547681539807524,0.2909011373578303,0.09011373578302712,0.10061242344706911,0.09492563429571303,0.06867891513560805,egg,700,🥚,egg,Food & Drink,food-prepared
woman_judge_medium_skin_tone,,,,,,,woman_judge_medium_skin_tone,2,👩🏽‍⚖️,woman judge: medium skin tone,People & Body,person-role
vertical_traffic_light,0.0,0.0,0.0,0.0,1.0,0.0,vertical_traffic_light,36,🚦,vertical traffic light,Travel & Places,transport-ground
bus,0.06806282722513089,0.4083769633507853,0.16230366492146597,0.12041884816753927,0.1099476439790576,0.13089005235602094,bus,59,🚌,bus,Travel & Places,transport-ground
brick,0.07291666666666667,0.3854166666666667,0.07291666666666667,0.25,0.052083333333333336,0.16666666666666666,brick,12,🧱,brick,Travel & Places,place-building
woman_judge,,,,,,,woman_judge,5,👩‍⚖️,woman judge,People & Body,person-role
chequered_flag,0.04878048780487805,0.8292682926829268,0.0,0.07317073170731707,0.024390243902439025,0.024390243902439025,chequered_flag,345,🏁,chequered flag,Flags,flag
P_button,,,,,,,P_button,24,🅿️,P button,Symbols,alphanum
singer,0.037383177570093455,0.5700934579439252,0.102803738317757,0.12149532710280374,0.056074766355140186,0.11214953271028037,singer,1,🧑‍🎤,singer,People & Body,person-role
woman_cook_medium_skin_tone,0.0,0.0,0.0,1.0,0.0,0.0,woman_cook_medium_skin_tone,3,👩🏽‍🍳,woman cook: medium skin tone,People & Body,person-role
man_dancing_medium-light_skin_tone,,,,,,,man_dancing_medium-light_skin_tone,45,🕺🏼,man dancing: medium-light skin tone,People & Body,person-activity
smiling_face_with_horns,0.04995693367786391,0.43669250645994834,0.04306632213608958,0.40223944875107664,0.03617571059431524,0.03186907838070629,smiling_face_with_horns,5289,😈,smiling face with horns,Smileys & Emotion,face-negative
thread,0.09462365591397849,0.45806451612903226,0.07526881720430108,0.1978494623655914,0.07741935483870968,0.0967741935483871,thread,10,🧵,thread,Activities,arts & crafts
sign_of_the_horns_light_skin_tone,0.046511627906976744,0.5581395348837209,0.0,0.27906976744186046,0.046511627906976744,0.06976744186046512,sign_of_the_horns_light_skin_tone,293,🤘🏻,sign of the horns: light skin tone,People & Body,hand-fingers-partial
Isle_of_Man,,,,,,,Isle_of_Man,3,🇮🇲,flag: Isle of Man,Flags,country-flag
man_tipping_hand_dark_skin_tone,,,,,,,man_tipping_hand_dark_skin_tone,2,💁🏿‍♂️,man tipping hand: dark skin tone,People & Body,person-gesture
red_circle,0.0945945945945946,0.7297297297297297,0.06756756756756757,0.06756756756756757,0.04054054054054054,0.0,red_circle,484,🔴,red circle,Symbols,geometric
woman_student,0.0,0.6666666666666666,0.0,0.3333333333333333,0.0,0.0,woman_student,34,👩‍🎓,woman student,People & Body,person-role
office_building,0.0,0.045454545454545456,0.045454545454545456,0.18181818181818182,0.7272727272727273,0.0,office_building,90,🏢,office building,Travel & Places,place-building
cut_of_meat,0.0,0.7058823529411765,0.0,0.17647058823529413,0.058823529411764705,0.058823529411764705,cut_of_meat,161,🥩,cut of meat,Food & Drink,food-prepared
woman_detective_light_skin_tone,0.0,0.0,0.0,1.0,0.0,0.0,woman_detective_light_skin_tone,16,🕵🏻‍♀️,woman detective: light skin tone,People & Body,person-role
skunk,0.0,0.0,0.0,0.2,0.0,0.8,skunk,5,🦨,skunk,Animals & Nature,animal-mammal
man_in_steamy_room_light_skin_tone,,,,,,,man_in_steamy_room_light_skin_tone,1,🧖🏻‍♂️,man in steamy room: light skin tone,People & Body,person-activity
palms_up_together_light_skin_tone,0.0,0.5,0.0,0.5,0.0,0.0,palms_up_together_light_skin_tone,142,🤲🏻,palms up together: light skin tone,People & Body,hands
person_in_tuxedo_medium_skin_tone,,,,,,,person_in_tuxedo_medium_skin_tone,13,🤵🏽,person in tuxedo: medium skin tone,People & Body,person-role
red_question_mark,,,,,,,red_question_mark,589,❓,red question mark,Symbols,punctuation
Santa_Claus_medium_skin_tone,,,,,,,Santa_Claus_medium_skin_tone,81,🎅🏽,Santa Claus: medium skin tone,People & Body,person-fantasy
Tunisia,,,,,,,Tunisia,10,🇹🇳,flag: Tunisia,Flags,country-flag
man_dancing_light_skin_tone,0.0,0.7777777777777778,0.1111111111111111,0.0,0.1111111111111111,0.0,man_dancing_light_skin_tone,117,🕺🏻,man dancing: light skin tone,People & Body,person-activity
deaf_woman_light_skin_tone,,,,,,,deaf_woman_light_skin_tone,6,🧏🏻‍♀️,deaf woman: light skin tone,People & Body,person-gesture
person_with_skullcap,,,,,,,person_with_skullcap,8,👲,person with skullcap,People & Body,person-role
blossom,0.008849557522123894,0.8495575221238938,0.04424778761061947,0.05309734513274336,0.02654867256637168,0.017699115044247787,blossom,364,🌼,blossom,Animals & Nature,plant-flower
shamrock,0.05964467005076142,0.5824873096446701,0.116751269035533,0.07614213197969544,0.09137055837563451,0.07360406091370558,shamrock,2738,☘️,shamrock,Animals & Nature,plant-other
dress,0.04501607717041801,0.6479099678456591,0.08681672025723473,0.10771704180064309,0.05466237942122187,0.05787781350482315,dress,153,👗,dress,Objects,clothing
man_artist,0.0,1.0,0.0,0.0,0.0,0.0,man_artist,5,👨‍🎨,man artist,People & Body,person-role
woman_technologist_medium_skin_tone,0.0,1.0,0.0,0.0,0.0,0.0,woman_technologist_medium_skin_tone,21,👩🏽‍💻,woman technologist: medium skin tone,People & Body,person-role
man_fairy_dark_skin_tone,0.0,1.0,0.0,0.0,0.0,0.0,man_fairy_dark_skin_tone,4,🧚🏿‍♂️,man fairy: dark skin tone,People & Body,person-fantasy
woman_teacher,0.0,0.6666666666666666,0.0,0.0,0.3333333333333333,0.0,woman_teacher,25,👩‍🏫,woman teacher,People & Body,person-role
woman_farmer_medium_skin_tone,,,,,,,woman_farmer_medium_skin_tone,1,👩🏽‍🌾,woman farmer: medium skin tone,People & Body,person-role
ghost,0.07311028500619579,0.42627013630731103,0.07558859975216853,0.3618339529120198,0.023543990086741014,0.03965303593556382,ghost,2180,👻,ghost,Smileys & Emotion,face-costume
white_exclamation_mark,0.0,0.75,0.08333333333333333,0.16666666666666666,0.0,0.0,white_exclamation_mark,175,❕,white exclamation mark,Symbols,punctuation
olive,0.06382978723404255,0.425531914893617,0.2127659574468085,0.23404255319148937,0.0,0.06382978723404255,olive,2,🫒,olive,Food & Drink,food-fruit
horse_racing_medium-light_skin_tone,,,,,,,horse_racing_medium-light_skin_tone,1,🏇🏼,horse racing: medium-light skin tone,People & Body,person-sport
fairy_light_skin_tone,,,,,,,fairy_light_skin_tone,23,🧚🏻,fairy: light skin tone,People & Body,person-fantasy
woman_police_officer_light_skin_tone,,,,,,,woman_police_officer_light_skin_tone,5,👮🏻‍♀️,woman police officer: light skin tone,People & Body,person-role
house,0.081799591002045,0.3197852760736196,0.1273006134969325,0.2333844580777096,0.07413087934560328,0.16359918200409,house,268,🏠,house,Travel & Places,place-building
Azerbaijan,,,,,,,Azerbaijan,41,🇦🇿,flag: Azerbaijan,Flags,country-flag
breast-feeding_light_skin_tone,,,,,,,breast-feeding_light_skin_tone,4,🤱🏻,breast-feeding: light skin tone,People & Body,person-role
check_mark_button,,,,,,,check_mark_button,2169,✅,check mark button,Symbols,other-symbol
man_raising_hand,0.0,1.0,0.0,0.0,0.0,0.0,man_raising_hand,7435,🙋‍♂️,man raising hand,People & Body,person-gesture
Congo_-_Kinshasa,,,,,,,Congo_-_Kinshasa,5,🇨🇩,flag: Congo - Kinshasa,Flags,country-flag
TOP_arrow,,,,,,,TOP_arrow,155,🔝,TOP arrow,Symbols,arrow
woman_farmer_light_skin_tone,0.0,1.0,0.0,0.0,0.0,0.0,woman_farmer_light_skin_tone,3,👩🏻‍🌾,woman farmer: light skin tone,People & Body,person-role
man_singer_dark_skin_tone,0.0,1.0,0.0,0.0,0.0,0.0,man_singer_dark_skin_tone,1,👨🏿‍🎤,man singer: dark skin tone,People & Body,person-role
woman_astronaut_light_skin_tone,,,,,,,woman_astronaut_light_skin_tone,3,👩🏻‍🚀,woman astronaut: light skin tone,People & Body,person-role
woman_astronaut_medium-light_skin_tone,,,,,,,woman_astronaut_medium-light_skin_tone,5,👩🏼‍🚀,woman astronaut: medium-light skin tone,People & Body,person-role
family_man_man_boy_boy,,,,,,,family_man_man_boy_boy,2,👨‍👨‍👦‍👦,"family: man, man, boy, boy",People & Body,family
woman_rowing_boat_light_skin_tone,,,,,,,woman_rowing_boat_light_skin_tone,2,🚣🏻‍♀️,woman rowing boat: light skin tone,People & Body,person-sport
Capricorn,,,,,,,Capricorn,7,♑,Capricorn,Symbols,zodiac
woman_pouting_medium_skin_tone,,,,,,,woman_pouting_medium_skin_tone,4,🙎🏽‍♀️,woman pouting: medium skin tone,People & Body,person-gesture
person_frowning_medium-dark_skin_tone,,,,,,,person_frowning_medium-dark_skin_tone,4,🙍🏾,person frowning: medium-dark skin tone,People & Body,person-gesture
couple_with_heart_woman_man,0.0,1.0,0.0,0.0,0.0,0.0,couple_with_heart_woman_man,14,👩‍❤️‍👨,"couple with heart: woman, man",People & Body,family
family_woman_woman_boy_boy,0.0,1.0,0.0,0.0,0.0,0.0,family_woman_woman_boy_boy,4,👩‍👩‍👦‍👦,"family: woman, woman, boy, boy",People & Body,family
man_getting_massage,,,,,,,man_getting_massage,11,💆‍♂️,man getting massage,People & Body,person-activity
weary_face,0.08296943231441048,0.37957675512260663,0.16963385959019148,0.23480013436345315,0.03963721867651999,0.09338259993281828,weary_face,29627,😩,weary face,Smileys & Emotion,face-concerned
man_health_worker_medium_skin_tone,0.0,0.0,0.0,0.0,1.0,0.0,man_health_worker_medium_skin_tone,3,👨🏽‍⚕️,man health worker: medium skin tone,People & Body,person-role
oncoming_taxi,0.0,1.0,0.0,0.0,0.0,0.0,oncoming_taxi,22,🚖,oncoming taxi,Travel & Places,transport-ground
hibiscus,0.0,0.7961165048543689,0.038834951456310676,0.02912621359223301,0.009708737864077669,0.1262135922330097,hibiscus,402,🌺,hibiscus,Animals & Nature,plant-flower
woman_pilot,,,,,,,woman_pilot,4,👩‍✈️,woman pilot,People & Body,person-role
multiply,0.08333333333333333,0.75,0.16666666666666666,0.0,0.0,0.0,multiply,67,✖️,multiply,Symbols,math
woman_teacher_medium_skin_tone,0.0,0.0,0.0,0.0,0.0,1.0,woman_teacher_medium_skin_tone,6,👩🏽‍🏫,woman teacher: medium skin tone,People & Body,person-role
Santa_Claus,,,,,,,Santa_Claus,1845,🎅,Santa Claus,People & Body,person-fantasy
factory,0.18932038834951456,0.1820388349514563,0.18932038834951456,0.2087378640776699,0.05339805825242718,0.17718446601941748,factory,13,🏭,factory,Travel & Places,place-building
baby_bottle,0.0,0.3333333333333333,0.0,0.6666666666666666,0.0,0.0,baby_bottle,57,🍼,baby bottle,Food & Drink,drink
woman_facepalming_dark_skin_tone,0.16666666666666666,0.0,0.16666666666666666,0.5,0.0,0.16666666666666666,woman_facepalming_dark_skin_tone,53,🤦🏿‍♀️,woman facepalming: dark skin tone,People & Body,person-gesture
rocket,0.0851063829787234,0.4340425531914894,0.07659574468085106,0.2,0.10638297872340426,0.09787234042553192,rocket,1805,🚀,rocket,Travel & Places,transport-air
open_book,0.0,0.5813953488372093,0.0,0.046511627906976744,0.32558139534883723,0.046511627906976744,open_book,171,📖,open book,Objects,book-paper
hundred_points,0.03918613413715147,0.5380557648831952,0.048982667671439335,0.13262999246420498,0.0828937452901281,0.15825169555388094,hundred_points,9627,💯,hundred points,Smileys & Emotion,emotion
Austria,,,,,,,Austria,19,🇦🇹,flag: Austria,Flags,country-flag
ladder,0.0,0.38095238095238093,0.19047619047619047,0.23809523809523808,0.09523809523809523,0.09523809523809523,ladder,1,🪜,ladder,Objects,tool
man_raising_hand_medium-dark_skin_tone,,,,,,,man_raising_hand_medium-dark_skin_tone,30,🙋🏾‍♂️,man raising hand: medium-dark skin tone,People & Body,person-gesture
United_Nations,,,,,,,United_Nations,9,🇺🇳,flag: United Nations,Flags,country-flag
woman_office_worker_light_skin_tone,0.0,1.0,0.0,0.0,0.0,0.0,woman_office_worker_light_skin_tone,11,👩🏻‍💼,woman office worker: light skin tone,People & Body,person-role
locked_with_pen,,,,,,,locked_with_pen,2,🔏,locked with pen,Objects,lock
guard_dark_skin_tone,,,,,,,guard_dark_skin_tone,3,💂🏿,guard: dark skin tone,People & Body,person-role
oncoming_fist_medium-light_skin_tone,,,,,,,oncoming_fist_medium-light_skin_tone,338,👊🏼,oncoming fist: medium-light skin tone,People & Body,hand-fingers-closed
woman_medium-dark_skin_tone_red_hair,,,,,,,woman_medium-dark_skin_tone_red_hair,1,👩🏾‍🦰,"woman: medium-dark skin tone, red hair",People & Body,person
face_in_clouds,,,,,,,face_in_clouds,2,😶‍🌫️,face in clouds,Smileys & Emotion,face-neutral-skeptical
boy_medium_skin_tone,,,,,,,boy_medium_skin_tone,11,👦🏽,boy: medium skin tone,People & Body,person
raised_fist,0.1780821917808219,0.5136986301369864,0.0410958904109589,0.15753424657534246,0.02054794520547945,0.08904109589041095,raised_fist,1086,✊,raised fist,People & Body,hand-fingers-closed
middle_finger,0.13394018205461639,0.07022106631989597,0.11183355006501951,0.26397919375812745,0.01950585175552666,0.40052015604681407,middle_finger,3755,🖕,middle finger,People & Body,hand-single-finger
Somalia,,,,,,,Somalia,2,🇸🇴,flag: Somalia,Flags,country-flag
baguette_bread,0.0625,0.625,0.0625,0.125,0.0625,0.0625,baguette_bread,83,🥖,baguette bread,Food & Drink,food-prepared
man_wearing_turban_medium_skin_tone,,,,,,,man_wearing_turban_medium_skin_tone,1,👳🏽‍♂️,man wearing turban: medium skin tone,People & Body,person-role
woman_technologist_medium-light_skin_tone,,,,,,,woman_technologist_medium-light_skin_tone,27,👩🏼‍💻,woman technologist: medium-light skin tone,People & Body,person-role
cat,0.07554945054945054,0.4381868131868132,0.13598901098901098,0.18956043956043955,0.046703296703296704,0.11401098901098901,cat,178,🐈,cat,Animals & Nature,animal-mammal
men_holding_hands_medium_skin_tone_light_skin_tone,,,,,,,men_holding_hands_medium_skin_tone_light_skin_tone,1,👨🏽‍🤝‍👨🏻,"men holding hands: medium skin tone, light skin tone",People & Body,family
Leo,,,,,,,Leo,13,♌,Leo,Symbols,zodiac
oyster,0.0,0.5,0.2,0.1,0.1,0.1,oyster,5,🦪,oyster,Food & Drink,food-marine
Canary_Islands,,,,,,,Canary_Islands,1,🇮🇨,flag: Canary Islands,Flags,country-flag
man_swimming_medium-light_skin_tone,,,,,,,man_swimming_medium-light_skin_tone,4,🏊🏼‍♂️,man swimming: medium-light skin tone,People & Body,person-sport
cold_face,0.13157894736842105,0.34210526315789475,0.21052631578947367,0.15789473684210525,0.02631578947368421,0.13157894736842105,cold_face,439,🥶,cold face,Smileys & Emotion,face-unwell
woman_running_medium_skin_tone,0.0,0.25,0.0,0.0,0.75,0.0,woman_running_medium_skin_tone,44,🏃🏽‍♀️,woman running: medium skin tone,People & Body,person-activity
raised_hand_medium-dark_skin_tone,,,,,,,raised_hand_medium-dark_skin_tone,71,✋🏾,raised hand: medium-dark skin tone,People & Body,hand-fingers-open
woman_medium_skin_tone_red_hair,,,,,,,woman_medium_skin_tone_red_hair,3,👩🏽‍🦰,"woman: medium skin tone, red hair",People & Body,person
man_judge_medium-dark_skin_tone,,,,,,,man_judge_medium-dark_skin_tone,1,👨🏾‍⚖️,man judge: medium-dark skin tone,People & Body,person-role
man_playing_handball_medium-dark_skin_tone,,,,,,,man_playing_handball_medium-dark_skin_tone,2,🤾🏾‍♂️,man playing handball: medium-dark skin tone,People & Body,person-sport
ice,0.05576776165011459,0.2546473134708429,0.08505220269926152,0.3050674815380698,0.0766488413547237,0.22281639928698752,ice,51,🧊,ice,Food & Drink,drink
Santa_Claus_dark_skin_tone,,,,,,,Santa_Claus_dark_skin_tone,7,🎅🏿,Santa Claus: dark skin tone,People & Body,person-fantasy
brown_heart,0.0,0.9051724137931034,0.0,0.008620689655172414,0.08620689655172414,0.0,brown_heart,395,🤎,brown heart,Smileys & Emotion,emotion
videocassette,0.2727272727272727,0.5454545454545454,0.09090909090909091,0.0,0.09090909090909091,0.0,videocassette,65,📼,videocassette,Objects,light & video
skis,0.0,0.6666666666666666,0.0,0.3333333333333333,0.0,0.0,skis,13,🎿,skis,Activities,sport
family_man_woman_boy_boy,0.0,1.0,0.0,0.0,0.0,0.0,family_man_woman_boy_boy,28,👨‍👩‍👦‍👦,"family: man, woman, boy, boy",People & Body,family
woman_walking_medium-light_skin_tone,,,,,,,woman_walking_medium-light_skin_tone,8,🚶🏼‍♀️,woman walking: medium-light skin tone,People & Body,person-activity
cyclone,0.0,0.3684210526315789,0.0,0.2631578947368421,0.3684210526315789,0.0,cyclone,140,🌀,cyclone,Travel & Places,sky & weather
breast-feeding_medium-light_skin_tone,,,,,,,breast-feeding_medium-light_skin_tone,2,🤱🏼,breast-feeding: medium-light skin tone,People & Body,person-role
person_shrugging_medium-dark_skin_tone,,,,,,,person_shrugging_medium-dark_skin_tone,48,🤷🏾,person shrugging: medium-dark skin tone,People & Body,person-gesture
woman_gesturing_OK_dark_skin_tone,,,,,,,woman_gesturing_OK_dark_skin_tone,4,🙆🏿‍♀️,woman gesturing OK: dark skin tone,People & Body,person-gesture
bathtub,0.09523809523809523,0.3333333333333333,0.09523809523809523,0.23809523809523808,0.14285714285714285,0.09523809523809523,bathtub,20,🛁,bathtub,Objects,household
backhand_index_pointing_right_medium-light_skin_tone,,,,,,,backhand_index_pointing_right_medium-light_skin_tone,733,👉🏼,backhand index pointing right: medium-light skin tone,People & Body,hand-single-finger
supervillain_light_skin_tone,,,,,,,supervillain_light_skin_tone,1,🦹🏻,supervillain: light skin tone,People & Body,person-fantasy
woman_mountain_biking_light_skin_tone,,,,,,,woman_mountain_biking_light_skin_tone,2,🚵🏻‍♀️,woman mountain biking: light skin tone,People & Body,person-sport
woman_raising_hand_dark_skin_tone,,,,,,,woman_raising_hand_dark_skin_tone,10,🙋🏿‍♀️,woman raising hand: dark skin tone,People & Body,person-gesture
green_circle,0.03571428571428571,0.25,0.6428571428571429,0.03571428571428571,0.03571428571428571,0.0,green_circle,78,🟢,green circle,Symbols,geometric
health_worker,,,,,,,health_worker,1,🧑‍⚕️,health worker,People & Body,person-role
French_Polynesia,,,,,,,French_Polynesia,2,🇵🇫,flag: French Polynesia,Flags,country-flag
ear_light_skin_tone,0.0,0.5,0.0,0.0,0.5,0.0,ear_light_skin_tone,17,👂🏻,ear: light skin tone,People & Body,body-parts
pound_banknote,0.14285714285714285,0.2857142857142857,0.14285714285714285,0.42857142857142855,0.0,0.0,pound_banknote,145,💷,pound banknote,Objects,money
Tanzania,,,,,,,Tanzania,15,🇹🇿,flag: Tanzania,Flags,country-flag
ribbon,0.0,0.576271186440678,0.23728813559322035,0.11864406779661017,0.03389830508474576,0.03389830508474576,ribbon,131,🎀,ribbon,Activities,event
woman_facepalming_medium_skin_tone,0.10344827586206896,0.20689655172413793,0.14367816091954022,0.20114942528735633,0.07471264367816093,0.27011494252873564,woman_facepalming_medium_skin_tone,1701,🤦🏽‍♀️,woman facepalming: medium skin tone,People & Body,person-gesture
Dominican_Republic,,,,,,,Dominican_Republic,34,🇩🇴,flag: Dominican Republic,Flags,country-flag
infinity,0.014104372355430184,0.1227080394922426,0.019746121297602257,0.8180535966149506,0.011283497884344146,0.014104372355430184,infinity,67,♾️,infinity,Symbols,math
backhand_index_pointing_down_light_skin_tone,0.0,0.6086956521739131,0.0,0.21739130434782608,0.13043478260869565,0.043478260869565216,backhand_index_pointing_down_light_skin_tone,733,👇🏻,backhand index pointing down: light skin tone,People & Body,hand-single-finger
luggage,0.07407407407407407,0.2962962962962963,0.37037037037037035,0.07407407407407407,0.1111111111111111,0.07407407407407407,luggage,33,🧳,luggage,Travel & Places,hotel
dog_face,0.024896265560165973,0.7842323651452282,0.058091286307053944,0.058091286307053944,0.07053941908713693,0.004149377593360996,dog_face,1618,🐶,dog face,Animals & Nature,animal-mammal
breast-feeding_medium_skin_tone,,,,,,,breast-feeding_medium_skin_tone,2,🤱🏽,breast-feeding: medium skin tone,People & Body,person-role
gear,0.046052631578947366,0.4243421052631579,0.0625,0.2993421052631579,0.0625,0.10526315789473684,gear,41,⚙️,gear,Objects,tool
dragon,0.07142857142857142,0.36645962732919257,0.10869565217391304,0.2857142857142857,0.08074534161490683,0.08695652173913043,dragon,129,🐉,dragon,Animals & Nature,animal-reptile
woman_gesturing_OK,,,,,,,woman_gesturing_OK,98,🙆‍♀️,woman gesturing OK,People & Body,person-gesture
family_woman_girl,0.0,1.0,0.0,0.0,0.0,0.0,family_woman_girl,25,👩‍👧,"family: woman, girl",People & Body,family
bento_box,0.0,0.8,0.0,0.0,0.2,0.0,bento_box,42,🍱,bento box,Food & Drink,food-asian
eggplant,0.025,0.35,0.0,0.25,0.125,0.25,eggplant,287,🍆,eggplant,Food & Drink,food-vegetable
trident_emblem,0.3333333333333333,0.16666666666666666,0.0,0.16666666666666666,0.3333333333333333,0.0,trident_emblem,39,🔱,trident emblem,Symbols,other-symbol
ID_button,,,,,,,ID_button,14,🆔,ID button,Symbols,alphanum
loudly_crying_face,0.08416712146019041,0.41883451579649505,0.22491055727366444,0.16093626826753987,0.041598447638105635,0.0695530895640046,loudly_crying_face,136543,😭,loudly crying face,Smileys & Emotion,face-concerned
thumbs_down_medium-light_skin_tone,,,,,,,thumbs_down_medium-light_skin_tone,1580,👎🏼,thumbs down: medium-light skin tone,People & Body,hand-fingers-closed
pleading_face,0.0415625,0.68,0.121875,0.0853125,0.043125,0.028125,pleading_face,33970,🥺,pleading face,Smileys & Emotion,face-concerned
old_man_medium-light_skin_tone,,,,,,,old_man_medium-light_skin_tone,5,👴🏼,old man: medium-light skin tone,People & Body,person
Chad,,,,,,,Chad,6,🇹🇩,flag: Chad,Flags,country-flag
airplane_departure,0.1111111111111111,0.5555555555555556,0.0,0.16666666666666666,0.16666666666666666,0.0,airplane_departure,372,🛫,airplane departure,Travel & Places,transport-air
baseball,0.13761467889908258,0.46788990825688076,0.11926605504587157,0.10091743119266056,0.11926605504587157,0.05504587155963303,baseball,3904,⚾,baseball,Activities,sport
bell,0.10597826086956522,0.266304347826087,0.11956521739130435,0.20380434782608695,0.12771739130434784,0.1766304347826087,bell,192,🔔,bell,Objects,sound
grinning_cat_with_smiling_eyes,,,,,,,grinning_cat_with_smiling_eyes,223,😸,grinning cat with smiling eyes,Smileys & Emotion,cat-face
cup_with_straw,0.0125,0.6791666666666667,0.0375,0.0375,0.20833333333333334,0.025,cup_with_straw,1998,🥤,cup with straw,Food & Drink,drink
man,0.12573562698053417,0.28712086917157087,0.11464463558171119,0.22023540063377095,0.038139429606156634,0.21412403802625624,man,67,👨,man,People & Body,person
sewing_needle,,,,,,,sewing_needle,1,🪡,sewing needle,Activities,arts & crafts
clapping_hands,0.028810408921933085,0.6895910780669146,0.04584882280049566,0.09076827757125155,0.09324659231722429,0.051734820322180915,clapping_hands,19510,👏,clapping hands,People & Body,hands
construction_worker,0.0,1.0,0.0,0.0,0.0,0.0,construction_worker,56,👷,construction worker,People & Body,person-role
person_swimming_medium-light_skin_tone,,,,,,,person_swimming_medium-light_skin_tone,2,🏊🏼,person swimming: medium-light skin tone,People & Body,person-sport
prohibited,0.4297082228116711,0.023872679045092837,0.038461538461538464,0.0636604774535809,0.4177718832891247,0.026525198938992044,prohibited,1366,🚫,prohibited,Symbols,warning
clockwise_vertical_arrows,0.0,0.0,0.3333333333333333,0.0,0.0,0.6666666666666666,clockwise_vertical_arrows,11,🔃,clockwise vertical arrows,Symbols,arrow
briefs,0.058823529411764705,0.7647058823529411,0.11764705882352941,0.0,0.058823529411764705,0.0,briefs,7,🩲,briefs,Objects,clothing
index_pointing_up_medium_skin_tone,0.1,0.6,0.0,0.2,0.0,0.1,index_pointing_up_medium_skin_tone,67,☝🏽,index pointing up: medium skin tone,People & Body,hand-single-finger
woman_student_medium_skin_tone,,,,,,,woman_student_medium_skin_tone,11,👩🏽‍🎓,woman student: medium skin tone,People & Body,person-role
military_helmet,,,,,,,military_helmet,6,🪖,military helmet,Objects,clothing
man_frowning_medium_skin_tone,,,,,,,man_frowning_medium_skin_tone,5,🙍🏽‍♂️,man frowning: medium skin tone,People & Body,person-gesture
person_getting_massage_medium_skin_tone,0.0,1.0,0.0,0.0,0.0,0.0,person_getting_massage_medium_skin_tone,9,💆🏽,person getting massage: medium skin tone,People & Body,person-activity
palms_up_together_dark_skin_tone,0.0,1.0,0.0,0.0,0.0,0.0,palms_up_together_dark_skin_tone,16,🤲🏿,palms up together: dark skin tone,People & Body,hands
Canada,,,,,,,Canada,808,🇨🇦,flag: Canada,Flags,country-flag
woman_gesturing_NO_medium-dark_skin_tone,,,,,,,woman_gesturing_NO_medium-dark_skin_tone,55,🙅🏾‍♀️,woman gesturing NO: medium-dark skin tone,People & Body,person-gesture
man_dark_skin_tone_bald,,,,,,,man_dark_skin_tone_bald,2,👨🏿‍🦲,"man: dark skin tone, bald",People & Body,person
boomerang,0.0,0.7,0.0,0.1,0.0,0.2,boomerang,1,🪃,boomerang,Objects,tool
man_surfing_medium-light_skin_tone,,,,,,,man_surfing_medium-light_skin_tone,4,🏄🏼‍♂️,man surfing: medium-light skin tone,People & Body,person-sport
person_getting_massage_medium-dark_skin_tone,,,,,,,person_getting_massage_medium-dark_skin_tone,9,💆🏾,person getting massage: medium-dark skin tone,People & Body,person-activity
Iceland,,,,,,,Iceland,25,🇮🇸,flag: Iceland,Flags,country-flag
doughnut,0.06060606060606061,0.6666666666666666,0.050505050505050504,0.08080808080808081,0.030303030303030304,0.1111111111111111,doughnut,408,🍩,doughnut,Food & Drink,food-sweet
woman_getting_haircut_light_skin_tone,0.0,1.0,0.0,0.0,0.0,0.0,woman_getting_haircut_light_skin_tone,6,💇🏻‍♀️,woman getting haircut: light skin tone,People & Body,person-activity
auto_rickshaw,,,,,,,auto_rickshaw,1,🛺,auto rickshaw,Travel & Places,transport-ground
person_rowing_boat,0.0,1.0,0.0,0.0,0.0,0.0,person_rowing_boat,13,🚣,person rowing boat,People & Body,person-sport
princess_medium-dark_skin_tone,,,,,,,princess_medium-dark_skin_tone,27,👸🏾,princess: medium-dark skin tone,People & Body,person-role
minus,0.09836065573770492,0.32786885245901637,0.16393442622950818,0.13114754098360656,0.11475409836065574,0.16393442622950818,minus,102,➖,minus,Symbols,math
astronaut_light_skin_tone,,,,,,,astronaut_light_skin_tone,1,🧑🏻‍🚀,astronaut: light skin tone,People & Body,person-role
person_light_skin_tone,,,,,,,person_light_skin_tone,5,🧑🏻,person: light skin tone,People & Body,person
woman_in_steamy_room_medium_skin_tone,,,,,,,woman_in_steamy_room_medium_skin_tone,4,🧖🏽‍♀️,woman in steamy room: medium skin tone,People & Body,person-activity
transgender_flag,,,,,,,transgender_flag,5,🏳️‍⚧️,transgender flag,Flags,flag
woman_swimming_medium_skin_tone,0.0,0.5,0.0,0.5,0.0,0.0,woman_swimming_medium_skin_tone,2,🏊🏽‍♀️,woman swimming: medium skin tone,People & Body,person-sport
woman_with_white_cane_light_skin_tone,,,,,,,woman_with_white_cane_light_skin_tone,17,👩🏻‍🦯,woman with white cane: light skin tone,People & Body,person-activity
woman_getting_haircut_medium_skin_tone,,,,,,,woman_getting_haircut_medium_skin_tone,2,💇🏽‍♀️,woman getting haircut: medium skin tone,People & Body,person-activity
footprints,0.0,0.4375,0.0625,0.25,0.125,0.125,footprints,92,👣,footprints,People & Body,person-symbol
waving_hand_dark_skin_tone,0.6666666666666666,0.0,0.0,0.0,0.3333333333333333,0.0,waving_hand_dark_skin_tone,24,👋🏿,waving hand: dark skin tone,People & Body,hand-fingers-open
man_getting_massage_medium-light_skin_tone,,,,,,,man_getting_massage_medium-light_skin_tone,1,💆🏼‍♂️,man getting massage: medium-light skin tone,People & Body,person-activity
Santa_Claus_medium-light_skin_tone,,,,,,,Santa_Claus_medium-light_skin_tone,373,🎅🏼,Santa Claus: medium-light skin tone,People & Body,person-fantasy
man_climbing,,,,,,,man_climbing,3,🧗‍♂️,man climbing,People & Body,person-activity
Israel,,,,,,,Israel,36,🇮🇱,flag: Israel,Flags,country-flag
person_raising_hand_medium_skin_tone,,,,,,,person_raising_hand_medium_skin_tone,35,🙋🏽,person raising hand: medium skin tone,People & Body,person-gesture
woman_blond_hair,,,,,,,woman_blond_hair,16,👱‍♀️,woman: blond hair,People & Body,person
nose_dark_skin_tone,0.0,1.0,0.0,0.0,0.0,0.0,nose_dark_skin_tone,2,👃🏿,nose: dark skin tone,People & Body,body-parts
woman_frowning,,,,,,,woman_frowning,6,🙍‍♀️,woman frowning,People & Body,person-gesture
Brazil,,,,,,,Brazil,869,🇧🇷,flag: Brazil,Flags,country-flag
funeral_urn,,,,,,,funeral_urn,9,⚱️,funeral urn,Objects,other-object
zzz,0.009287925696594427,0.3715170278637771,0.5603715170278638,0.021671826625386997,0.034055727554179564,0.0030959752321981426,zzz,976,💤,zzz,Smileys & Emotion,emotion
person_playing_handball_medium_skin_tone,,,,,,,person_playing_handball_medium_skin_tone,1,🤾🏽,person playing handball: medium skin tone,People & Body,person-sport
woman_vampire_light_skin_tone,0.0,0.6,0.0,0.4,0.0,0.0,woman_vampire_light_skin_tone,12,🧛🏻‍♀️,woman vampire: light skin tone,People & Body,person-fantasy
cat_face,0.013888888888888888,0.7222222222222222,0.09722222222222222,0.125,0.0,0.041666666666666664,cat_face,497,🐱,cat face,Animals & Nature,animal-mammal
bell_pepper,,,,,,,bell_pepper,5,🫑,bell pepper,Food & Drink,food-vegetable
woman_biking_medium-light_skin_tone,,,,,,,woman_biking_medium-light_skin_tone,5,🚴🏼‍♀️,woman biking: medium-light skin tone,People & Body,person-sport
man_student,,,,,,,man_student,22,👨‍🎓,man student,People & Body,person-role
man_police_officer_medium_skin_tone,0.0,0.0,1.0,0.0,0.0,0.0,man_police_officer_medium_skin_tone,2,👮🏽‍♂️,man police officer: medium skin tone,People & Body,person-role
woman_farmer_medium-dark_skin_tone,,,,,,,woman_farmer_medium-dark_skin_tone,1,👩🏾‍🌾,woman farmer: medium-dark skin tone,People & Body,person-role
left_arrow,0.8,0.2,0.0,0.0,0.0,0.0,left_arrow,298,⬅️,left arrow,Symbols,arrow
bird,0.06443298969072164,0.30927835051546393,0.11082474226804123,0.2706185567010309,0.05154639175257732,0.19329896907216496,bird,127,🐦,bird,Animals & Nature,animal-bird
stethoscope,0.0,1.0,0.0,0.0,0.0,0.0,stethoscope,17,🩺,stethoscope,Objects,medical
person_kneeling_dark_skin_tone,,,,,,,person_kneeling_dark_skin_tone,3,🧎🏿,person kneeling: dark skin tone,People & Body,person-activity
man_playing_handball,,,,,,,man_playing_handball,3,🤾‍♂️,man playing handball,People & Body,person-sport
mouse_face,0.2,0.6,0.0,0.2,0.0,0.0,mouse_face,51,🐭,mouse face,Animals & Nature,animal-mammal
chart_decreasing,0.041666666666666664,0.041666666666666664,0.2916666666666667,0.0,0.125,0.5,chart_decreasing,178,📉,chart decreasing,Objects,office
dumpling,0.0,0.7,0.1,0.1,0.0,0.1,dumpling,12,🥟,dumpling,Food & Drink,food-asian
man_golfing_dark_skin_tone,0.0,1.0,0.0,0.0,0.0,0.0,man_golfing_dark_skin_tone,2,🏌🏿‍♂️,man golfing: dark skin tone,People & Body,person-sport
Statue_of_Liberty,,,,,,,Statue_of_Liberty,193,🗽,Statue of Liberty,Travel & Places,place-building
men_holding_hands,0.0,1.0,0.0,0.0,0.0,0.0,men_holding_hands,53,👬,men holding hands,People & Body,family
women_holding_hands_medium_skin_tone,,,,,,,women_holding_hands_medium_skin_tone,1,👭🏽,women holding hands: medium skin tone,People & Body,family
man_medium-light_skin_tone,,,,,,,man_medium-light_skin_tone,4,👨🏼,man: medium-light skin tone,People & Body,person
ox,0.2608695652173913,0.5217391304347826,0.043478260869565216,0.17391304347826086,0.0,0.0,ox,93,🐂,ox,Animals & Nature,animal-mammal
printer,0.11054637865311309,0.19440914866581957,0.1905972045743329,0.13087674714104194,0.17026683608640406,0.20330368487928843,printer,45,🖨️,printer,Objects,computer
honey_pot,0.0,0.9,0.1,0.0,0.0,0.0,honey_pot,155,🍯,honey pot,Food & Drink,food-sweet
woman_getting_massage_medium-light_skin_tone,,,,,,,woman_getting_massage_medium-light_skin_tone,5,💆🏼‍♀️,woman getting massage: medium-light skin tone,People & Body,person-activity
right-facing_fist_dark_skin_tone,,,,,,,right-facing_fist_dark_skin_tone,1,🤜🏿,right-facing fist: dark skin tone,People & Body,hand-fingers-closed
keycap_4,0.16666666666666666,0.6666666666666666,0.16666666666666666,0.0,0.0,0.0,keycap_4,49,4️⃣,keycap: 4,Symbols,keycap
magic_wand,,,,,,,magic_wand,21,🪄,magic wand,Activities,game
raising_hands,0.02068126520681265,0.8041362530413625,0.020072992700729927,0.07664233576642336,0.06386861313868614,0.014598540145985401,raising_hands,14911,🙌,raising hands,People & Body,hands
canned_food,0.0,1.0,0.0,0.0,0.0,0.0,canned_food,21,🥫,canned food,Food & Drink,food-prepared
family_woman_woman_girl_girl,0.0,1.0,0.0,0.0,0.0,0.0,family_woman_woman_girl_girl,3,👩‍👩‍👧‍👧,"family: woman, woman, girl, girl",People & Body,family
man_cook_light_skin_tone,,,,,,,man_cook_light_skin_tone,9,👨🏻‍🍳,man cook: light skin tone,People & Body,person-role
palm_tree,0.029850746268656716,0.8059701492537313,0.13432835820895522,0.0,0.0,0.029850746268656716,palm_tree,282,🌴,palm tree,Animals & Nature,plant-other
peanuts,0.04,0.42,0.14,0.18,0.08,0.14,peanuts,78,🥜,peanuts,Food & Drink,food-vegetable
woman_wearing_turban,,,,,,,woman_wearing_turban,2,👳‍♀️,woman wearing turban,People & Body,person-role
BACK_arrow,,,,,,,BACK_arrow,119,🔙,BACK arrow,Symbols,arrow
ninja,0.08045977011494253,0.3448275862068966,0.11494252873563218,0.367816091954023,0.034482758620689655,0.05747126436781609,ninja,8,🥷,ninja,People & Body,person-role
house_with_garden,0.037037037037037035,0.9259259259259259,0.0,0.0,0.037037037037037035,0.0,house_with_garden,316,🏡,house with garden,Travel & Places,place-building
woman_dancing_dark_skin_tone,0.0,0.8571428571428571,0.0,0.14285714285714285,0.0,0.0,woman_dancing_dark_skin_tone,63,💃🏿,woman dancing: dark skin tone,People & Body,person-activity
up-left_arrow,,,,,,,up-left_arrow,31,↖️,up-left arrow,Symbols,arrow
woman_in_manual_wheelchair_light_skin_tone,,,,,,,woman_in_manual_wheelchair_light_skin_tone,2,👩🏻‍🦽,woman in manual wheelchair: light skin tone,People & Body,person-activity
woman_cartwheeling_medium-dark_skin_tone,,,,,,,woman_cartwheeling_medium-dark_skin_tone,14,🤸🏾‍♀️,woman cartwheeling: medium-dark skin tone,People & Body,person-sport
woman_gesturing_NO_medium-light_skin_tone,,,,,,,woman_gesturing_NO_medium-light_skin_tone,42,🙅🏼‍♀️,woman gesturing NO: medium-light skin tone,People & Body,person-gesture
oncoming_fist_dark_skin_tone,0.0,0.375,0.0,0.0,0.0,0.625,oncoming_fist_dark_skin_tone,40,👊🏿,oncoming fist: dark skin tone,People & Body,hand-fingers-closed
wrapped_gift,0.003051881993896236,0.7924720244150559,0.01627670396744659,0.017293997965412006,0.167853509664293,0.003051881993896236,wrapped_gift,3393,🎁,wrapped gift,Activities,event
family_woman_woman_boy,0.0,1.0,0.0,0.0,0.0,0.0,family_woman_woman_boy,3,👩‍👩‍👦,"family: woman, woman, boy",People & Body,family
person_getting_haircut_light_skin_tone,,,,,,,person_getting_haircut_light_skin_tone,2,💇🏻,person getting haircut: light skin tone,People & Body,person-activity
woman_with_headscarf_dark_skin_tone,0.0,1.0,0.0,0.0,0.0,0.0,woman_with_headscarf_dark_skin_tone,2,🧕🏿,woman with headscarf: dark skin tone,People & Body,person-role
seven-thirty,,,,,,,seven-thirty,1,🕢,seven-thirty,Travel & Places,time
person_kneeling_medium-light_skin_tone,,,,,,,person_kneeling_medium-light_skin_tone,4,🧎🏼,person kneeling: medium-light skin tone,People & Body,person-activity
stop_sign,0.18072289156626506,0.0963855421686747,0.14457831325301204,0.3855421686746988,0.012048192771084338,0.18072289156626506,stop_sign,374,🛑,stop sign,Travel & Places,transport-ground
person_gesturing_OK_medium-light_skin_tone,,,,,,,person_gesturing_OK_medium-light_skin_tone,11,🙆🏼,person gesturing OK: medium-light skin tone,People & Body,person-gesture
small_airplane,0.3333333333333333,0.3333333333333333,0.0,0.0,0.3333333333333333,0.0,small_airplane,40,🛩️,small airplane,Travel & Places,transport-air
woman_teacher_medium-dark_skin_tone,,,,,,,woman_teacher_medium-dark_skin_tone,3,👩🏾‍🏫,woman teacher: medium-dark skin tone,People & Body,person-role
white_flower,0.0,1.0,0.0,0.0,0.0,0.0,white_flower,33,💮,white flower,Animals & Nature,plant-flower
ticket,0.08620689655172414,0.3563218390804598,0.19540229885057472,0.14367816091954022,0.14367816091954022,0.07471264367816093,ticket,36,🎫,ticket,Activities,event
Paraguay,,,,,,,Paraguay,7,🇵🇾,flag: Paraguay,Flags,country-flag
peach,0.027472527472527472,0.6923076923076923,0.04945054945054945,0.12087912087912088,0.07692307692307693,0.03296703296703297,peach,351,🍑,peach,Food & Drink,food-fruit
thumbs_up_medium-dark_skin_tone,,,,,,,thumbs_up_medium-dark_skin_tone,1086,👍🏾,thumbs up: medium-dark skin tone,People & Body,hand-fingers-closed
loudspeaker,0.041666666666666664,0.7222222222222222,0.06944444444444445,0.05555555555555555,0.1111111111111111,0.0,loudspeaker,445,📢,loudspeaker,Objects,sound
Santa_Claus_medium-dark_skin_tone,,,,,,,Santa_Claus_medium-dark_skin_tone,39,🎅🏾,Santa Claus: medium-dark skin tone,People & Body,person-fantasy
glowing_star,0.01793103448275862,0.8427586206896551,0.05655172413793103,0.031724137931034485,0.041379310344827586,0.009655172413793104,glowing_star,2464,🌟,glowing star,Travel & Places,sky & weather
sports_medal,0.0,0.7368421052631579,0.0,0.10526315789473684,0.0,0.15789473684210525,sports_medal,159,🏅,sports medal,Activities,award-medal
hotel,0.043343653250773995,0.3931888544891641,0.15479876160990713,0.2755417956656347,0.07120743034055728,0.06191950464396285,hotel,19,🏨,hotel,Travel & Places,place-building
biohazard,0.0625,0.0,0.0,0.8125,0.0,0.125,biohazard,22,☣️,biohazard,Symbols,warning
vampire,0.047505938242280284,0.14251781472684086,0.07482185273159145,0.671021377672209,0.014251781472684086,0.0498812351543943,vampire,5,🧛,vampire,People & Body,person-fantasy
leg,0.03888888888888889,0.36666666666666664,0.18888888888888888,0.20555555555555555,0.044444444444444446,0.15555555555555556,leg,15,🦵,leg,People & Body,body-parts
woman_police_officer,,,,,,,woman_police_officer,32,👮‍♀️,woman police officer,People & Body,person-role
person_running_medium_skin_tone,0.0,1.0,0.0,0.0,0.0,0.0,person_running_medium_skin_tone,14,🏃🏽,person running: medium skin tone,People & Body,person-activity
partying_face,0.0,0.83451536643026,0.014184397163120567,0.05200945626477541,0.06855791962174941,0.030732860520094562,partying_face,3731,🥳,partying face,Smileys & Emotion,face-hat
face_savoring_food,0.010542168674698794,0.8377259036144579,0.03426204819277109,0.04216867469879518,0.06739457831325302,0.007906626506024096,face_savoring_food,26814,😋,face savoring food,Smileys & Emotion,face-tongue
motorway,0.07407407407407407,0.3333333333333333,0.14814814814814814,0.1111111111111111,0.1111111111111111,0.2222222222222222,motorway,29,🛣️,motorway,Travel & Places,transport-ground
black_nib,0.0,1.0,0.0,0.0,0.0,0.0,black_nib,23,✒️,black nib,Objects,writing
woman_health_worker,,,,,,,woman_health_worker,107,👩‍⚕️,woman health worker,People & Body,person-role
Aquarius,,,,,,,Aquarius,13,♒,Aquarius,Symbols,zodiac
person_facepalming_dark_skin_tone,,,,,,,person_facepalming_dark_skin_tone,20,🤦🏿,person facepalming: dark skin tone,People & Body,person-gesture
man_shrugging_medium_skin_tone,0.1810344827586207,0.14655172413793102,0.08620689655172414,0.19827586206896552,0.08620689655172414,0.3017241379310345,man_shrugging_medium_skin_tone,1237,🤷🏽‍♂️,man shrugging: medium skin tone,People & Body,person-gesture
persevering_face,0.1111111111111111,0.34595959595959597,0.18686868686868688,0.21464646464646464,0.027777777777777776,0.11363636363636363,persevering_face,3179,😣,persevering face,Smileys & Emotion,face-concerned
swan,0.08695652173913043,0.4782608695652174,0.17391304347826086,0.08695652173913043,0.13043478260869565,0.043478260869565216,swan,16,🦢,swan,Animals & Nature,animal-bird
woman_lifting_weights,,,,,,,woman_lifting_weights,39,🏋️‍♀️,woman lifting weights,People & Body,person-sport
call_me_hand_medium-light_skin_tone,,,,,,,call_me_hand_medium-light_skin_tone,257,🤙🏼,call me hand: medium-light skin tone,People & Body,hand-fingers-partial
writing_hand_dark_skin_tone,,,,,,,writing_hand_dark_skin_tone,6,✍🏿,writing hand: dark skin tone,People & Body,hand-prop
waxing_gibbous_moon,0.0,1.0,0.0,0.0,0.0,0.0,waxing_gibbous_moon,19,🌔,waxing gibbous moon,Travel & Places,sky & weather
woman_cook_medium-dark_skin_tone,,,,,,,woman_cook_medium-dark_skin_tone,5,👩🏾‍🍳,woman cook: medium-dark skin tone,People & Body,person-role
flexed_biceps_medium-light_skin_tone,,,,,,,flexed_biceps_medium-light_skin_tone,462,💪🏼,flexed biceps: medium-light skin tone,People & Body,body-parts
beating_heart,0.013457556935817806,0.8778467908902692,0.026915113871635612,0.047619047619047616,0.025879917184265012,0.008281573498964804,beating_heart,2620,💓,beating heart,Smileys & Emotion,emotion
pig_face,0.02867383512544803,0.7025089605734767,0.12903225806451613,0.05017921146953405,0.035842293906810034,0.053763440860215055,pig_face,1519,🐷,pig face,Animals & Nature,animal-mammal
rat,0.08196721311475409,0.19672131147540983,0.15300546448087432,0.18032786885245902,0.04371584699453552,0.3442622950819672,rat,156,🐀,rat,Animals & Nature,animal-mammal
man_vampire_dark_skin_tone,0.0,0.6666666666666666,0.0,0.3333333333333333,0.0,0.0,man_vampire_dark_skin_tone,8,🧛🏿‍♂️,man vampire: dark skin tone,People & Body,person-fantasy
people_holding_hands_medium-light_skin_tone_light_skin_tone,,,,,,,people_holding_hands_medium-light_skin_tone_light_skin_tone,1,🧑🏼‍🤝‍🧑🏻,"people holding hands: medium-light skin tone, light skin tone",People & Body,family
thumbs_up_light_skin_tone,0.05135520684736091,0.7417974322396577,0.047075606276747506,0.07560627674750357,0.039942938659058486,0.0442225392296719,thumbs_up_light_skin_tone,5184,👍🏻,thumbs up: light skin tone,People & Body,hand-fingers-closed
woman_vampire_medium-dark_skin_tone,,,,,,,woman_vampire_medium-dark_skin_tone,3,🧛🏾‍♀️,woman vampire: medium-dark skin tone,People & Body,person-fantasy
Aries,,,,,,,Aries,12,♈,Aries,Symbols,zodiac
squid,0.06451612903225806,0.7741935483870968,0.03225806451612903,0.0967741935483871,0.03225806451612903,0.0,squid,101,🦑,squid,Food & Drink,food-marine
man_medium-dark_skin_tone,,,,,,,man_medium-dark_skin_tone,5,👨🏾,man: medium-dark skin tone,People & Body,person
kissing_cat,,,,,,,kissing_cat,198,😽,kissing cat,Smileys & Emotion,cat-face
chess_pawn,0.0,1.0,0.0,0.0,0.0,0.0,chess_pawn,98,♟️,chess pawn,Activities,game
man_cartwheeling_medium-dark_skin_tone,,,,,,,man_cartwheeling_medium-dark_skin_tone,8,🤸🏾‍♂️,man cartwheeling: medium-dark skin tone,People & Body,person-sport
baby_chick,0.0,0.5333333333333333,0.4,0.06666666666666667,0.0,0.0,baby_chick,91,🐤,baby chick,Animals & Nature,animal-bird
light_bulb,0.03225806451612903,0.6935483870967742,0.08064516129032258,0.08064516129032258,0.08064516129032258,0.03225806451612903,light_bulb,648,💡,light bulb,Objects,light & video
backhand_index_pointing_up_medium_skin_tone,0.0,0.625,0.125,0.125,0.0,0.125,backhand_index_pointing_up_medium_skin_tone,104,👆🏽,backhand index pointing up: medium skin tone,People & Body,hand-single-finger
frog,0.10204081632653061,0.4897959183673469,0.10204081632653061,0.12244897959183673,0.02040816326530612,0.16326530612244897,frog,241,🐸,frog,Animals & Nature,animal-amphibian
cigarette,0.034482758620689655,0.20689655172413793,0.1724137931034483,0.3103448275862069,0.034482758620689655,0.2413793103448276,cigarette,71,🚬,cigarette,Objects,other-object
curry_rice,0.0,0.75,0.0,0.0,0.25,0.0,curry_rice,26,🍛,curry rice,Food & Drink,food-asian
man_elf_medium-dark_skin_tone,,,,,,,man_elf_medium-dark_skin_tone,1,🧝🏾‍♂️,man elf: medium-dark skin tone,People & Body,person-fantasy
orange_square,,,,,,,orange_square,4,🟧,orange square,Symbols,geometric
Pisces,,,,,,,Pisces,16,♓,Pisces,Symbols,zodiac
guide_dog,,,,,,,guide_dog,10,🦮,guide dog,Animals & Nature,animal-mammal
woman_with_white_cane_medium-dark_skin_tone,,,,,,,woman_with_white_cane_medium-dark_skin_tone,2,👩🏾‍🦯,woman with white cane: medium-dark skin tone,People & Body,person-activity
woman_and_man_holding_hands_light_skin_tone,,,,,,,woman_and_man_holding_hands_light_skin_tone,3,👫🏻,woman and man holding hands: light skin tone,People & Body,family
cupcake,0.041666666666666664,0.5208333333333334,0.1875,0.10416666666666667,0.041666666666666664,0.10416666666666667,cupcake,94,🧁,cupcake,Food & Drink,food-sweet
man_walking,,,,,,,man_walking,51,🚶‍♂️,man walking,People & Body,person-activity
pizza,0.03854625550660793,0.7202643171806168,0.05506607929515418,0.07378854625550661,0.048458149779735685,0.06387665198237885,pizza,1532,🍕,pizza,Food & Drink,food-prepared
two-hump_camel,,,,,,,two-hump_camel,17,🐫,two-hump camel,Animals & Nature,animal-mammal
spiral_shell,0.0,1.0,0.0,0.0,0.0,0.0,spiral_shell,36,🐚,spiral shell,Animals & Nature,animal-marine
victory_hand_medium_skin_tone,0.10869565217391304,0.5,0.043478260869565216,0.15217391304347827,0.0,0.1956521739130435,victory_hand_medium_skin_tone,416,✌🏽,victory hand: medium skin tone,People & Body,hand-fingers-partial
North_Macedonia,,,,,,,North_Macedonia,3,🇲🇰,flag: North Macedonia,Flags,country-flag
flamingo,0.05555555555555555,0.6666666666666666,0.1111111111111111,0.05555555555555555,0.05555555555555555,0.05555555555555555,flamingo,11,🦩,flamingo,Animals & Nature,animal-bird
grimacing_face,0.09271523178807947,0.4552980132450331,0.1076158940397351,0.1771523178807947,0.07450331125827815,0.09271523178807947,grimacing_face,6083,😬,grimacing face,Smileys & Emotion,face-neutral-skeptical
backpack,0.08,0.4,0.08,0.0,0.04,0.4,backpack,38,🎒,backpack,Objects,clothing
woman_firefighter,,,,,,,woman_firefighter,3,👩‍🚒,woman firefighter,People & Body,person-role
sparkler,0.0,0.7368421052631579,0.0,0.0,0.21052631578947367,0.05263157894736842,sparkler,167,🎇,sparkler,Activities,event
tent,0.0,0.625,0.0625,0.1875,0.0625,0.0625,tent,31,⛺,tent,Travel & Places,place-other
raised_hand_medium-light_skin_tone,,,,,,,raised_hand_medium-light_skin_tone,184,✋🏼,raised hand: medium-light skin tone,People & Body,hand-fingers-open
person_in_bed,0.0,0.4782608695652174,0.391304347826087,0.0,0.08695652173913043,0.043478260869565216,person_in_bed,57,🛌,person in bed,People & Body,person-resting
ear_with_hearing_aid,,,,,,,ear_with_hearing_aid,9,🦻,ear with hearing aid,People & Body,body-parts
film_frames,0.045454545454545456,0.6818181818181818,0.0,0.13636363636363635,0.045454545454545456,0.09090909090909091,film_frames,215,🎞️,film frames,Objects,light & video
person_bowing_medium-dark_skin_tone,,,,,,,person_bowing_medium-dark_skin_tone,12,🙇🏾,person bowing: medium-dark skin tone,People & Body,person-gesture
alembic,,,,,,,alembic,7,⚗️,alembic,Objects,science
crossed_flags,,,,,,,crossed_flags,4,🎌,crossed flags,Flags,flag
green_square,0.0,0.5,0.0,0.0,0.5,0.0,green_square,45,🟩,green square,Symbols,geometric
woman_office_worker_medium-dark_skin_tone,,,,,,,woman_office_worker_medium-dark_skin_tone,1,👩🏾‍💼,woman office worker: medium-dark skin tone,People & Body,person-role
coconut,0.0297029702970297,0.6831683168316832,0.0297029702970297,0.09900990099009901,0.1188118811881188,0.039603960396039604,coconut,42,🥥,coconut,Food & Drink,food-fruit
woman_juggling_medium-light_skin_tone,,,,,,,woman_juggling_medium-light_skin_tone,2,🤹🏼‍♀️,woman juggling: medium-light skin tone,People & Body,person-sport
inbox_tray,0.0,0.75,0.0,0.0,0.25,0.0,inbox_tray,83,📥,inbox tray,Objects,mail
hippopotamus,0.0,0.0,0.5,0.5,0.0,0.0,hippopotamus,10,🦛,hippopotamus,Animals & Nature,animal-mammal
Monaco,,,,,,,Monaco,18,🇲🇨,flag: Monaco,Flags,country-flag
family_man_girl_girl,,,,,,,family_man_girl_girl,2,👨‍👧‍👧,"family: man, girl, girl",People & Body,family
umbrella,0.046357615894039736,0.5,0.0728476821192053,0.18543046357615894,0.08278145695364239,0.11258278145695365,umbrella,233,☂️,umbrella,Travel & Places,sky & weather
small_orange_diamond,0.0,0.14285714285714285,0.0,0.8571428571428571,0.0,0.0,small_orange_diamond,66,🔸,small orange diamond,Symbols,geometric
rice_cracker,,,,,,,rice_cracker,1,🍘,rice cracker,Food & Drink,food-asian
woman_detective,,,,,,,woman_detective,386,🕵️‍♀️,woman detective,People & Body,person-role
woman_mage_medium-light_skin_tone,,,,,,,woman_mage_medium-light_skin_tone,19,🧙🏼‍♀️,woman mage: medium-light skin tone,People & Body,person-fantasy
man_surfing,,,,,,,man_surfing,38,🏄‍♂️,man surfing,People & Body,person-sport
metro,0.0684931506849315,0.3698630136986301,0.1506849315068493,0.2191780821917808,0.0821917808219178,0.1095890410958904,metro,25,🚇,metro,Travel & Places,transport-ground
neutral_face,0.1284722222222222,0.21354166666666666,0.1440972222222222,0.1684027777777778,0.03993055555555555,0.3055555555555556,neutral_face,6059,😐,neutral face,Smileys & Emotion,face-neutral-skeptical
woman_shrugging,0.0,0.0,0.0,1.0,0.0,0.0,woman_shrugging,1925,🤷‍♀️,woman shrugging,People & Body,person-gesture
skateboard,0.0,0.5,0.0,0.5,0.0,0.0,skateboard,16,🛹,skateboard,Travel & Places,transport-ground
woman_scientist,0.0,1.0,0.0,0.0,0.0,0.0,woman_scientist,18,👩‍🔬,woman scientist,People & Body,person-role
raised_back_of_hand_medium-light_skin_tone,,,,,,,raised_back_of_hand_medium-light_skin_tone,86,🤚🏼,raised back of hand: medium-light skin tone,People & Body,hand-fingers-open
skull,0.09463276836158192,0.2231638418079096,0.153954802259887,0.2669491525423729,0.029661016949152543,0.23163841807909605,skull,4892,💀,skull,Smileys & Emotion,face-negative
Georgia,,,,,,,Georgia,20,🇬🇪,flag: Georgia,Flags,country-flag
oden,0.0,0.3333333333333333,0.6666666666666666,0.0,0.0,0.0,oden,8,🍢,oden,Food & Drink,food-asian
fast_reverse_button,,,,,,,fast_reverse_button,24,⏪,fast reverse button,Symbols,av-symbol
woman_genie,,,,,,,woman_genie,8,🧞‍♀️,woman genie,People & Body,person-fantasy
onion,0.06473594548551959,0.4735945485519591,0.1567291311754685,0.09880749574105621,0.0919931856899489,0.1141396933560477,onion,29,🧅,onion,Food & Drink,food-vegetable
balloon,0.016304347826086956,0.8152173913043478,0.03260869565217391,0.059782608695652176,0.043478260869565216,0.03260869565217391,balloon,741,🎈,balloon,Activities,event
chestnut,0.0,0.7142857142857143,0.02857142857142857,0.17142857142857143,0.02857142857142857,0.05714285714285714,chestnut,28,🌰,chestnut,Food & Drink,food-vegetable
broom,0.02857142857142857,0.12857142857142856,0.4,0.17142857142857143,0.04285714285714286,0.22857142857142856,broom,28,🧹,broom,Objects,household
man_facepalming,,,,,,,man_facepalming,2117,🤦‍♂️,man facepalming,People & Body,person-gesture
three-thirty,,,,,,,three-thirty,5,🕞,three-thirty,Travel & Places,time
Germany,,,,,,,Germany,395,🇩🇪,flag: Germany,Flags,country-flag
family_woman_girl_girl,0.0,1.0,0.0,0.0,0.0,0.0,family_woman_girl_girl,8,👩‍👧‍👧,"family: woman, girl, girl",People & Body,family
woman_light_skin_tone_bald,,,,,,,woman_light_skin_tone_bald,3,👩🏻‍🦲,"woman: light skin tone, bald",People & Body,person
gorilla,0.25,0.36607142857142855,0.026785714285714284,0.24107142857142858,0.0,0.11607142857142858,gorilla,283,🦍,gorilla,Animals & Nature,animal-mammal
leaf_fluttering_in_wind,0.0,0.8461538461538461,0.0,0.0,0.07692307692307693,0.07692307692307693,leaf_fluttering_in_wind,189,🍃,leaf fluttering in wind,Animals & Nature,plant-other
Chile,,,,,,,Chile,164,🇨🇱,flag: Chile,Flags,country-flag
Liberia,,,,,,,Liberia,55,🇱🇷,flag: Liberia,Flags,country-flag
person_lifting_weights,0.0,1.0,0.0,0.0,0.0,0.0,person_lifting_weights,34,🏋️,person lifting weights,People & Body,person-sport
woman_wearing_turban_medium_skin_tone,,,,,,,woman_wearing_turban_medium_skin_tone,1,👳🏽‍♀️,woman wearing turban: medium skin tone,People & Body,person-role
woman_tipping_hand_medium_skin_tone,0.2,0.5,0.0,0.1,0.0,0.2,woman_tipping_hand_medium_skin_tone,119,💁🏽‍♀️,woman tipping hand: medium skin tone,People & Body,person-gesture
woman_singer_light_skin_tone,0.0,0.6666666666666666,0.0,0.0,0.3333333333333333,0.0,woman_singer_light_skin_tone,16,👩🏻‍🎤,woman singer: light skin tone,People & Body,person-role
face_exhaling,,,,,,,face_exhaling,27,😮‍💨,face exhaling,Smileys & Emotion,face-neutral-skeptical
cinema,0.039301310043668124,0.740174672489083,0.06331877729257641,0.08733624454148471,0.05240174672489083,0.017467248908296942,cinema,37,🎦,cinema,Symbols,av-symbol
superhero,0.0513595166163142,0.2084592145015106,0.054380664652567974,0.09969788519637462,0.5377643504531722,0.04833836858006042,superhero,8,🦸,superhero,People & Body,person-fantasy
man_singer_light_skin_tone,0.0,0.0,0.0,1.0,0.0,0.0,man_singer_light_skin_tone,4,👨🏻‍🎤,man singer: light skin tone,People & Body,person-role
synagogue,0.09090909090909091,0.6363636363636364,0.09090909090909091,0.09090909090909091,0.09090909090909091,0.0,synagogue,7,🕍,synagogue,Travel & Places,place-religious
Kyrgyzstan,,,,,,,Kyrgyzstan,1,🇰🇬,flag: Kyrgyzstan,Flags,country-flag
woman_fairy,,,,,,,woman_fairy,66,🧚‍♀️,woman fairy,People & Body,person-fantasy
lobster,0.0784313725490196,0.6274509803921569,0.0392156862745098,0.1568627450980392,0.058823529411764705,0.0392156862745098,lobster,39,🦞,lobster,Food & Drink,food-marine
old_man_medium_skin_tone,0.0,1.0,0.0,0.0,0.0,0.0,old_man_medium_skin_tone,2,👴🏽,old man: medium skin tone,People & Body,person
British_Indian_Ocean_Territory,,,,,,,British_Indian_Ocean_Territory,1,🇮🇴,flag: British Indian Ocean Territory,Flags,country-flag
man_facepalming_dark_skin_tone,0.06060606060606061,0.15151515151515152,0.09090909090909091,0.3939393939393939,0.0,0.30303030303030304,man_facepalming_dark_skin_tone,274,🤦🏿‍♂️,man facepalming: dark skin tone,People & Body,person-gesture
backhand_index_pointing_down_medium-dark_skin_tone,,,,,,,backhand_index_pointing_down_medium-dark_skin_tone,547,👇🏾,backhand index pointing down: medium-dark skin tone,People & Body,hand-single-finger
Belize,,,,,,,Belize,7,🇧🇿,flag: Belize,Flags,country-flag
closed_book,0.0,0.9047619047619048,0.0,0.09523809523809523,0.0,0.0,closed_book,38,📕,closed book,Objects,book-paper
woman_elf_light_skin_tone,0.0,0.25,0.0,0.5,0.25,0.0,woman_elf_light_skin_tone,22,🧝🏻‍♀️,woman elf: light skin tone,People & Body,person-fantasy
paw_prints,0.0273972602739726,0.8287671232876712,0.0273972602739726,0.07534246575342465,0.0410958904109589,0.0,paw_prints,696,🐾,paw prints,Animals & Nature,animal-mammal
no_mobile_phones,0.0,0.3333333333333333,0.3333333333333333,0.3333333333333333,0.0,0.0,no_mobile_phones,45,📵,no mobile phones,Symbols,warning
woman_dancing_medium-light_skin_tone,,,,,,,woman_dancing_medium-light_skin_tone,173,💃🏼,woman dancing: medium-light skin tone,People & Body,person-activity
Andorra,,,,,,,Andorra,1,🇦🇩,flag: Andorra,Flags,country-flag
woman_in_manual_wheelchair_medium_skin_tone,,,,,,,woman_in_manual_wheelchair_medium_skin_tone,1,👩🏽‍🦽,woman in manual wheelchair: medium skin tone,People & Body,person-activity
red_paper_lantern,0.0,1.0,0.0,0.0,0.0,0.0,red_paper_lantern,12,🏮,red paper lantern,Objects,light & video
woman_judge_light_skin_tone,,,,,,,woman_judge_light_skin_tone,1,👩🏻‍⚖️,woman judge: light skin tone,People & Body,person-role
Ethiopia,,,,,,,Ethiopia,25,🇪🇹,flag: Ethiopia,Flags,country-flag
person_facepalming_medium_skin_tone,0.0,0.36363636363636365,0.18181818181818182,0.09090909090909091,0.09090909090909091,0.2727272727272727,person_facepalming_medium_skin_tone,70,🤦🏽,person facepalming: medium skin tone,People & Body,person-gesture
left-facing_fist,,,,,,,left-facing_fist,134,🤛,left-facing fist,People & Body,hand-fingers-closed
passport_control,0.0,1.0,0.0,0.0,0.0,0.0,passport_control,5,🛂,passport control,Symbols,transport-sign
kiss_mark,0.012396694214876033,0.8739669421487604,0.028925619834710745,0.047520661157024795,0.02066115702479339,0.01652892561983471,kiss_mark,1949,💋,kiss mark,Smileys & Emotion,emotion
person_medium-light_skin_tone_blond_hair,,,,,,,person_medium-light_skin_tone_blond_hair,1,👱🏼,"person: medium-light skin tone, blond hair",People & Body,person
man_kneeling_medium-dark_skin_tone,,,,,,,man_kneeling_medium-dark_skin_tone,2,🧎🏾‍♂️,man kneeling: medium-dark skin tone,People & Body,person-activity
nazar_amulet,0.16666666666666666,0.5,0.3333333333333333,0.0,0.0,0.0,nazar_amulet,37,🧿,nazar amulet,Activities,game
woman_light_skin_tone_white_hair,,,,,,,woman_light_skin_tone_white_hair,3,👩🏻‍🦳,"woman: light skin tone, white hair",People & Body,person
family_man_girl_boy,,,,,,,family_man_girl_boy,2,👨‍👧‍👦,"family: man, girl, boy",People & Body,family
man_artist_light_skin_tone,0.0,1.0,0.0,0.0,0.0,0.0,man_artist_light_skin_tone,1,👨🏻‍🎨,man artist: light skin tone,People & Body,person-role
medical_symbol,,,,,,,medical_symbol,34,⚕️,medical symbol,Symbols,other-symbol
derelict_house,0.0,1.0,0.0,0.0,0.0,0.0,derelict_house,13,🏚️,derelict house,Travel & Places,place-building
woman_farmer_medium-light_skin_tone,,,,,,,woman_farmer_medium-light_skin_tone,2,👩🏼‍🌾,woman farmer: medium-light skin tone,People & Body,person-role
man_office_worker,,,,,,,man_office_worker,11,👨‍💼,man office worker,People & Body,person-role
newspaper,0.21153846153846154,0.5865384615384616,0.08653846153846154,0.0673076923076923,0.019230769230769232,0.028846153846153848,newspaper,49,📰,newspaper,Objects,book-paper
Cameroon,,,,,,,Cameroon,12,🇨🇲,flag: Cameroon,Flags,country-flag
man_in_steamy_room,,,,,,,man_in_steamy_room,2,🧖‍♂️,man in steamy room,People & Body,person-activity
pregnant_woman,0.0,0.5,0.5,0.0,0.0,0.0,pregnant_woman,50,🤰,pregnant woman,People & Body,person-role
triangular_ruler,,,,,,,triangular_ruler,18,📐,triangular ruler,Objects,office
two_hearts,0.010982114841543772,0.8920614998431127,0.03074992155632256,0.029494822717288986,0.028239723878255414,0.008471917163476624,two_hearts,11531,💕,two hearts,Smileys & Emotion,emotion
camel,0.2222222222222222,0.3333333333333333,0.1111111111111111,0.0,0.0,0.3333333333333333,camel,19,🐪,camel,Animals & Nature,animal-mammal
dolphin,0.03571428571428571,0.35714285714285715,0.07142857142857142,0.32142857142857145,0.14285714285714285,0.07142857142857142,dolphin,90,🐬,dolphin,Animals & Nature,animal-marine
person_tipping_hand_medium_skin_tone,0.0,0.6666666666666666,0.16666666666666666,0.16666666666666666,0.0,0.0,person_tipping_hand_medium_skin_tone,91,💁🏽,person tipping hand: medium skin tone,People & Body,person-gesture
person_light_skin_tone_red_hair,,,,,,,person_light_skin_tone_red_hair,1,🧑🏻‍🦰,"person: light skin tone, red hair",People & Body,person
microscope,0.0,0.4375,0.1875,0.0625,0.0,0.3125,microscope,109,🔬,microscope,Objects,science
man_tipping_hand_medium-dark_skin_tone,,,,,,,man_tipping_hand_medium-dark_skin_tone,41,💁🏾‍♂️,man tipping hand: medium-dark skin tone,People & Body,person-gesture
man_astronaut_light_skin_tone,,,,,,,man_astronaut_light_skin_tone,1,👨🏻‍🚀,man astronaut: light skin tone,People & Body,person-role
person_surfing_light_skin_tone,,,,,,,person_surfing_light_skin_tone,3,🏄🏻,person surfing: light skin tone,People & Body,person-sport
rabbit,0.11764705882352941,0.5378151260504201,0.10084033613445378,0.1092436974789916,0.06722689075630252,0.06722689075630252,rabbit,149,🐇,rabbit,Animals & Nature,animal-mammal
woman_mage_medium_skin_tone,,,,,,,woman_mage_medium_skin_tone,2,🧙🏽‍♀️,woman mage: medium skin tone,People & Body,person-fantasy
woman_gesturing_OK_light_skin_tone,,,,,,,woman_gesturing_OK_light_skin_tone,81,🙆🏻‍♀️,woman gesturing OK: light skin tone,People & Body,person-gesture
child_dark_skin_tone,,,,,,,child_dark_skin_tone,1,🧒🏿,child: dark skin tone,People & Body,person
man_frowning_light_skin_tone,,,,,,,man_frowning_light_skin_tone,4,🙍🏻‍♂️,man frowning: light skin tone,People & Body,person-gesture
peacock,0.05263157894736842,0.3684210526315789,0.3684210526315789,0.15789473684210525,0.0,0.05263157894736842,peacock,9,🦚,peacock,Animals & Nature,animal-bird
basketball,0.026804123711340205,0.8824742268041237,0.018556701030927835,0.026804123711340205,0.02268041237113402,0.02268041237113402,basketball,370,🏀,basketball,Activities,sport
fork_and_knife_with_plate,0.045454545454545456,0.7272727272727273,0.045454545454545456,0.13636363636363635,0.045454545454545456,0.0,fork_and_knife_with_plate,209,🍽️,fork and knife with plate,Food & Drink,dishware
man_cook,0.0,0.6666666666666666,0.1111111111111111,0.0,0.1111111111111111,0.1111111111111111,man_cook,49,👨‍🍳,man cook,People & Body,person-role
genie,0.0,0.38461538461538464,0.23076923076923078,0.15384615384615385,0.07692307692307693,0.15384615384615385,genie,6,🧞,genie,People & Body,person-fantasy
nerd_face,0.021164021164021163,0.6296296296296297,0.07936507936507936,0.14814814814814814,0.06349206349206349,0.0582010582010582,nerd_face,1553,🤓,nerd face,Smileys & Emotion,face-glasses
family_man_woman_girl,0.0,0.3333333333333333,0.0,0.3333333333333333,0.0,0.3333333333333333,family_man_woman_girl,18,👨‍👩‍👧,"family: man, woman, girl",People & Body,family
deciduous_tree,0.22641509433962265,0.7169811320754716,0.0,0.05660377358490566,0.0,0.0,deciduous_tree,385,🌳,deciduous tree,Animals & Nature,plant-other
woman_with_white_cane,,,,,,,woman_with_white_cane,8,👩‍🦯,woman with white cane,People & Body,person-activity
index_pointing_up_light_skin_tone,0.08333333333333333,0.5833333333333334,0.0,0.0,0.08333333333333333,0.25,index_pointing_up_light_skin_tone,97,☝🏻,index pointing up: light skin tone,People & Body,hand-single-finger
flexed_biceps_dark_skin_tone,0.0,0.3333333333333333,0.08333333333333333,0.08333333333333333,0.0,0.5,flexed_biceps_dark_skin_tone,102,💪🏿,flexed biceps: dark skin tone,People & Body,body-parts
Mexico,,,,,,,Mexico,214,🇲🇽,flag: Mexico,Flags,country-flag
person_with_skullcap_medium-light_skin_tone,,,,,,,person_with_skullcap_medium-light_skin_tone,1,👲🏼,person with skullcap: medium-light skin tone,People & Body,person-role
input_latin_letters,,,,,,,input_latin_letters,6,🔤,input latin letters,Symbols,alphanum
orange_heart,0.0407673860911271,0.8345323741007195,0.0407673860911271,0.026378896882494004,0.045563549160671464,0.011990407673860911,orange_heart,1783,🧡,orange heart,Smileys & Emotion,emotion
man_factory_worker,,,,,,,man_factory_worker,3,👨‍🏭,man factory worker,People & Body,person-role
baby_medium-light_skin_tone,,,,,,,baby_medium-light_skin_tone,51,👶🏼,baby: medium-light skin tone,People & Body,person
man_bouncing_ball_medium-dark_skin_tone,,,,,,,man_bouncing_ball_medium-dark_skin_tone,6,⛹🏾‍♂️,man bouncing ball: medium-dark skin tone,People & Body,person-sport
woman_playing_water_polo,,,,,,,woman_playing_water_polo,1,🤽‍♀️,woman playing water polo,People & Body,person-sport
giraffe,0.14285714285714285,0.7142857142857143,0.0,0.0,0.0,0.14285714285714285,giraffe,28,🦒,giraffe,Animals & Nature,animal-mammal
oncoming_fist_medium_skin_tone,0.02631578947368421,0.47368421052631576,0.02631578947368421,0.21052631578947367,0.07894736842105263,0.18421052631578946,oncoming_fist_medium_skin_tone,218,👊🏽,oncoming fist: medium skin tone,People & Body,hand-fingers-closed
glasses,0.05389221556886228,0.6107784431137725,0.08383233532934131,0.08982035928143713,0.059880239520958084,0.10179640718562874,glasses,70,👓,glasses,Objects,clothing
timer_clock,0.0,0.0,0.0,0.5,0.0,0.5,timer_clock,51,⏲️,timer clock,Travel & Places,time
person_surfing_medium-dark_skin_tone,,,,,,,person_surfing_medium-dark_skin_tone,1,🏄🏾,person surfing: medium-dark skin tone,People & Body,person-sport
ferry,0.06896551724137931,0.4827586206896552,0.06896551724137931,0.10344827586206896,0.13793103448275862,0.13793103448275862,ferry,24,⛴️,ferry,Travel & Places,transport-water
Montenegro,,,,,,,Montenegro,1,🇲🇪,flag: Montenegro,Flags,country-flag
shield,0.08450704225352113,0.4084507042253521,0.0,0.2676056338028169,0.09859154929577464,0.14084507042253522,shield,45,🛡️,shield,Objects,tool
bucket,0.054140127388535034,0.46178343949044587,0.1592356687898089,0.12738853503184713,0.044585987261146494,0.15286624203821655,bucket,2,🪣,bucket,Objects,household
person_wearing_turban_medium-dark_skin_tone,,,,,,,person_wearing_turban_medium-dark_skin_tone,1,👳🏾,person wearing turban: medium-dark skin tone,People & Body,person-role
military_medal,0.2857142857142857,0.42857142857142855,0.14285714285714285,0.14285714285714285,0.0,0.0,military_medal,70,🎖️,military medal,Activities,award-medal
pregnant_woman_dark_skin_tone,,,,,,,pregnant_woman_dark_skin_tone,3,🤰🏿,pregnant woman: dark skin tone,People & Body,person-role
pancakes,0.06493506493506493,0.5627705627705628,0.1038961038961039,0.11255411255411256,0.06926406926406926,0.08658008658008658,pancakes,659,🥞,pancakes,Food & Drink,food-prepared
Aruba,,,,,,,Aruba,2,🇦🇼,flag: Aruba,Flags,country-flag
deaf_woman_medium-dark_skin_tone,,,,,,,deaf_woman_medium-dark_skin_tone,4,🧏🏾‍♀️,deaf woman: medium-dark skin tone,People & Body,person-gesture
pregnant_woman_medium-dark_skin_tone,,,,,,,pregnant_woman_medium-dark_skin_tone,4,🤰🏾,pregnant woman: medium-dark skin tone,People & Body,person-role
ear_medium_skin_tone,1.0,0.0,0.0,0.0,0.0,0.0,ear_medium_skin_tone,12,👂🏽,ear: medium skin tone,People & Body,body-parts
green_heart,0.019138755980861243,0.8526315789473684,0.031578947368421054,0.05167464114832536,0.03636363636363636,0.00861244019138756,green_heart,4361,💚,green heart,Smileys & Emotion,emotion
face_with_monocle,0.05701754385964912,0.38596491228070173,0.06140350877192982,0.2543859649122807,0.10964912280701754,0.13157894736842105,face_with_monocle,3541,🧐,face with monocle,Smileys & Emotion,face-glasses
man_medium-light_skin_tone_white_hair,,,,,,,man_medium-light_skin_tone_white_hair,1,👨🏼‍🦳,"man: medium-light skin tone, white hair",People & Body,person
snowboarder_medium-dark_skin_tone,,,,,,,snowboarder_medium-dark_skin_tone,2,🏂🏾,snowboarder: medium-dark skin tone,People & Body,person-sport
El_Salvador,,,,,,,El_Salvador,32,🇸🇻,flag: El Salvador,Flags,country-flag
convenience_store,1.0,0.0,0.0,0.0,0.0,0.0,convenience_store,9,🏪,convenience store,Travel & Places,place-building
Greenland,,,,,,,Greenland,1,🇬🇱,flag: Greenland,Flags,country-flag
man_frowning_medium-light_skin_tone,,,,,,,man_frowning_medium-light_skin_tone,1,🙍🏼‍♂️,man frowning: medium-light skin tone,People & Body,person-gesture
new_moon_face,0.043478260869565216,0.5,0.08695652173913043,0.2608695652173913,0.043478260869565216,0.06521739130434782,new_moon_face,719,🌚,new moon face,Travel & Places,sky & weather
man_with_white_cane,,,,,,,man_with_white_cane,9,👨‍🦯,man with white cane,People & Body,person-activity
popcorn,0.027818448023426062,0.6207906295754027,0.06149341142020498,0.10688140556368961,0.10834553440702782,0.0746705710102489,popcorn,2295,🍿,popcorn,Food & Drink,food-prepared
bowling,0.0,0.47368421052631576,0.21052631578947367,0.21052631578947367,0.05263157894736842,0.05263157894736842,bowling,17,🎳,bowling,Activities,sport
petri_dish,0.0,0.0,0.0,1.0,0.0,0.0,petri_dish,9,🧫,petri dish,Objects,science
South_Sudan,,,,,,,South_Sudan,5,🇸🇸,flag: South Sudan,Flags,country-flag
left-facing_fist_medium-light_skin_tone,,,,,,,left-facing_fist_medium-light_skin_tone,19,🤛🏼,left-facing fist: medium-light skin tone,People & Body,hand-fingers-closed
smiling_face_with_smiling_eyes,0.01970160673297628,0.8632364192807958,0.02735271614384086,0.02859602142310635,0.053653404743687835,0.007459831675592961,smiling_face_with_smiling_eyes,80186,😊,smiling face with smiling eyes,Smileys & Emotion,face-smiling
broccoli,0.11428571428571428,0.5142857142857142,0.05714285714285714,0.08571428571428572,0.08571428571428572,0.14285714285714285,broccoli,68,🥦,broccoli,Food & Drink,food-vegetable
headphone,0.05426356589147287,0.7209302325581395,0.09302325581395349,0.06201550387596899,0.03875968992248062,0.031007751937984496,headphone,758,🎧,headphone,Objects,music
woman_cook_light_skin_tone,,,,,,,woman_cook_light_skin_tone,9,👩🏻‍🍳,woman cook: light skin tone,People & Body,person-role
man_police_officer,,,,,,,man_police_officer,24,👮‍♂️,man police officer,People & Body,person-role
incoming_envelope,0.0,0.9230769230769231,0.07692307692307693,0.0,0.0,0.0,incoming_envelope,40,📨,incoming envelope,Objects,mail
ring,0.057534246575342465,0.5251141552511416,0.1278538812785388,0.09041095890410959,0.10593607305936073,0.09315068493150686,ring,506,💍,ring,Objects,clothing
baby_angel_light_skin_tone,0.0,0.5,0.0,0.5,0.0,0.0,baby_angel_light_skin_tone,23,👼🏻,baby angel: light skin tone,People & Body,person-fantasy
fax_machine,0.0,0.0,0.0,0.5,0.0,0.5,fax_machine,27,📠,fax machine,Objects,phone
scroll,0.2108843537414966,0.2653061224489796,0.07482993197278912,0.14965986394557823,0.04081632653061224,0.2585034013605442,scroll,20,📜,scroll,Objects,book-paper
oncoming_fist_medium-dark_skin_tone,,,,,,,oncoming_fist_medium-dark_skin_tone,219,👊🏾,oncoming fist: medium-dark skin tone,People & Body,hand-fingers-closed
woman_lifting_weights_light_skin_tone,0.0,1.0,0.0,0.0,0.0,0.0,woman_lifting_weights_light_skin_tone,4,🏋🏻‍♀️,woman lifting weights: light skin tone,People & Body,person-sport
heavy_dollar_sign,0.0,0.05555555555555555,0.08333333333333333,0.2777777777777778,0.3055555555555556,0.2777777777777778,heavy_dollar_sign,247,💲,heavy dollar sign,Symbols,currency
kick_scooter,0.0,1.0,0.0,0.0,0.0,0.0,kick_scooter,11,🛴,kick scooter,Travel & Places,transport-ground
grinning_face_with_sweat,0.07045735475896168,0.546353522867738,0.08529048207663782,0.1631644004944376,0.06798516687268233,0.06674907292954264,grinning_face_with_sweat,7901,😅,grinning face with sweat,Smileys & Emotion,face-smiling
woman_factory_worker_medium_skin_tone,,,,,,,woman_factory_worker_medium_skin_tone,1,👩🏽‍🏭,woman factory worker: medium skin tone,People & Body,person-role
man_office_worker_dark_skin_tone,,,,,,,man_office_worker_dark_skin_tone,2,👨🏿‍💼,man office worker: dark skin tone,People & Body,person-role
man_bouncing_ball_medium-light_skin_tone,,,,,,,man_bouncing_ball_medium-light_skin_tone,1,⛹🏼‍♂️,man bouncing ball: medium-light skin tone,People & Body,person-sport
Japanese_no_vacancy_button,,,,,,,Japanese_no_vacancy_button,1,🈵,Japanese “no vacancy” button,Symbols,alphanum
flexed_biceps,0.12557427258805512,0.655436447166922,0.06431852986217458,0.06584992343032159,0.07350689127105667,0.015313935681470138,flexed_biceps,5489,💪,flexed biceps,People & Body,body-parts
woman_climbing_medium_skin_tone,,,,,,,woman_climbing_medium_skin_tone,2,🧗🏽‍♀️,woman climbing: medium skin tone,People & Body,person-activity
writing_hand_medium_skin_tone,0.0,0.5,0.0,0.0,0.0,0.5,writing_hand_medium_skin_tone,32,✍🏽,writing hand: medium skin tone,People & Body,hand-prop
person_bowing_light_skin_tone,0.0,0.25,0.0,0.25,0.0,0.5,person_bowing_light_skin_tone,25,🙇🏻,person bowing: light skin tone,People & Body,person-gesture
triangular_flag,0.18181818181818182,0.0,0.36363636363636365,0.36363636363636365,0.0,0.09090909090909091,triangular_flag,96,🚩,triangular flag,Flags,flag
man_gesturing_OK_dark_skin_tone,,,,,,,man_gesturing_OK_dark_skin_tone,14,🙆🏿‍♂️,man gesturing OK: dark skin tone,People & Body,person-gesture
hatching_chick,0.03225806451612903,0.7419354838709677,0.016129032258064516,0.03225806451612903,0.1774193548387097,0.0,hatching_chick,565,🐣,hatching chick,Animals & Nature,animal-bird
left-facing_fist_dark_skin_tone,,,,,,,left-facing_fist_dark_skin_tone,5,🤛🏿,left-facing fist: dark skin tone,People & Body,hand-fingers-closed
fireworks,0.023255813953488372,0.6976744186046512,0.03488372093023256,0.09302325581395349,0.11627906976744186,0.03488372093023256,fireworks,268,🎆,fireworks,Activities,event
man_tipping_hand,,,,,,,man_tipping_hand,81,💁‍♂️,man tipping hand,People & Body,person-gesture
old_key,0.0,0.9,0.0,0.1,0.0,0.0,old_key,75,🗝️,old key,Objects,lock
closed_mailbox_with_lowered_flag,,,,,,,closed_mailbox_with_lowered_flag,5,📪,closed mailbox with lowered flag,Objects,mail
wilted_flower,0.0,0.7058823529411765,0.11764705882352941,0.11764705882352941,0.058823529411764705,0.0,wilted_flower,140,🥀,wilted flower,Animals & Nature,plant-flower
woman_construction_worker,,,,,,,woman_construction_worker,17,👷‍♀️,woman construction worker,People & Body,person-role
man_medium-light_skin_tone_blond_hair,,,,,,,man_medium-light_skin_tone_blond_hair,2,👱🏼‍♂️,"man: medium-light skin tone, blond hair",People & Body,person
hot_dog,0.0,0.7450980392156863,0.0784313725490196,0.11764705882352941,0.0392156862745098,0.0196078431372549,hot_dog,2645,🌭,hot dog,Food & Drink,food-prepared
last_track_button,,,,,,,last_track_button,3,⏮️,last track button,Symbols,av-symbol
person_gesturing_NO_medium_skin_tone,,,,,,,person_gesturing_NO_medium_skin_tone,49,🙅🏽,person gesturing NO: medium skin tone,People & Body,person-gesture
open_hands_medium_skin_tone,,,,,,,open_hands_medium_skin_tone,17,👐🏽,open hands: medium skin tone,People & Body,hands
man_gesturing_OK_medium-dark_skin_tone,,,,,,,man_gesturing_OK_medium-dark_skin_tone,60,🙆🏾‍♂️,man gesturing OK: medium-dark skin tone,People & Body,person-gesture
ninja_medium-dark_skin_tone,,,,,,,ninja_medium-dark_skin_tone,1,🥷🏾,ninja: medium-dark skin tone,People & Body,person-role
backhand_index_pointing_left_medium-dark_skin_tone,,,,,,,backhand_index_pointing_left_medium-dark_skin_tone,308,👈🏾,backhand index pointing left: medium-dark skin tone,People & Body,hand-single-finger
person_walking_medium_skin_tone,0.0,0.0,0.0,0.2,0.0,0.8,person_walking_medium_skin_tone,7,🚶🏽,person walking: medium skin tone,People & Body,person-activity
love-you_gesture_light_skin_tone,,,,,,,love-you_gesture_light_skin_tone,190,🤟🏻,love-you gesture: light skin tone,People & Body,hand-fingers-partial
man_scientist,,,,,,,man_scientist,11,👨‍🔬,man scientist,People & Body,person-role
fountain,0.07964601769911504,0.4778761061946903,0.061946902654867256,0.08849557522123894,0.13274336283185842,0.1592920353982301,fountain,12,⛲,fountain,Travel & Places,place-other
thumbs_down_medium_skin_tone,0.2074468085106383,0.11702127659574468,0.031914893617021274,0.0851063829787234,0.015957446808510637,0.5425531914893617,thumbs_down_medium_skin_tone,844,👎🏽,thumbs down: medium skin tone,People & Body,hand-fingers-closed
mermaid,0.037037037037037035,0.37037037037037035,0.25925925925925924,0.14814814814814814,0.0,0.18518518518518517,mermaid,20,🧜‍♀️,mermaid,People & Body,person-fantasy
credit_card,0.041666666666666664,0.375,0.0,0.5,0.0,0.08333333333333333,credit_card,567,💳,credit card,Objects,money
face_blowing_a_kiss,0.02161547212741752,0.8805460750853242,0.02427000379218809,0.03640500568828214,0.021994690936670457,0.015168752370117557,face_blowing_a_kiss,10477,😘,face blowing a kiss,Smileys & Emotion,face-affection
kissing_face_with_smiling_eyes,0.017391304347826087,0.8869565217391304,0.043478260869565216,0.034782608695652174,0.017391304347826087,0.0,kissing_face_with_smiling_eyes,590,😙,kissing face with smiling eyes,Smileys & Emotion,face-affection
man_detective,,,,,,,man_detective,159,🕵️‍♂️,man detective,People & Body,person-role
map_of_Japan,,,,,,,map_of_Japan,5,🗾,map of Japan,Travel & Places,place-map
face_with_crossed-out_eyes,,,,,,,face_with_crossed-out_eyes,1031,😵,knocked-out face,Smileys & Emotion,face-unwell
middle_finger_medium-light_skin_tone,,,,,,,middle_finger_medium-light_skin_tone,1509,🖕🏼,middle finger: medium-light skin tone,People & Body,hand-single-finger
waving_hand,0.05785267546907575,0.8745656706045866,0.023974982626824185,0.013029881862404448,0.0258860319666435,0.004690757470465601,waving_hand,44672,👋,waving hand,People & Body,hand-fingers-open
star,0.05868358445678033,0.6019032513877874,0.06701030927835051,0.13045202220459953,0.05947660586835844,0.08247422680412371,star,3970,⭐,star,Travel & Places,sky & weather
man_getting_massage_medium-dark_skin_tone,,,,,,,man_getting_massage_medium-dark_skin_tone,14,💆🏾‍♂️,man getting massage: medium-dark skin tone,People & Body,person-activity
man_golfing,,,,,,,man_golfing,8,🏌️‍♂️,man golfing,People & Body,person-sport
sign_of_the_horns_medium-light_skin_tone,,,,,,,sign_of_the_horns_medium-light_skin_tone,285,🤘🏼,sign of the horns: medium-light skin tone,People & Body,hand-fingers-partial
yin_yang,0.0,1.0,0.0,0.0,0.0,0.0,yin_yang,21,☯️,yin yang,Symbols,religion
pause_button,0.0,1.0,0.0,0.0,0.0,0.0,pause_button,5,⏸️,pause button,Symbols,av-symbol
droplet,0.045454545454545456,0.5,0.22727272727272727,0.06818181818181818,0.06818181818181818,0.09090909090909091,droplet,439,💧,droplet,Travel & Places,sky & weather
family,0.0701858913250715,0.5280028598665396,0.14930886558627265,0.12952812202097236,0.05540991420400381,0.06756434699714013,family,79,👪,family,People & Body,family
cookie,0.04656862745098039,0.5416666666666666,0.11029411764705882,0.15196078431372548,0.09313725490196079,0.056372549019607844,cookie,1235,🍪,cookie,Food & Drink,food-sweet
cross_mark,0.08870967741935484,0.1693548387096774,0.08870967741935484,0.5080645161290323,0.024193548387096774,0.12096774193548387,cross_mark,823,❌,cross mark,Symbols,other-symbol
divide,0.23893805309734514,0.1504424778761062,0.07964601769911504,0.4336283185840708,0.017699115044247787,0.07964601769911504,divide,2,➗,divide,Symbols,math
woman_surfing_medium-dark_skin_tone,,,,,,,woman_surfing_medium-dark_skin_tone,2,🏄🏾‍♀️,woman surfing: medium-dark skin tone,People & Body,person-sport
man_pouting_medium-dark_skin_tone,,,,,,,man_pouting_medium-dark_skin_tone,2,🙎🏾‍♂️,man pouting: medium-dark skin tone,People & Body,person-gesture
woman_climbing,,,,,,,woman_climbing,1,🧗‍♀️,woman climbing,People & Body,person-activity
restroom,0.0625,0.140625,0.109375,0.109375,0.140625,0.4375,restroom,11,🚻,restroom,Symbols,transport-sign
fairy_medium_skin_tone,0.0,1.0,0.0,0.0,0.0,0.0,fairy_medium_skin_tone,7,🧚🏽,fairy: medium skin tone,People & Body,person-fantasy
index_pointing_up_medium-light_skin_tone,,,,,,,index_pointing_up_medium-light_skin_tone,83,☝🏼,index pointing up: medium-light skin tone,People & Body,hand-single-finger
cowboy_hat_face,0.023809523809523808,0.7738095238095238,0.047619047619047616,0.023809523809523808,0.05952380952380952,0.07142857142857142,cowboy_hat_face,913,🤠,cowboy hat face,Smileys & Emotion,face-hat
Vietnam,,,,,,,Vietnam,128,🇻🇳,flag: Vietnam,Flags,country-flag
victory_hand_dark_skin_tone,0.0,0.5,0.16666666666666666,0.0,0.0,0.3333333333333333,victory_hand_dark_skin_tone,71,✌🏿,victory hand: dark skin tone,People & Body,hand-fingers-partial
person_shrugging_medium_skin_tone,0.25,0.0,0.25,0.0,0.0,0.5,person_shrugging_medium_skin_tone,40,🤷🏽,person shrugging: medium skin tone,People & Body,person-gesture
zipper-mouth_face,,,,,,,zipper-mouth_face,457,🤐,zipper-mouth face,Smileys & Emotion,face-neutral-skeptical
judge,0.13253012048192772,0.41767068273092367,0.0963855421686747,0.21285140562248997,0.028112449799196786,0.11244979919678715,judge,1,🧑‍⚖️,judge,People & Body,person-role
roller_skate,,,,,,,roller_skate,6,🛼,roller skate,Travel & Places,transport-ground
woman_getting_massage_dark_skin_tone,,,,,,,woman_getting_massage_dark_skin_tone,2,💆🏿‍♀️,woman getting massage: dark skin tone,People & Body,person-activity
woman_bowing_medium-light_skin_tone,,,,,,,woman_bowing_medium-light_skin_tone,37,🙇🏼‍♀️,woman bowing: medium-light skin tone,People & Body,person-gesture
shooting_star,0.07407407407407407,0.7407407407407407,0.037037037037037035,0.14814814814814814,0.0,0.0,shooting_star,125,🌠,shooting star,Travel & Places,sky & weather
family_man_man_boy,0.0,1.0,0.0,0.0,0.0,0.0,family_man_man_boy,3,👨‍👨‍👦,"family: man, man, boy",People & Body,family
man_facepalming_medium-light_skin_tone,,,,,,,man_facepalming_medium-light_skin_tone,641,🤦🏼‍♂️,man facepalming: medium-light skin tone,People & Body,person-gesture
man_tipping_hand_light_skin_tone,0.3333333333333333,0.1111111111111111,0.0,0.3333333333333333,0.1111111111111111,0.1111111111111111,man_tipping_hand_light_skin_tone,89,💁🏻‍♂️,man tipping hand: light skin tone,People & Body,person-gesture
man_fairy_medium-light_skin_tone,,,,,,,man_fairy_medium-light_skin_tone,2,🧚🏼‍♂️,man fairy: medium-light skin tone,People & Body,person-fantasy
old_woman_medium_skin_tone,0.0,1.0,0.0,0.0,0.0,0.0,old_woman_medium_skin_tone,11,👵🏽,old woman: medium skin tone,People & Body,person
straight_ruler,,,,,,,straight_ruler,7,📏,straight ruler,Objects,office
woman_elf,,,,,,,woman_elf,5,🧝‍♀️,woman elf,People & Body,person-fantasy
hollow_red_circle,,,,,,,hollow_red_circle,175,⭕,hollow red circle,Symbols,other-symbol
scarf,0.08333333333333333,0.6875,0.125,0.041666666666666664,0.020833333333333332,0.041666666666666664,scarf,29,🧣,scarf,Objects,clothing
person_bowing_medium-light_skin_tone,,,,,,,person_bowing_medium-light_skin_tone,4,🙇🏼,person bowing: medium-light skin tone,People & Body,person-gesture
woman_with_white_cane_medium_skin_tone,,,,,,,woman_with_white_cane_medium_skin_tone,6,👩🏽‍🦯,woman with white cane: medium skin tone,People & Body,person-activity
pinching_hand_medium-dark_skin_tone,,,,,,,pinching_hand_medium-dark_skin_tone,6,🤏🏾,pinching hand: medium-dark skin tone,People & Body,hand-fingers-partial
open_hands_medium-dark_skin_tone,,,,,,,open_hands_medium-dark_skin_tone,29,👐🏾,open hands: medium-dark skin tone,People & Body,hands
four_leaf_clover,0.014492753623188406,0.8115942028985508,0.07971014492753623,0.03260869565217391,0.05434782608695652,0.007246376811594203,four_leaf_clover,1759,🍀,four leaf clover,Animals & Nature,plant-other
foggy,0.0,0.45454545454545453,0.2727272727272727,0.09090909090909091,0.0,0.18181818181818182,foggy,13,🌁,foggy,Travel & Places,place-other
person_medium-light_skin_tone_beard,,,,,,,person_medium-light_skin_tone_beard,4,🧔🏼,"person: medium-light skin tone, beard",People & Body,person
family_woman_girl_boy,0.0,1.0,0.0,0.0,0.0,0.0,family_woman_girl_boy,7,👩‍👧‍👦,"family: woman, girl, boy",People & Body,family
woman_surfing,,,,,,,woman_surfing,26,🏄‍♀️,woman surfing,People & Body,person-sport
woman_shrugging_medium-light_skin_tone,,,,,,,woman_shrugging_medium-light_skin_tone,1651,🤷🏼‍♀️,woman shrugging: medium-light skin tone,People & Body,person-gesture
vampire_medium-dark_skin_tone,,,,,,,vampire_medium-dark_skin_tone,1,🧛🏾,vampire: medium-dark skin tone,People & Body,person-fantasy
flexed_biceps_medium_skin_tone,0.05194805194805195,0.45454545454545453,0.14285714285714285,0.2077922077922078,0.012987012987012988,0.12987012987012986,flexed_biceps_medium_skin_tone,527,💪🏽,flexed biceps: medium skin tone,People & Body,body-parts
folded_hands_light_skin_tone,0.05472636815920398,0.6206467661691543,0.08208955223880597,0.14427860696517414,0.06965174129353234,0.028606965174129355,folded_hands_light_skin_tone,8930,🙏🏻,folded hands: light skin tone,People & Body,hands
Dominica,,,,,,,Dominica,2,🇩🇲,flag: Dominica,Flags,country-flag
woman_technologist,0.21052631578947367,0.6842105263157895,0.0,0.05263157894736842,0.05263157894736842,0.0,woman_technologist,86,👩‍💻,woman technologist,People & Body,person-role
elephant,0.10869565217391304,0.43478260869565216,0.15217391304347827,0.08695652173913043,0.06521739130434782,0.15217391304347827,elephant,148,🐘,elephant,Animals & Nature,animal-mammal
person_surfing,0.0,0.8181818181818182,0.0,0.0,0.18181818181818182,0.0,person_surfing,61,🏄,person surfing,People & Body,person-sport
girl_medium-light_skin_tone,,,,,,,girl_medium-light_skin_tone,20,👧🏼,girl: medium-light skin tone,People & Body,person
flag_in_hole,0.3333333333333333,0.6666666666666666,0.0,0.0,0.0,0.0,flag_in_hole,75,⛳,flag in hole,Activities,sport
fairy,0.04040404040404041,0.32323232323232326,0.23232323232323232,0.2222222222222222,0.1111111111111111,0.0707070707070707,fairy,20,🧚,fairy,People & Body,person-fantasy
person_standing,0.1111111111111111,0.0,0.0,0.5555555555555556,0.1111111111111111,0.2222222222222222,person_standing,49,🧍,person standing,People & Body,person-activity
necktie,0.0,0.6666666666666666,0.06666666666666667,0.06666666666666667,0.13333333333333333,0.06666666666666667,necktie,74,👔,necktie,Objects,clothing
church,0.11797752808988764,0.34269662921348315,0.0898876404494382,0.28651685393258425,0.06741573033707865,0.09550561797752809,church,39,⛪,church,Travel & Places,place-religious
child_medium-dark_skin_tone,,,,,,,child_medium-dark_skin_tone,1,🧒🏾,child: medium-dark skin tone,People & Body,person
woman_gesturing_NO_light_skin_tone,,,,,,,woman_gesturing_NO_light_skin_tone,89,🙅🏻‍♀️,woman gesturing NO: light skin tone,People & Body,person-gesture
love_hotel,0.3333333333333333,0.6666666666666666,0.0,0.0,0.0,0.0,love_hotel,11,🏩,love hotel,Travel & Places,place-building
passenger_ship,0.0,0.7777777777777778,0.0,0.1111111111111111,0.1111111111111111,0.0,passenger_ship,34,🛳️,passenger ship,Travel & Places,transport-water
down-left_arrow,,,,,,,down-left_arrow,19,↙️,down-left arrow,Symbols,arrow
person_golfing,0.0,0.25,0.0,0.0,0.0,0.75,person_golfing,53,🏌️,person golfing,People & Body,person-sport
black_square_button,1.0,0.0,0.0,0.0,0.0,0.0,black_square_button,10,🔲,black square button,Symbols,geometric
woman_standing_medium-dark_skin_tone,,,,,,,woman_standing_medium-dark_skin_tone,46,🧍🏾‍♀️,woman standing: medium-dark skin tone,People & Body,person-activity
curling_stone,,,,,,,curling_stone,1,🥌,curling stone,Activities,sport
woman_raising_hand,0.0,1.0,0.0,0.0,0.0,0.0,woman_raising_hand,6853,🙋‍♀️,woman raising hand,People & Body,person-gesture
bowl_with_spoon,,,,,,,bowl_with_spoon,31,🥣,bowl with spoon,Food & Drink,food-prepared
prince_medium_skin_tone,0.0,1.0,0.0,0.0,0.0,0.0,prince_medium_skin_tone,23,🤴🏽,prince: medium skin tone,People & Body,person-role
person_walking,0.0,0.42857142857142855,0.0,0.5714285714285714,0.0,0.0,person_walking,111,🚶,person walking,People & Body,person-activity
singer_medium-light_skin_tone,,,,,,,singer_medium-light_skin_tone,3,🧑🏼‍🎤,singer: medium-light skin tone,People & Body,person-role
man_bowing_medium_skin_tone,0.0,1.0,0.0,0.0,0.0,0.0,man_bowing_medium_skin_tone,30,🙇🏽‍♂️,man bowing: medium skin tone,People & Body,person-gesture
woman_health_worker_light_skin_tone,0.0,0.3333333333333333,0.0,0.6666666666666666,0.0,0.0,woman_health_worker_light_skin_tone,10,👩🏻‍⚕️,woman health worker: light skin tone,People & Body,person-role
person_walking_light_skin_tone,0.0,1.0,0.0,0.0,0.0,0.0,person_walking_light_skin_tone,13,🚶🏻,person walking: light skin tone,People & Body,person-activity
man_cartwheeling_medium-light_skin_tone,,,,,,,man_cartwheeling_medium-light_skin_tone,6,🤸🏼‍♂️,man cartwheeling: medium-light skin tone,People & Body,person-sport
grinning_face_with_big_eyes,0.017218543046357615,0.8649006622516556,0.019867549668874173,0.033112582781456956,0.04900662251655629,0.015894039735099338,grinning_face_with_big_eyes,10076,😃,grinning face with big eyes,Smileys & Emotion,face-smiling
person_in_tuxedo_light_skin_tone,,,,,,,person_in_tuxedo_light_skin_tone,10,🤵🏻,person in tuxedo: light skin tone,People & Body,person-role
file_cabinet,,,,,,,file_cabinet,6,🗄️,file cabinet,Objects,office
man_walking_medium_skin_tone,0.0,0.0,0.0,1.0,0.0,0.0,man_walking_medium_skin_tone,25,🚶🏽‍♂️,man walking: medium skin tone,People & Body,person-activity
Greece,,,,,,,Greece,102,🇬🇷,flag: Greece,Flags,country-flag
fog,0.0,0.4090909090909091,0.2727272727272727,0.22727272727272727,0.09090909090909091,0.0,fog,13,🌫️,fog,Travel & Places,sky & weather
VS_button,,,,,,,VS_button,18,🆚,VS button,Symbols,alphanum
woman_mage_medium-dark_skin_tone,,,,,,,woman_mage_medium-dark_skin_tone,3,🧙🏾‍♀️,woman mage: medium-dark skin tone,People & Body,person-fantasy
parrot,0.0,0.5,0.21428571428571427,0.07142857142857142,0.0,0.21428571428571427,parrot,27,🦜,parrot,Animals & Nature,animal-bird
Libra,,,,,,,Libra,9,♎,Libra,Symbols,zodiac
man_teacher_medium-light_skin_tone,,,,,,,man_teacher_medium-light_skin_tone,2,👨🏼‍🏫,man teacher: medium-light skin tone,People & Body,person-role
person_medium_skin_tone_beard,,,,,,,person_medium_skin_tone_beard,3,🧔🏽,"person: medium skin tone, beard",People & Body,person
raised_back_of_hand_medium_skin_tone,0.16666666666666666,0.16666666666666666,0.0,0.0,0.3333333333333333,0.3333333333333333,raised_back_of_hand_medium_skin_tone,78,🤚🏽,raised back of hand: medium skin tone,People & Body,hand-fingers-open
Japanese_here_button,,,,,,,Japanese_here_button,3,🈁,Japanese “here” button,Symbols,alphanum
woman_golfing_medium-light_skin_tone,,,,,,,woman_golfing_medium-light_skin_tone,1,🏌🏼‍♀️,woman golfing: medium-light skin tone,People & Body,person-sport
person_standing_medium-light_skin_tone,,,,,,,person_standing_medium-light_skin_tone,1,🧍🏼,person standing: medium-light skin tone,People & Body,person-activity
thumbs_down,0.13191489361702127,0.2404255319148936,0.1776595744680851,0.18723404255319148,0.06489361702127659,0.19787234042553192,thumbs_down,7007,👎,thumbs down,People & Body,hand-fingers-closed
hushed_face,0.05128205128205128,0.46153846153846156,0.16666666666666666,0.0641025641025641,0.1794871794871795,0.07692307692307693,hushed_face,834,😯,hushed face,Smileys & Emotion,face-concerned
woman_biking_medium-dark_skin_tone,,,,,,,woman_biking_medium-dark_skin_tone,1,🚴🏾‍♀️,woman biking: medium-dark skin tone,People & Body,person-sport
princess_medium_skin_tone,0.0,0.0,0.0,0.0,0.0,1.0,princess_medium_skin_tone,39,👸🏽,princess: medium skin tone,People & Body,person-role
mx_claus,,,,,,,mx_claus,5,🧑‍🎄,mx claus,People & Body,person-fantasy
detective_medium-dark_skin_tone,,,,,,,detective_medium-dark_skin_tone,5,🕵🏾,detective: medium-dark skin tone,People & Body,person-role
selfie_medium_skin_tone,0.0,1.0,0.0,0.0,0.0,0.0,selfie_medium_skin_tone,7,🤳🏽,selfie: medium skin tone,People & Body,hand-prop
comet,0.0,0.6153846153846154,0.07692307692307693,0.15384615384615385,0.0,0.15384615384615385,comet,80,☄️,comet,Travel & Places,sky & weather
smirking_face,0.05976095617529881,0.549800796812749,0.07569721115537849,0.14741035856573706,0.08764940239043825,0.0796812749003984,smirking_face,7022,😏,smirking face,Smileys & Emotion,face-neutral-skeptical
spiral_calendar,0.0,0.0,0.0,0.6666666666666666,0.3333333333333333,0.0,spiral_calendar,85,🗓️,spiral calendar,Objects,office
OK_hand_dark_skin_tone,,,,,,,OK_hand_dark_skin_tone,143,👌🏿,OK hand: dark skin tone,People & Body,hand-fingers-partial
billed_cap,0.04,0.32,0.08,0.12,0.0,0.44,billed_cap,285,🧢,billed cap,Objects,clothing
England,,,,,,,England,102,🏴󠁧󠁢󠁥󠁮󠁧󠁿,flag: England,Flags,subdivision-flag
angry_face,0.30488815244407624,0.1375310687655344,0.14830157415078707,0.17812758906379453,0.03811101905550953,0.19304059652029826,angry_face,8271,😠,angry face,Smileys & Emotion,face-negative
Japanese_symbol_for_beginner,,,,,,,Japanese_symbol_for_beginner,55,🔰,Japanese symbol for beginner,Symbols,other-symbol
thumbs_up,0.027897768178545716,0.8165946724262059,0.034737221022318215,0.048056155507559394,0.05093592512598992,0.02177825773938085,thumbs_up,50944,👍,thumbs up,People & Body,hand-fingers-closed
man_medium-light_skin_tone_red_hair,,,,,,,man_medium-light_skin_tone_red_hair,1,👨🏼‍🦰,"man: medium-light skin tone, red hair",People & Body,person
waving_hand_medium-light_skin_tone,,,,,,,waving_hand_medium-light_skin_tone,358,👋🏼,waving hand: medium-light skin tone,People & Body,hand-fingers-open
wood,0.08208955223880597,0.39552238805970147,0.13432835820895522,0.15671641791044777,0.1044776119402985,0.12686567164179105,wood,3,🪵,wood,Travel & Places,place-building
person_shrugging_dark_skin_tone,,,,,,,person_shrugging_dark_skin_tone,10,🤷🏿,person shrugging: dark skin tone,People & Body,person-gesture
face_with_spiral_eyes,,,,,,,face_with_spiral_eyes,12,😵‍💫,face with spiral eyes,Smileys & Emotion,face-unwell
safety_pin,,,,,,,safety_pin,3,🧷,safety pin,Objects,household
water_pistol,,,,,,,water_pistol,732,🔫,water pistol,Objects,tool
muted_speaker,0.0,0.5,0.0,0.5,0.0,0.0,muted_speaker,27,🔇,muted speaker,Objects,sound
waning_crescent_moon,,,,,,,waning_crescent_moon,41,🌘,waning crescent moon,Travel & Places,sky & weather
United_Kingdom,,,,,,,United_Kingdom,1122,🇬🇧,flag: United Kingdom,Flags,country-flag
pinching_hand_medium-light_skin_tone,,,,,,,pinching_hand_medium-light_skin_tone,9,🤏🏼,pinching hand: medium-light skin tone,People & Body,hand-fingers-partial
zany_face,0.03496503496503497,0.583916083916084,0.06993006993006994,0.1993006993006993,0.055944055944055944,0.055944055944055944,zany_face,2558,🤪,zany face,Smileys & Emotion,face-tongue
twelve-thirty,,,,,,,twelve-thirty,7,🕧,twelve-thirty,Travel & Places,time
brown_circle,0.0,1.0,0.0,0.0,0.0,0.0,brown_circle,4,🟤,brown circle,Symbols,geometric
man_walking_dark_skin_tone,,,,,,,man_walking_dark_skin_tone,8,🚶🏿‍♂️,man walking: dark skin tone,People & Body,person-activity
package,0.13646714378659727,0.15842550422901758,0.12784645413142484,0.19111906310995447,0.18445022771633052,0.20169160702667535,package,1267,📦,package,Objects,mail
woman_tipping_hand_medium-dark_skin_tone,,,,,,,woman_tipping_hand_medium-dark_skin_tone,67,💁🏾‍♀️,woman tipping hand: medium-dark skin tone,People & Body,person-gesture
woman_in_manual_wheelchair,0.0,0.0,1.0,0.0,0.0,0.0,woman_in_manual_wheelchair,4,👩‍🦽,woman in manual wheelchair,People & Body,person-activity
man_with_white_cane_medium-light_skin_tone,,,,,,,man_with_white_cane_medium-light_skin_tone,1,👨🏼‍🦯,man with white cane: medium-light skin tone,People & Body,person-activity
man_rowing_boat,,,,,,,man_rowing_boat,2,🚣‍♂️,man rowing boat,People & Body,person-sport
kiwi_fruit,0.0,0.8,0.0,0.2,0.0,0.0,kiwi_fruit,21,🥝,kiwi fruit,Food & Drink,food-fruit
breast-feeding,,,,,,,breast-feeding,19,🤱,breast-feeding,People & Body,person-role
woman_kneeling,0.0,1.0,0.0,0.0,0.0,0.0,woman_kneeling,48,🧎‍♀️,woman kneeling,People & Body,person-activity
no_pedestrians,1.0,0.0,0.0,0.0,0.0,0.0,no_pedestrians,7,🚷,no pedestrians,Symbols,warning
man_technologist_light_skin_tone,0.0,0.6666666666666666,0.0,0.0,0.3333333333333333,0.0,man_technologist_light_skin_tone,17,👨🏻‍💻,man technologist: light skin tone,People & Body,person-role
drooling_face,0.024253731343283583,0.6791044776119403,0.027985074626865673,0.13619402985074627,0.07276119402985075,0.05970149253731343,drooling_face,6764,🤤,drooling face,Smileys & Emotion,face-sleepy
woman_walking_dark_skin_tone,,,,,,,woman_walking_dark_skin_tone,1,🚶🏿‍♀️,woman walking: dark skin tone,People & Body,person-activity
person_getting_haircut_medium_skin_tone,,,,,,,person_getting_haircut_medium_skin_tone,2,💇🏽,person getting haircut: medium skin tone,People & Body,person-activity
ballot_box_with_ballot,0.0,0.6,0.2,0.2,0.0,0.0,ballot_box_with_ballot,73,🗳️,ballot box with ballot,Objects,mail
love_letter,0.014598540145985401,0.9781021897810219,0.0,0.0,0.0072992700729927005,0.0,love_letter,355,💌,love letter,Smileys & Emotion,emotion
shopping_bags,0.0,0.8928571428571429,0.0,0.0,0.10714285714285714,0.0,shopping_bags,606,🛍️,shopping bags,Objects,clothing
palms_up_together_medium-light_skin_tone,,,,,,,palms_up_together_medium-light_skin_tone,88,🤲🏼,palms up together: medium-light skin tone,People & Body,hands
beach_with_umbrella,0.0,0.9047619047619048,0.047619047619047616,0.0,0.047619047619047616,0.0,beach_with_umbrella,232,🏖️,beach with umbrella,Travel & Places,place-geographic
singer_medium-dark_skin_tone,,,,,,,singer_medium-dark_skin_tone,1,🧑🏾‍🎤,singer: medium-dark skin tone,People & Body,person-role
vulcan_salute,0.0,0.4666666666666667,0.26666666666666666,0.06666666666666667,0.13333333333333333,0.06666666666666667,vulcan_salute,108,🖖,vulcan salute,People & Body,hand-fingers-open
light_rail,,,,,,,light_rail,8,🚈,light rail,Travel & Places,transport-ground
woman_pouting_medium-dark_skin_tone,,,,,,,woman_pouting_medium-dark_skin_tone,2,🙎🏾‍♀️,woman pouting: medium-dark skin tone,People & Body,person-gesture
man_teacher_light_skin_tone,,,,,,,man_teacher_light_skin_tone,5,👨🏻‍🏫,man teacher: light skin tone,People & Body,person-role
woman_standing_light_skin_tone,,,,,,,woman_standing_light_skin_tone,105,🧍🏻‍♀️,woman standing: light skin tone,People & Body,person-activity
shark,0.15217391304347827,0.2826086956521739,0.10869565217391304,0.2826086956521739,0.043478260869565216,0.13043478260869565,shark,86,🦈,shark,Animals & Nature,animal-marine
mahjong_red_dragon,0.0,1.0,0.0,0.0,0.0,0.0,mahjong_red_dragon,4,🀄,mahjong red dragon,Activities,game
fire_engine,0.0,0.2,0.0,0.1,0.7,0.0,fire_engine,36,🚒,fire engine,Travel & Places,transport-ground
name_badge,,,,,,,name_badge,1,📛,name badge,Symbols,other-symbol
umbrella_with_rain_drops,0.07142857142857142,0.7142857142857143,0.07142857142857142,0.07142857142857142,0.07142857142857142,0.0,umbrella_with_rain_drops,160,☔,umbrella with rain drops,Travel & Places,sky & weather
joker,0.08771929824561403,0.3508771929824561,0.08771929824561403,0.05263157894736842,0.3157894736842105,0.10526315789473684,joker,64,🃏,joker,Activities,game
menorah,0.0,0.8,0.2,0.0,0.0,0.0,menorah,11,🕎,menorah,Symbols,religion
Gibraltar,,,,,,,Gibraltar,4,🇬🇮,flag: Gibraltar,Flags,country-flag
deaf_man_medium-dark_skin_tone,,,,,,,deaf_man_medium-dark_skin_tone,1,🧏🏾‍♂️,deaf man: medium-dark skin tone,People & Body,person-gesture
woman_bouncing_ball_medium_skin_tone,,,,,,,woman_bouncing_ball_medium_skin_tone,1,⛹🏽‍♀️,woman bouncing ball: medium skin tone,People & Body,person-sport
alien_monster,0.10526315789473684,0.21052631578947367,0.05263157894736842,0.3684210526315789,0.05263157894736842,0.21052631578947367,alien_monster,197,👾,alien monster,Smileys & Emotion,face-costume
woman_medium-light_skin_tone,,,,,,,woman_medium-light_skin_tone,23,👩🏼,woman: medium-light skin tone,People & Body,person
person_running_dark_skin_tone,0.0,0.0,0.0,0.0,1.0,0.0,person_running_dark_skin_tone,11,🏃🏿,person running: dark skin tone,People & Body,person-activity
joystick,0.0,0.5,0.1,0.05,0.05,0.3,joystick,151,🕹️,joystick,Activities,game
collision,0.049206349206349205,0.46984126984126984,0.022222222222222223,0.34444444444444444,0.10317460317460317,0.011111111111111112,collision,2980,💥,collision,Smileys & Emotion,emotion
pregnant_woman_light_skin_tone,0.0,1.0,0.0,0.0,0.0,0.0,pregnant_woman_light_skin_tone,22,🤰🏻,pregnant woman: light skin tone,People & Body,person-role
person_playing_handball_dark_skin_tone,,,,,,,person_playing_handball_dark_skin_tone,1,🤾🏿,person playing handball: dark skin tone,People & Body,person-sport
sauropod,0.0,0.7272727272727273,0.0,0.2727272727272727,0.0,0.0,sauropod,78,🦕,sauropod,Animals & Nature,animal-reptile
french_fries,0.018493150684931507,0.7794520547945205,0.043835616438356165,0.0410958904109589,0.09726027397260274,0.01986301369863014,french_fries,11294,🍟,french fries,Food & Drink,food-prepared
vulcan_salute_medium-light_skin_tone,,,,,,,vulcan_salute_medium-light_skin_tone,18,🖖🏼,vulcan salute: medium-light skin tone,People & Body,hand-fingers-open
bullet_train,,,,,,,bullet_train,18,🚅,bullet train,Travel & Places,transport-ground
woman_getting_haircut_medium-dark_skin_tone,,,,,,,woman_getting_haircut_medium-dark_skin_tone,2,💇🏾‍♀️,woman getting haircut: medium-dark skin tone,People & Body,person-activity
downwards_button,0.05555555555555555,0.2777777777777778,0.0,0.2777777777777778,0.0,0.3888888888888889,downwards_button,72,🔽,downwards button,Symbols,av-symbol
princess,0.06172839506172839,0.5339506172839507,0.12962962962962962,0.15432098765432098,0.046296296296296294,0.07407407407407407,princess,142,👸,princess,People & Body,person-role
up-right_arrow,,,,,,,up-right_arrow,35,↗️,up-right arrow,Symbols,arrow
face_vomiting,0.08370535714285714,0.08147321428571429,0.05859375,0.5262276785714286,0.025111607142857144,0.22488839285714285,face_vomiting,6881,🤮,face vomiting,Smileys & Emotion,face-unwell
door,0.10738671632526381,0.2594661700806952,0.11855990068280571,0.196772191185599,0.13159528243327126,0.186219739292365,door,105,🚪,door,Objects,household
yawning_face,0.12244897959183673,0.16326530612244897,0.061224489795918366,0.1836734693877551,0.08163265306122448,0.3877551020408163,yawning_face,468,🥱,yawning face,Smileys & Emotion,face-concerned
backhand_index_pointing_down_medium_skin_tone,0.0,0.42857142857142855,0.0,0.14285714285714285,0.14285714285714285,0.2857142857142857,backhand_index_pointing_down_medium_skin_tone,383,👇🏽,backhand index pointing down: medium skin tone,People & Body,hand-single-finger
police_officer_light_skin_tone,,,,,,,police_officer_light_skin_tone,11,👮🏻,police officer: light skin tone,People & Body,person-role
chipmunk,0.14285714285714285,0.7142857142857143,0.0,0.14285714285714285,0.0,0.0,chipmunk,91,🐿️,chipmunk,Animals & Nature,animal-mammal
backhand_index_pointing_up_dark_skin_tone,,,,,,,backhand_index_pointing_up_dark_skin_tone,10,👆🏿,backhand index pointing up: dark skin tone,People & Body,hand-single-finger
merman_medium_skin_tone,,,,,,,merman_medium_skin_tone,1,🧜🏽‍♂️,merman: medium skin tone,People & Body,person-fantasy
supervillain,0.0,0.5,0.25,0.0,0.0,0.25,supervillain,2,🦹,supervillain,People & Body,person-fantasy
handshake,0.1111111111111111,0.6172839506172839,0.024691358024691357,0.09876543209876543,0.04938271604938271,0.09876543209876543,handshake,1009,🤝,handshake,People & Body,hands
elf,0.06766917293233082,0.44360902255639095,0.18796992481203006,0.14285714285714285,0.03759398496240601,0.12030075187969924,elf,4,🧝,elf,People & Body,person-fantasy
mouth,0.0935856992639327,0.3711882229232387,0.0946372239747634,0.1598317560462671,0.06309148264984227,0.21766561514195584,mouth,784,👄,mouth,People & Body,body-parts
computer_disk,0.1111111111111111,0.7777777777777778,0.0,0.0,0.1111111111111111,0.0,computer_disk,30,💽,computer disk,Objects,computer
oncoming_fist,0.047325102880658436,0.8004115226337448,0.01646090534979424,0.06584362139917696,0.037037037037037035,0.03292181069958848,oncoming_fist,2721,👊,oncoming fist,People & Body,hand-fingers-closed
star_of_David,,,,,,,star_of_David,21,✡️,star of David,Symbols,religion
police_car,0.0,0.25,0.0,0.25,0.5,0.0,police_car,43,🚓,police car,Travel & Places,transport-ground
man_supervillain_medium_skin_tone,,,,,,,man_supervillain_medium_skin_tone,2,🦹🏽‍♂️,man supervillain: medium skin tone,People & Body,person-fantasy
man_pouting,,,,,,,man_pouting,2,🙎‍♂️,man pouting,People & Body,person-gesture
black_cat,,,,,,,black_cat,20,🐈‍⬛,black cat,Animals & Nature,animal-mammal
railway_track,,,,,,,railway_track,11,🛤️,railway track,Travel & Places,transport-ground
cat_with_wry_smile,,,,,,,cat_with_wry_smile,322,😼,cat with wry smile,Smileys & Emotion,cat-face
woman_artist,0.0,1.0,0.0,0.0,0.0,0.0,woman_artist,9,👩‍🎨,woman artist,People & Body,person-role
hot_springs,0.0,0.2,0.0,0.2,0.6,0.0,hot_springs,70,♨️,hot springs,Travel & Places,place-other
North_Korea,,,,,,,North_Korea,4,🇰🇵,flag: North Korea,Flags,country-flag
kaaba,,,,,,,kaaba,9,🕋,kaaba,Travel & Places,place-religious
ringed_planet,0.0,0.5,0.0,0.5,0.0,0.0,ringed_planet,94,🪐,ringed planet,Travel & Places,sky & weather
keycap_1,0.0,0.8095238095238095,0.09523809523809523,0.0,0.047619047619047616,0.047619047619047616,keycap_1,333,1️⃣,keycap: 1,Symbols,keycap
Antarctica,,,,,,,Antarctica,1,🇦🇶,flag: Antarctica,Flags,country-flag
man_artist_medium-light_skin_tone,,,,,,,man_artist_medium-light_skin_tone,1,👨🏼‍🎨,man artist: medium-light skin tone,People & Body,person-role
crossed_fingers_dark_skin_tone,0.0,0.8333333333333334,0.0,0.0,0.0,0.16666666666666666,crossed_fingers_dark_skin_tone,49,🤞🏿,crossed fingers: dark skin tone,People & Body,hand-fingers-partial
woman_zombie,,,,,,,woman_zombie,212,🧟‍♀️,woman zombie,People & Body,person-fantasy
globe_showing_Asia-Australia,,,,,,,globe_showing_Asia-Australia,669,🌏,globe showing Asia-Australia,Travel & Places,place-map
person_shrugging,0.031746031746031744,0.42857142857142855,0.1746031746031746,0.2222222222222222,0.06349206349206349,0.07936507936507936,person_shrugging,613,🤷,person shrugging,People & Body,person-gesture
Spain,,,,,,,Spain,317,🇪🇸,flag: Spain,Flags,country-flag
clapper_board,0.0,0.7058823529411765,0.058823529411764705,0.11764705882352941,0.11029411764705882,0.007352941176470588,clapper_board,933,🎬,clapper board,Objects,light & video
butterfly,0.05426356589147287,0.6666666666666666,0.10852713178294573,0.12403100775193798,0.023255813953488372,0.023255813953488372,butterfly,622,🦋,butterfly,Animals & Nature,animal-bug
person_facepalming,0.07228915662650602,0.3493975903614458,0.08433734939759036,0.21686746987951808,0.07228915662650602,0.20481927710843373,person_facepalming,758,🤦,person facepalming,People & Body,person-gesture
eight-spoked_asterisk,,,,,,,eight-spoked_asterisk,17,✳️,eight-spoked asterisk,Symbols,other-symbol
takeout_box,0.0,0.0,0.0,1.0,0.0,0.0,takeout_box,17,🥡,takeout box,Food & Drink,food-asian
woman_surfing_medium_skin_tone,0.0,0.0,0.0,1.0,0.0,0.0,woman_surfing_medium_skin_tone,5,🏄🏽‍♀️,woman surfing: medium skin tone,People & Body,person-sport
man_tipping_hand_medium_skin_tone,0.25,0.5,0.0,0.0,0.0,0.25,man_tipping_hand_medium_skin_tone,57,💁🏽‍♂️,man tipping hand: medium skin tone,People & Body,person-gesture
man_juggling_light_skin_tone,0.0,1.0,0.0,0.0,0.0,0.0,man_juggling_light_skin_tone,2,🤹🏻‍♂️,man juggling: light skin tone,People & Body,person-sport
tractor,0.0,0.23076923076923078,0.07692307692307693,0.23076923076923078,0.3076923076923077,0.15384615384615385,tractor,25,🚜,tractor,Travel & Places,transport-ground
man_in_tuxedo,0.0,1.0,0.0,0.0,0.0,0.0,man_in_tuxedo,2,🤵‍♂️,man in tuxedo,People & Body,person-role
circus_tent,0.0,0.75,0.0,0.25,0.0,0.0,circus_tent,28,🎪,circus tent,Travel & Places,place-other
person_climbing,,,,,,,person_climbing,3,🧗,person climbing,People & Body,person-activity
woman_mage_light_skin_tone,0.25,0.25,0.0,0.5,0.0,0.0,woman_mage_light_skin_tone,28,🧙🏻‍♀️,woman mage: light skin tone,People & Body,person-fantasy
Jersey,,,,,,,Jersey,1,🇯🇪,flag: Jersey,Flags,country-flag
person_raising_hand_medium-dark_skin_tone,,,,,,,person_raising_hand_medium-dark_skin_tone,27,🙋🏾,person raising hand: medium-dark skin tone,People & Body,person-gesture
no_bicycles,,,,,,,no_bicycles,2,🚳,no bicycles,Symbols,warning
ewe,0.0975609756097561,0.4634146341463415,0.0,0.17073170731707318,0.07317073170731707,0.1951219512195122,ewe,112,🐑,ewe,Animals & Nature,animal-mammal
speaker_high_volume,0.03125,0.59375,0.03125,0.3125,0.0,0.03125,speaker_high_volume,395,🔊,speaker high volume,Objects,sound
face_with_hand_over_mouth,0.031496062992125984,0.6929133858267716,0.05511811023622047,0.12992125984251968,0.047244094488188976,0.04330708661417323,face_with_hand_over_mouth,2979,🤭,face with hand over mouth,Smileys & Emotion,face-hand
white_large_square,0.0,0.6,0.4,0.0,0.0,0.0,white_large_square,79,⬜,white large square,Symbols,geometric
women_holding_hands_medium-dark_skin_tone_medium_skin_tone,,,,,,,women_holding_hands_medium-dark_skin_tone_medium_skin_tone,1,👩🏾‍🤝‍👩🏽,"women holding hands: medium-dark skin tone, medium skin tone",People & Body,family
person_beard,,,,,,,person_beard,24,🧔,person: beard,People & Body,person
handbag,0.08,0.68,0.0,0.08,0.16,0.0,handbag,51,👜,handbag,Objects,clothing
Faroe_Islands,,,,,,,Faroe_Islands,1,🇫🇴,flag: Faroe Islands,Flags,country-flag
jack-o-lantern,,,,,,,jack-o-lantern,1564,🎃,jack-o-lantern,Activities,event
police_officer,0.16666666666666666,0.5,0.05555555555555555,0.2222222222222222,0.0,0.05555555555555555,police_officer,69,👮,police officer,People & Body,person-role
men_holding_hands_light_skin_tone_medium-light_skin_tone,,,,,,,men_holding_hands_light_skin_tone_medium-light_skin_tone,3,👨🏻‍🤝‍👨🏼,"men holding hands: light skin tone, medium-light skin tone",People & Body,family
lemon,0.059748427672955975,0.5220125786163522,0.1069182389937107,0.16037735849056603,0.06289308176100629,0.0880503144654088,lemon,524,🍋,lemon,Food & Drink,food-fruit
zebra,0.05555555555555555,0.5555555555555556,0.05555555555555555,0.16666666666666666,0.0,0.16666666666666666,zebra,49,🦓,zebra,Animals & Nature,animal-mammal
man_in_manual_wheelchair,0.0,0.0,0.0,0.0,0.0,1.0,man_in_manual_wheelchair,2,👨‍🦽,man in manual wheelchair,People & Body,person-activity
sloth,0.18181818181818182,0.2727272727272727,0.0,0.36363636363636365,0.09090909090909091,0.09090909090909091,sloth,9,🦥,sloth,Animals & Nature,animal-mammal
mending_heart,,,,,,,mending_heart,7,❤️‍🩹,mending heart,Smileys & Emotion,emotion
man_in_lotus_position_light_skin_tone,,,,,,,man_in_lotus_position_light_skin_tone,1,🧘🏻‍♂️,man in lotus position: light skin tone,People & Body,person-resting
kangaroo,0.038461538461538464,0.19230769230769232,0.19230769230769232,0.4230769230769231,0.0,0.15384615384615385,kangaroo,20,🦘,kangaroo,Animals & Nature,animal-mammal
man_firefighter,,,,,,,man_firefighter,4,👨‍🚒,man firefighter,People & Body,person-role
white_question_mark,0.0,0.1111111111111111,0.0,0.8888888888888888,0.0,0.0,white_question_mark,84,❔,white question mark,Symbols,punctuation
sun_behind_large_cloud,,,,,,,sun_behind_large_cloud,19,🌥️,sun behind large cloud,Travel & Places,sky & weather
leg_medium-dark_skin_tone,,,,,,,leg_medium-dark_skin_tone,1,🦵🏾,leg: medium-dark skin tone,People & Body,body-parts
person_swimming,0.0,1.0,0.0,0.0,0.0,0.0,person_swimming,30,🏊,person swimming,People & Body,person-sport
saxophone,0.0,0.75,0.0,0.25,0.0,0.0,saxophone,46,🎷,saxophone,Objects,musical-instrument
revolving_hearts,0.014666666666666666,0.888,0.025333333333333333,0.028,0.032,0.012,revolving_hearts,2857,💞,revolving hearts,Smileys & Emotion,emotion
trophy,0.04154302670623145,0.7032640949554896,0.05637982195845697,0.10385756676557864,0.05637982195845697,0.03857566765578635,trophy,1639,🏆,trophy,Activities,award-medal
Sierra_Leone,,,,,,,Sierra_Leone,3,🇸🇱,flag: Sierra Leone,Flags,country-flag
mage,0.0,0.5,0.1,0.4,0.0,0.0,mage,51,🧙,mage,People & Body,person-fantasy
man_lifting_weights_medium-dark_skin_tone,,,,,,,man_lifting_weights_medium-dark_skin_tone,1,🏋🏾‍♂️,man lifting weights: medium-dark skin tone,People & Body,person-sport
part_alternation_mark,,,,,,,part_alternation_mark,97,〽️,part alternation mark,Symbols,other-symbol
grinning_cat,,,,,,,grinning_cat,225,😺,grinning cat,Smileys & Emotion,cat-face
first_quarter_moon_face,0.5,0.25,0.25,0.0,0.0,0.0,first_quarter_moon_face,42,🌛,first quarter moon face,Travel & Places,sky & weather
repeat_single_button,0.0,0.0,0.0,1.0,0.0,0.0,repeat_single_button,4,🔂,repeat single button,Symbols,av-symbol
rice_ball,0.0,1.0,0.0,0.0,0.0,0.0,rice_ball,6,🍙,rice ball,Food & Drink,food-asian
deaf_man_dark_skin_tone,,,,,,,deaf_man_dark_skin_tone,1,🧏🏿‍♂️,deaf man: dark skin tone,People & Body,person-gesture
no_smoking,0.0,0.25,0.25,0.0,0.0,0.5,no_smoking,18,🚭,no smoking,Symbols,warning
castle,0.03180212014134275,0.2579505300353357,0.0812720848056537,0.5441696113074205,0.04946996466431095,0.0353356890459364,castle,59,🏰,castle,Travel & Places,place-building
train,0.09548387096774194,0.19612903225806452,0.1329032258064516,0.17419354838709677,0.26838709677419353,0.1329032258064516,train,27,🚆,train,Travel & Places,transport-ground
man_walking_medium-dark_skin_tone,,,,,,,man_walking_medium-dark_skin_tone,25,🚶🏾‍♂️,man walking: medium-dark skin tone,People & Body,person-activity
raccoon,0.06896551724137931,0.20689655172413793,0.10344827586206896,0.3103448275862069,0.13793103448275862,0.1724137931034483,raccoon,18,🦝,raccoon,Animals & Nature,animal-mammal
heart_suit,0.004987531172069825,0.9039900249376559,0.00997506234413965,0.0199501246882793,0.059850374064837904,0.0012468827930174563,heart_suit,17431,♥️,heart suit,Activities,game
face_with_thermometer,0.09375,0.34375,0.15625,0.25,0.09375,0.0625,face_with_thermometer,292,🤒,face with thermometer,Smileys & Emotion,face-unwell
woman_medium_skin_tone_curly_hair,,,,,,,woman_medium_skin_tone_curly_hair,5,👩🏽‍🦱,"woman: medium skin tone, curly hair",People & Body,person
woman_and_man_holding_hands_medium-dark_skin_tone,,,,,,,woman_and_man_holding_hands_medium-dark_skin_tone,1,👫🏾,woman and man holding hands: medium-dark skin tone,People & Body,family
tiger_face,0.1016949152542373,0.576271186440678,0.03389830508474576,0.15254237288135594,0.06779661016949153,0.06779661016949153,tiger_face,529,🐯,tiger face,Animals & Nature,animal-mammal
red_triangle_pointed_up,0.0,0.6,0.4,0.0,0.0,0.0,red_triangle_pointed_up,212,🔺,red triangle pointed up,Symbols,geometric
Poland,,,,,,,Poland,216,🇵🇱,flag: Poland,Flags,country-flag
thong_sandal,,,,,,,thong_sandal,9,🩴,thong sandal,Objects,clothing
construction_worker_light_skin_tone,,,,,,,construction_worker_light_skin_tone,1,👷🏻,construction worker: light skin tone,People & Body,person-role
man_getting_haircut,,,,,,,man_getting_haircut,14,💇‍♂️,man getting haircut,People & Body,person-activity
man_running_dark_skin_tone,,,,,,,man_running_dark_skin_tone,5,🏃🏿‍♂️,man running: dark skin tone,People & Body,person-activity
woman_astronaut_medium_skin_tone,,,,,,,woman_astronaut_medium_skin_tone,2,👩🏽‍🚀,woman astronaut: medium skin tone,People & Body,person-role
zombie,0.05612244897959184,0.3086734693877551,0.04081632653061224,0.46938775510204084,0.04081632653061224,0.08418367346938775,zombie,37,🧟,zombie,People & Body,person-fantasy
person_light_skin_tone_bald,,,,,,,person_light_skin_tone_bald,1,🧑🏻‍🦲,"person: light skin tone, bald",People & Body,person
Kenya,,,,,,,Kenya,81,🇰🇪,flag: Kenya,Flags,country-flag
smiling_face_with_tear,,,,,,,smiling_face_with_tear,2735,🥲,smiling face with tear,Smileys & Emotion,face-affection
pager,0.0,0.5,0.5,0.0,0.0,0.0,pager,18,📟,pager,Objects,phone
carrot,0.017094017094017096,0.6324786324786325,0.13675213675213677,0.1111111111111111,0.07692307692307693,0.02564102564102564,carrot,249,🥕,carrot,Food & Drink,food-vegetable
hammer_and_wrench,0.0,0.25,0.0,0.25,0.5,0.0,hammer_and_wrench,120,🛠️,hammer and wrench,Objects,tool
fallen_leaf,0.0,0.8333333333333334,0.0,0.041666666666666664,0.08333333333333333,0.041666666666666664,fallen_leaf,159,🍂,fallen leaf,Animals & Nature,plant-other
motor_boat,0.0,0.0,0.0,1.0,0.0,0.0,motor_boat,16,🛥️,motor boat,Travel & Places,transport-water
person_taking_bath,0.0,0.6,0.0,0.2,0.0,0.2,person_taking_bath,25,🛀,person taking bath,People & Body,person-resting
ferris_wheel,0.5,0.5,0.0,0.0,0.0,0.0,ferris_wheel,33,🎡,ferris wheel,Travel & Places,place-other
woman_elf_medium-light_skin_tone,,,,,,,woman_elf_medium-light_skin_tone,3,🧝🏼‍♀️,woman elf: medium-light skin tone,People & Body,person-fantasy
mx_claus_medium-light_skin_tone,,,,,,,mx_claus_medium-light_skin_tone,1,🧑🏼‍🎄,mx claus: medium-light skin tone,People & Body,person-fantasy
man_mechanic_medium-dark_skin_tone,,,,,,,man_mechanic_medium-dark_skin_tone,1,👨🏾‍🔧,man mechanic: medium-dark skin tone,People & Body,person-role
woman_tipping_hand_dark_skin_tone,0.0,0.0,0.0,0.0,0.0,1.0,woman_tipping_hand_dark_skin_tone,8,💁🏿‍♀️,woman tipping hand: dark skin tone,People & Body,person-gesture
nose,0.1437908496732026,0.33986928104575165,0.16993464052287582,0.13725490196078433,0.0457516339869281,0.16339869281045752,nose,52,👃,nose,People & Body,body-parts
Uzbekistan,,,,,,,Uzbekistan,1,🇺🇿,flag: Uzbekistan,Flags,country-flag
woman_firefighter_medium-light_skin_tone,,,,,,,woman_firefighter_medium-light_skin_tone,1,👩🏼‍🚒,woman firefighter: medium-light skin tone,People & Body,person-role
open_hands_medium-light_skin_tone,,,,,,,open_hands_medium-light_skin_tone,22,👐🏼,open hands: medium-light skin tone,People & Body,hands
bacon,0.07656004195070792,0.42842160461457784,0.16570529627687466,0.13948610382800208,0.07341373885684321,0.11641321447299423,bacon,1146,🥓,bacon,Food & Drink,food-prepared
disguised_face,,,,,,,disguised_face,121,🥸,disguised face,Smileys & Emotion,face-hat
litter_in_bin_sign,0.048,0.08,0.08,0.168,0.016,0.608,litter_in_bin_sign,1120,🚮,litter in bin sign,Symbols,transport-sign
kissing_face_with_closed_eyes,0.03111111111111111,0.7955555555555556,0.022222222222222223,0.06666666666666667,0.07555555555555556,0.008888888888888889,kissing_face_with_closed_eyes,1143,😚,kissing face with closed eyes,Smileys & Emotion,face-affection
person_bowing,0.0,0.48,0.08,0.24,0.08,0.12,person_bowing,172,🙇,person bowing,People & Body,person-gesture
man_lifting_weights,,,,,,,man_lifting_weights,18,🏋️‍♂️,man lifting weights,People & Body,person-sport
gloves,0.04484304932735426,0.22869955156950672,0.21524663677130046,0.18834080717488788,0.13452914798206278,0.18834080717488788,gloves,37,🧤,gloves,Objects,clothing
rooster,0.07317073170731707,0.36585365853658536,0.16097560975609757,0.22439024390243903,0.01951219512195122,0.15609756097560976,rooster,438,🐓,rooster,Animals & Nature,animal-bird
Guyana,,,,,,,Guyana,6,🇬🇾,flag: Guyana,Flags,country-flag
woman_kneeling_light_skin_tone,,,,,,,woman_kneeling_light_skin_tone,36,🧎🏻‍♀️,woman kneeling: light skin tone,People & Body,person-activity
heart_on_fire,,,,,,,heart_on_fire,36,❤️‍🔥,heart on fire,Smileys & Emotion,emotion
winking_face,0.017992690469496767,0.7604723081248242,0.03486083778464998,0.049761034579702,0.12398088276637616,0.012932246274950801,winking_face,39826,😉,winking face,Smileys & Emotion,face-smiling
heart_with_ribbon,0.003875968992248062,0.8992248062015504,0.03488372093023256,0.023255813953488372,0.03875968992248062,0.0,heart_with_ribbon,849,💝,heart with ribbon,Smileys & Emotion,emotion
Timor-Leste,,,,,,,Timor-Leste,2,🇹🇱,flag: Timor-Leste,Flags,country-flag
right_arrow_curving_up,,,,,,,right_arrow_curving_up,25,⤴️,right arrow curving up,Symbols,arrow
woman_mountain_biking,,,,,,,woman_mountain_biking,4,🚵‍♀️,woman mountain biking,People & Body,person-sport
yo-yo,,,,,,,yo-yo,4,🪀,yo-yo,Activities,game
person,0.10952786048490004,0.4083368779242875,0.13419821352615907,0.16354742662696725,0.07082092726499362,0.11356869417269247,person,4,🧑,person,People & Body,person
woman_fairy_medium-light_skin_tone,,,,,,,woman_fairy_medium-light_skin_tone,22,🧚🏼‍♀️,woman fairy: medium-light skin tone,People & Body,person-fantasy
sunglasses,0.041666666666666664,0.6458333333333334,0.08333333333333333,0.125,0.08333333333333333,0.020833333333333332,sunglasses,150,🕶️,sunglasses,Objects,clothing
compass,0.1875,0.10416666666666667,0.08333333333333333,0.22916666666666666,0.0625,0.3333333333333333,compass,11,🧭,compass,Travel & Places,place-map
crossed_swords,0.0,0.7142857142857143,0.0,0.14285714285714285,0.0,0.14285714285714285,crossed_swords,359,⚔️,crossed swords,Objects,tool
hand_with_fingers_splayed_medium-dark_skin_tone,,,,,,,hand_with_fingers_splayed_medium-dark_skin_tone,15,🖐🏾,hand with fingers splayed: medium-dark skin tone,People & Body,hand-fingers-open
sandwich,0.014023317201935767,0.8980972283326001,0.023042234931808184,0.0276616805983282,0.011328640563132424,0.025846898372195337,sandwich,215,🥪,sandwich,Food & Drink,food-prepared
family_man_girl,1.0,0.0,0.0,0.0,0.0,0.0,family_man_girl,5,👨‍👧,"family: man, girl",People & Body,family
person_with_white_cane,,,,,,,person_with_white_cane,4,🧑‍🦯,person with white cane,People & Body,person-activity
man_bald,,,,,,,man_bald,1,👨‍🦲,man: bald,People & Body,person
seat,0.025787965616045846,0.5186246418338109,0.10028653295128939,0.14040114613180515,0.11174785100286533,0.10315186246418338,seat,44,💺,seat,Travel & Places,transport-air
pear,0.06666666666666667,0.7333333333333333,0.0,0.2,0.0,0.0,pear,26,🍐,pear,Food & Drink,food-fruit
person_frowning_light_skin_tone,,,,,,,person_frowning_light_skin_tone,5,🙍🏻,person frowning: light skin tone,People & Body,person-gesture
man_curly_hair,,,,,,,man_curly_hair,3,👨‍🦱,man: curly hair,People & Body,person
man_student_medium-light_skin_tone,,,,,,,man_student_medium-light_skin_tone,1,👨🏼‍🎓,man student: medium-light skin tone,People & Body,person-role
man_getting_massage_dark_skin_tone,,,,,,,man_getting_massage_dark_skin_tone,3,💆🏿‍♂️,man getting massage: dark skin tone,People & Body,person-activity
monkey,0.14814814814814814,0.19753086419753085,0.13271604938271606,0.21296296296296297,0.043209876543209874,0.2654320987654321,monkey,313,🐒,monkey,Animals & Nature,animal-mammal
desert_island,0.0,0.875,0.03125,0.0625,0.03125,0.0,desert_island,138,🏝️,desert island,Travel & Places,place-geographic
white_heart,0.01928374655647383,0.9090909090909091,0.005509641873278237,0.027548209366391185,0.027548209366391185,0.011019283746556474,white_heart,1462,🤍,white heart,Smileys & Emotion,emotion
woman_walking_medium-dark_skin_tone,,,,,,,woman_walking_medium-dark_skin_tone,17,🚶🏾‍♀️,woman walking: medium-dark skin tone,People & Body,person-activity
man_gesturing_NO,,,,,,,man_gesturing_NO,74,🙅‍♂️,man gesturing NO,People & Body,person-gesture
Fiji,,,,,,,Fiji,10,🇫🇯,flag: Fiji,Flags,country-flag
woman_superhero_light_skin_tone,,,,,,,woman_superhero_light_skin_tone,5,🦸🏻‍♀️,woman superhero: light skin tone,People & Body,person-fantasy
man_facepalming_medium-dark_skin_tone,,,,,,,man_facepalming_medium-dark_skin_tone,2037,🤦🏾‍♂️,man facepalming: medium-dark skin tone,People & Body,person-gesture
Mauritius,,,,,,,Mauritius,14,🇲🇺,flag: Mauritius,Flags,country-flag
person_raising_hand,0.03389830508474576,0.864406779661017,0.0423728813559322,0.00847457627118644,0.0423728813559322,0.00847457627118644,person_raising_hand,1676,🙋,person raising hand,People & Body,person-gesture
old_man_medium-dark_skin_tone,,,,,,,old_man_medium-dark_skin_tone,4,👴🏾,old man: medium-dark skin tone,People & Body,person
Bouvet_Island,,,,,,,Bouvet_Island,4,🇧🇻,flag: Bouvet Island,Flags,country-flag
Nigeria,,,,,,,Nigeria,214,🇳🇬,flag: Nigeria,Flags,country-flag
high-speed_train,,,,,,,high-speed_train,27,🚄,high-speed train,Travel & Places,transport-ground
open_mailbox_with_lowered_flag,0.0,1.0,0.0,0.0,0.0,0.0,open_mailbox_with_lowered_flag,7,📭,open mailbox with lowered flag,Objects,mail
envelope_with_arrow,0.0,0.6666666666666666,0.3333333333333333,0.0,0.0,0.0,envelope_with_arrow,100,📩,envelope with arrow,Objects,mail
carousel_horse,0.0,1.0,0.0,0.0,0.0,0.0,carousel_horse,14,🎠,carousel horse,Travel & Places,place-other
man_gesturing_OK_medium-light_skin_tone,,,,,,,man_gesturing_OK_medium-light_skin_tone,6,🙆🏼‍♂️,man gesturing OK: medium-light skin tone,People & Body,person-gesture
man_office_worker_light_skin_tone,,,,,,,man_office_worker_light_skin_tone,3,👨🏻‍💼,man office worker: light skin tone,People & Body,person-role
camera,0.0167427701674277,0.7757483510908169,0.044647387113140535,0.047691527143581935,0.07864028411973617,0.0365296803652968,camera,987,📷,camera,Objects,light & video
blue_circle,0.05,0.7,0.05,0.2,0.0,0.0,blue_circle,241,🔵,blue circle,Symbols,geometric
woman_gesturing_NO_medium_skin_tone,,,,,,,woman_gesturing_NO_medium_skin_tone,87,🙅🏽‍♀️,woman gesturing NO: medium skin tone,People & Body,person-gesture
sake,0.1087866108786611,0.24686192468619247,0.1506276150627615,0.20711297071129708,0.04811715481171548,0.2384937238493724,sake,14,🍶,sake,Food & Drink,drink
person_medium-dark_skin_tone_beard,,,,,,,person_medium-dark_skin_tone_beard,3,🧔🏾,"person: medium-dark skin tone, beard",People & Body,person
upside-down_face,,,,,,,upside-down_face,8225,🙃,upside-down face,Smileys & Emotion,face-smiling
woman_getting_massage_medium_skin_tone,,,,,,,woman_getting_massage_medium_skin_tone,28,💆🏽‍♀️,woman getting massage: medium skin tone,People & Body,person-activity
mount_fuji,0.0,0.16666666666666666,0.0,0.0,0.8333333333333334,0.0,mount_fuji,22,🗻,mount fuji,Travel & Places,place-geographic
person_bouncing_ball_light_skin_tone,,,,,,,person_bouncing_ball_light_skin_tone,2,⛹🏻,person bouncing ball: light skin tone,People & Body,person-sport
locomotive,0.06666666666666667,0.6,0.13333333333333333,0.06666666666666667,0.06666666666666667,0.06666666666666667,locomotive,92,🚂,locomotive,Travel & Places,transport-ground
love-you_gesture_medium-dark_skin_tone,,,,,,,love-you_gesture_medium-dark_skin_tone,63,🤟🏾,love-you gesture: medium-dark skin tone,People & Body,hand-fingers-partial
upwards_button,0.0,1.0,0.0,0.0,0.0,0.0,upwards_button,9,🔼,upwards button,Symbols,av-symbol
anger_symbol,0.25,0.0,0.0,0.25,0.08333333333333333,0.4166666666666667,anger_symbol,93,💢,anger symbol,Smileys & Emotion,emotion
woman_technologist_medium-dark_skin_tone,,,,,,,woman_technologist_medium-dark_skin_tone,19,👩🏾‍💻,woman technologist: medium-dark skin tone,People & Body,person-role
dvd,0.06938775510204082,0.5163265306122449,0.11632653061224489,0.13673469387755102,0.02857142857142857,0.1326530612244898,dvd,56,📀,dvd,Objects,computer
family_woman_boy,0.0,1.0,0.0,0.0,0.0,0.0,family_woman_boy,18,👩‍👦,"family: woman, boy",People & Body,family
T-Rex,,,,,,,T-Rex,116,🦖,T-Rex,Animals & Nature,animal-reptile
woman_mechanic_medium_skin_tone,,,,,,,woman_mechanic_medium_skin_tone,2,👩🏽‍🔧,woman mechanic: medium skin tone,People & Body,person-role
Guam,,,,,,,Guam,3,🇬🇺,flag: Guam,Flags,country-flag
love-you_gesture,,,,,,,love-you_gesture,406,🤟,love-you gesture,People & Body,hand-fingers-partial
man_guard,,,,,,,man_guard,4,💂‍♂️,man guard,People & Body,person-role
woman_medium-light_skin_tone_blond_hair,,,,,,,woman_medium-light_skin_tone_blond_hair,4,👱🏼‍♀️,"woman: medium-light skin tone, blond hair",People & Body,person
princess_dark_skin_tone,,,,,,,princess_dark_skin_tone,3,👸🏿,princess: dark skin tone,People & Body,person-role
input_symbols,,,,,,,input_symbols,1,🔣,input symbols,Symbols,alphanum
teacup_without_handle,0.0,0.625,0.25,0.125,0.0,0.0,teacup_without_handle,184,🍵,teacup without handle,Food & Drink,drink
woman_cartwheeling,,,,,,,woman_cartwheeling,53,🤸‍♀️,woman cartwheeling,People & Body,person-sport
nauseated_face,0.10337323177366703,0.12731229597388466,0.0794341675734494,0.1893362350380849,0.04896626768226333,0.4515778019586507,nauseated_face,6863,🤢,nauseated face,Smileys & Emotion,face-unwell
wolf,0.15644171779141106,0.3159509202453988,0.07975460122699386,0.2607361963190184,0.015337423312883436,0.17177914110429449,wolf,244,🐺,wolf,Animals & Nature,animal-mammal
man_fairy_light_skin_tone,,,,,,,man_fairy_light_skin_tone,2,🧚🏻‍♂️,man fairy: light skin tone,People & Body,person-fantasy
woozy_face,0.07920792079207921,0.2838283828382838,0.08250825082508251,0.2508250825082508,0.033003300330033,0.2706270627062706,woozy_face,3198,🥴,woozy face,Smileys & Emotion,face-unwell
rosette,,,,,,,rosette,33,🏵️,rosette,Animals & Nature,plant-flower
seal,0.078125,0.390625,0.109375,0.234375,0.078125,0.109375,seal,16,🦭,seal,Animals & Nature,animal-marine
backhand_index_pointing_left_dark_skin_tone,,,,,,,backhand_index_pointing_left_dark_skin_tone,133,👈🏿,backhand index pointing left: dark skin tone,People & Body,hand-single-finger
COOL_button,,,,,,,COOL_button,50,🆒,COOL button,Symbols,alphanum
woman_red_hair,,,,,,,woman_red_hair,18,👩‍🦰,woman: red hair,People & Body,person
China,,,,,,,China,502,🇨🇳,flag: China,Flags,country-flag
woman_fairy_light_skin_tone,0.0,0.6666666666666666,0.0,0.3333333333333333,0.0,0.0,woman_fairy_light_skin_tone,29,🧚🏻‍♀️,woman fairy: light skin tone,People & Body,person-fantasy
carp_streamer,0.0,1.0,0.0,0.0,0.0,0.0,carp_streamer,4,🎏,carp streamer,Activities,event
leopard,0.038461538461538464,0.7307692307692307,0.11538461538461539,0.11538461538461539,0.0,0.0,leopard,57,🐆,leopard,Animals & Nature,animal-mammal
person_pouting_light_skin_tone,,,,,,,person_pouting_light_skin_tone,4,🙎🏻,person pouting: light skin tone,People & Body,person-gesture
man_scientist_medium-light_skin_tone,,,,,,,man_scientist_medium-light_skin_tone,1,👨🏼‍🔬,man scientist: medium-light skin tone,People & Body,person-role
teapot,0.1,0.4,0.1,0.2,0.1,0.1,teapot,29,🫖,teapot,Food & Drink,drink
woman_pilot_light_skin_tone,,,,,,,woman_pilot_light_skin_tone,1,👩🏻‍✈️,woman pilot: light skin tone,People & Body,person-role
woman_with_headscarf_medium-light_skin_tone,,,,,,,woman_with_headscarf_medium-light_skin_tone,2,🧕🏼,woman with headscarf: medium-light skin tone,People & Body,person-role
man_police_officer_medium-dark_skin_tone,,,,,,,man_police_officer_medium-dark_skin_tone,4,👮🏾‍♂️,man police officer: medium-dark skin tone,People & Body,person-role
deaf_person,0.0,0.5,0.0,0.0,0.5,0.0,deaf_person,5,🧏,deaf person,People & Body,person-gesture
open_hands,0.0,0.8448275862068966,0.05172413793103448,0.017241379310344827,0.05172413793103448,0.034482758620689655,open_hands,247,👐,open hands,People & Body,hands
woman_frowning_light_skin_tone,,,,,,,woman_frowning_light_skin_tone,4,🙍🏻‍♀️,woman frowning: light skin tone,People & Body,person-gesture
mobile_phone,0.019553072625698324,0.7960893854748603,0.07541899441340782,0.01675977653631285,0.061452513966480445,0.030726256983240222,mobile_phone,2289,📱,mobile phone,Objects,phone
man_juggling,,,,,,,man_juggling,13,🤹‍♂️,man juggling,People & Body,person-sport
man_biking_medium-light_skin_tone,,,,,,,man_biking_medium-light_skin_tone,3,🚴🏼‍♂️,man biking: medium-light skin tone,People & Body,person-sport
ear_with_hearing_aid_medium-light_skin_tone,,,,,,,ear_with_hearing_aid_medium-light_skin_tone,2,🦻🏼,ear with hearing aid: medium-light skin tone,People & Body,body-parts
sparkle,0.01639344262295082,0.8688524590163934,0.04918032786885246,0.03278688524590164,0.03278688524590164,0.0,sparkle,27,❇️,sparkle,Symbols,other-symbol
woman_frowning_medium-dark_skin_tone,,,,,,,woman_frowning_medium-dark_skin_tone,3,🙍🏾‍♀️,woman frowning: medium-dark skin tone,People & Body,person-gesture
man_swimming_medium-dark_skin_tone,,,,,,,man_swimming_medium-dark_skin_tone,20,🏊🏾‍♂️,man swimming: medium-dark skin tone,People & Body,person-sport
artist_palette,0.0,0.75,0.0,0.125,0.08333333333333333,0.041666666666666664,artist_palette,267,🎨,artist palette,Activities,arts & crafts
keycap_3,0.0,0.7692307692307693,0.0,0.07692307692307693,0.15384615384615385,0.0,keycap_3,133,3️⃣,keycap: 3,Symbols,keycap
man_student_medium_skin_tone,,,,,,,man_student_medium_skin_tone,2,👨🏽‍🎓,man student: medium skin tone,People & Body,person-role
woman_dancing_medium_skin_tone,0.023809523809523808,0.6666666666666666,0.07142857142857142,0.16666666666666666,0.023809523809523808,0.047619047619047616,woman_dancing_medium_skin_tone,250,💃🏽,woman dancing: medium skin tone,People & Body,person-activity
white_medium_square,,,,,,,white_medium_square,42,◻️,white medium square,Symbols,geometric
octopus,0.08421052631578947,0.6473684210526316,0.04736842105263158,0.03684210526315789,0.16842105263157894,0.015789473684210527,octopus,2344,🐙,octopus,Animals & Nature,animal-marine
woman_teacher_medium-light_skin_tone,,,,,,,woman_teacher_medium-light_skin_tone,9,👩🏼‍🏫,woman teacher: medium-light skin tone,People & Body,person-role
man_gesturing_NO_medium-dark_skin_tone,,,,,,,man_gesturing_NO_medium-dark_skin_tone,74,🙅🏾‍♂️,man gesturing NO: medium-dark skin tone,People & Body,person-gesture
potable_water,0.0,0.0,0.0,0.5,0.0,0.5,potable_water,12,🚰,potable water,Symbols,transport-sign
mate,0.07547169811320754,0.5324947589098532,0.10482180293501048,0.0880503144654088,0.0649895178197065,0.13417190775681342,mate,6,🧉,mate,Food & Drink,drink
woman_superhero_medium-light_skin_tone,,,,,,,woman_superhero_medium-light_skin_tone,12,🦸🏼‍♀️,woman superhero: medium-light skin tone,People & Body,person-fantasy
man_mage_light_skin_tone,0.0,1.0,0.0,0.0,0.0,0.0,man_mage_light_skin_tone,19,🧙🏻‍♂️,man mage: light skin tone,People & Body,person-fantasy
person_surfing_medium-light_skin_tone,,,,,,,person_surfing_medium-light_skin_tone,3,🏄🏼,person surfing: medium-light skin tone,People & Body,person-sport
woman_construction_worker_medium_skin_tone,,,,,,,woman_construction_worker_medium_skin_tone,3,👷🏽‍♀️,woman construction worker: medium skin tone,People & Body,person-role
page_with_curl,0.0,0.5,0.0,0.0,0.5,0.0,page_with_curl,25,📃,page with curl,Objects,book-paper
oncoming_police_car,0.16666666666666666,0.3333333333333333,0.08333333333333333,0.08333333333333333,0.3333333333333333,0.0,oncoming_police_car,74,🚔,oncoming police car,Travel & Places,transport-ground
dim_button,,,,,,,dim_button,7,🔅,dim button,Symbols,av-symbol
milky_way,0.0,0.8888888888888888,0.027777777777777776,0.05555555555555555,0.0,0.027777777777777776,milky_way,193,🌌,milky way,Travel & Places,sky & weather
hot_beverage,0.010067114093959731,0.8322147651006712,0.03691275167785235,0.040268456375838924,0.04697986577181208,0.03355704697986577,hot_beverage,6883,☕,hot beverage,Food & Drink,drink
sheaf_of_rice,0.0,0.7058823529411765,0.17647058823529413,0.058823529411764705,0.058823529411764705,0.0,sheaf_of_rice,99,🌾,sheaf of rice,Animals & Nature,plant-other
NEW_button,,,,,,,NEW_button,48,🆕,NEW button,Symbols,alphanum
hammer_and_pick,0.0,0.0,0.0,0.0,0.0,1.0,hammer_and_pick,15,⚒️,hammer and pick,Objects,tool
person_in_suit_levitating_medium-dark_skin_tone,,,,,,,person_in_suit_levitating_medium-dark_skin_tone,8,🕴🏾,person in suit levitating: medium-dark skin tone,People & Body,person-activity
right_anger_bubble,0.3333333333333333,0.6666666666666666,0.0,0.0,0.0,0.0,right_anger_bubble,151,🗯️,right anger bubble,Smileys & Emotion,emotion
man_getting_massage_medium_skin_tone,0.5,0.0,0.0,0.0,0.0,0.5,man_getting_massage_medium_skin_tone,15,💆🏽‍♂️,man getting massage: medium skin tone,People & Body,person-activity
green_book,0.0,1.0,0.0,0.0,0.0,0.0,green_book,34,📗,green book,Objects,book-paper
black_heart,0.02986857825567503,0.7694145758661888,0.052568697729988054,0.1003584229390681,0.017921146953405017,0.02986857825567503,black_heart,3755,🖤,black heart,Smileys & Emotion,emotion
folded_hands_dark_skin_tone,0.022727272727272728,0.5909090909090909,0.06818181818181818,0.045454545454545456,0.20454545454545456,0.06818181818181818,folded_hands_dark_skin_tone,638,🙏🏿,folded hands: dark skin tone,People & Body,hands
family_man_boy,0.0,0.75,0.0,0.0,0.25,0.0,family_man_boy,12,👨‍👦,"family: man, boy",People & Body,family
man_gesturing_OK_light_skin_tone,,,,,,,man_gesturing_OK_light_skin_tone,27,🙆🏻‍♂️,man gesturing OK: light skin tone,People & Body,person-gesture
last_quarter_moon,0.0,1.0,0.0,0.0,0.0,0.0,last_quarter_moon,20,🌗,last quarter moon,Travel & Places,sky & weather
avocado,0.019230769230769232,0.6057692307692307,0.057692307692307696,0.08653846153846154,0.14423076923076922,0.08653846153846154,avocado,129,🥑,avocado,Food & Drink,food-vegetable
baby,0.06391304347826086,0.4743478260869565,0.14565217391304347,0.13652173913043478,0.049130434782608694,0.13043478260869565,baby,156,👶,baby,People & Body,person
man_frowning,,,,,,,man_frowning,6,🙍‍♂️,man frowning,People & Body,person-gesture
horse_racing_medium-dark_skin_tone,,,,,,,horse_racing_medium-dark_skin_tone,1,🏇🏾,horse racing: medium-dark skin tone,People & Body,person-sport
woman_cartwheeling_medium-light_skin_tone,,,,,,,woman_cartwheeling_medium-light_skin_tone,12,🤸🏼‍♀️,woman cartwheeling: medium-light skin tone,People & Body,person-sport
television,0.056338028169014086,0.545774647887324,0.1073943661971831,0.1426056338028169,0.07394366197183098,0.07394366197183098,television,1537,📺,television,Objects,light & video
man_getting_haircut_medium-light_skin_tone,,,,,,,man_getting_haircut_medium-light_skin_tone,1,💇🏼‍♂️,man getting haircut: medium-light skin tone,People & Body,person-activity
women_wrestling,,,,,,,women_wrestling,11,🤼‍♀️,women wrestling,People & Body,person-sport
cooking,0.12655601659751037,0.4211618257261411,0.0995850622406639,0.17012448132780084,0.05394190871369295,0.12863070539419086,cooking,288,🍳,cooking,Food & Drink,food-prepared
white_circle,0.0,0.4444444444444444,0.2222222222222222,0.3333333333333333,0.0,0.0,white_circle,214,⚪,white circle,Symbols,geometric
woman_health_worker_medium_skin_tone,,,,,,,woman_health_worker_medium_skin_tone,12,👩🏽‍⚕️,woman health worker: medium skin tone,People & Body,person-role
Bhutan,,,,,,,Bhutan,1,🇧🇹,flag: Bhutan,Flags,country-flag
woman_frowning_medium-light_skin_tone,,,,,,,woman_frowning_medium-light_skin_tone,3,🙍🏼‍♀️,woman frowning: medium-light skin tone,People & Body,person-gesture
call_me_hand,0.018518518518518517,0.7407407407407407,0.07407407407407407,0.07407407407407407,0.05555555555555555,0.037037037037037035,call_me_hand,505,🤙,call me hand,People & Body,hand-fingers-partial
ten-thirty,,,,,,,ten-thirty,2,🕥,ten-thirty,Travel & Places,time
reverse_button,,,,,,,reverse_button,29,◀️,reverse button,Symbols,av-symbol
person_in_motorized_wheelchair,,,,,,,person_in_motorized_wheelchair,1,🧑‍🦼,person in motorized wheelchair,People & Body,person-activity
woman_gesturing_NO,,,,,,,woman_gesturing_NO,75,🙅‍♀️,woman gesturing NO,People & Body,person-gesture
Bolivia,,,,,,,Bolivia,5,🇧🇴,flag: Bolivia,Flags,country-flag
Ireland,,,,,,,Ireland,93,🇮🇪,flag: Ireland,Flags,country-flag
woman_scientist_medium-dark_skin_tone,,,,,,,woman_scientist_medium-dark_skin_tone,11,👩🏾‍🔬,woman scientist: medium-dark skin tone,People & Body,person-role
woman_bowing_light_skin_tone,0.0,0.2,0.2,0.0,0.6,0.0,woman_bowing_light_skin_tone,107,🙇🏻‍♀️,woman bowing: light skin tone,People & Body,person-gesture
down_arrow,0.0,0.7096774193548387,0.0,0.03225806451612903,0.25806451612903225,0.0,down_arrow,1769,⬇️,down arrow,Symbols,arrow
sign_of_the_horns_dark_skin_tone,,,,,,,sign_of_the_horns_dark_skin_tone,30,🤘🏿,sign of the horns: dark skin tone,People & Body,hand-fingers-partial
copyright,0.09154929577464789,0.38028169014084506,0.11267605633802817,0.19014084507042253,0.1056338028169014,0.11971830985915492,copyright,406,©️,copyright,Symbols,other-symbol
man_vampire_light_skin_tone,0.0,0.5,0.0,0.3333333333333333,0.0,0.16666666666666666,man_vampire_light_skin_tone,11,🧛🏻‍♂️,man vampire: light skin tone,People & Body,person-fantasy
woman_kneeling_medium-light_skin_tone,,,,,,,woman_kneeling_medium-light_skin_tone,2,🧎🏼‍♀️,woman kneeling: medium-light skin tone,People & Body,person-activity
honeybee,0.023622047244094488,0.6692913385826772,0.09448818897637795,0.047244094488188976,0.12598425196850394,0.03937007874015748,honeybee,1348,🐝,honeybee,Animals & Nature,animal-bug
Suriname,,,,,,,Suriname,3,🇸🇷,flag: Suriname,Flags,country-flag
hand_with_fingers_splayed_medium-light_skin_tone,,,,,,,hand_with_fingers_splayed_medium-light_skin_tone,42,🖐🏼,hand with fingers splayed: medium-light skin tone,People & Body,hand-fingers-open
Syria,,,,,,,Syria,6,🇸🇾,flag: Syria,Flags,country-flag
sad_but_relieved_face,0.08196721311475409,0.36363636363636365,0.3353204172876304,0.14008941877794337,0.05961251862891207,0.019374068554396422,sad_but_relieved_face,3990,😥,sad but relieved face,Smileys & Emotion,face-concerned
writing_hand_light_skin_tone,0.0,0.5,0.0,0.0,0.5,0.0,writing_hand_light_skin_tone,125,✍🏻,writing hand: light skin tone,People & Body,hand-prop
night_with_stars,0.07692307692307693,0.6923076923076923,0.0,0.0,0.23076923076923078,0.0,night_with_stars,114,🌃,night with stars,Travel & Places,place-other
ogre,0.10227272727272728,0.3181818181818182,0.03409090909090909,0.4772727272727273,0.0,0.06818181818181818,ogre,491,👹,ogre,Smileys & Emotion,face-costume
orangutan,0.3333333333333333,0.0,0.3333333333333333,0.3333333333333333,0.0,0.0,orangutan,27,🦧,orangutan,Animals & Nature,animal-mammal
man_judge_light_skin_tone,,,,,,,man_judge_light_skin_tone,1,👨🏻‍⚖️,man judge: light skin tone,People & Body,person-role
left_arrow_curving_right,,,,,,,left_arrow_curving_right,32,↪️,left arrow curving right,Symbols,arrow
confounded_face,0.13618677042801555,0.2529182879377432,0.1517509727626459,0.2607003891050584,0.058365758754863814,0.14007782101167315,confounded_face,2273,😖,confounded face,Smileys & Emotion,face-concerned
left-right_arrow,,,,,,,left-right_arrow,33,↔️,left-right arrow,Symbols,arrow
watch,0.07327437693809578,0.42994142643849775,0.10698288733203169,0.1687148271505685,0.05932008728609165,0.16176639485471458,watch,302,⌚,watch,Travel & Places,time
cricket_game,0.0,0.75,0.0,0.0,0.25,0.0,cricket_game,42,🏏,cricket game,Activities,sport
man_judge,0.0,0.0,0.0,0.0,0.0,1.0,man_judge,5,👨‍⚖️,man judge,People & Body,person-role
woman_elf_dark_skin_tone,,,,,,,woman_elf_dark_skin_tone,1,🧝🏿‍♀️,woman elf: dark skin tone,People & Body,person-fantasy
hot_pepper,0.04081632653061224,0.8163265306122449,0.0,0.10204081632653061,0.02040816326530612,0.02040816326530612,hot_pepper,537,🌶️,hot pepper,Food & Drink,food-vegetable
woman_rowing_boat,,,,,,,woman_rowing_boat,10,🚣‍♀️,woman rowing boat,People & Body,person-sport
firecracker,0.03571428571428571,0.5714285714285714,0.0,0.25,0.14285714285714285,0.0,firecracker,173,🧨,firecracker,Activities,event
family_man_woman_girl_boy,0.0,0.9444444444444444,0.0,0.05555555555555555,0.0,0.0,family_man_woman_girl_boy,68,👨‍👩‍👧‍👦,"family: man, woman, girl, boy",People & Body,family
Bulgaria,,,,,,,Bulgaria,10,🇧🇬,flag: Bulgaria,Flags,country-flag
woman_in_lotus_position_medium-light_skin_tone,,,,,,,woman_in_lotus_position_medium-light_skin_tone,8,🧘🏼‍♀️,woman in lotus position: medium-light skin tone,People & Body,person-resting
man_supervillain,0.0,1.0,0.0,0.0,0.0,0.0,man_supervillain,7,🦹‍♂️,man supervillain,People & Body,person-fantasy
woman_medium-dark_skin_tone_bald,,,,,,,woman_medium-dark_skin_tone_bald,2,👩🏾‍🦲,"woman: medium-dark skin tone, bald",People & Body,person
pensive_face,0.12329351535836178,0.40059726962457337,0.3267918088737201,0.08233788395904437,0.03455631399317406,0.032423208191126277,pensive_face,22537,😔,pensive face,Smileys & Emotion,face-sleepy
woman_golfing_light_skin_tone,,,,,,,woman_golfing_light_skin_tone,2,🏌🏻‍♀️,woman golfing: light skin tone,People & Body,person-sport
fast-forward_button,,,,,,,fast-forward_button,49,⏩,fast-forward button,Symbols,av-symbol
potted_plant,,,,,,,potted_plant,14,🪴,potted plant,Animals & Nature,plant-other
Latvia,,,,,,,Latvia,5,🇱🇻,flag: Latvia,Flags,country-flag
keycap_7,0.0,0.6666666666666666,0.0,0.0,0.3333333333333333,0.0,keycap_7,28,7️⃣,keycap: 7,Symbols,keycap
woman_swimming_medium-dark_skin_tone,,,,,,,woman_swimming_medium-dark_skin_tone,2,🏊🏾‍♀️,woman swimming: medium-dark skin tone,People & Body,person-sport
Venezuela,,,,,,,Venezuela,14,🇻🇪,flag: Venezuela,Flags,country-flag
woman_feeding_baby_light_skin_tone,,,,,,,woman_feeding_baby_light_skin_tone,2,👩🏻‍🍼,woman feeding baby: light skin tone,People & Body,person-role
woman_health_worker_dark_skin_tone,,,,,,,woman_health_worker_dark_skin_tone,1,👩🏿‍⚕️,woman health worker: dark skin tone,People & Body,person-role
telescope,0.07142857142857142,0.42857142857142855,0.21428571428571427,0.07142857142857142,0.14285714285714285,0.07142857142857142,telescope,38,🔭,telescope,Objects,science
tornado,0.0,0.2777777777777778,0.1111111111111111,0.2222222222222222,0.2222222222222222,0.16666666666666666,tornado,82,🌪️,tornado,Travel & Places,sky & weather
check_box_with_check,0.2,0.05,0.0,0.4,0.25,0.1,check_box_with_check,308,☑️,check box with check,Symbols,other-symbol
waving_hand_medium-dark_skin_tone,,,,,,,waving_hand_medium-dark_skin_tone,150,👋🏾,waving hand: medium-dark skin tone,People & Body,hand-fingers-open
plus,0.07877330126277811,0.45941070354780517,0.1238725195429946,0.13830426939266385,0.07155742633794347,0.1280817799158148,plus,105,➕,plus,Symbols,math
anatomical_heart,,,,,,,anatomical_heart,27,🫀,anatomical heart,People & Body,body-parts
input_latin_uppercase,,,,,,,input_latin_uppercase,2,🔠,input latin uppercase,Symbols,alphanum
flying_saucer,0.25,0.75,0.0,0.0,0.0,0.0,flying_saucer,98,🛸,flying saucer,Travel & Places,transport-air
recycling_symbol,0.0,0.8,0.0,0.0,0.2,0.0,recycling_symbol,367,♻️,recycling symbol,Symbols,other-symbol
woman_bald,,,,,,,woman_bald,6,👩‍🦲,woman: bald,People & Body,person
man_teacher_dark_skin_tone,,,,,,,man_teacher_dark_skin_tone,1,👨🏿‍🏫,man teacher: dark skin tone,People & Body,person-role
man_blond_hair,,,,,,,man_blond_hair,6,👱‍♂️,man: blond hair,People & Body,person
kiss,0.04878048780487805,0.6297117516629712,0.08425720620842572,0.07982261640798226,0.031042128603104215,0.12638580931263857,kiss,51,💏,kiss,People & Body,family
beaming_face_with_smiling_eyes,0.018321646686270076,0.6032571816331147,0.024202669079393804,0.059714996607102465,0.27256276860438816,0.02194073738973083,beaming_face_with_smiling_eyes,26419,😁,beaming face with smiling eyes,Smileys & Emotion,face-smiling
wedding,0.029487179487179487,0.6974358974358974,0.08333333333333333,0.08076923076923077,0.0782051282051282,0.03076923076923077,wedding,33,💒,wedding,Travel & Places,place-building
woman_scientist_dark_skin_tone,,,,,,,woman_scientist_dark_skin_tone,2,👩🏿‍🔬,woman scientist: dark skin tone,People & Body,person-role
child_medium-light_skin_tone,,,,,,,child_medium-light_skin_tone,3,🧒🏼,child: medium-light skin tone,People & Body,person
flexed_biceps_light_skin_tone,0.05405405405405406,0.5540540540540541,0.10810810810810811,0.14864864864864866,0.02702702702702703,0.10810810810810811,flexed_biceps_light_skin_tone,538,💪🏻,flexed biceps: light skin tone,People & Body,body-parts
hole,0.06864988558352403,0.26773455377574373,0.11212814645308924,0.18077803203661327,0.04576659038901602,0.32494279176201374,hole,107,🕳️,hole,Smileys & Emotion,emotion
herb,0.007751937984496124,0.751937984496124,0.05426356589147287,0.09302325581395349,0.031007751937984496,0.06201550387596899,herb,448,🌿,herb,Animals & Nature,plant-other
customs,0.07228915662650602,0.13253012048192772,0.1566265060240964,0.18072289156626506,0.3253012048192771,0.13253012048192772,customs,3,🛃,customs,Symbols,transport-sign
man_medium_skin_tone_bald,,,,,,,man_medium_skin_tone_bald,4,👨🏽‍🦲,"man: medium skin tone, bald",People & Body,person
man_office_worker_medium-light_skin_tone,,,,,,,man_office_worker_medium-light_skin_tone,3,👨🏼‍💼,man office worker: medium-light skin tone,People & Body,person-role
woman_golfing,,,,,,,woman_golfing,13,🏌️‍♀️,woman golfing,People & Body,person-sport
woman_health_worker_medium-light_skin_tone,,,,,,,woman_health_worker_medium-light_skin_tone,12,👩🏼‍⚕️,woman health worker: medium-light skin tone,People & Body,person-role
mechanic,0.03571428571428571,0.39285714285714285,0.10714285714285714,0.17857142857142858,0.14285714285714285,0.14285714285714285,mechanic,1,🧑‍🔧,mechanic,People & Body,person-role
thumbs_down_medium-dark_skin_tone,,,,,,,thumbs_down_medium-dark_skin_tone,839,👎🏾,thumbs down: medium-dark skin tone,People & Body,hand-fingers-closed
person_fencing,0.0,0.0,0.25,0.75,0.0,0.0,person_fencing,261,🤺,person fencing,People & Body,person-sport
bagel,0.08099688473520249,0.3613707165109034,0.17133956386292834,0.17757009345794392,0.04984423676012461,0.1588785046728972,bagel,207,🥯,bagel,Food & Drink,food-prepared
left-facing_fist_light_skin_tone,,,,,,,left-facing_fist_light_skin_tone,14,🤛🏻,left-facing fist: light skin tone,People & Body,hand-fingers-closed
alarm_clock,0.0,0.5238095238095238,0.19047619047619047,0.09523809523809523,0.09523809523809523,0.09523809523809523,alarm_clock,7648,⏰,alarm clock,Travel & Places,time
envelope,0.16049382716049382,0.25925925925925924,0.19753086419753085,0.1111111111111111,0.2345679012345679,0.037037037037037035,envelope,115,✉️,envelope,Objects,mail
nose_medium_skin_tone,,,,,,,nose_medium_skin_tone,2,👃🏽,nose: medium skin tone,People & Body,body-parts
mechanical_arm,0.0,0.6,0.0,0.4,0.0,0.0,mechanical_arm,66,🦾,mechanical arm,People & Body,body-parts
woman,0.1741753821399839,0.29565567176186647,0.14883346741753822,0.1850362027353178,0.04947707160096541,0.14682220434432824,woman,95,👩,woman,People & Body,person
shopping_cart,0.0625,0.6875,0.0625,0.0,0.1875,0.0,shopping_cart,9619,🛒,shopping cart,Objects,household
wind_chime,,,,,,,wind_chime,1,🎐,wind chime,Activities,event
croissant,0.0392156862745098,0.47058823529411764,0.21568627450980393,0.13725490196078433,0.058823529411764705,0.0784313725490196,croissant,105,🥐,croissant,Food & Drink,food-prepared
poultry_leg,0.030837004405286344,0.7136563876651982,0.06607929515418502,0.0881057268722467,0.06167400881057269,0.039647577092511016,poultry_leg,2087,🍗,poultry leg,Food & Drink,food-prepared
birthday_cake,0.0,0.9144144144144144,0.03153153153153153,0.018018018018018018,0.036036036036036036,0.0,birthday_cake,1320,🎂,birthday cake,Food & Drink,food-sweet
tooth,0.0873015873015873,0.3888888888888889,0.14285714285714285,0.15873015873015872,0.09523809523809523,0.12698412698412698,tooth,52,🦷,tooth,People & Body,body-parts
man_mechanic,0.0,0.75,0.25,0.0,0.0,0.0,man_mechanic,19,👨‍🔧,man mechanic,People & Body,person-role
smiling_cat_with_heart-eyes,,,,,,,smiling_cat_with_heart-eyes,1729,😻,smiling cat with heart-eyes,Smileys & Emotion,cat-face
girl,0.08790199081163859,0.4324655436447167,0.14119448698315468,0.155895865237366,0.054823889739663095,0.12771822358346094,girl,68,👧,girl,People & Body,person
selfie_medium-dark_skin_tone,,,,,,,selfie_medium-dark_skin_tone,8,🤳🏾,selfie: medium-dark skin tone,People & Body,hand-prop
banana,0.04285714285714286,0.55,0.14285714285714285,0.06428571428571428,0.07857142857142857,0.12142857142857143,banana,257,🍌,banana,Food & Drink,food-fruit
backhand_index_pointing_right,0.4531928084314941,0.42343459392436456,0.0365778053316801,0.03905765654060756,0.04215747055176689,0.005579665220086794,backhand_index_pointing_right,14446,👉,backhand index pointing right,People & Body,hand-single-finger
fried_shrimp,0.0,0.6875,0.0,0.0625,0.1875,0.0625,fried_shrimp,98,🍤,fried shrimp,Food & Drink,food-asian
woman_fairy_dark_skin_tone,0.0,1.0,0.0,0.0,0.0,0.0,woman_fairy_dark_skin_tone,3,🧚🏿‍♀️,woman fairy: dark skin tone,People & Body,person-fantasy
dove,0.1095890410958904,0.6575342465753424,0.0273972602739726,0.0547945205479452,0.0136986301369863,0.136986301369863,dove,265,🕊️,dove,Animals & Nature,animal-bird
waxing_crescent_moon,,,,,,,waxing_crescent_moon,26,🌒,waxing crescent moon,Travel & Places,sky & weather
nail_polish_medium-light_skin_tone,,,,,,,nail_polish_medium-light_skin_tone,141,💅🏼,nail polish: medium-light skin tone,People & Body,hand-prop
man_cook_medium-light_skin_tone,,,,,,,man_cook_medium-light_skin_tone,5,👨🏼‍🍳,man cook: medium-light skin tone,People & Body,person-role
man_with_white_cane_light_skin_tone,,,,,,,man_with_white_cane_light_skin_tone,4,👨🏻‍🦯,man with white cane: light skin tone,People & Body,person-activity
man_gesturing_OK,,,,,,,man_gesturing_OK,73,🙆‍♂️,man gesturing OK,People & Body,person-gesture
alien,0.08074534161490683,0.40993788819875776,0.08695652173913043,0.2701863354037267,0.062111801242236024,0.09006211180124224,alien,727,👽,alien,Smileys & Emotion,face-costume
custard,0.09615384615384616,0.6346153846153846,0.17307692307692307,0.038461538461538464,0.019230769230769232,0.038461538461538464,custard,34,🍮,custard,Food & Drink,food-sweet
woman_getting_haircut_medium-light_skin_tone,,,,,,,woman_getting_haircut_medium-light_skin_tone,5,💇🏼‍♀️,woman getting haircut: medium-light skin tone,People & Body,person-activity
thought_balloon,0.11538461538461539,0.5769230769230769,0.038461538461538464,0.23076923076923078,0.0,0.038461538461538464,thought_balloon,275,💭,thought balloon,Smileys & Emotion,emotion
weary_cat,,,,,,,weary_cat,358,🙀,weary cat,Smileys & Emotion,cat-face
skier,0.0,0.2,0.0,0.0,0.8,0.0,skier,21,⛷️,skier,People & Body,person-sport
woman_and_man_holding_hands_medium_skin_tone,,,,,,,woman_and_man_holding_hands_medium_skin_tone,2,👫🏽,woman and man holding hands: medium skin tone,People & Body,family
raised_hand_dark_skin_tone,0.0,0.5,0.0,0.0,0.5,0.0,raised_hand_dark_skin_tone,12,✋🏿,raised hand: dark skin tone,People & Body,hand-fingers-open
sweat_droplets,0.0,0.5274725274725275,0.0989010989010989,0.12087912087912088,0.054945054945054944,0.1978021978021978,sweat_droplets,964,💦,sweat droplets,Smileys & Emotion,emotion
studio_microphone,0.14285714285714285,0.42857142857142855,0.0,0.2857142857142857,0.0,0.14285714285714285,studio_microphone,151,🎙️,studio microphone,Objects,music
clown_face,0.10320284697508897,0.26334519572953735,0.12811387900355872,0.19572953736654805,0.05338078291814947,0.25622775800711745,clown_face,3171,🤡,clown face,Smileys & Emotion,face-costume
Malaysia,,,,,,,Malaysia,45,🇲🇾,flag: Malaysia,Flags,country-flag
man_juggling_medium-light_skin_tone,,,,,,,man_juggling_medium-light_skin_tone,1,🤹🏼‍♂️,man juggling: medium-light skin tone,People & Body,person-sport
spouting_whale,0.0625,0.5,0.1875,0.125,0.125,0.0,spouting_whale,64,🐳,spouting whale,Animals & Nature,animal-marine
man_mage,,,,,,,man_mage,59,🧙‍♂️,man mage,People & Body,person-fantasy
om,0.1,0.55,0.1,0.15,0.05,0.05,om,14,🕉️,om,Symbols,religion
person_bouncing_ball_dark_skin_tone,,,,,,,person_bouncing_ball_dark_skin_tone,1,⛹🏿,person bouncing ball: dark skin tone,People & Body,person-sport
man_in_manual_wheelchair_dark_skin_tone,,,,,,,man_in_manual_wheelchair_dark_skin_tone,1,👨🏿‍🦽,man in manual wheelchair: dark skin tone,People & Body,person-activity
grinning_face,0.012775842044134728,0.8532713898567557,0.023615950445218737,0.05420054200542006,0.04607046070460705,0.010065814943863724,grinning_face,24434,😀,grinning face,Smileys & Emotion,face-smiling
page_facing_up,0.0,0.0,1.0,0.0,0.0,0.0,page_facing_up,11,📄,page facing up,Objects,book-paper
globe_showing_Americas,,,,,,,globe_showing_Americas,11157,🌎,globe showing Americas,Travel & Places,place-map
oil_drum,,,,,,,oil_drum,6,🛢️,oil drum,Travel & Places,transport-ground
man_singer,0.0,0.5,0.0,0.0,0.5,0.0,man_singer,14,👨‍🎤,man singer,People & Body,person-role
first_quarter_moon,0.0,1.0,0.0,0.0,0.0,0.0,first_quarter_moon,27,🌓,first quarter moon,Travel & Places,sky & weather
sleeping_face,0.03614457831325301,0.26506024096385544,0.18072289156626506,0.15060240963855423,0.09036144578313253,0.27710843373493976,sleeping_face,1648,😴,sleeping face,Smileys & Emotion,face-sleepy
person_getting_massage_light_skin_tone,0.0,0.0,0.0,0.0,0.0,1.0,person_getting_massage_light_skin_tone,12,💆🏻,person getting massage: light skin tone,People & Body,person-activity
person_frowning_medium-light_skin_tone,,,,,,,person_frowning_medium-light_skin_tone,10,🙍🏼,person frowning: medium-light skin tone,People & Body,person-gesture
nut_and_bolt,,,,,,,nut_and_bolt,19,🔩,nut and bolt,Objects,tool
person_surfing_medium_skin_tone,,,,,,,person_surfing_medium_skin_tone,1,🏄🏽,person surfing: medium skin tone,People & Body,person-sport
student,0.05779334500875657,0.36427320490367776,0.17162872154115585,0.30122591943957966,0.0595446584938704,0.04553415061295972,student,1,🧑‍🎓,student,People & Body,person-role
cloud_with_lightning_and_rain,0.0,0.5714285714285714,0.0,0.14285714285714285,0.0,0.2857142857142857,cloud_with_lightning_and_rain,55,⛈️,cloud with lightning and rain,Travel & Places,sky & weather
red_triangle_pointed_down,,,,,,,red_triangle_pointed_down,19,🔻,red triangle pointed down,Symbols,geometric
dagger,0.07692307692307693,0.2692307692307692,0.23076923076923078,0.3076923076923077,0.038461538461538464,0.07692307692307693,dagger,153,🗡️,dagger,Objects,tool
Singapore,,,,,,,Singapore,22,🇸🇬,flag: Singapore,Flags,country-flag
orthodox_cross,,,,,,,orthodox_cross,5,☦️,orthodox cross,Symbols,religion
monorail,0.0,1.0,0.0,0.0,0.0,0.0,monorail,7,🚝,monorail,Travel & Places,transport-ground
foot_dark_skin_tone,,,,,,,foot_dark_skin_tone,2,🦶🏿,foot: dark skin tone,People & Body,body-parts
Japanese_open_for_business_button,,,,,,,Japanese_open_for_business_button,1,🈺,Japanese “open for business” button,Symbols,alphanum
man_mountain_biking,,,,,,,man_mountain_biking,1,🚵‍♂️,man mountain biking,People & Body,person-sport
high-heeled_shoe,,,,,,,high-heeled_shoe,206,👠,high-heeled shoe,Objects,clothing
exclamation_question_mark,,,,,,,exclamation_question_mark,865,⁉️,exclamation question mark,Symbols,punctuation
Senegal,,,,,,,Senegal,6,🇸🇳,flag: Senegal,Flags,country-flag
spade_suit,0.0,0.75,0.0,0.25,0.0,0.0,spade_suit,40,♠️,spade suit,Activities,game
electric_plug,0.0,0.625,0.125,0.0,0.0,0.25,electric_plug,144,🔌,electric plug,Objects,computer
selfie_dark_skin_tone,,,,,,,selfie_dark_skin_tone,1,🤳🏿,selfie: dark skin tone,People & Body,hand-prop
person_with_veil_medium-light_skin_tone,,,,,,,person_with_veil_medium-light_skin_tone,26,👰🏼,person with veil: medium-light skin tone,People & Body,person-role
Samoa,,,,,,,Samoa,7,🇼🇸,flag: Samoa,Flags,country-flag
person_pouting_medium-light_skin_tone,,,,,,,person_pouting_medium-light_skin_tone,4,🙎🏼,person pouting: medium-light skin tone,People & Body,person-gesture
pickup_truck,,,,,,,pickup_truck,9,🛻,pickup truck,Travel & Places,transport-ground
woman_medium_skin_tone,0.0,1.0,0.0,0.0,0.0,0.0,woman_medium_skin_tone,13,👩🏽,woman: medium skin tone,People & Body,person
1st_place_medal,0.0,0.9032258064516129,0.06451612903225806,0.03225806451612903,0.0,0.0,1st_place_medal,302,🥇,1st place medal,Activities,award-medal
woman_dancing_medium-dark_skin_tone,,,,,,,woman_dancing_medium-dark_skin_tone,213,💃🏾,woman dancing: medium-dark skin tone,People & Body,person-activity
tear-off_calendar,,,,,,,tear-off_calendar,28,📆,tear-off calendar,Objects,office
person_with_veil_light_skin_tone,,,,,,,person_with_veil_light_skin_tone,24,👰🏻,person with veil: light skin tone,People & Body,person-role
Botswana,,,,,,,Botswana,8,🇧🇼,flag: Botswana,Flags,country-flag
cloud_with_rain,0.07142857142857142,0.7142857142857143,0.14285714285714285,0.0,0.0,0.07142857142857142,cloud_with_rain,154,🌧️,cloud with rain,Travel & Places,sky & weather
Ukraine,,,,,,,Ukraine,70,🇺🇦,flag: Ukraine,Flags,country-flag
woman_supervillain_light_skin_tone,,,,,,,woman_supervillain_light_skin_tone,3,🦹🏻‍♀️,woman supervillain: light skin tone,People & Body,person-fantasy
candy,0.09090909090909091,0.5930735930735931,0.0735930735930736,0.11688311688311688,0.030303030303030304,0.09523809523809523,candy,224,🍬,candy,Food & Drink,food-sweet
yellow_circle,0.038461538461538464,0.15384615384615385,0.7307692307692307,0.07692307692307693,0.0,0.0,yellow_circle,66,🟡,yellow circle,Symbols,geometric
slightly_smiling_face,0.04055944055944056,0.8046620046620047,0.03776223776223776,0.04242424242424243,0.05407925407925408,0.020512820512820513,slightly_smiling_face,22957,🙂,slightly smiling face,Smileys & Emotion,face-smiling
yellow_heart,0.018439716312056736,0.8773049645390071,0.04113475177304964,0.02056737588652482,0.03475177304964539,0.007801418439716312,yellow_heart,6480,💛,yellow heart,Smileys & Emotion,emotion
magnet,0.0,0.3,0.2,0.5,0.0,0.0,magnet,8,🧲,magnet,Objects,tool
woman_in_steamy_room_light_skin_tone,,,,,,,woman_in_steamy_room_light_skin_tone,3,🧖🏻‍♀️,woman in steamy room: light skin tone,People & Body,person-activity
raising_hands_light_skin_tone,0.04522613065326633,0.7286432160804021,0.05778894472361809,0.06030150753768844,0.08040201005025126,0.02763819095477387,raising_hands_light_skin_tone,2736,🙌🏻,raising hands: light skin tone,People & Body,hands
South_Korea,,,,,,,South_Korea,149,🇰🇷,flag: South Korea,Flags,country-flag
Uruguay,,,,,,,Uruguay,8,🇺🇾,flag: Uruguay,Flags,country-flag
construction_worker_medium-light_skin_tone,,,,,,,construction_worker_medium-light_skin_tone,2,👷🏼,construction worker: medium-light skin tone,People & Body,person-role
woman_bouncing_ball,,,,,,,woman_bouncing_ball,9,⛹️‍♀️,woman bouncing ball,People & Body,person-sport
manual_wheelchair,,,,,,,manual_wheelchair,1,🦽,manual wheelchair,Travel & Places,transport-ground
backhand_index_pointing_up_medium-light_skin_tone,,,,,,,backhand_index_pointing_up_medium-light_skin_tone,94,👆🏼,backhand index pointing up: medium-light skin tone,People & Body,hand-single-finger
Sudan,,,,,,,Sudan,60,🇸🇩,flag: Sudan,Flags,country-flag
woman_running_light_skin_tone,1.0,0.0,0.0,0.0,0.0,0.0,woman_running_light_skin_tone,84,🏃🏻‍♀️,woman running: light skin tone,People & Body,person-activity
play_button,0.0,0.6666666666666666,0.3333333333333333,0.0,0.0,0.0,play_button,398,▶️,play button,Symbols,av-symbol
woman_superhero_medium_skin_tone,,,,,,,woman_superhero_medium_skin_tone,9,🦸🏽‍♀️,woman superhero: medium skin tone,People & Body,person-fantasy
cross_mark_button,0.0,0.0,0.0,0.0,0.0,1.0,cross_mark_button,52,❎,cross mark button,Symbols,other-symbol
sneezing_face,0.09014084507042254,0.5070422535211268,0.13802816901408452,0.1352112676056338,0.02535211267605634,0.10422535211267606,sneezing_face,2996,🤧,sneezing face,Smileys & Emotion,face-unwell
detective_medium-light_skin_tone,,,,,,,detective_medium-light_skin_tone,6,🕵🏼,detective: medium-light skin tone,People & Body,person-role
woman_pilot_medium-light_skin_tone,,,,,,,woman_pilot_medium-light_skin_tone,1,👩🏼‍✈️,woman pilot: medium-light skin tone,People & Body,person-role
right-facing_fist_medium_skin_tone,,,,,,,right-facing_fist_medium_skin_tone,20,🤜🏽,right-facing fist: medium skin tone,People & Body,hand-fingers-closed
diving_mask,0.0,1.0,0.0,0.0,0.0,0.0,diving_mask,3,🤿,diving mask,Activities,sport
books,0.02834008097165992,0.6204453441295547,0.06174089068825911,0.1417004048582996,0.1062753036437247,0.04149797570850203,books,410,📚,books,Objects,book-paper
woman_feeding_baby,,,,,,,woman_feeding_baby,1,👩‍🍼,woman feeding baby,People & Body,person-role
person_golfing_medium-dark_skin_tone,,,,,,,person_golfing_medium-dark_skin_tone,1,🏌🏾,person golfing: medium-dark skin tone,People & Body,person-sport
leafy_green,0.125,0.75,0.0,0.0,0.0,0.125,leafy_green,93,🥬,leafy green,Food & Drink,food-vegetable
floppy_disk,0.0,0.3333333333333333,0.0,0.3333333333333333,0.0,0.3333333333333333,floppy_disk,56,💾,floppy disk,Objects,computer
flashlight,0.16666666666666666,0.0,0.16666666666666666,0.5,0.0,0.16666666666666666,flashlight,91,🔦,flashlight,Objects,light & video
left_speech_bubble,,,,,,,left_speech_bubble,7,🗨️,left speech bubble,Smileys & Emotion,emotion
person_pouting_medium-dark_skin_tone,,,,,,,person_pouting_medium-dark_skin_tone,1,🙎🏾,person pouting: medium-dark skin tone,People & Body,person-gesture
stuffed_flatbread,0.0,1.0,0.0,0.0,0.0,0.0,stuffed_flatbread,28,🥙,stuffed flatbread,Food & Drink,food-prepared
raised_fist_medium-dark_skin_tone,,,,,,,raised_fist_medium-dark_skin_tone,769,✊🏾,raised fist: medium-dark skin tone,People & Body,hand-fingers-closed
woman_dark_skin_tone_red_hair,,,,,,,woman_dark_skin_tone_red_hair,1,👩🏿‍🦰,"woman: dark skin tone, red hair",People & Body,person
Egypt,,,,,,,Egypt,301,🇪🇬,flag: Egypt,Flags,country-flag
unamused_face,0.14492753623188406,0.18399495904221802,0.12350346565847511,0.17580340264650285,0.057971014492753624,0.31379962192816635,unamused_face,14224,😒,unamused face,Smileys & Emotion,face-neutral-skeptical
person_mountain_biking,,,,,,,person_mountain_biking,5,🚵,person mountain biking,People & Body,person-sport
kissing_face,0.04081632653061224,0.7959183673469388,0.07142857142857142,0.02040816326530612,0.05102040816326531,0.02040816326530612,kissing_face,705,😗,kissing face,Smileys & Emotion,face-affection
eye_in_speech_bubble,0.0,0.5,0.5,0.0,0.0,0.0,eye_in_speech_bubble,22,👁️‍🗨️,eye in speech bubble,Smileys & Emotion,emotion
cherries,0.0380952380952381,0.780952380952381,0.047619047619047616,0.0761904761904762,0.0380952380952381,0.01904761904761905,cherries,706,🍒,cherries,Food & Drink,food-fruit
woman_medium-dark_skin_tone_blond_hair,,,,,,,woman_medium-dark_skin_tone_blond_hair,3,👱🏾‍♀️,"woman: medium-dark skin tone, blond hair",People & Body,person
merman_medium-dark_skin_tone,,,,,,,merman_medium-dark_skin_tone,1,🧜🏾‍♂️,merman: medium-dark skin tone,People & Body,person-fantasy
pinched_fingers_medium-dark_skin_tone,,,,,,,pinched_fingers_medium-dark_skin_tone,21,🤌🏾,pinched fingers: medium-dark skin tone,People & Body,hand-fingers-partial
man_dancing_medium-dark_skin_tone,,,,,,,man_dancing_medium-dark_skin_tone,60,🕺🏾,man dancing: medium-dark skin tone,People & Body,person-activity
roller_coaster,0.0,0.7777777777777778,0.0,0.1111111111111111,0.1111111111111111,0.0,roller_coaster,60,🎢,roller coaster,Travel & Places,place-other
penguin,0.05357142857142857,0.6785714285714286,0.07142857142857142,0.125,0.07142857142857142,0.0,penguin,361,🐧,penguin,Animals & Nature,animal-bird
burrito,0.08187134502923976,0.4152046783625731,0.11695906432748537,0.1695906432748538,0.11695906432748537,0.09941520467836257,burrito,186,🌯,burrito,Food & Drink,food-prepared
man_swimming_light_skin_tone,0.0,1.0,0.0,0.0,0.0,0.0,man_swimming_light_skin_tone,5,🏊🏻‍♂️,man swimming: light skin tone,People & Body,person-sport
pie,0.04995102840352596,0.6317335945151812,0.0910871694417238,0.07933398628795299,0.07737512242899118,0.07051909892262488,pie,631,🥧,pie,Food & Drink,food-sweet
OK_hand_medium-dark_skin_tone,,,,,,,OK_hand_medium-dark_skin_tone,1118,👌🏾,OK hand: medium-dark skin tone,People & Body,hand-fingers-partial
pinched_fingers_medium_skin_tone,,,,,,,pinched_fingers_medium_skin_tone,41,🤌🏽,pinched fingers: medium skin tone,People & Body,hand-fingers-partial
strawberry,0.04922279792746114,0.582901554404145,0.14248704663212436,0.09585492227979274,0.06217616580310881,0.06735751295336788,strawberry,489,🍓,strawberry,Food & Drink,food-fruit
foot,0.172,0.244,0.136,0.232,0.064,0.152,foot,40,🦶,foot,People & Body,body-parts
Malawi,,,,,,,Malawi,3,🇲🇼,flag: Malawi,Flags,country-flag
family_woman_boy_boy,,,,,,,family_woman_boy_boy,2,👩‍👦‍👦,"family: woman, boy, boy",People & Body,family
man_pilot,,,,,,,man_pilot,7,👨‍✈️,man pilot,People & Body,person-role
grapes,0.07894736842105263,0.5,0.11842105263157894,0.13157894736842105,0.10526315789473684,0.06578947368421052,grapes,173,🍇,grapes,Food & Drink,food-fruit
Finland,,,,,,,Finland,30,🇫🇮,flag: Finland,Flags,country-flag
writing_hand_medium-dark_skin_tone,,,,,,,writing_hand_medium-dark_skin_tone,28,✍🏾,writing hand: medium-dark skin tone,People & Body,hand-prop
sun_with_face,0.014598540145985401,0.8686131386861314,0.021897810218978103,0.021897810218978103,0.06569343065693431,0.0072992700729927005,sun_with_face,1150,🌞,sun with face,Travel & Places,sky & weather
person_gesturing_OK_dark_skin_tone,,,,,,,person_gesturing_OK_dark_skin_tone,1,🙆🏿,person gesturing OK: dark skin tone,People & Body,person-gesture
pile_of_poo,0.10944527736131934,0.10944527736131934,0.095952023988006,0.13193403298350825,0.025487256371814093,0.527736131934033,pile_of_poo,3995,💩,pile of poo,Smileys & Emotion,face-costume
Pakistan,,,,,,,Pakistan,406,🇵🇰,flag: Pakistan,Flags,country-flag
horse_face,0.0,0.6071428571428571,0.03571428571428571,0.25,0.03571428571428571,0.07142857142857142,horse_face,140,🐴,horse face,Animals & Nature,animal-mammal
man_standing,,,,,,,man_standing,31,🧍‍♂️,man standing,People & Body,person-activity
falafel,0.0,0.8,0.2,0.0,0.0,0.0,falafel,4,🧆,falafel,Food & Drink,food-prepared
bookmark_tabs,0.0,1.0,0.0,0.0,0.0,0.0,bookmark_tabs,8,📑,bookmark tabs,Objects,book-paper
France,,,,,,,France,497,🇫🇷,flag: France,Flags,country-flag
butter,0.0774487471526196,0.6400911161731208,0.0683371298405467,0.07972665148063782,0.06378132118451026,0.07061503416856492,butter,851,🧈,butter,Food & Drink,food-prepared
woman_in_manual_wheelchair_dark_skin_tone,,,,,,,woman_in_manual_wheelchair_dark_skin_tone,1,👩🏿‍🦽,woman in manual wheelchair: dark skin tone,People & Body,person-activity
snowflake,0.10714285714285714,0.4017857142857143,0.08928571428571429,0.17857142857142858,0.044642857142857144,0.17857142857142858,snowflake,1195,❄️,snowflake,Travel & Places,sky & weather
green_salad,0.047619047619047616,0.7619047619047619,0.0,0.0,0.14285714285714285,0.047619047619047616,green_salad,227,🥗,green salad,Food & Drink,food-prepared
suspension_railway,,,,,,,suspension_railway,1,🚟,suspension railway,Travel & Places,transport-air
right-facing_fist,,,,,,,right-facing_fist,129,🤜,right-facing fist,People & Body,hand-fingers-closed
female_sign,,,,,,,female_sign,240,♀️,female sign,Symbols,gender
down-right_arrow,,,,,,,down-right_arrow,41,↘️,down-right arrow,Symbols,arrow
woman_police_officer_dark_skin_tone,,,,,,,woman_police_officer_dark_skin_tone,2,👮🏿‍♀️,woman police officer: dark skin tone,People & Body,person-role
performing_arts,0.03571428571428571,0.75,0.10714285714285714,0.0,0.07142857142857142,0.03571428571428571,performing_arts,122,🎭,performing arts,Activities,arts & crafts
prince_light_skin_tone,0.0,0.8,0.0,0.0,0.2,0.0,prince_light_skin_tone,52,🤴🏻,prince: light skin tone,People & Body,person-role
index_pointing_up_dark_skin_tone,0.0,1.0,0.0,0.0,0.0,0.0,index_pointing_up_dark_skin_tone,11,☝🏿,index pointing up: dark skin tone,People & Body,hand-single-finger
South_Africa,,,,,,,South_Africa,416,🇿🇦,flag: South Africa,Flags,country-flag
woman_with_veil_medium_skin_tone,,,,,,,woman_with_veil_medium_skin_tone,1,👰🏽‍♀️,woman with veil: medium skin tone,People & Body,person-role
unlocked,0.08235294117647059,0.4588235294117647,0.10588235294117647,0.1411764705882353,0.12941176470588237,0.08235294117647059,unlocked,47,🔓,unlocked,Objects,lock
girl_medium_skin_tone,0.0,0.75,0.25,0.0,0.0,0.0,girl_medium_skin_tone,14,👧🏽,girl: medium skin tone,People & Body,person
man_mechanic_dark_skin_tone,,,,,,,man_mechanic_dark_skin_tone,9,👨🏿‍🔧,man mechanic: dark skin tone,People & Body,person-role
postbox,0.0,0.8333333333333334,0.0,0.0,0.16666666666666666,0.0,postbox,10,📮,postbox,Objects,mail
kiss_man_man,0.0,0.75,0.25,0.0,0.0,0.0,kiss_man_man,11,👨‍❤️‍💋‍👨,"kiss: man, man",People & Body,family
man_getting_haircut_light_skin_tone,,,,,,,man_getting_haircut_light_skin_tone,2,💇🏻‍♂️,man getting haircut: light skin tone,People & Body,person-activity
deaf_person_medium_skin_tone,,,,,,,deaf_person_medium_skin_tone,1,🧏🏽,deaf person: medium skin tone,People & Body,person-gesture
man_pilot_dark_skin_tone,0.0,1.0,0.0,0.0,0.0,0.0,man_pilot_dark_skin_tone,8,👨🏿‍✈️,man pilot: dark skin tone,People & Body,person-role
right_arrow_curving_down,0.5,0.5,0.0,0.0,0.0,0.0,right_arrow_curving_down,177,⤵️,right arrow curving down,Symbols,arrow
person_walking_dark_skin_tone,,,,,,,person_walking_dark_skin_tone,7,🚶🏿,person walking: dark skin tone,People & Body,person-activity
speedboat,0.0,0.5,0.25,0.25,0.0,0.0,speedboat,13,🚤,speedboat,Travel & Places,transport-water
fast_up_button,,,,,,,fast_up_button,4,⏫,fast up button,Symbols,av-symbol
Mozambique,,,,,,,Mozambique,2,🇲🇿,flag: Mozambique,Flags,country-flag
family_man_woman_girl_girl,0.0,1.0,0.0,0.0,0.0,0.0,family_man_woman_girl_girl,23,👨‍👩‍👧‍👧,"family: man, woman, girl, girl",People & Body,family
person_in_lotus_position,0.0,1.0,0.0,0.0,0.0,0.0,person_in_lotus_position,15,🧘,person in lotus position,People & Body,person-resting
Luxembourg,,,,,,,Luxembourg,8,🇱🇺,flag: Luxembourg,Flags,country-flag
man_surfing_light_skin_tone,,,,,,,man_surfing_light_skin_tone,4,🏄🏻‍♂️,man surfing: light skin tone,People & Body,person-sport
shorts,0.03225806451612903,0.432258064516129,0.2064516129032258,0.17419354838709677,0.05161290322580645,0.1032258064516129,shorts,3,🩳,shorts,Objects,clothing
man_police_officer_medium-light_skin_tone,,,,,,,man_police_officer_medium-light_skin_tone,2,👮🏼‍♂️,man police officer: medium-light skin tone,People & Body,person-role
writing_hand_medium-light_skin_tone,,,,,,,writing_hand_medium-light_skin_tone,17,✍🏼,writing hand: medium-light skin tone,People & Body,hand-prop
Sagittarius,,,,,,,Sagittarius,9,♐,Sagittarius,Symbols,zodiac
woman_singer,0.0,1.0,0.0,0.0,0.0,0.0,woman_singer,23,👩‍🎤,woman singer,People & Body,person-role
shower,0.0410958904109589,0.3561643835616438,0.0684931506849315,0.1095890410958904,0.11643835616438356,0.3082191780821918,shower,44,🚿,shower,Objects,household
woman_guard,,,,,,,woman_guard,4,💂‍♀️,woman guard,People & Body,person-role
woman_bowing_medium-dark_skin_tone,,,,,,,woman_bowing_medium-dark_skin_tone,26,🙇🏾‍♀️,woman bowing: medium-dark skin tone,People & Body,person-gesture
person_shrugging_medium-light_skin_tone,,,,,,,person_shrugging_medium-light_skin_tone,28,🤷🏼,person shrugging: medium-light skin tone,People & Body,person-gesture
raised_hand,0.13592233009708737,0.6019417475728155,0.038834951456310676,0.05825242718446602,0.04854368932038835,0.11650485436893204,raised_hand,1664,✋,raised hand,People & Body,hand-fingers-open
rainbow_flag,0.0,1.0,0.0,0.0,0.0,0.0,rainbow_flag,937,🏳️‍🌈,rainbow flag,Flags,flag
spaghetti,0.03636363636363636,0.509090909090909,0.01818181818181818,0.14545454545454545,0.0,0.2909090909090909,spaghetti,112,🍝,spaghetti,Food & Drink,food-asian
woman_mechanic_light_skin_tone,,,,,,,woman_mechanic_light_skin_tone,1,👩🏻‍🔧,woman mechanic: light skin tone,People & Body,person-role
battery,0.032509752925877766,0.34070221066319895,0.21586475942782835,0.17425227568270482,0.11443433029908973,0.1222366710013004,battery,221,🔋,battery,Objects,computer
keycap_10,,,,,,,keycap_10,25,🔟,keycap: 10,Symbols,keycap
family_woman_woman_girl_boy,0.0,1.0,0.0,0.0,0.0,0.0,family_woman_woman_girl_boy,3,👩‍👩‍👧‍👦,"family: woman, woman, girl, boy",People & Body,family
man_vampire_medium-light_skin_tone,,,,,,,man_vampire_medium-light_skin_tone,10,🧛🏼‍♂️,man vampire: medium-light skin tone,People & Body,person-fantasy
person_golfing_medium_skin_tone,,,,,,,person_golfing_medium_skin_tone,1,🏌🏽,person golfing: medium skin tone,People & Body,person-sport
man_lifting_weights_dark_skin_tone,0.0,0.0,0.0,1.0,0.0,0.0,man_lifting_weights_dark_skin_tone,3,🏋🏿‍♂️,man lifting weights: dark skin tone,People & Body,person-sport
woman_facepalming_medium-light_skin_tone,,,,,,,woman_facepalming_medium-light_skin_tone,1094,🤦🏼‍♀️,woman facepalming: medium-light skin tone,People & Body,person-gesture
backhand_index_pointing_right_light_skin_tone,0.10344827586206896,0.4482758620689655,0.06896551724137931,0.13793103448275862,0.10344827586206896,0.13793103448275862,backhand_index_pointing_right_light_skin_tone,699,👉🏻,backhand index pointing right: light skin tone,People & Body,hand-single-finger
person_pouting,0.0,0.25,0.25,0.25,0.0,0.25,person_pouting,8,🙎,person pouting,People & Body,person-gesture
girl_medium-dark_skin_tone,,,,,,,girl_medium-dark_skin_tone,4,👧🏾,girl: medium-dark skin tone,People & Body,person
person_feeding_baby,,,,,,,person_feeding_baby,1,🧑‍🍼,person feeding baby,People & Body,person-role
llama,0.3076923076923077,0.5384615384615384,0.07692307692307693,0.0,0.0,0.07692307692307693,llama,11,🦙,llama,Animals & Nature,animal-mammal
woman_running_medium-light_skin_tone,,,,,,,woman_running_medium-light_skin_tone,35,🏃🏼‍♀️,woman running: medium-light skin tone,People & Body,person-activity
moon_viewing_ceremony,,,,,,,moon_viewing_ceremony,5,🎑,moon viewing ceremony,Activities,event
downcast_face_with_sweat,0.09215017064846416,0.3242320819112628,0.26621160409556316,0.20477815699658702,0.04778156996587031,0.06484641638225255,downcast_face_with_sweat,2468,😓,downcast face with sweat,Smileys & Emotion,face-concerned
man_technologist,0.42857142857142855,0.2857142857142857,0.0,0.14285714285714285,0.14285714285714285,0.0,man_technologist,66,👨‍💻,man technologist,People & Body,person-role
woman_teacher_light_skin_tone,0.0,0.5,0.0,0.0,0.5,0.0,woman_teacher_light_skin_tone,15,👩🏻‍🏫,woman teacher: light skin tone,People & Body,person-role
Albania,,,,,,,Albania,8,🇦🇱,flag: Albania,Flags,country-flag
sponge,0.0625,0.546875,0.125,0.078125,0.046875,0.140625,sponge,31,🧽,sponge,Objects,household
selfie_light_skin_tone,0.0,1.0,0.0,0.0,0.0,0.0,selfie_light_skin_tone,10,🤳🏻,selfie: light skin tone,People & Body,hand-prop
diamond_suit,0.0,1.0,0.0,0.0,0.0,0.0,diamond_suit,64,♦️,diamond suit,Activities,game
person_running_light_skin_tone,0.0,1.0,0.0,0.0,0.0,0.0,person_running_light_skin_tone,24,🏃🏻,person running: light skin tone,People & Body,person-activity
motorized_wheelchair,,,,,,,motorized_wheelchair,1,🦼,motorized wheelchair,Travel & Places,transport-ground
notebook_with_decorative_cover,0.0,0.9411764705882353,0.0,0.058823529411764705,0.0,0.0,notebook_with_decorative_cover,26,📔,notebook with decorative cover,Objects,book-paper
Colombia,,,,,,,Colombia,61,🇨🇴,flag: Colombia,Flags,country-flag
diya_lamp,,,,,,,diya_lamp,7,🪔,diya lamp,Objects,light & video
lady_beetle,0.0,0.7222222222222222,0.0,0.1111111111111111,0.16666666666666666,0.0,lady_beetle,54,🐞,lady beetle,Animals & Nature,animal-bug
woman_superhero,0.0,0.6666666666666666,0.0,0.0,0.3333333333333333,0.0,woman_superhero,36,🦸‍♀️,woman superhero,People & Body,person-fantasy
radio_button,0.0,0.2,0.0,0.6,0.0,0.2,radio_button,105,🔘,radio button,Symbols,geometric
raised_back_of_hand_medium-dark_skin_tone,,,,,,,raised_back_of_hand_medium-dark_skin_tone,34,🤚🏾,raised back of hand: medium-dark skin tone,People & Body,hand-fingers-open
Honduras,,,,,,,Honduras,10,🇭🇳,flag: Honduras,Flags,country-flag
man_surfing_dark_skin_tone,,,,,,,man_surfing_dark_skin_tone,1,🏄🏿‍♂️,man surfing: dark skin tone,People & Body,person-sport
woman_mage,,,,,,,woman_mage,64,🧙‍♀️,woman mage,People & Body,person-fantasy
man_artist_medium-dark_skin_tone,,,,,,,man_artist_medium-dark_skin_tone,1,👨🏾‍🎨,man artist: medium-dark skin tone,People & Body,person-role
person_in_tuxedo_medium-dark_skin_tone,,,,,,,person_in_tuxedo_medium-dark_skin_tone,3,🤵🏾,person in tuxedo: medium-dark skin tone,People & Body,person-role
Gemini,,,,,,,Gemini,18,♊,Gemini,Symbols,zodiac
man_in_tuxedo_medium-dark_skin_tone,,,,,,,man_in_tuxedo_medium-dark_skin_tone,1,🤵🏾‍♂️,man in tuxedo: medium-dark skin tone,People & Body,person-role
male_sign,,,,,,,male_sign,17,♂️,male sign,Symbols,gender
man_pouting_light_skin_tone,,,,,,,man_pouting_light_skin_tone,4,🙎🏻‍♂️,man pouting: light skin tone,People & Body,person-gesture
ON!_arrow,,,,,,,ON!_arrow,45,🔛,ON! arrow,Symbols,arrow
basket,0.06470588235294118,0.3235294117647059,0.1588235294117647,0.23529411764705882,0.16470588235294117,0.052941176470588235,basket,24,🧺,basket,Objects,household
lotion_bottle,,,,,,,lotion_bottle,15,🧴,lotion bottle,Objects,household
man_student_dark_skin_tone,,,,,,,man_student_dark_skin_tone,2,👨🏿‍🎓,man student: dark skin tone,People & Body,person-role
princess_medium-light_skin_tone,,,,,,,princess_medium-light_skin_tone,91,👸🏼,princess: medium-light skin tone,People & Body,person-role
hiking_boot,0.0,0.8333333333333334,0.0,0.0,0.0,0.16666666666666666,hiking_boot,34,🥾,hiking boot,Objects,clothing
sun_behind_rain_cloud,,,,,,,sun_behind_rain_cloud,15,🌦️,sun behind rain cloud,Travel & Places,sky & weather
Anguilla,,,,,,,Anguilla,2,🇦🇮,flag: Anguilla,Flags,country-flag
key,0.09735449735449736,0.4634920634920635,0.11428571428571428,0.11851851851851852,0.1312169312169312,0.07513227513227513,key,275,🔑,key,Objects,lock
volcano,0.11764705882352941,0.29411764705882354,0.029411764705882353,0.17647058823529413,0.2647058823529412,0.11764705882352941,volcano,63,🌋,volcano,Travel & Places,place-geographic
man_shrugging_medium-dark_skin_tone,,,,,,,man_shrugging_medium-dark_skin_tone,1268,🤷🏾‍♂️,man shrugging: medium-dark skin tone,People & Body,person-gesture
person_lifting_weights_medium-dark_skin_tone,,,,,,,person_lifting_weights_medium-dark_skin_tone,2,🏋🏾,person lifting weights: medium-dark skin tone,People & Body,person-sport
Namibia,,,,,,,Namibia,7,🇳🇦,flag: Namibia,Flags,country-flag
crossed_fingers_medium-light_skin_tone,,,,,,,crossed_fingers_medium-light_skin_tone,1331,🤞🏼,crossed fingers: medium-light skin tone,People & Body,hand-fingers-partial
bellhop_bell,0.0,1.0,0.0,0.0,0.0,0.0,bellhop_bell,20,🛎️,bellhop bell,Travel & Places,hotel
Cambodia,,,,,,,Cambodia,8,🇰🇭,flag: Cambodia,Flags,country-flag
person_gesturing_OK,,,,,,,person_gesturing_OK,176,🙆,person gesturing OK,People & Body,person-gesture
Japanese_secret_button,,,,,,,Japanese_secret_button,2,㊙️,Japanese “secret” button,Symbols,alphanum
woman_construction_worker_light_skin_tone,,,,,,,woman_construction_worker_light_skin_tone,1,👷🏻‍♀️,woman construction worker: light skin tone,People & Body,person-role
ballet_shoes,0.0,1.0,0.0,0.0,0.0,0.0,ballet_shoes,20,🩰,ballet shoes,Objects,clothing
dotted_six-pointed_star,,,,,,,dotted_six-pointed_star,8,🔯,dotted six-pointed star,Symbols,religion
woman_student_medium-dark_skin_tone,,,,,,,woman_student_medium-dark_skin_tone,6,👩🏾‍🎓,woman student: medium-dark skin tone,People & Body,person-role
woman_with_headscarf,,,,,,,woman_with_headscarf,2,🧕,woman with headscarf,People & Body,person-role
man_mage_medium-light_skin_tone,,,,,,,man_mage_medium-light_skin_tone,9,🧙🏼‍♂️,man mage: medium-light skin tone,People & Body,person-fantasy
people_with_bunny_ears,0.0,0.8,0.0,0.05,0.1,0.05,people_with_bunny_ears,139,👯,people with bunny ears,People & Body,person-activity
pill,0.07272727272727272,0.3090909090909091,0.18181818181818182,0.2727272727272727,0.05454545454545454,0.10909090909090909,pill,109,💊,pill,Objects,medical
woman_biking_light_skin_tone,0.0,1.0,0.0,0.0,0.0,0.0,woman_biking_light_skin_tone,5,🚴🏻‍♀️,woman biking: light skin tone,People & Body,person-sport
office_worker,,,,,,,office_worker,2,🧑‍💼,office worker,People & Body,person-role
love-you_gesture_dark_skin_tone,,,,,,,love-you_gesture_dark_skin_tone,13,🤟🏿,love-you gesture: dark skin tone,People & Body,hand-fingers-partial
latin_cross,0.0,0.8,0.0,0.2,0.0,0.0,latin_cross,201,✝️,latin cross,Symbols,religion
lab_coat,0.0,1.0,0.0,0.0,0.0,0.0,lab_coat,14,🥼,lab coat,Objects,clothing
bubble_tea,,,,,,,bubble_tea,18,🧋,bubble tea,Food & Drink,drink
women_holding_hands_medium-light_skin_tone,,,,,,,women_holding_hands_medium-light_skin_tone,3,👭🏼,women holding hands: medium-light skin tone,People & Body,family
speaker_low_volume,0.0,1.0,0.0,0.0,0.0,0.0,speaker_low_volume,74,🔈,speaker low volume,Objects,sound
woman_vampire_medium_skin_tone,,,,,,,woman_vampire_medium_skin_tone,5,🧛🏽‍♀️,woman vampire: medium skin tone,People & Body,person-fantasy
control_knobs,0.25,0.0,0.0,0.5,0.0,0.25,control_knobs,16,🎛️,control knobs,Objects,music
woman_guard_light_skin_tone,0.0,0.0,0.0,0.0,0.0,1.0,woman_guard_light_skin_tone,1,💂🏻‍♀️,woman guard: light skin tone,People & Body,person-role
new_moon,0.0,1.0,0.0,0.0,0.0,0.0,new_moon,52,🌑,new moon,Travel & Places,sky & weather
Cape_Verde,,,,,,,Cape_Verde,7,🇨🇻,flag: Cape Verde,Flags,country-flag
person_dark_skin_tone_white_hair,,,,,,,person_dark_skin_tone_white_hair,1,🧑🏿‍🦳,"person: dark skin tone, white hair",People & Body,person
man_running_light_skin_tone,0.5,0.5,0.0,0.0,0.0,0.0,man_running_light_skin_tone,28,🏃🏻‍♂️,man running: light skin tone,People & Body,person-activity
baby_medium-dark_skin_tone,,,,,,,baby_medium-dark_skin_tone,12,👶🏾,baby: medium-dark skin tone,People & Body,person
money_bag,0.14835164835164835,0.3626373626373626,0.08241758241758242,0.2967032967032967,0.06593406593406594,0.04395604395604396,money_bag,2569,💰,money bag,Objects,money
person_kneeling_light_skin_tone,,,,,,,person_kneeling_light_skin_tone,3,🧎🏻,person kneeling: light skin tone,People & Body,person-activity
helicopter,0.37037037037037035,0.3148148148148148,0.07407407407407407,0.16666666666666666,0.037037037037037035,0.037037037037037035,helicopter,94,🚁,helicopter,Travel & Places,transport-air
woman_lifting_weights_medium-dark_skin_tone,,,,,,,woman_lifting_weights_medium-dark_skin_tone,2,🏋🏾‍♀️,woman lifting weights: medium-dark skin tone,People & Body,person-sport
Ghana,,,,,,,Ghana,76,🇬🇭,flag: Ghana,Flags,country-flag
frowning_face,0.030303030303030304,0.3409090909090909,0.4015151515151515,0.16666666666666666,0.030303030303030304,0.030303030303030304,frowning_face,8187,☹️,frowning face,Smileys & Emotion,face-concerned
raising_hands_dark_skin_tone,0.0,0.9,0.0,0.06666666666666667,0.03333333333333333,0.0,raising_hands_dark_skin_tone,254,🙌🏿,raising hands: dark skin tone,People & Body,hands
woman_dancing,0.04938271604938271,0.8106995884773662,0.024691358024691357,0.053497942386831275,0.05761316872427984,0.00411522633744856,woman_dancing,18944,💃,woman dancing,People & Body,person-activity
person_gesturing_NO_medium-dark_skin_tone,,,,,,,person_gesturing_NO_medium-dark_skin_tone,23,🙅🏾,person gesturing NO: medium-dark skin tone,People & Body,person-gesture
call_me_hand_medium_skin_tone,0.045454545454545456,0.6818181818181818,0.045454545454545456,0.22727272727272727,0.0,0.0,call_me_hand_medium_skin_tone,223,🤙🏽,call me hand: medium skin tone,People & Body,hand-fingers-partial
mage_medium_skin_tone,,,,,,,mage_medium_skin_tone,1,🧙🏽,mage: medium skin tone,People & Body,person-fantasy
person_with_veil,,,,,,,person_with_veil,97,👰,person with veil,People & Body,person-role
person_medium_skin_tone_white_hair,,,,,,,person_medium_skin_tone_white_hair,2,🧑🏽‍🦳,"person: medium skin tone, white hair",People & Body,person
Burkina_Faso,,,,,,,Burkina_Faso,3,🇧🇫,flag: Burkina Faso,Flags,country-flag
person_mountain_biking_dark_skin_tone,,,,,,,person_mountain_biking_dark_skin_tone,1,🚵🏿,person mountain biking: dark skin tone,People & Body,person-sport
woman_with_headscarf_medium_skin_tone,,,,,,,woman_with_headscarf_medium_skin_tone,2,🧕🏽,woman with headscarf: medium skin tone,People & Body,person-role
Guernsey,,,,,,,Guernsey,6,🇬🇬,flag: Guernsey,Flags,country-flag
person_dark_skin_tone_bald,,,,,,,person_dark_skin_tone_bald,1,🧑🏿‍🦲,"person: dark skin tone, bald",People & Body,person
hourglass_not_done,0.0,0.8076923076923077,0.0,0.07692307692307693,0.11538461538461539,0.0,hourglass_not_done,176,⏳,hourglass not done,Travel & Places,time
receipt,0.028912633563796353,0.4248900062853551,0.3431803896920176,0.1169076052796983,0.039597737272155875,0.046511627906976744,receipt,14,🧾,receipt,Objects,money
man_fairy_medium_skin_tone,0.0,0.5,0.0,0.0,0.0,0.5,man_fairy_medium_skin_tone,5,🧚🏽‍♂️,man fairy: medium skin tone,People & Body,person-fantasy
Serbia,,,,,,,Serbia,19,🇷🇸,flag: Serbia,Flags,country-flag
woman_playing_handball_medium_skin_tone,,,,,,,woman_playing_handball_medium_skin_tone,1,🤾🏽‍♀️,woman playing handball: medium skin tone,People & Body,person-sport
writing_hand,,,,,,,writing_hand,1586,✍️,writing hand,People & Body,hand-prop
prince_medium-light_skin_tone,,,,,,,prince_medium-light_skin_tone,12,🤴🏼,prince: medium-light skin tone,People & Body,person-role
tram_car,,,,,,,tram_car,8,🚋,tram car,Travel & Places,transport-ground
person_playing_handball,,,,,,,person_playing_handball,4,🤾,person playing handball,People & Body,person-sport
man_swimming,,,,,,,man_swimming,17,🏊‍♂️,man swimming,People & Body,person-sport
OK_hand_medium-light_skin_tone,,,,,,,OK_hand_medium-light_skin_tone,1874,👌🏼,OK hand: medium-light skin tone,People & Body,hand-fingers-partial
skull_and_crossbones,0.07777777777777778,0.1111111111111111,0.28888888888888886,0.28888888888888886,0.011111111111111112,0.2222222222222222,skull_and_crossbones,1067,☠️,skull and crossbones,Smileys & Emotion,face-negative
Sweden,,,,,,,Sweden,132,🇸🇪,flag: Sweden,Flags,country-flag
women_holding_hands,0.0,1.0,0.0,0.0,0.0,0.0,women_holding_hands,149,👭,women holding hands,People & Body,family
puzzle_piece,,,,,,,puzzle_piece,24,🧩,puzzle piece,Activities,game
dizzy,0.0211864406779661,0.8008474576271186,0.07627118644067797,0.03389830508474576,0.05508474576271186,0.012711864406779662,dizzy,1115,💫,dizzy,Smileys & Emotion,emotion
turkey,0.07161125319693094,0.4156010230179028,0.1483375959079284,0.2557544757033248,0.07033248081841433,0.03836317135549872,turkey,184,🦃,turkey,Animals & Nature,animal-bird
raised_back_of_hand_light_skin_tone,0.07692307692307693,0.6923076923076923,0.15384615384615385,0.0,0.0,0.07692307692307693,raised_back_of_hand_light_skin_tone,132,🤚🏻,raised back of hand: light skin tone,People & Body,hand-fingers-open
man_gesturing_OK_medium_skin_tone,,,,,,,man_gesturing_OK_medium_skin_tone,60,🙆🏽‍♂️,man gesturing OK: medium skin tone,People & Body,person-gesture
duck,0.08904109589041095,0.4931506849315068,0.11643835616438356,0.10273972602739725,0.0547945205479452,0.14383561643835616,duck,93,🦆,duck,Animals & Nature,animal-bird
smiling_face_with_halo,0.03015075376884422,0.7638190954773869,0.04271356783919598,0.10301507537688442,0.04020100502512563,0.020100502512562814,smiling_face_with_halo,2815,😇,smiling face with halo,Smileys & Emotion,face-smiling
fish,0.0741901776384535,0.47648902821316613,0.13270637408568442,0.16300940438871472,0.054336468129571575,0.09926854754440961,fish,321,🐟,fish,Animals & Nature,animal-marine
pine_decoration,,,,,,,pine_decoration,5,🎍,pine decoration,Activities,event
man_gesturing_NO_medium-light_skin_tone,,,,,,,man_gesturing_NO_medium-light_skin_tone,9,🙅🏼‍♂️,man gesturing NO: medium-light skin tone,People & Body,person-gesture
raised_back_of_hand,0.07692307692307693,0.6923076923076923,0.038461538461538464,0.038461538461538464,0.038461538461538464,0.11538461538461539,raised_back_of_hand,358,🤚,raised back of hand,People & Body,hand-fingers-open
man_playing_water_polo_medium_skin_tone,0.0,1.0,0.0,0.0,0.0,0.0,man_playing_water_polo_medium_skin_tone,1,🤽🏽‍♂️,man playing water polo: medium skin tone,People & Body,person-sport
Barbados,,,,,,,Barbados,3,🇧🇧,flag: Barbados,Flags,country-flag
man_dancing_medium_skin_tone,0.0,0.4444444444444444,0.2222222222222222,0.1111111111111111,0.0,0.2222222222222222,man_dancing_medium_skin_tone,57,🕺🏽,man dancing: medium skin tone,People & Body,person-activity
Argentina,,,,,,,Argentina,250,🇦🇷,flag: Argentina,Flags,country-flag
Saudi_Arabia,,,,,,,Saudi_Arabia,833,🇸🇦,flag: Saudi Arabia,Flags,country-flag
red_envelope,0.2,0.6,0.2,0.0,0.0,0.0,red_envelope,13,🧧,red envelope,Activities,event
call_me_hand_dark_skin_tone,0.0,0.25,0.0,0.25,0.0,0.5,call_me_hand_dark_skin_tone,28,🤙🏿,call me hand: dark skin tone,People & Body,hand-fingers-partial
woman_tipping_hand,,,,,,,woman_tipping_hand,175,💁‍♀️,woman tipping hand,People & Body,person-gesture
Cancer,,,,,,,Cancer,26,♋,Cancer,Symbols,zodiac
nesting_dolls,,,,,,,nesting_dolls,2,🪆,nesting dolls,Activities,game
cook,0.0725,0.3925,0.1175,0.1625,0.0525,0.2025,cook,16,🧑‍🍳,cook,People & Body,person-role
mage_medium-light_skin_tone,,,,,,,mage_medium-light_skin_tone,2,🧙🏼,mage: medium-light skin tone,People & Body,person-fantasy
information,0.08519108280254777,0.4984076433121019,0.1445063694267516,0.13415605095541402,0.08678343949044585,0.050955414012738856,information,15,ℹ️,information,Symbols,alphanum
person_taking_bath_light_skin_tone,,,,,,,person_taking_bath_light_skin_tone,1,🛀🏻,person taking bath: light skin tone,People & Body,person-resting
record_button,1.0,0.0,0.0,0.0,0.0,0.0,record_button,82,⏺️,record button,Symbols,av-symbol
backhand_index_pointing_right_medium-dark_skin_tone,,,,,,,backhand_index_pointing_right_medium-dark_skin_tone,332,👉🏾,backhand index pointing right: medium-dark skin tone,People & Body,hand-single-finger
woman_tipping_hand_medium-light_skin_tone,,,,,,,woman_tipping_hand_medium-light_skin_tone,189,💁🏼‍♀️,woman tipping hand: medium-light skin tone,People & Body,person-gesture
poodle,0.0,0.6666666666666666,0.08333333333333333,0.08333333333333333,0.08333333333333333,0.08333333333333333,poodle,41,🐩,poodle,Animals & Nature,animal-mammal
woman_gesturing_OK_medium-light_skin_tone,,,,,,,woman_gesturing_OK_medium-light_skin_tone,17,🙆🏼‍♀️,woman gesturing OK: medium-light skin tone,People & Body,person-gesture
man_cook_dark_skin_tone,,,,,,,man_cook_dark_skin_tone,1,👨🏿‍🍳,man cook: dark skin tone,People & Body,person-role
man_vampire_medium_skin_tone,,,,,,,man_vampire_medium_skin_tone,2,🧛🏽‍♂️,man vampire: medium skin tone,People & Body,person-fantasy
woman_gesturing_NO_dark_skin_tone,,,,,,,woman_gesturing_NO_dark_skin_tone,2,🙅🏿‍♀️,woman gesturing NO: dark skin tone,People & Body,person-gesture
dodo,0.0,0.3333333333333333,0.16666666666666666,0.0,0.0,0.5,dodo,3,🦤,dodo,Animals & Nature,animal-bird
man_detective_medium-dark_skin_tone,,,,,,,man_detective_medium-dark_skin_tone,3,🕵🏾‍♂️,man detective: medium-dark skin tone,People & Body,person-role
bust_in_silhouette,,,,,,,bust_in_silhouette,23,👤,bust in silhouette,People & Body,person-symbol
woman_white_hair,,,,,,,woman_white_hair,5,👩‍🦳,woman: white hair,People & Body,person
fortune_cookie,,,,,,,fortune_cookie,3,🥠,fortune cookie,Food & Drink,food-asian
blowfish,0.0,0.3333333333333333,0.3333333333333333,0.3333333333333333,0.0,0.0,blowfish,42,🐡,blowfish,Animals & Nature,animal-marine
woman_running_medium-dark_skin_tone,,,,,,,woman_running_medium-dark_skin_tone,27,🏃🏾‍♀️,woman running: medium-dark skin tone,People & Body,person-activity
sport_utility_vehicle,0.23333333333333334,0.6,0.0,0.03333333333333333,0.1,0.03333333333333333,sport_utility_vehicle,316,🚙,sport utility vehicle,Travel & Places,transport-ground
man_running_medium-light_skin_tone,,,,,,,man_running_medium-light_skin_tone,8,🏃🏼‍♂️,man running: medium-light skin tone,People & Body,person-activity
left-facing_fist_medium_skin_tone,,,,,,,left-facing_fist_medium_skin_tone,19,🤛🏽,left-facing fist: medium skin tone,People & Body,hand-fingers-closed
sparkles,0.01881331403762663,0.8053545586107091,0.03762662807525326,0.057163531114327065,0.0658465991316932,0.015195369030390739,sparkles,8990,✨,sparkles,Activities,event
socks,0.042682926829268296,0.6036585365853658,0.07926829268292683,0.10975609756097561,0.10975609756097561,0.054878048780487805,socks,136,🧦,socks,Objects,clothing
woman_health_worker_medium-dark_skin_tone,,,,,,,woman_health_worker_medium-dark_skin_tone,6,👩🏾‍⚕️,woman health worker: medium-dark skin tone,People & Body,person-role
woman_police_officer_medium-dark_skin_tone,,,,,,,woman_police_officer_medium-dark_skin_tone,1,👮🏾‍♀️,woman police officer: medium-dark skin tone,People & Body,person-role
woman_climbing_light_skin_tone,,,,,,,woman_climbing_light_skin_tone,3,🧗🏻‍♀️,woman climbing: light skin tone,People & Body,person-activity
blueberries,0.0,0.46153846153846156,0.07692307692307693,0.23076923076923078,0.0,0.23076923076923078,blueberries,91,🫐,blueberries,Food & Drink,food-fruit
motorcycle,0.125,0.5,0.125,0.125,0.0625,0.0625,motorcycle,102,🏍️,motorcycle,Travel & Places,transport-ground
Benin,,,,,,,Benin,4,🇧🇯,flag: Benin,Flags,country-flag
woman_and_man_holding_hands_medium_skin_tone_medium-light_skin_tone,,,,,,,woman_and_man_holding_hands_medium_skin_tone_medium-light_skin_tone,1,👩🏽‍🤝‍👨🏼,"woman and man holding hands: medium skin tone, medium-light skin tone",People & Body,family
black_circle,0.0,0.8,0.0,0.0,0.0,0.2,black_circle,84,⚫,black circle,Symbols,geometric
shaved_ice,0.0,0.4444444444444444,0.1111111111111111,0.0,0.3333333333333333,0.1111111111111111,shaved_ice,95,🍧,shaved ice,Food & Drink,food-sweet
Rwanda,,,,,,,Rwanda,2,🇷🇼,flag: Rwanda,Flags,country-flag
Santa_Claus_light_skin_tone,,,,,,,Santa_Claus_light_skin_tone,640,🎅🏻,Santa Claus: light skin tone,People & Body,person-fantasy
woman_and_man_holding_hands_medium-light_skin_tone,,,,,,,woman_and_man_holding_hands_medium-light_skin_tone,1,👫🏼,woman and man holding hands: medium-light skin tone,People & Body,family
pig_nose,0.023255813953488372,0.7441860465116279,0.13953488372093023,0.0,0.09302325581395349,0.0,pig_nose,361,🐽,pig nose,Animals & Nature,animal-mammal
meat_on_bone,0.0,0.7894736842105263,0.05263157894736842,0.10526315789473684,0.05263157894736842,0.0,meat_on_bone,115,🍖,meat on bone,Food & Drink,food-prepared
woman_with_veil_medium-dark_skin_tone,,,,,,,woman_with_veil_medium-dark_skin_tone,1,👰🏾‍♀️,woman with veil: medium-dark skin tone,People & Body,person-role
man_raising_hand_dark_skin_tone,0.0,1.0,0.0,0.0,0.0,0.0,man_raising_hand_dark_skin_tone,3,🙋🏿‍♂️,man raising hand: dark skin tone,People & Body,person-gesture
crying_face,0.06487956487956488,0.3337218337218337,0.3997668997668998,0.12354312354312354,0.03146853146853147,0.046620046620046623,crying_face,16734,😢,crying face,Smileys & Emotion,face-concerned
curly_loop,0.7058823529411765,0.2689075630252101,0.008403361344537815,0.008403361344537815,0.008403361344537815,0.0,curly_loop,591,➰,curly loop,Symbols,other-symbol
person_shrugging_light_skin_tone,0.0,0.6666666666666666,0.0,0.3333333333333333,0.0,0.0,person_shrugging_light_skin_tone,38,🤷🏻,person shrugging: light skin tone,People & Body,person-gesture
badminton,0.0,1.0,0.0,0.0,0.0,0.0,badminton,9,🏸,badminton,Activities,sport
slightly_frowning_face,0.2509025270758123,0.3249097472924188,0.24187725631768953,0.0776173285198556,0.06859205776173286,0.036101083032490974,slightly_frowning_face,3517,🙁,slightly frowning face,Smileys & Emotion,face-concerned
palms_up_together,0.08,0.52,0.2,0.16,0.04,0.0,palms_up_together,249,🤲,palms up together,People & Body,hands
koala,0.03225806451612903,0.45161290322580644,0.1935483870967742,0.3225806451612903,0.0,0.0,koala,113,🐨,koala,Animals & Nature,animal-mammal
hindu_temple,,,,,,,hindu_temple,1,🛕,hindu temple,Travel & Places,place-religious
victory_hand,0.028409090909090908,0.6420454545454546,0.056818181818181816,0.14204545454545456,0.03409090909090909,0.09659090909090909,victory_hand,2539,✌️,victory hand,People & Body,hand-fingers-partial
woman_gesturing_OK_medium_skin_tone,,,,,,,woman_gesturing_OK_medium_skin_tone,33,🙆🏽‍♀️,woman gesturing OK: medium skin tone,People & Body,person-gesture
repeat_button,0.5454545454545454,0.36363636363636365,0.0,0.09090909090909091,0.0,0.0,repeat_button,62,🔁,repeat button,Symbols,av-symbol
person_in_lotus_position_light_skin_tone,,,,,,,person_in_lotus_position_light_skin_tone,3,🧘🏻,person in lotus position: light skin tone,People & Body,person-resting
construction,0.0425531914893617,0.3829787234042553,0.1702127659574468,0.2127659574468085,0.10638297872340426,0.0851063829787234,construction,31,🚧,construction,Travel & Places,transport-ground
expressionless_face,0.16480793060718713,0.17596034696406443,0.13878562577447337,0.2057001239157373,0.07434944237918216,0.24039653035935563,expressionless_face,6709,😑,expressionless face,Smileys & Emotion,face-neutral-skeptical
reminder_ribbon,0.0,0.3333333333333333,0.6666666666666666,0.0,0.0,0.0,reminder_ribbon,48,🎗️,reminder ribbon,Activities,event
person_gesturing_NO_dark_skin_tone,,,,,,,person_gesturing_NO_dark_skin_tone,2,🙅🏿,person gesturing NO: dark skin tone,People & Body,person-gesture
hand_with_fingers_splayed_light_skin_tone,0.0,0.6153846153846154,0.07692307692307693,0.0,0.15384615384615385,0.15384615384615385,hand_with_fingers_splayed_light_skin_tone,74,🖐🏻,hand with fingers splayed: light skin tone,People & Body,hand-fingers-open
child,0.09866875489428348,0.24001566170712607,0.17580266249021143,0.211433046202036,0.04737666405638215,0.22670321064996085,child,14,🧒,child,People & Body,person
Vatican_City,,,,,,,Vatican_City,3,🇻🇦,flag: Vatican City,Flags,country-flag
minibus,0.0,0.0,0.0,0.0,1.0,0.0,minibus,27,🚐,minibus,Travel & Places,transport-ground
folded_hands,0.02681291895185862,0.6819012797074955,0.08165752589884218,0.10024375380865326,0.0862279098110908,0.02315661182205972,folded_hands,25067,🙏,folded hands,People & Body,hands
man_elf,,,,,,,man_elf,15,🧝‍♂️,man elf,People & Body,person-fantasy
child_light_skin_tone,,,,,,,child_light_skin_tone,1,🧒🏻,child: light skin tone,People & Body,person
bicycle,0.06896551724137931,0.3793103448275862,0.2413793103448276,0.034482758620689655,0.2413793103448276,0.034482758620689655,bicycle,224,🚲,bicycle,Travel & Places,transport-ground
e-mail,,,,,,,e-mail,49,📧,e-mail,Objects,mail
owl,0.05,0.775,0.05,0.025,0.1,0.0,owl,71,🦉,owl,Animals & Nature,animal-bird
classical_building,0.3333333333333333,0.0,0.0,0.6666666666666666,0.0,0.0,classical_building,19,🏛️,classical building,Travel & Places,place-building
man_bouncing_ball_medium_skin_tone,,,,,,,man_bouncing_ball_medium_skin_tone,1,⛹🏽‍♂️,man bouncing ball: medium skin tone,People & Body,person-sport
merperson_medium_skin_tone,,,,,,,merperson_medium_skin_tone,1,🧜🏽,merperson: medium skin tone,People & Body,person-fantasy
man_superhero_light_skin_tone,,,,,,,man_superhero_light_skin_tone,2,🦸🏻‍♂️,man superhero: light skin tone,People & Body,person-fantasy
man_health_worker_medium-light_skin_tone,,,,,,,man_health_worker_medium-light_skin_tone,6,👨🏼‍⚕️,man health worker: medium-light skin tone,People & Body,person-role
Angola,,,,,,,Angola,3,🇦🇴,flag: Angola,Flags,country-flag
sign_of_the_horns,0.05699481865284974,0.6269430051813472,0.046632124352331605,0.19689119170984457,0.05181347150259067,0.02072538860103627,sign_of_the_horns,1049,🤘,sign of the horns,People & Body,hand-fingers-partial
running_shoe,0.0,0.75,0.08333333333333333,0.08333333333333333,0.08333333333333333,0.0,running_shoe,223,👟,running shoe,Objects,clothing
rolling_on_the_floor_laughing,0.05702917771883289,0.5185676392572944,0.06870026525198938,0.16684350132625994,0.048541114058355435,0.14031830238726792,rolling_on_the_floor_laughing,26488,🤣,rolling on the floor laughing,Smileys & Emotion,face-smiling
cockroach,0.09090909090909091,0.18181818181818182,0.18181818181818182,0.09090909090909091,0.0,0.45454545454545453,cockroach,1,🪳,cockroach,Animals & Nature,animal-bug
pen,0.0547945205479452,0.5273972602739726,0.17123287671232876,0.1506849315068493,0.0547945205479452,0.0410958904109589,pen,69,🖊️,pen,Objects,writing
clipboard,0.0,0.7272727272727273,0.18181818181818182,0.0,0.0,0.09090909090909091,clipboard,19,📋,clipboard,Objects,office
trolleybus,0.0,0.6666666666666666,0.0,0.0,0.0,0.3333333333333333,trolleybus,13,🚎,trolleybus,Travel & Places,transport-ground
man_biking_light_skin_tone,,,,,,,man_biking_light_skin_tone,4,🚴🏻‍♂️,man biking: light skin tone,People & Body,person-sport
man_running_medium_skin_tone,0.0,1.0,0.0,0.0,0.0,0.0,man_running_medium_skin_tone,14,🏃🏽‍♂️,man running: medium skin tone,People & Body,person-activity
woman_elf_medium_skin_tone,,,,,,,woman_elf_medium_skin_tone,1,🧝🏽‍♀️,woman elf: medium skin tone,People & Body,person-fantasy
shinto_shrine,,,,,,,shinto_shrine,11,⛩️,shinto shrine,Travel & Places,place-religious
mermaid_medium-light_skin_tone,,,,,,,mermaid_medium-light_skin_tone,5,🧜🏼‍♀️,mermaid: medium-light skin tone,People & Body,person-fantasy
pinched_fingers_light_skin_tone,,,,,,,pinched_fingers_light_skin_tone,61,🤌🏻,pinched fingers: light skin tone,People & Body,hand-fingers-partial
hot_face,0.06060606060606061,0.3787878787878788,0.05303030303030303,0.32575757575757575,0.03787878787878788,0.14393939393939395,hot_face,1649,🥵,hot face,Smileys & Emotion,face-unwell
barber_pole,0.0,1.0,0.0,0.0,0.0,0.0,barber_pole,16,💈,barber pole,Travel & Places,place-other
grinning_squinting_face,0.03038674033149171,0.6284530386740331,0.08425414364640885,0.13674033149171272,0.06767955801104972,0.052486187845303865,grinning_squinting_face,6159,😆,grinning squinting face,Smileys & Emotion,face-smiling
Scotland,,,,,,,Scotland,169,🏴󠁧󠁢󠁳󠁣󠁴󠁿,flag: Scotland,Flags,subdivision-flag
money-mouth_face,,,,,,,money-mouth_face,1211,🤑,money-mouth face,Smileys & Emotion,face-tongue
Taiwan,,,,,,,Taiwan,89,🇹🇼,flag: Taiwan,Flags,country-flag
chart_increasing_with_yen,0.6666666666666666,0.3333333333333333,0.0,0.0,0.0,0.0,chart_increasing_with_yen,17,💹,chart increasing with yen,Objects,money
adhesive_bandage,0.3333333333333333,0.6666666666666666,0.0,0.0,0.0,0.0,adhesive_bandage,9,🩹,adhesive bandage,Objects,medical
family_man_man_girl_boy,0.0,1.0,0.0,0.0,0.0,0.0,family_man_man_girl_boy,4,👨‍👨‍👧‍👦,"family: man, man, girl, boy",People & Body,family
man_in_manual_wheelchair_medium_skin_tone,,,,,,,man_in_manual_wheelchair_medium_skin_tone,1,👨🏽‍🦽,man in manual wheelchair: medium skin tone,People & Body,person-activity
american_football,0.023391812865497075,0.8830409356725146,0.005847953216374269,0.03508771929824561,0.05263157894736842,0.0,american_football,1285,🏈,american football,Activities,sport
United_Arab_Emirates,,,,,,,United_Arab_Emirates,77,🇦🇪,flag: United Arab Emirates,Flags,country-flag
service_dog,,,,,,,service_dog,17,🐕‍🦺,service dog,Animals & Nature,animal-mammal
diamond_with_a_dot,,,,,,,diamond_with_a_dot,14,💠,diamond with a dot,Symbols,geometric
deer,0.06976744186046512,0.45348837209302323,0.10465116279069768,0.13953488372093023,0.11627906976744186,0.11627906976744186,deer,179,🦌,deer,Animals & Nature,animal-mammal
cityscape_at_dusk,0.0,1.0,0.0,0.0,0.0,0.0,cityscape_at_dusk,17,🌆,cityscape at dusk,Travel & Places,place-other
face_with_open_mouth,0.04040404040404041,0.4090909090909091,0.12626262626262627,0.16161616161616163,0.18686868686868688,0.07575757575757576,face_with_open_mouth,1703,😮,face with open mouth,Smileys & Emotion,face-concerned
OK_button,,,,,,,OK_button,66,🆗,OK button,Symbols,alphanum
Algeria,,,,,,,Algeria,33,🇩🇿,flag: Algeria,Flags,country-flag
man_running,,,,,,,man_running,156,🏃‍♂️,man running,People & Body,person-activity
woman_astronaut_dark_skin_tone,0.0,1.0,0.0,0.0,0.0,0.0,woman_astronaut_dark_skin_tone,2,👩🏿‍🚀,woman astronaut: dark skin tone,People & Body,person-role
woman_facepalming,,,,,,,woman_facepalming,1524,🤦‍♀️,woman facepalming,People & Body,person-gesture
speak-no-evil_monkey,,,,,,,speak-no-evil_monkey,934,🙊,speak-no-evil monkey,Smileys & Emotion,monkey-face
woman_superhero_medium-dark_skin_tone,,,,,,,woman_superhero_medium-dark_skin_tone,5,🦸🏾‍♀️,woman superhero: medium-dark skin tone,People & Body,person-fantasy
ant,0.1,0.4727272727272727,0.07272727272727272,0.23636363636363636,0.05454545454545454,0.06363636363636363,ant,63,🐜,ant,Animals & Nature,animal-bug
man_student_light_skin_tone,,,,,,,man_student_light_skin_tone,4,👨🏻‍🎓,man student: light skin tone,People & Body,person-role
confetti_ball,0.0053475935828877,0.8716577540106952,0.0213903743315508,0.06417112299465241,0.016042780748663103,0.0213903743315508,confetti_ball,1187,🎊,confetti ball,Activities,event
mermaid_medium-dark_skin_tone,,,,,,,mermaid_medium-dark_skin_tone,1,🧜🏾‍♀️,mermaid: medium-dark skin tone,People & Body,person-fantasy
hourglass_done,0.0,0.6666666666666666,0.0,0.16666666666666666,0.16666666666666666,0.0,hourglass_done,63,⌛,hourglass done,Travel & Places,time
shortcake,0.011235955056179775,0.8539325842696629,0.02247191011235955,0.056179775280898875,0.0449438202247191,0.011235955056179775,shortcake,518,🍰,shortcake,Food & Drink,food-sweet
framed_picture,0.0,1.0,0.0,0.0,0.0,0.0,framed_picture,52,🖼️,framed picture,Activities,arts & crafts
man_scientist_light_skin_tone,0.0,0.3333333333333333,0.0,0.3333333333333333,0.0,0.3333333333333333,man_scientist_light_skin_tone,5,👨🏻‍🔬,man scientist: light skin tone,People & Body,person-role
couple_with_heart,0.0,1.0,0.0,0.0,0.0,0.0,couple_with_heart,72,💑,couple with heart,People & Body,family
bed,0.07898658718330849,0.35469448584202684,0.16095380029806258,0.13114754098360656,0.06855439642324888,0.20566318926974664,bed,62,🛏️,bed,Objects,household
woman_dark_skin_tone,,,,,,,woman_dark_skin_tone,9,👩🏿,woman: dark skin tone,People & Body,person
mermaid_medium_skin_tone,0.0,1.0,0.0,0.0,0.0,0.0,mermaid_medium_skin_tone,8,🧜🏽‍♀️,mermaid: medium skin tone,People & Body,person-fantasy
woman_scientist_medium-light_skin_tone,,,,,,,woman_scientist_medium-light_skin_tone,3,👩🏼‍🔬,woman scientist: medium-light skin tone,People & Body,person-role
Oman,,,,,,,Oman,9,🇴🇲,flag: Oman,Flags,country-flag
rhinoceros,0.0,1.0,0.0,0.0,0.0,0.0,rhinoceros,17,🦏,rhinoceros,Animals & Nature,animal-mammal
oncoming_fist_light_skin_tone,0.16981132075471697,0.33962264150943394,0.09433962264150944,0.22641509433962265,0.0,0.16981132075471697,oncoming_fist_light_skin_tone,346,👊🏻,oncoming fist: light skin tone,People & Body,hand-fingers-closed
woman_light_skin_tone_blond_hair,,,,,,,woman_light_skin_tone_blond_hair,15,👱🏻‍♀️,"woman: light skin tone, blond hair",People & Body,person
snow-capped_mountain,,,,,,,snow-capped_mountain,58,🏔️,snow-capped mountain,Travel & Places,place-geographic
old_woman,0.16666666666666666,0.8333333333333334,0.0,0.0,0.0,0.0,old_woman,39,👵,old woman,People & Body,person
clapping_hands_medium_skin_tone,0.017013232514177693,0.5708884688090737,0.007561436672967864,0.20415879017013233,0.08695652173913043,0.11342155009451796,clapping_hands_medium_skin_tone,3662,👏🏽,clapping hands: medium skin tone,People & Body,hands
Zimbabwe,,,,,,,Zimbabwe,17,🇿🇼,flag: Zimbabwe,Flags,country-flag
woman_in_motorized_wheelchair,,,,,,,woman_in_motorized_wheelchair,1,👩‍🦼,woman in motorized wheelchair,People & Body,person-activity
woman_farmer,,,,,,,woman_farmer,6,👩‍🌾,woman farmer,People & Body,person-role
garlic,0.004596191726854892,0.9527248850952068,0.01247537754432042,0.01772816808929744,0.006565988181221274,0.005909389363099146,garlic,8,🧄,garlic,Food & Drink,food-vegetable
pineapple,0.07586206896551724,0.6482758620689655,0.06206896551724138,0.12413793103448276,0.041379310344827586,0.04827586206896552,pineapple,708,🍍,pineapple,Food & Drink,food-fruit
deaf_woman_medium_skin_tone,,,,,,,deaf_woman_medium_skin_tone,2,🧏🏽‍♀️,deaf woman: medium skin tone,People & Body,person-gesture
plunger,0.0,0.0,1.0,0.0,0.0,0.0,plunger,1,🪠,plunger,Objects,household
last_quarter_moon_face,0.0,1.0,0.0,0.0,0.0,0.0,last_quarter_moon_face,75,🌜,last quarter moon face,Travel & Places,sky & weather
canoe,0.0,0.2,0.2,0.0,0.2,0.4,canoe,12,🛶,canoe,Travel & Places,transport-water
woman_getting_haircut,1.0,0.0,0.0,0.0,0.0,0.0,woman_getting_haircut,10,💇‍♀️,woman getting haircut,People & Body,person-activity
middle_finger_medium-dark_skin_tone,,,,,,,middle_finger_medium-dark_skin_tone,938,🖕🏾,middle finger: medium-dark skin tone,People & Body,hand-single-finger
FREE_button,,,,,,,FREE_button,145,🆓,FREE button,Symbols,alphanum
Bahamas,,,,,,,Bahamas,7,🇧🇸,flag: Bahamas,Flags,country-flag
man_construction_worker,,,,,,,man_construction_worker,7,👷‍♂️,man construction worker,People & Body,person-role
red_square,,,,,,,red_square,44,🟥,red square,Symbols,geometric
man_factory_worker_medium-light_skin_tone,,,,,,,man_factory_worker_medium-light_skin_tone,1,👨🏼‍🏭,man factory worker: medium-light skin tone,People & Body,person-role
man_gesturing_NO_medium_skin_tone,,,,,,,man_gesturing_NO_medium_skin_tone,80,🙅🏽‍♂️,man gesturing NO: medium skin tone,People & Body,person-gesture
lollipop,0.0,0.9285714285714286,0.047619047619047616,0.023809523809523808,0.0,0.0,lollipop,243,🍭,lollipop,Food & Drink,food-sweet
older_person,,,,,,,older_person,8,🧓,older person,People & Body,person
man_gesturing_NO_light_skin_tone,,,,,,,man_gesturing_NO_light_skin_tone,47,🙅🏻‍♂️,man gesturing NO: light skin tone,People & Body,person-gesture
nail_polish_medium_skin_tone,0.0,0.0,0.0,0.25,0.0,0.75,nail_polish_medium_skin_tone,88,💅🏽,nail polish: medium skin tone,People & Body,hand-prop
person_tipping_hand_medium-dark_skin_tone,,,,,,,person_tipping_hand_medium-dark_skin_tone,23,💁🏾,person tipping hand: medium-dark skin tone,People & Body,person-gesture
musical_score,0.021505376344086023,0.8817204301075269,0.0,0.053763440860215055,0.043010752688172046,0.0,musical_score,335,🎼,musical score,Objects,music
locked_with_key,0.16666666666666666,0.3333333333333333,0.3333333333333333,0.0,0.0,0.16666666666666666,locked_with_key,90,🔐,locked with key,Objects,lock
backhand_index_pointing_down,0.007315413405920381,0.04083021435862538,0.007825791085403199,0.015481456277645458,0.9220823409322899,0.006464783940115686,backhand_index_pointing_down,49786,👇,backhand index pointing down,People & Body,hand-single-finger
men_with_bunny_ears,,,,,,,men_with_bunny_ears,27,👯‍♂️,men with bunny ears,People & Body,person-activity
man_artist_medium_skin_tone,,,,,,,man_artist_medium_skin_tone,1,👨🏽‍🎨,man artist: medium skin tone,People & Body,person-role
merperson,,,,,,,merperson,2,🧜,merperson,People & Body,person-fantasy
man_pouting_dark_skin_tone,,,,,,,man_pouting_dark_skin_tone,1,🙎🏿‍♂️,man pouting: dark skin tone,People & Body,person-gesture
world_map,0.0,0.5,0.125,0.25,0.125,0.0,world_map,110,🗺️,world map,Travel & Places,place-map
person_taking_bath_medium_skin_tone,,,,,,,person_taking_bath_medium_skin_tone,2,🛀🏽,person taking bath: medium skin tone,People & Body,person-resting
woman_mage_dark_skin_tone,,,,,,,woman_mage_dark_skin_tone,1,🧙🏿‍♀️,woman mage: dark skin tone,People & Body,person-fantasy
astronaut,0.0,0.42857142857142855,0.14285714285714285,0.2857142857142857,0.07142857142857142,0.07142857142857142,astronaut,4,🧑‍🚀,astronaut,People & Body,person-role
turtle,0.08333333333333333,0.5555555555555556,0.14814814814814814,0.10185185185185185,0.09259259259259259,0.018518518518518517,turtle,264,🐢,turtle,Animals & Nature,animal-reptile
sunrise_over_mountains,0.0,1.0,0.0,0.0,0.0,0.0,sunrise_over_mountains,65,🌄,sunrise over mountains,Travel & Places,place-other
woman_student_dark_skin_tone,,,,,,,woman_student_dark_skin_tone,2,👩🏿‍🎓,woman student: dark skin tone,People & Body,person-role
motor_scooter,0.0,1.0,0.0,0.0,0.0,0.0,motor_scooter,17,🛵,motor scooter,Travel & Places,transport-ground
woman_and_man_holding_hands_light_skin_tone_medium-dark_skin_tone,,,,,,,woman_and_man_holding_hands_light_skin_tone_medium-dark_skin_tone,1,👩🏻‍🤝‍👨🏾,"woman and man holding hands: light skin tone, medium-dark skin tone",People & Body,family
speech_balloon,0.14285714285714285,0.7142857142857143,0.0,0.0,0.14285714285714285,0.0,speech_balloon,154,💬,speech balloon,Smileys & Emotion,emotion
ninja_medium_skin_tone,,,,,,,ninja_medium_skin_tone,8,🥷🏽,ninja: medium skin tone,People & Body,person-role
yen_banknote,0.6,0.0,0.2,0.0,0.0,0.2,yen_banknote,58,💴,yen banknote,Objects,money
wrench,0.04477611940298507,0.9253731343283582,0.014925373134328358,0.0,0.014925373134328358,0.0,wrench,264,🔧,wrench,Objects,tool
3rd_place_medal,0.0,0.0,0.0,1.0,0.0,0.0,3rd_place_medal,13,🥉,3rd place medal,Activities,award-medal
person_gesturing_OK_medium-dark_skin_tone,,,,,,,person_gesturing_OK_medium-dark_skin_tone,13,🙆🏾,person gesturing OK: medium-dark skin tone,People & Body,person-gesture
Libya,,,,,,,Libya,9,🇱🇾,flag: Libya,Flags,country-flag
pirate_flag,,,,,,,pirate_flag,58,🏴‍☠️,pirate flag,Flags,flag
drop_of_blood,0.0,0.21052631578947367,0.3157894736842105,0.3157894736842105,0.0,0.15789473684210525,drop_of_blood,76,🩸,drop of blood,Objects,medical
boar,0.0,0.3333333333333333,0.4444444444444444,0.1111111111111111,0.0,0.1111111111111111,boar,16,🐗,boar,Animals & Nature,animal-mammal
boy_light_skin_tone,0.0,0.6,0.0,0.4,0.0,0.0,boy_light_skin_tone,27,👦🏻,boy: light skin tone,People & Body,person
boy_dark_skin_tone,,,,,,,boy_dark_skin_tone,6,👦🏿,boy: dark skin tone,People & Body,person
person_raising_hand_light_skin_tone,0.0,1.0,0.0,0.0,0.0,0.0,person_raising_hand_light_skin_tone,72,🙋🏻,person raising hand: light skin tone,People & Body,person-gesture
Japanese_congratulations_button,,,,,,,Japanese_congratulations_button,1,㊗️,Japanese “congratulations” button,Symbols,alphanum
family_man_man_girl_girl,0.3333333333333333,0.6666666666666666,0.0,0.0,0.0,0.0,family_man_man_girl_girl,7,👨‍👨‍👧‍👧,"family: man, man, girl, girl",People & Body,family
man_walking_medium-light_skin_tone,,,,,,,man_walking_medium-light_skin_tone,3,🚶🏼‍♂️,man walking: medium-light skin tone,People & Body,person-activity
lungs,0.11538461538461539,0.15384615384615385,0.2692307692307692,0.2692307692307692,0.11538461538461539,0.07692307692307693,lungs,1,🫁,lungs,People & Body,body-parts
wine_glass,0.025510204081632654,0.8826530612244898,0.02040816326530612,0.02040816326530612,0.015306122448979591,0.03571428571428571,wine_glass,1177,🍷,wine glass,Food & Drink,drink
Czechia,,,,,,,Czechia,21,🇨🇿,flag: Czechia,Flags,country-flag
man_superhero,,,,,,,man_superhero,45,🦸‍♂️,man superhero,People & Body,person-fantasy
folded_hands_medium_skin_tone,0.04103671706263499,0.5680345572354212,0.07775377969762419,0.1771058315334773,0.0734341252699784,0.06263498920086392,folded_hands_medium_skin_tone,5580,🙏🏽,folded hands: medium skin tone,People & Body,hands
man_tipping_hand_medium-light_skin_tone,,,,,,,man_tipping_hand_medium-light_skin_tone,48,💁🏼‍♂️,man tipping hand: medium-light skin tone,People & Body,person-gesture
woman_factory_worker_medium-light_skin_tone,,,,,,,woman_factory_worker_medium-light_skin_tone,1,👩🏼‍🏭,woman factory worker: medium-light skin tone,People & Body,person-role
musical_note,0.0718954248366013,0.7777777777777778,0.0457516339869281,0.06535947712418301,0.032679738562091505,0.006535947712418301,musical_note,10499,🎵,musical note,Objects,music
person_getting_massage,0.0,0.5,0.25,0.0,0.0,0.25,person_getting_massage,54,💆,person getting massage,People & Body,person-activity
victory_hand_medium-light_skin_tone,,,,,,,victory_hand_medium-light_skin_tone,616,✌🏼,victory hand: medium-light skin tone,People & Body,hand-fingers-partial
man_fairy_medium-dark_skin_tone,,,,,,,man_fairy_medium-dark_skin_tone,2,🧚🏾‍♂️,man fairy: medium-dark skin tone,People & Body,person-fantasy
eleven-thirty,,,,,,,eleven-thirty,5,🕦,eleven-thirty,Travel & Places,time
sailboat,0.0,0.8461538461538461,0.07692307692307693,0.0,0.0,0.07692307692307693,sailboat,56,⛵,sailboat,Travel & Places,transport-water
camping,0.014925373134328358,0.8656716417910447,0.05970149253731343,0.04477611940298507,0.0,0.014925373134328358,camping,33,🏕️,camping,Travel & Places,place-geographic
guard_light_skin_tone,0.0,1.0,0.0,0.0,0.0,0.0,guard_light_skin_tone,4,💂🏻,guard: light skin tone,People & Body,person-role
family_man_boy_boy,,,,,,,family_man_boy_boy,4,👨‍👦‍👦,"family: man, boy, boy",People & Body,family
snail,0.04,0.67,0.06,0.14,0.04,0.05,snail,180,🐌,snail,Animals & Nature,animal-bug
man_pouting_medium-light_skin_tone,,,,,,,man_pouting_medium-light_skin_tone,1,🙎🏼‍♂️,man pouting: medium-light skin tone,People & Body,person-gesture
fearful_face,0.07142857142857142,0.18181818181818182,0.21428571428571427,0.2792207792207792,0.09740259740259741,0.15584415584415584,fearful_face,850,😨,fearful face,Smileys & Emotion,face-concerned
person_raising_hand_medium-light_skin_tone,,,,,,,person_raising_hand_medium-light_skin_tone,72,🙋🏼,person raising hand: medium-light skin tone,People & Body,person-gesture
woman_bowing_medium_skin_tone,0.0,0.0,0.6666666666666666,0.0,0.3333333333333333,0.0,woman_bowing_medium_skin_tone,43,🙇🏽‍♀️,woman bowing: medium skin tone,People & Body,person-gesture
middle_finger_light_skin_tone,0.25382262996941896,0.0581039755351682,0.03669724770642202,0.2415902140672783,0.012232415902140673,0.39755351681957185,middle_finger_light_skin_tone,1637,🖕🏻,middle finger: light skin tone,People & Body,hand-single-finger
crystal_ball,0.024390243902439025,0.6585365853658537,0.0,0.21951219512195122,0.07317073170731707,0.024390243902439025,crystal_ball,310,🔮,crystal ball,Activities,game
END_arrow,,,,,,,END_arrow,33,🔚,END arrow,Symbols,arrow
moon_cake,0.0,1.0,0.0,0.0,0.0,0.0,moon_cake,13,🥮,moon cake,Food & Drink,food-asian
man_climbing_light_skin_tone,,,,,,,man_climbing_light_skin_tone,1,🧗🏻‍♂️,man climbing: light skin tone,People & Body,person-activity
monkey_face,0.0,0.5714285714285714,0.14285714285714285,0.2857142857142857,0.0,0.0,monkey_face,79,🐵,monkey face,Animals & Nature,animal-mammal
old_man_light_skin_tone,0.0,1.0,0.0,0.0,0.0,0.0,old_man_light_skin_tone,12,👴🏻,old man: light skin tone,People & Body,person
bar_chart,0.0,0.875,0.0,0.0,0.125,0.0,bar_chart,85,📊,bar chart,Objects,office
fish_cake_with_swirl,0.0,1.0,0.0,0.0,0.0,0.0,fish_cake_with_swirl,31,🍥,fish cake with swirl,Food & Drink,food-asian
film_projector,0.0,0.6,0.04,0.12,0.2,0.04,film_projector,433,📽️,film projector,Objects,light & video
woman_kneeling_medium_skin_tone,,,,,,,woman_kneeling_medium_skin_tone,25,🧎🏽‍♀️,woman kneeling: medium skin tone,People & Body,person-activity
telephone,0.061946902654867256,0.3938053097345133,0.17256637168141592,0.13716814159292035,0.1592920353982301,0.0752212389380531,telephone,490,☎️,telephone,Objects,phone
man_light_skin_tone_white_hair,,,,,,,man_light_skin_tone_white_hair,4,👨🏻‍🦳,"man: light skin tone, white hair",People & Body,person
satellite_antenna,0.0,0.625,0.125,0.125,0.125,0.0,satellite_antenna,188,📡,satellite antenna,Objects,science
man_pouting_medium_skin_tone,1.0,0.0,0.0,0.0,0.0,0.0,man_pouting_medium_skin_tone,5,🙎🏽‍♂️,man pouting: medium skin tone,People & Body,person-gesture
Clipperton_Island,,,,,,,Clipperton_Island,45,🇨🇵,flag: Clipperton Island,Flags,country-flag
clapping_hands_light_skin_tone,0.03642671292281006,0.6582827406764961,0.060711188204683436,0.10320901994796183,0.09366869037294015,0.047701647875108416,clapping_hands_light_skin_tone,6255,👏🏻,clapping hands: light skin tone,People & Body,hands
mango,0.05917159763313609,0.5976331360946746,0.08875739644970414,0.1242603550295858,0.05917159763313609,0.07100591715976332,mango,133,🥭,mango,Food & Drink,food-fruit
love-you_gesture_medium-light_skin_tone,,,,,,,love-you_gesture_medium-light_skin_tone,113,🤟🏼,love-you gesture: medium-light skin tone,People & Body,hand-fingers-partial
woman_in_lotus_position,,,,,,,woman_in_lotus_position,26,🧘‍♀️,woman in lotus position,People & Body,person-resting
man_astronaut_medium-light_skin_tone,,,,,,,man_astronaut_medium-light_skin_tone,1,👨🏼‍🚀,man astronaut: medium-light skin tone,People & Body,person-role
backhand_index_pointing_down_dark_skin_tone,0.0,0.0,0.0,1.0,0.0,0.0,backhand_index_pointing_down_dark_skin_tone,64,👇🏿,backhand index pointing down: dark skin tone,People & Body,hand-single-finger
person_tipping_hand_dark_skin_tone,,,,,,,person_tipping_hand_dark_skin_tone,5,💁🏿,person tipping hand: dark skin tone,People & Body,person-gesture
woman_elf_medium-dark_skin_tone,,,,,,,woman_elf_medium-dark_skin_tone,1,🧝🏾‍♀️,woman elf: medium-dark skin tone,People & Body,person-fantasy
woman_and_man_holding_hands,0.0,1.0,0.0,0.0,0.0,0.0,woman_and_man_holding_hands,120,👫,woman and man holding hands,People & Body,family
people_hugging,,,,,,,people_hugging,30,🫂,people hugging,People & Body,person-symbol
spider,0.08873720136518772,0.33532423208191126,0.07252559726962457,0.25341296928327645,0.04436860068259386,0.20563139931740615,spider,412,🕷️,spider,Animals & Nature,animal-bug
horse_racing,,,,,,,horse_racing,29,🏇,horse racing,People & Body,person-sport
rabbit_face,0.05,0.7583333333333333,0.025,0.08333333333333333,0.08333333333333333,0.0,rabbit_face,961,🐰,rabbit face,Animals & Nature,animal-mammal
man_biking,,,,,,,man_biking,10,🚴‍♂️,man biking,People & Body,person-sport
person_running_medium-dark_skin_tone,,,,,,,person_running_medium-dark_skin_tone,12,🏃🏾,person running: medium-dark skin tone,People & Body,person-activity
flying_disc,,,,,,,flying_disc,2,🥏,flying disc,Activities,sport
detective_medium_skin_tone,,,,,,,detective_medium_skin_tone,7,🕵🏽,detective: medium skin tone,People & Body,person-role
paperclip,0.1,0.4,0.1,0.1,0.2,0.1,paperclip,88,📎,paperclip,Objects,office
musical_notes,0.046468401486988845,0.845724907063197,0.020446096654275093,0.04275092936802974,0.02973977695167286,0.01486988847583643,musical_notes,22219,🎶,musical notes,Objects,music
person_kneeling_medium_skin_tone,,,,,,,person_kneeling_medium_skin_tone,5,🧎🏽,person kneeling: medium skin tone,People & Body,person-activity
Virgo,,,,,,,Virgo,10,♍,Virgo,Symbols,zodiac
person_with_white_cane_light_skin_tone,,,,,,,person_with_white_cane_light_skin_tone,2,🧑🏻‍🦯,person with white cane: light skin tone,People & Body,person-activity
man_judge_medium-light_skin_tone,,,,,,,man_judge_medium-light_skin_tone,1,👨🏼‍⚖️,man judge: medium-light skin tone,People & Body,person-role
Christmas_tree,,,,,,,Christmas_tree,5592,🎄,Christmas tree,Activities,event
top_hat,0.038461538461538464,0.6153846153846154,0.19230769230769232,0.07692307692307693,0.0,0.07692307692307693,top_hat,186,🎩,top hat,Objects,clothing
watermelon,0.037037037037037035,0.5925925925925926,0.1111111111111111,0.12962962962962962,0.018518518518518517,0.1111111111111111,watermelon,132,🍉,watermelon,Food & Drink,food-fruit
factory_worker,,,,,,,factory_worker,1,🧑‍🏭,factory worker,People & Body,person-role
person_gesturing_NO,,,,,,,person_gesturing_NO,127,🙅,person gesturing NO,People & Body,person-gesture
woman_tipping_hand_light_skin_tone,0.0,0.7777777777777778,0.1111111111111111,0.1111111111111111,0.0,0.0,woman_tipping_hand_light_skin_tone,222,💁🏻‍♀️,woman tipping hand: light skin tone,People & Body,person-gesture
woman_supervillain_medium-light_skin_tone,,,,,,,woman_supervillain_medium-light_skin_tone,2,🦹🏼‍♀️,woman supervillain: medium-light skin tone,People & Body,person-fantasy
sign_of_the_horns_medium_skin_tone,0.05,0.75,0.0,0.08333333333333333,0.016666666666666666,0.1,sign_of_the_horns_medium_skin_tone,287,🤘🏽,sign of the horns: medium skin tone,People & Body,hand-fingers-partial
merperson_light_skin_tone,,,,,,,merperson_light_skin_tone,2,🧜🏻,merperson: light skin tone,People & Body,person-fantasy
input_numbers,,,,,,,input_numbers,6,🔢,input numbers,Symbols,alphanum
building_construction,0.0,1.0,0.0,0.0,0.0,0.0,building_construction,19,🏗️,building construction,Travel & Places,place-building
cloud,0.1350210970464135,0.3670886075949367,0.08860759493670886,0.16877637130801687,0.11814345991561181,0.12236286919831224,cloud,281,☁️,cloud,Travel & Places,sky & weather
woman_technologist_light_skin_tone,0.0,1.0,0.0,0.0,0.0,0.0,woman_technologist_light_skin_tone,24,👩🏻‍💻,woman technologist: light skin tone,People & Body,person-role
cocktail_glass,0.0,0.8979591836734694,0.02040816326530612,0.04081632653061224,0.02040816326530612,0.02040816326530612,cocktail_glass,331,🍸,cocktail glass,Food & Drink,drink
melon,0.06060606060606061,0.5454545454545454,0.12121212121212122,0.06060606060606061,0.18181818181818182,0.030303030303030304,melon,22,🍈,melon,Food & Drink,food-fruit
person_gesturing_OK_light_skin_tone,,,,,,,person_gesturing_OK_light_skin_tone,16,🙆🏻,person gesturing OK: light skin tone,People & Body,person-gesture
woman_swimming_medium-light_skin_tone,,,,,,,woman_swimming_medium-light_skin_tone,4,🏊🏼‍♀️,woman swimming: medium-light skin tone,People & Body,person-sport
people_holding_hands,0.0,1.0,0.0,0.0,0.0,0.0,people_holding_hands,4,🧑‍🤝‍🧑,people holding hands,People & Body,family
man_vampire,,,,,,,man_vampire,36,🧛‍♂️,man vampire,People & Body,person-fantasy
volleyball,0.058823529411764705,0.7058823529411765,0.058823529411764705,0.0,0.17647058823529413,0.0,volleyball,43,🏐,volleyball,Activities,sport
person_medium-light_skin_tone_bald,,,,,,,person_medium-light_skin_tone_bald,1,🧑🏼‍🦲,"person: medium-light skin tone, bald",People & Body,person
baby_light_skin_tone,0.0,0.8571428571428571,0.0,0.0,0.14285714285714285,0.0,baby_light_skin_tone,72,👶🏻,baby: light skin tone,People & Body,person
satellite,0.041666666666666664,0.25,0.125,0.25,0.08333333333333333,0.25,satellite,43,🛰️,satellite,Travel & Places,transport-air
man_zombie,,,,,,,man_zombie,245,🧟‍♂️,man zombie,People & Body,person-fantasy
Japanese_castle,,,,,,,Japanese_castle,7,🏯,Japanese castle,Travel & Places,place-building
man_technologist_medium-light_skin_tone,,,,,,,man_technologist_medium-light_skin_tone,10,👨🏼‍💻,man technologist: medium-light skin tone,People & Body,person-role
ear_medium-light_skin_tone,,,,,,,ear_medium-light_skin_tone,18,👂🏼,ear: medium-light skin tone,People & Body,body-parts
no_entry,0.0,0.07407407407407407,0.037037037037037035,0.8518518518518519,0.037037037037037035,0.0,no_entry,138,⛔,no entry,Symbols,warning
crossed_fingers_medium-dark_skin_tone,,,,,,,crossed_fingers_medium-dark_skin_tone,534,🤞🏾,crossed fingers: medium-dark skin tone,People & Body,hand-fingers-partial
woman_medium-dark_skin_tone_curly_hair,,,,,,,woman_medium-dark_skin_tone_curly_hair,5,👩🏾‍🦱,"woman: medium-dark skin tone, curly hair",People & Body,person
rugby_football,0.0,0.8717948717948718,0.0,0.0,0.1282051282051282,0.0,rugby_football,189,🏉,rugby football,Activities,sport
crescent_moon,0.06976744186046512,0.7674418604651163,0.0,0.11627906976744186,0.046511627906976744,0.0,crescent_moon,298,🌙,crescent moon,Travel & Places,sky & weather
factory_worker_medium-light_skin_tone,,,,,,,factory_worker_medium-light_skin_tone,1,🧑🏼‍🏭,factory worker: medium-light skin tone,People & Body,person-role
airplane_arrival,0.2222222222222222,0.3333333333333333,0.0,0.3333333333333333,0.1111111111111111,0.0,airplane_arrival,41,🛬,airplane arrival,Travel & Places,transport-air
hammer,0.04854368932038835,0.1553398058252427,0.0970873786407767,0.49514563106796117,0.02912621359223301,0.17475728155339806,hammer,108,🔨,hammer,Objects,tool
woman_student_light_skin_tone,0.0,1.0,0.0,0.0,0.0,0.0,woman_student_light_skin_tone,22,👩🏻‍🎓,woman student: light skin tone,People & Body,person-role
call_me_hand_light_skin_tone,0.043478260869565216,0.43478260869565216,0.08695652173913043,0.30434782608695654,0.08695652173913043,0.043478260869565216,call_me_hand_light_skin_tone,230,🤙🏻,call me hand: light skin tone,People & Body,hand-fingers-partial
woman_in_lotus_position_light_skin_tone,,,,,,,woman_in_lotus_position_light_skin_tone,14,🧘🏻‍♀️,woman in lotus position: light skin tone,People & Body,person-resting
ear_of_corn,0.11764705882352941,0.35294117647058826,0.0,0.23529411764705882,0.11764705882352941,0.17647058823529413,ear_of_corn,102,🌽,ear of corn,Food & Drink,food-vegetable
large_orange_diamond,0.0,0.0,0.0,1.0,0.0,0.0,large_orange_diamond,12,🔶,large orange diamond,Symbols,geometric
folded_hands_medium-dark_skin_tone,,,,,,,folded_hands_medium-dark_skin_tone,4564,🙏🏾,folded hands: medium-dark skin tone,People & Body,hands
one-thirty,,,,,,,one-thirty,4,🕜,one-thirty,Travel & Places,time
whale,0.0,0.4857142857142857,0.22857142857142856,0.05714285714285714,0.14285714285714285,0.08571428571428572,whale,52,🐋,whale,Animals & Nature,animal-marine
man_detective_medium_skin_tone,,,,,,,man_detective_medium_skin_tone,5,🕵🏽‍♂️,man detective: medium skin tone,People & Body,person-role
Costa_Rica,,,,,,,Costa_Rica,17,🇨🇷,flag: Costa Rica,Flags,country-flag
Hong_Kong_SAR_China,,,,,,,Hong_Kong_SAR_China,70,🇭🇰,flag: Hong Kong SAR China,Flags,country-flag
ear_medium-dark_skin_tone,,,,,,,ear_medium-dark_skin_tone,14,👂🏾,ear: medium-dark skin tone,People & Body,body-parts
softball,0.07692307692307693,0.6923076923076923,0.07692307692307693,0.0,0.15384615384615385,0.0,softball,7,🥎,softball,Activities,sport
man_surfing_medium_skin_tone,0.0,1.0,0.0,0.0,0.0,0.0,man_surfing_medium_skin_tone,4,🏄🏽‍♂️,man surfing: medium skin tone,People & Body,person-sport
man_elf_light_skin_tone,0.0,1.0,0.0,0.0,0.0,0.0,man_elf_light_skin_tone,2,🧝🏻‍♂️,man elf: light skin tone,People & Body,person-fantasy
Peru,,,,,,,Peru,145,🇵🇪,flag: Peru,Flags,country-flag
person_gesturing_OK_medium_skin_tone,,,,,,,person_gesturing_OK_medium_skin_tone,17,🙆🏽,person gesturing OK: medium skin tone,People & Body,person-gesture
beer_mug,0.0,0.54,0.08,0.08,0.14,0.16,beer_mug,318,🍺,beer mug,Food & Drink,drink
thumbs_up_medium-light_skin_tone,,,,,,,thumbs_up_medium-light_skin_tone,3179,👍🏼,thumbs up: medium-light skin tone,People & Body,hand-fingers-closed
man_medium-dark_skin_tone_curly_hair,,,,,,,man_medium-dark_skin_tone_curly_hair,1,👨🏾‍🦱,"man: medium-dark skin tone, curly hair",People & Body,person
Japanese_not_free_of_charge_button,,,,,,,Japanese_not_free_of_charge_button,1,🈶,Japanese “not free of charge” button,Symbols,alphanum
baby_angel_medium-dark_skin_tone,,,,,,,baby_angel_medium-dark_skin_tone,15,👼🏾,baby angel: medium-dark skin tone,People & Body,person-fantasy
astonished_face,0.04365079365079365,0.4246031746031746,0.0873015873015873,0.15873015873015872,0.20238095238095238,0.08333333333333333,astonished_face,1791,😲,astonished face,Smileys & Emotion,face-concerned
nail_polish_light_skin_tone,0.0,0.5833333333333334,0.0,0.08333333333333333,0.16666666666666666,0.16666666666666666,nail_polish_light_skin_tone,151,💅🏻,nail polish: light skin tone,People & Body,hand-prop
fondue,0.0,0.6,0.0,0.0,0.0,0.4,fondue,4,🫕,fondue,Food & Drink,food-prepared
rainbow,0.03773584905660377,0.7530017152658662,0.051457975986277875,0.07204116638078903,0.048027444253859346,0.03773584905660377,rainbow,2029,🌈,rainbow,Travel & Places,sky & weather
man_mechanic_medium-light_skin_tone,,,,,,,man_mechanic_medium-light_skin_tone,15,👨🏼‍🔧,man mechanic: medium-light skin tone,People & Body,person-role
Panama,,,,,,,Panama,9,🇵🇦,flag: Panama,Flags,country-flag
blue_heart,0.013201320132013201,0.892922625595893,0.027869453612027868,0.02566923359002567,0.027502750275027504,0.012834616795012835,blue_heart,16970,💙,blue heart,Smileys & Emotion,emotion
person_in_lotus_position_medium-dark_skin_tone,,,,,,,person_in_lotus_position_medium-dark_skin_tone,1,🧘🏾,person in lotus position: medium-dark skin tone,People & Body,person-resting
closed_umbrella,0.0,0.5,0.16666666666666666,0.3333333333333333,0.0,0.0,closed_umbrella,44,🌂,closed umbrella,Travel & Places,sky & weather
ledger,0.3333333333333333,0.25,0.0,0.0,0.3333333333333333,0.08333333333333333,ledger,20,📒,ledger,Objects,book-paper
clapping_hands_medium-light_skin_tone,,,,,,,clapping_hands_medium-light_skin_tone,4796,👏🏼,clapping hands: medium-light skin tone,People & Body,hands
baby_angel_medium-light_skin_tone,,,,,,,baby_angel_medium-light_skin_tone,36,👼🏼,baby angel: medium-light skin tone,People & Body,person-fantasy
man_light_skin_tone_blond_hair,,,,,,,man_light_skin_tone_blond_hair,4,👱🏻‍♂️,"man: light skin tone, blond hair",People & Body,person
memo,0.0028222013170272815,0.017873941674506115,0.008466603951081843,0.008466603951081843,0.955785512699906,0.00658513640639699,memo,1257,📝,memo,Objects,writing
axe,0.0989010989010989,0.3516483516483517,0.12087912087912088,0.26373626373626374,0.03296703296703297,0.13186813186813187,axe,17,🪓,axe,Objects,tool
OK_hand_light_skin_tone,,,,,,,OK_hand_light_skin_tone,2405,👌🏻,OK hand: light skin tone,People & Body,hand-fingers-partial
soap,0.11042944785276074,0.2883435582822086,0.1411042944785276,0.15950920245398773,0.06134969325153374,0.2392638036809816,soap,42,🧼,soap,Objects,household
middle_finger_dark_skin_tone,0.11904761904761904,0.047619047619047616,0.023809523809523808,0.047619047619047616,0.023809523809523808,0.7380952380952381,middle_finger_dark_skin_tone,291,🖕🏿,middle finger: dark skin tone,People & Body,hand-single-finger
rolled-up_newspaper,,,,,,,rolled-up_newspaper,17,🗞️,rolled-up newspaper,Objects,book-paper
child_medium_skin_tone,,,,,,,child_medium_skin_tone,2,🧒🏽,child: medium skin tone,People & Body,person
winking_face_with_tongue,0.032520325203252036,0.751219512195122,0.04715447154471545,0.07479674796747968,0.06829268292682927,0.026016260162601626,winking_face_with_tongue,4521,😜,winking face with tongue,Smileys & Emotion,face-tongue
anxious_face_with_sweat,0.09090909090909091,0.26859504132231404,0.256198347107438,0.28512396694214875,0.0743801652892562,0.024793388429752067,anxious_face_with_sweat,1629,😰,anxious face with sweat,Smileys & Emotion,face-concerned
pretzel,0.06382978723404255,0.6808510638297872,0.0,0.14893617021276595,0.0425531914893617,0.06382978723404255,pretzel,37,🥨,pretzel,Food & Drink,food-prepared
optical_disk,0.0,0.75,0.0,0.1875,0.0625,0.0,optical_disk,88,💿,optical disk,Objects,computer
Zambia,,,,,,,Zambia,12,🇿🇲,flag: Zambia,Flags,country-flag
white_cane,,,,,,,white_cane,2,🦯,white cane,Objects,tool
waffle,0.017241379310344827,0.5172413793103449,0.034482758620689655,0.20689655172413793,0.08620689655172414,0.13793103448275862,waffle,12,🧇,waffle,Food & Drink,food-prepared
thumbs_down_light_skin_tone,0.05394190871369295,0.17427385892116182,0.2074688796680498,0.3360995850622407,0.03319502074688797,0.1950207468879668,thumbs_down_light_skin_tone,2028,👎🏻,thumbs down: light skin tone,People & Body,hand-fingers-closed
face_with_head-bandage,,,,,,,face_with_head-bandage,467,🤕,face with head-bandage,Smileys & Emotion,face-unwell
love-you_gesture_medium_skin_tone,,,,,,,love-you_gesture_medium_skin_tone,90,🤟🏽,love-you gesture: medium skin tone,People & Body,hand-fingers-partial
raised_fist_dark_skin_tone,0.06666666666666667,0.6666666666666666,0.0,0.2,0.0,0.06666666666666667,raised_fist_dark_skin_tone,257,✊🏿,raised fist: dark skin tone,People & Body,hand-fingers-closed
frowning_face_with_open_mouth,0.05555555555555555,0.3888888888888889,0.14814814814814814,0.25925925925925924,0.09259259259259259,0.05555555555555555,frowning_face_with_open_mouth,526,😦,frowning face with open mouth,Smileys & Emotion,face-concerned
woman_lifting_weights_medium_skin_tone,,,,,,,woman_lifting_weights_medium_skin_tone,3,🏋🏽‍♀️,woman lifting weights: medium skin tone,People & Body,person-sport
man_shrugging_medium-light_skin_tone,,,,,,,man_shrugging_medium-light_skin_tone,727,🤷🏼‍♂️,man shrugging: medium-light skin tone,People & Body,person-gesture
backhand_index_pointing_right_dark_skin_tone,,,,,,,backhand_index_pointing_right_dark_skin_tone,147,👉🏿,backhand index pointing right: dark skin tone,People & Body,hand-single-finger
person_in_suit_levitating,,,,,,,person_in_suit_levitating,46,🕴️,person in suit levitating,People & Body,person-activity
kite,0.14285714285714285,0.14285714285714285,0.2857142857142857,0.14285714285714285,0.14285714285714285,0.14285714285714285,kite,2,🪁,kite,Activities,game
merman_light_skin_tone,0.0,1.0,0.0,0.0,0.0,0.0,merman_light_skin_tone,1,🧜🏻‍♂️,merman: light skin tone,People & Body,person-fantasy
woman_standing_medium-light_skin_tone,,,,,,,woman_standing_medium-light_skin_tone,23,🧍🏼‍♀️,woman standing: medium-light skin tone,People & Body,person-activity
woman_singer_medium-light_skin_tone,,,,,,,woman_singer_medium-light_skin_tone,1,👩🏼‍🎤,woman singer: medium-light skin tone,People & Body,person-role
backhand_index_pointing_left,0.8694516971279374,0.0783289817232376,0.010443864229765013,0.02349869451697128,0.009138381201044387,0.009138381201044387,backhand_index_pointing_left,2174,👈,backhand index pointing left,People & Body,hand-single-finger
cactus,0.03286384976525822,0.460093896713615,0.07981220657276995,0.08450704225352113,0.19718309859154928,0.14553990610328638,cactus,891,🌵,cactus,Animals & Nature,plant-other
NG_button,,,,,,,NG_button,8,🆖,NG button,Symbols,alphanum
green_apple,0.0,0.75,0.041666666666666664,0.125,0.041666666666666664,0.041666666666666664,green_apple,236,🍏,green apple,Food & Drink,food-fruit
index_pointing_up_medium-dark_skin_tone,,,,,,,index_pointing_up_medium-dark_skin_tone,78,☝🏾,index pointing up: medium-dark skin tone,People & Body,hand-single-finger
Jordan,,,,,,,Jordan,49,🇯🇴,flag: Jordan,Flags,country-flag
outbox_tray,0.0,0.0,0.0,0.0,1.0,0.0,outbox_tray,4,📤,outbox tray,Objects,mail
person_lifting_weights_medium_skin_tone,,,,,,,person_lifting_weights_medium_skin_tone,2,🏋🏽,person lifting weights: medium skin tone,People & Body,person-sport
man_light_skin_tone,0.0,0.3333333333333333,0.0,0.6666666666666666,0.0,0.0,man_light_skin_tone,30,👨🏻,man: light skin tone,People & Body,person
Scorpio,,,,,,,Scorpio,14,♏,Scorpio,Symbols,zodiac
glass_of_milk,0.047619047619047616,0.7142857142857143,0.0,0.14285714285714285,0.0,0.09523809523809523,glass_of_milk,136,🥛,glass of milk,Food & Drink,drink
woman_detective_medium_skin_tone,0.0,0.0,0.0,1.0,0.0,0.0,woman_detective_medium_skin_tone,4,🕵🏽‍♀️,woman detective: medium skin tone,People & Body,person-role
man_health_worker_light_skin_tone,,,,,,,man_health_worker_light_skin_tone,6,👨🏻‍⚕️,man health worker: light skin tone,People & Body,person-role
tennis,0.025,0.7625,0.075,0.025,0.075,0.0375,tennis,127,🎾,tennis,Activities,sport
purse,0.017857142857142856,0.4642857142857143,0.125,0.125,0.10714285714285714,0.16071428571428573,purse,36,👛,purse,Objects,clothing
beverage_box,0.0,1.0,0.0,0.0,0.0,0.0,beverage_box,31,🧃,beverage box,Food & Drink,drink
woman_in_steamy_room_dark_skin_tone,,,,,,,woman_in_steamy_room_dark_skin_tone,3,🧖🏿‍♀️,woman in steamy room: dark skin tone,People & Body,person-activity
relieved_face,0.036231884057971016,0.7246376811594203,0.050724637681159424,0.08876811594202899,0.04528985507246377,0.05434782608695652,relieved_face,5958,😌,relieved face,Smileys & Emotion,face-sleepy
woman_light_skin_tone_curly_hair,,,,,,,woman_light_skin_tone_curly_hair,1,👩🏻‍🦱,"woman: light skin tone, curly hair",People & Body,person
man_wearing_turban_dark_skin_tone,,,,,,,man_wearing_turban_dark_skin_tone,1,👳🏿‍♂️,man wearing turban: dark skin tone,People & Body,person-role
leg_light_skin_tone,,,,,,,leg_light_skin_tone,5,🦵🏻,leg: light skin tone,People & Body,body-parts
smiling_face_with_open_hands,,,,,,,smiling_face_with_open_hands,7666,🤗,hugging face,Smileys & Emotion,face-hand
man_mage_medium_skin_tone,,,,,,,man_mage_medium_skin_tone,2,🧙🏽‍♂️,man mage: medium skin tone,People & Body,person-fantasy
guard_medium-light_skin_tone,,,,,,,guard_medium-light_skin_tone,1,💂🏼,guard: medium-light skin tone,People & Body,person-role
person_swimming_light_skin_tone,0.0,1.0,0.0,0.0,0.0,0.0,person_swimming_light_skin_tone,2,🏊🏻,person swimming: light skin tone,People & Body,person-sport
man_wearing_turban,,,,,,,man_wearing_turban,1,👳‍♂️,man wearing turban,People & Body,person-role
keyboard,0.06818181818181818,0.32575757575757575,0.10984848484848485,0.19696969696969696,0.14393939393939395,0.1553030303030303,keyboard,48,⌨️,keyboard,Objects,computer
rose,0.01844532279314888,0.7417654808959157,0.077733860342556,0.08827404479578392,0.05138339920948617,0.022397891963109356,rose,1531,🌹,rose,Animals & Nature,plant-flower
girl_light_skin_tone,0.0,1.0,0.0,0.0,0.0,0.0,girl_light_skin_tone,21,👧🏻,girl: light skin tone,People & Body,person
tropical_fish,0.0,0.75,0.1875,0.0625,0.0,0.0,tropical_fish,137,🐠,tropical fish,Animals & Nature,animal-marine
kiss_woman_man,0.0,0.5,0.0,0.0,0.5,0.0,kiss_woman_man,5,👩‍❤️‍💋‍👨,"kiss: woman, man",People & Body,family
wastebasket,0.09302325581395349,0.13953488372093023,0.10465116279069768,0.1511627906976744,0.03488372093023256,0.47674418604651164,wastebasket,952,🗑️,wastebasket,Objects,office
desktop_computer,0.0,0.5,0.125,0.25,0.0625,0.0625,desktop_computer,218,🖥️,desktop computer,Objects,computer
technologist_medium-light_skin_tone,,,,,,,technologist_medium-light_skin_tone,2,🧑🏼‍💻,technologist: medium-light skin tone,People & Body,person-role
man_teacher,,,,,,,man_teacher,9,👨‍🏫,man teacher,People & Body,person-role
index_pointing_up,0.0,0.9512195121951219,0.0,0.024390243902439025,0.0,0.024390243902439025,index_pointing_up,725,☝️,index pointing up,People & Body,hand-single-finger
woman_office_worker_medium-light_skin_tone,,,,,,,woman_office_worker_medium-light_skin_tone,4,👩🏼‍💼,woman office worker: medium-light skin tone,People & Body,person-role
man_health_worker,,,,,,,man_health_worker,90,👨‍⚕️,man health worker,People & Body,person-role
safety_vest,,,,,,,safety_vest,1,🦺,safety vest,Objects,clothing
growing_heart,0.020080321285140562,0.9036144578313253,0.02208835341365462,0.0214190093708166,0.028781793842034806,0.004016064257028112,growing_heart,4860,💗,growing heart,Smileys & Emotion,emotion
mantelpiece_clock,0.25,0.65,0.0,0.05,0.05,0.0,mantelpiece_clock,208,🕰️,mantelpiece clock,Travel & Places,time
Yemen,,,,,,,Yemen,15,🇾🇪,flag: Yemen,Flags,country-flag
microbe,0.11320754716981132,0.1320754716981132,0.3018867924528302,0.3018867924528302,0.03773584905660377,0.11320754716981132,microbe,294,🦠,microbe,Animals & Nature,animal-bug
woman_fairy_medium_skin_tone,0.0,1.0,0.0,0.0,0.0,0.0,woman_fairy_medium_skin_tone,8,🧚🏽‍♀️,woman fairy: medium skin tone,People & Body,person-fantasy
syringe,0.06451612903225806,0.0967741935483871,0.1935483870967742,0.5161290322580645,0.06451612903225806,0.06451612903225806,syringe,196,💉,syringe,Objects,medical
man_dark_skin_tone_red_hair,,,,,,,man_dark_skin_tone_red_hair,1,👨🏿‍🦰,"man: dark skin tone, red hair",People & Body,person
man_cook_medium_skin_tone,,,,,,,man_cook_medium_skin_tone,2,👨🏽‍🍳,man cook: medium skin tone,People & Body,person-role
warning,0.24716786817713698,0.10710607621009269,0.1791967044284243,0.2070030895983522,0.09886714727085479,0.16065911431513905,warning,604,⚠️,warning,Symbols,warning
right_arrow_curving_left,,,,,,,right_arrow_curving_left,14,↩️,right arrow curving left,Symbols,arrow
man_cartwheeling_medium_skin_tone,,,,,,,man_cartwheeling_medium_skin_tone,4,🤸🏽‍♂️,man cartwheeling: medium skin tone,People & Body,person-sport
radioactive,0.08108108108108109,0.05405405405405406,0.13513513513513514,0.5945945945945946,0.0,0.13513513513513514,radioactive,53,☢️,radioactive,Symbols,warning
atom_symbol,,,,,,,atom_symbol,12,⚛️,atom symbol,Symbols,religion
mechanical_leg,0.0,0.0,0.0,1.0,0.0,0.0,mechanical_leg,6,🦿,mechanical leg,People & Body,body-parts
thumbs_up_dark_skin_tone,0.041666666666666664,0.6666666666666666,0.041666666666666664,0.125,0.125,0.0,thumbs_up_dark_skin_tone,235,👍🏿,thumbs up: dark skin tone,People & Body,hand-fingers-closed
person_bald,,,,,,,person_bald,2,🧑‍🦲,person: bald,People & Body,person
man_dancing,0.019801980198019802,0.8217821782178217,0.0,0.10891089108910891,0.04950495049504951,0.0,man_dancing,11358,🕺,man dancing,People & Body,person-activity
mobile_phone_off,,,,,,,mobile_phone_off,29,📴,mobile phone off,Symbols,av-symbol
flushed_face,0.04976303317535545,0.3862559241706161,0.11374407582938388,0.21919431279620852,0.11137440758293839,0.11966824644549763,flushed_face,8401,😳,flushed face,Smileys & Emotion,face-concerned
jeans,0.06919642857142858,0.5446428571428571,0.12834821428571427,0.07589285714285714,0.05580357142857143,0.12611607142857142,jeans,365,👖,jeans,Objects,clothing
horse,0.05783582089552239,0.12686567164179105,0.05223880597014925,0.07276119402985075,0.014925373134328358,0.6753731343283582,horse,129,🐎,horse,Animals & Nature,animal-mammal
Slovakia,,,,,,,Slovakia,11,🇸🇰,flag: Slovakia,Flags,country-flag
woman_in_steamy_room,,,,,,,woman_in_steamy_room,6,🧖‍♀️,woman in steamy room,People & Body,person-activity
backhand_index_pointing_left_medium-light_skin_tone,,,,,,,backhand_index_pointing_left_medium-light_skin_tone,296,👈🏼,backhand index pointing left: medium-light skin tone,People & Body,hand-single-finger
man_shrugging_light_skin_tone,0.07333333333333333,0.29333333333333333,0.14666666666666667,0.2866666666666667,0.05333333333333334,0.14666666666666667,man_shrugging_light_skin_tone,1473,🤷🏻‍♂️,man shrugging: light skin tone,People & Body,person-gesture
soccer_ball,0.006578947368421052,0.9407894736842105,0.0,0.013157894736842105,0.039473684210526314,0.0,soccer_ball,849,⚽,soccer ball,Activities,sport
Central_African_Republic,,,,,,,Central_African_Republic,1,🇨🇫,flag: Central African Republic,Flags,country-flag
person_wearing_turban_dark_skin_tone,,,,,,,person_wearing_turban_dark_skin_tone,1,👳🏿,person wearing turban: dark skin tone,People & Body,person-role
woman_with_veil,,,,,,,woman_with_veil,2,👰‍♀️,woman with veil,People & Body,person-role
bridge_at_night,0.0,1.0,0.0,0.0,0.0,0.0,bridge_at_night,25,🌉,bridge at night,Travel & Places,place-other
video_camera,0.0,0.8181818181818182,0.09090909090909091,0.0,0.09090909090909091,0.0,video_camera,109,📹,video camera,Objects,light & video
person_dark_skin_tone_beard,,,,,,,person_dark_skin_tone_beard,2,🧔🏿,"person: dark skin tone, beard",People & Body,person
police_car_light,0.0007042253521126761,0.004225352112676056,0.0012323943661971832,0.002640845070422535,0.9905809859154929,0.0006161971830985916,police_car_light,16589,🚨,police car light,Travel & Places,transport-ground
white_medium-small_square,,,,,,,white_medium-small_square,95,◽,white medium-small square,Symbols,geometric
crab,0.09090909090909091,0.4318181818181818,0.1590909090909091,0.13636363636363635,0.06818181818181818,0.11363636363636363,crab,89,🦀,crab,Food & Drink,food-marine
postal_horn,0.0,0.0,0.0,1.0,0.0,0.0,postal_horn,20,📯,postal horn,Objects,sound
open_hands_dark_skin_tone,,,,,,,open_hands_dark_skin_tone,5,👐🏿,open hands: dark skin tone,People & Body,hands
bottle_with_popping_cork,0.00980392156862745,0.9068627450980392,0.00980392156862745,0.014705882352941176,0.03431372549019608,0.024509803921568627,bottle_with_popping_cork,1012,🍾,bottle with popping cork,Food & Drink,drink
woman_in_motorized_wheelchair_light_skin_tone,,,,,,,woman_in_motorized_wheelchair_light_skin_tone,1,👩🏻‍🦼,woman in motorized wheelchair: light skin tone,People & Body,person-activity
person_in_tuxedo,,,,,,,person_in_tuxedo,26,🤵,person in tuxedo,People & Body,person-role
musical_keyboard,0.0,0.8333333333333334,0.0,0.1111111111111111,0.05555555555555555,0.0,musical_keyboard,101,🎹,musical keyboard,Objects,musical-instrument
backhand_index_pointing_up,0.06666666666666667,0.6666666666666666,0.022222222222222223,0.06666666666666667,0.1111111111111111,0.06666666666666667,backhand_index_pointing_up,394,👆,backhand index pointing up,People & Body,hand-single-finger
cloud_with_snow,0.0,1.0,0.0,0.0,0.0,0.0,cloud_with_snow,66,🌨️,cloud with snow,Travel & Places,sky & weather
couple_with_heart_woman_woman,0.0,0.875,0.0,0.125,0.0,0.0,couple_with_heart_woman_woman,24,👩‍❤️‍👩,"couple with heart: woman, woman",People & Body,family
woman_astronaut_medium-dark_skin_tone,,,,,,,woman_astronaut_medium-dark_skin_tone,2,👩🏾‍🚀,woman astronaut: medium-dark skin tone,People & Body,person-role
person_standing_light_skin_tone,,,,,,,person_standing_light_skin_tone,15,🧍🏻,person standing: light skin tone,People & Body,person-activity
umbrella_on_ground,0.0,1.0,0.0,0.0,0.0,0.0,umbrella_on_ground,42,⛱️,umbrella on ground,Travel & Places,sky & weather
baggage_claim,,,,,,,baggage_claim,1,🛄,baggage claim,Symbols,transport-sign
robot,0.06725146198830409,0.347953216374269,0.13450292397660818,0.20760233918128654,0.11988304093567251,0.12280701754385964,robot,461,🤖,robot,Smileys & Emotion,face-costume
raised_fist_medium_skin_tone,0.03571428571428571,0.6607142857142857,0.08928571428571429,0.10714285714285714,0.03571428571428571,0.07142857142857142,raised_fist_medium_skin_tone,472,✊🏽,raised fist: medium skin tone,People & Body,hand-fingers-closed
Mongolia,,,,,,,Mongolia,2,🇲🇳,flag: Mongolia,Flags,country-flag
megaphone,0.25,0.6333333333333333,0.0,0.06666666666666667,0.05,0.0,megaphone,373,📣,megaphone,Objects,sound
woman_bowing_dark_skin_tone,,,,,,,woman_bowing_dark_skin_tone,2,🙇🏿‍♀️,woman bowing: dark skin tone,People & Body,person-gesture
bread,0.06964285714285715,0.4928571428571429,0.1125,0.11964285714285715,0.060714285714285714,0.14464285714285716,bread,169,🍞,bread,Food & Drink,food-prepared
eyes,0.016278789340407572,0.8152055950801881,0.03068853249728687,0.061738815868805016,0.052212709514047995,0.02387555769926444,eyes,48343,👀,eyes,People & Body,body-parts
person_medium_skin_tone,,,,,,,person_medium_skin_tone,1,🧑🏽,person: medium skin tone,People & Body,person
orange_book,,,,,,,orange_book,4,📙,orange book,Objects,book-paper
backhand_index_pointing_up_medium-dark_skin_tone,,,,,,,backhand_index_pointing_up_medium-dark_skin_tone,115,👆🏾,backhand index pointing up: medium-dark skin tone,People & Body,hand-single-finger
person_light_skin_tone_blond_hair,,,,,,,person_light_skin_tone_blond_hair,3,👱🏻,"person: light skin tone, blond hair",People & Body,person
woman_surfing_light_skin_tone,0.0,1.0,0.0,0.0,0.0,0.0,woman_surfing_light_skin_tone,4,🏄🏻‍♀️,woman surfing: light skin tone,People & Body,person-sport
baby_dark_skin_tone,,,,,,,baby_dark_skin_tone,2,👶🏿,baby: dark skin tone,People & Body,person
deaf_person_light_skin_tone,,,,,,,deaf_person_light_skin_tone,1,🧏🏻,deaf person: light skin tone,People & Body,person-gesture
post_office,0.0,1.0,0.0,0.0,0.0,0.0,post_office,6,🏤,post office,Travel & Places,place-building
ship,0.08322496749024708,0.3211963589076723,0.1599479843953186,0.16514954486345904,0.09232769830949285,0.17815344603381014,ship,181,🚢,ship,Travel & Places,transport-water
baby_symbol,,,,,,,baby_symbol,7,🚼,baby symbol,Symbols,transport-sign
circled_M,,,,,,,circled_M,20,Ⓜ️,circled M,Symbols,alphanum
nail_polish_dark_skin_tone,,,,,,,nail_polish_dark_skin_tone,4,💅🏿,nail polish: dark skin tone,People & Body,hand-prop
woman_supervillain,,,,,,,woman_supervillain,7,🦹‍♀️,woman supervillain,People & Body,person-fantasy
man_detective_medium-light_skin_tone,,,,,,,man_detective_medium-light_skin_tone,3,🕵🏼‍♂️,man detective: medium-light skin tone,People & Body,person-role
cityscape,0.0,1.0,0.0,0.0,0.0,0.0,cityscape,79,🏙️,cityscape,Travel & Places,place-other
squinting_face_with_tongue,0.039647577092511016,0.6916299559471366,0.07048458149779736,0.1145374449339207,0.05286343612334802,0.030837004405286344,squinting_face_with_tongue,2388,😝,squinting face with tongue,Smileys & Emotion,face-tongue
face_with_steam_from_nose,0.20199063231850117,0.14929742388758782,0.09894613583138173,0.2265807962529274,0.0468384074941452,0.27634660421545665,face_with_steam_from_nose,14813,😤,face with steam from nose,Smileys & Emotion,face-negative
woman_with_white_cane_medium-light_skin_tone,,,,,,,woman_with_white_cane_medium-light_skin_tone,6,👩🏼‍🦯,woman with white cane: medium-light skin tone,People & Body,person-activity
woman_walking_light_skin_tone,0.0,0.0,0.0,0.0,0.0,1.0,woman_walking_light_skin_tone,32,🚶🏻‍♀️,woman walking: light skin tone,People & Body,person-activity
label,0.08547008547008547,0.2606837606837607,0.16452991452991453,0.24786324786324787,0.1452991452991453,0.09615384615384616,label,12,🏷️,label,Objects,book-paper
smiling_face_with_hearts,,,,,,,smiling_face_with_hearts,13189,🥰,smiling face with hearts,Smileys & Emotion,face-affection
man_shrugging_dark_skin_tone,0.25,0.25,0.03571428571428571,0.17857142857142858,0.14285714285714285,0.14285714285714285,man_shrugging_dark_skin_tone,224,🤷🏿‍♂️,man shrugging: dark skin tone,People & Body,person-gesture
white_small_square,,,,,,,white_small_square,17,▫️,white small square,Symbols,geometric
fire_extinguisher,0.0,1.0,0.0,0.0,0.0,0.0,fire_extinguisher,14,🧯,fire extinguisher,Objects,household
pregnant_woman_medium_skin_tone,0.0,0.3333333333333333,0.6666666666666666,0.0,0.0,0.0,pregnant_woman_medium_skin_tone,20,🤰🏽,pregnant woman: medium skin tone,People & Body,person-role
desert,0.10112359550561797,0.5056179775280899,0.15730337078651685,0.07865168539325842,0.0449438202247191,0.11235955056179775,desert,29,🏜️,desert,Travel & Places,place-geographic
computer_mouse,0.0,0.5,0.0,0.0,0.5,0.0,computer_mouse,165,🖱️,computer mouse,Objects,computer
man_bowing_light_skin_tone,0.0,1.0,0.0,0.0,0.0,0.0,man_bowing_light_skin_tone,35,🙇🏻‍♂️,man bowing: light skin tone,People & Body,person-gesture
dragon_face,0.1,0.4,0.1,0.4,0.0,0.0,dragon_face,48,🐲,dragon face,Animals & Nature,animal-reptile
right-facing_fist_medium-light_skin_tone,,,,,,,right-facing_fist_medium-light_skin_tone,21,🤜🏼,right-facing fist: medium-light skin tone,People & Body,hand-fingers-closed
anguished_face,0.13043478260869565,0.2717391304347826,0.20652173913043478,0.22826086956521738,0.11956521739130435,0.043478260869565216,anguished_face,704,😧,anguished face,Smileys & Emotion,face-concerned
roasted_sweet_potato,0.0,0.5,0.0,0.5,0.0,0.0,roasted_sweet_potato,24,🍠,roasted sweet potato,Food & Drink,food-asian
evergreen_tree,0.010309278350515464,0.7422680412371134,0.17525773195876287,0.041237113402061855,0.020618556701030927,0.010309278350515464,evergreen_tree,489,🌲,evergreen tree,Animals & Nature,plant-other
Cuba,,,,,,,Cuba,66,🇨🇺,flag: Cuba,Flags,country-flag
person_gesturing_NO_medium-light_skin_tone,,,,,,,person_gesturing_NO_medium-light_skin_tone,30,🙅🏼,person gesturing NO: medium-light skin tone,People & Body,person-gesture
cherry_blossom,0.0,0.8973214285714286,0.044642857142857144,0.017857142857142856,0.03571428571428571,0.004464285714285714,cherry_blossom,905,🌸,cherry blossom,Animals & Nature,plant-flower
counterclockwise_arrows_button,0.1875,0.625,0.125,0.0,0.0,0.0625,counterclockwise_arrows_button,70,🔄,counterclockwise arrows button,Symbols,arrow
eye,0.035924932975871314,0.6798927613941019,0.08096514745308311,0.11206434316353887,0.05361930294906166,0.03753351206434316,eye,2010,👁️,eye,People & Body,body-parts
Guatemala,,,,,,,Guatemala,5,🇬🇹,flag: Guatemala,Flags,country-flag
telephone_receiver,0.14285714285714285,0.7142857142857143,0.05714285714285714,0.0,0.0,0.08571428571428572,telephone_receiver,413,📞,telephone receiver,Objects,phone
hook,0.05426356589147287,0.5710594315245479,0.09043927648578812,0.10594315245478036,0.04909560723514212,0.12919896640826872,hook,1,🪝,hook,Objects,tool
fishing_pole,0.2,0.0,0.2,0.2,0.0,0.4,fishing_pole,57,🎣,fishing pole,Activities,sport
laptop,0.0933673469387755,0.24744897959183673,0.21122448979591837,0.1586734693877551,0.16071428571428573,0.12857142857142856,laptop,803,💻,laptop,Objects,computer
man_walking_light_skin_tone,0.0,0.0,1.0,0.0,0.0,0.0,man_walking_light_skin_tone,17,🚶🏻‍♂️,man walking: light skin tone,People & Body,person-activity
sign_of_the_horns_medium-dark_skin_tone,,,,,,,sign_of_the_horns_medium-dark_skin_tone,169,🤘🏾,sign of the horns: medium-dark skin tone,People & Body,hand-fingers-partial
woman_raising_hand_medium-light_skin_tone,,,,,,,woman_raising_hand_medium-light_skin_tone,111,🙋🏼‍♀️,woman raising hand: medium-light skin tone,People & Body,person-gesture
school,0.0814111261872456,0.44776119402985076,0.13930348258706468,0.16056083220262324,0.0710085933966531,0.09995477159656264,school,55,🏫,school,Travel & Places,place-building
man_kneeling,,,,,,,man_kneeling,11,🧎‍♂️,man kneeling,People & Body,person-activity
woman_guard_medium-dark_skin_tone,,,,,,,woman_guard_medium-dark_skin_tone,1,💂🏾‍♀️,woman guard: medium-dark skin tone,People & Body,person-role
tram,0.0,0.0,0.2,0.2,0.6,0.0,tram,12,🚊,tram,Travel & Places,transport-ground
fork_and_knife,0.0,0.8125,0.09375,0.0625,0.0,0.03125,fork_and_knife,255,🍴,fork and knife,Food & Drink,dishware
coin,0.11214953271028037,0.35514018691588783,0.14953271028037382,0.14953271028037382,0.07476635514018691,0.1588785046728972,coin,19,🪙,coin,Objects,money
Iran,,,,,,,Iran,13,🇮🇷,flag: Iran,Flags,country-flag
man_farmer,,,,,,,man_farmer,5,👨‍🌾,man farmer,People & Body,person-role
Tonga,,,,,,,Tonga,2,🇹🇴,flag: Tonga,Flags,country-flag
man_biking_dark_skin_tone,,,,,,,man_biking_dark_skin_tone,1,🚴🏿‍♂️,man biking: dark skin tone,People & Body,person-sport
hamburger,0.04977145759268664,0.7176231589639411,0.057897409852717116,0.062468257998984256,0.0563737938039614,0.055865921787709494,hamburger,11744,🍔,hamburger,Food & Drink,food-prepared
man_running_medium-dark_skin_tone,,,,,,,man_running_medium-dark_skin_tone,14,🏃🏾‍♂️,man running: medium-dark skin tone,People & Body,person-activity
man_bowing_medium-light_skin_tone,,,,,,,man_bowing_medium-light_skin_tone,7,🙇🏼‍♂️,man bowing: medium-light skin tone,People & Body,person-gesture
keycap_2,0.05263157894736842,0.7894736842105263,0.05263157894736842,0.05263157894736842,0.05263157894736842,0.0,keycap_2,167,2️⃣,keycap: 2,Symbols,keycap
person_golfing_light_skin_tone,,,,,,,person_golfing_light_skin_tone,1,🏌🏻,person golfing: light skin tone,People & Body,person-sport
woman_raising_hand_light_skin_tone,0.0,0.9285714285714286,0.07142857142857142,0.0,0.0,0.0,woman_raising_hand_light_skin_tone,211,🙋🏻‍♀️,woman raising hand: light skin tone,People & Body,person-gesture
woman_standing,0.21052631578947367,0.15789473684210525,0.0,0.3684210526315789,0.05263157894736842,0.21052631578947367,woman_standing,154,🧍‍♀️,woman standing,People & Body,person-activity
sun_behind_cloud,0.0,1.0,0.0,0.0,0.0,0.0,sun_behind_cloud,30,⛅,sun behind cloud,Travel & Places,sky & weather
right-facing_fist_medium-dark_skin_tone,,,,,,,right-facing_fist_medium-dark_skin_tone,12,🤜🏾,right-facing fist: medium-dark skin tone,People & Body,hand-fingers-closed
bat,0.08294930875576037,0.2626728110599078,0.06912442396313365,0.28110599078341014,0.041474654377880185,0.2626728110599078,bat,244,🦇,bat,Animals & Nature,animal-mammal
Thailand,,,,,,,Thailand,35,🇹🇭,flag: Thailand,Flags,country-flag
pinching_hand_medium_skin_tone,,,,,,,pinching_hand_medium_skin_tone,5,🤏🏽,pinching hand: medium skin tone,People & Body,hand-fingers-partial
bus_stop,,,,,,,bus_stop,1,🚏,bus stop,Travel & Places,transport-ground
Puerto_Rico,,,,,,,Puerto_Rico,143,🇵🇷,flag: Puerto Rico,Flags,country-flag
boxing_glove,0.25,0.25,0.1,0.4,0.0,0.0,boxing_glove,131,🥊,boxing glove,Activities,sport
clamp,0.5,0.0,0.25,0.25,0.0,0.0,clamp,4,🗜️,clamp,Objects,tool
pencil,0.0875,0.7375,0.0875,0.05,0.0125,0.025,pencil,57,✏️,pencil,Objects,writing
woman_in_steamy_room_medium-dark_skin_tone,,,,,,,woman_in_steamy_room_medium-dark_skin_tone,6,🧖🏾‍♀️,woman in steamy room: medium-dark skin tone,People & Body,person-activity
Maldives,,,,,,,Maldives,5,🇲🇻,flag: Maldives,Flags,country-flag
pouting_face,0.2134071340713407,0.11500615006150061,0.1343788437884379,0.25092250922509224,0.07641451414514146,0.20987084870848707,pouting_face,47801,😡,pouting face,Smileys & Emotion,face-negative
polar_bear,,,,,,,polar_bear,3,🐻‍❄️,polar bear,Animals & Nature,animal-mammal
man_facepalming_light_skin_tone,0.12962962962962962,0.18518518518518517,0.09876543209876543,0.18518518518518517,0.037037037037037035,0.36419753086419754,man_facepalming_light_skin_tone,1496,🤦🏻‍♂️,man facepalming: light skin tone,People & Body,person-gesture
white_square_button,,,,,,,white_square_button,3,🔳,white square button,Symbols,geometric
money_with_wings,0.16071428571428573,0.39285714285714285,0.14285714285714285,0.14285714285714285,0.05357142857142857,0.10714285714285714,money_with_wings,1080,💸,money with wings,Objects,money
Kosovo,,,,,,,Kosovo,7,🇽🇰,flag: Kosovo,Flags,country-flag
tangerine,0.008403361344537815,0.7478991596638656,0.05042016806722689,0.11764705882352941,0.05042016806722689,0.025210084033613446,tangerine,920,🍊,tangerine,Food & Drink,food-fruit
princess_light_skin_tone,0.0,1.0,0.0,0.0,0.0,0.0,princess_light_skin_tone,70,👸🏻,princess: light skin tone,People & Body,person-role
woman_light_skin_tone,0.0,0.4,0.0,0.6,0.0,0.0,woman_light_skin_tone,30,👩🏻,woman: light skin tone,People & Body,person
eight-thirty,,,,,,,eight-thirty,3,🕣,eight-thirty,Travel & Places,time
woman_walking_medium_skin_tone,,,,,,,woman_walking_medium_skin_tone,11,🚶🏽‍♀️,woman walking: medium skin tone,People & Body,person-activity
woman_farmer_dark_skin_tone,,,,,,,woman_farmer_dark_skin_tone,1,👩🏿‍🌾,woman farmer: dark skin tone,People & Body,person-role
man_lifting_weights_light_skin_tone,,,,,,,man_lifting_weights_light_skin_tone,6,🏋🏻‍♂️,man lifting weights: light skin tone,People & Body,person-sport
crocodile,0.15,0.425,0.125,0.175,0.025,0.1,crocodile,61,🐊,crocodile,Animals & Nature,animal-reptile
person_juggling,,,,,,,person_juggling,7,🤹,person juggling,People & Body,person-sport
man_police_officer_dark_skin_tone,,,,,,,man_police_officer_dark_skin_tone,3,👮🏿‍♂️,man police officer: dark skin tone,People & Body,person-role
mobile_phone_with_arrow,0.0,0.5952380952380952,0.07142857142857142,0.047619047619047616,0.2619047619047619,0.023809523809523808,mobile_phone_with_arrow,351,📲,mobile phone with arrow,Objects,phone
face_with_tongue,0.023255813953488372,0.6124031007751938,0.046511627906976744,0.1937984496124031,0.06201550387596899,0.06201550387596899,face_with_tongue,1332,😛,face with tongue,Smileys & Emotion,face-tongue
Nepal,,,,,,,Nepal,22,🇳🇵,flag: Nepal,Flags,country-flag
rock,0.07043879907621248,0.5623556581986143,0.09468822170900693,0.12933025404157045,0.04503464203233257,0.09815242494226328,rock,18,🪨,rock,Travel & Places,place-building
man_facepalming_medium_skin_tone,0.07003891050583658,0.10505836575875487,0.09727626459143969,0.23346303501945526,0.038910505836575876,0.45525291828793774,man_facepalming_medium_skin_tone,1805,🤦🏽‍♂️,man facepalming: medium skin tone,People & Body,person-gesture
selfie,0.006896551724137931,0.8206896551724138,0.027586206896551724,0.08275862068965517,0.04827586206896552,0.013793103448275862,selfie,200,🤳,selfie,People & Body,hand-prop
shallow_pan_of_food,0.0,0.75,0.0,0.25,0.0,0.0,shallow_pan_of_food,145,🥘,shallow pan of food,Food & Drink,food-prepared
card_index_dividers,0.0,1.0,0.0,0.0,0.0,0.0,card_index_dividers,8,🗂️,card index dividers,Objects,office
person_wearing_turban_light_skin_tone,,,,,,,person_wearing_turban_light_skin_tone,1,👳🏻,person wearing turban: light skin tone,People & Body,person-role
old_woman_medium-dark_skin_tone,,,,,,,old_woman_medium-dark_skin_tone,4,👵🏾,old woman: medium-dark skin tone,People & Body,person
Brunei,,,,,,,Brunei,2,🇧🇳,flag: Brunei,Flags,country-flag
ram,0.09433962264150944,0.3490566037735849,0.12264150943396226,0.16981132075471697,0.12264150943396226,0.14150943396226415,ram,31,🐏,ram,Animals & Nature,animal-mammal
bow_and_arrow,0.21052631578947367,0.5789473684210527,0.0,0.15789473684210525,0.05263157894736842,0.0,bow_and_arrow,73,🏹,bow and arrow,Objects,tool
black_large_square,0.0,0.043478260869565216,0.0,0.043478260869565216,0.8695652173913043,0.043478260869565216,black_large_square,48,⬛,black large square,Symbols,geometric
Uganda,,,,,,,Uganda,25,🇺🇬,flag: Uganda,Flags,country-flag
black_medium-small_square,,,,,,,black_medium-small_square,21,◾,black medium-small square,Symbols,geometric
man_getting_massage_light_skin_tone,,,,,,,man_getting_massage_light_skin_tone,7,💆🏻‍♂️,man getting massage: light skin tone,People & Body,person-activity
foot_light_skin_tone,,,,,,,foot_light_skin_tone,6,🦶🏻,foot: light skin tone,People & Body,body-parts
mountain_cableway,,,,,,,mountain_cableway,1,🚠,mountain cableway,Travel & Places,transport-air
police_officer_dark_skin_tone,,,,,,,police_officer_dark_skin_tone,1,👮🏿,police officer: dark skin tone,People & Body,person-role
couch_and_lamp,0.0,0.6,0.2,0.2,0.0,0.0,couch_and_lamp,51,🛋️,couch and lamp,Objects,household
bone,0.08928571428571429,0.2648809523809524,0.25,0.22321428571428573,0.0625,0.11011904761904762,bone,55,🦴,bone,People & Body,body-parts
merman,0.0,0.0,1.0,0.0,0.0,0.0,merman,3,🧜‍♂️,merman,People & Body,person-fantasy
woman_curly_hair,,,,,,,woman_curly_hair,7,👩‍🦱,woman: curly hair,People & Body,person
mosquito,0.0,0.375,0.0,0.125,0.375,0.125,mosquito,19,🦟,mosquito,Animals & Nature,animal-bug
Bangladesh,,,,,,,Bangladesh,76,🇧🇩,flag: Bangladesh,Flags,country-flag
dog,0.08001808318264014,0.27893309222423146,0.15415913200723327,0.1442133815551537,0.023508137432188065,0.3191681735985534,dog,422,🐕,dog,Animals & Nature,animal-mammal
field_hockey,0.0,0.5,0.0,0.0,0.5,0.0,field_hockey,29,🏑,field hockey,Activities,sport
person_bouncing_ball_medium-light_skin_tone,,,,,,,person_bouncing_ball_medium-light_skin_tone,1,⛹🏼,person bouncing ball: medium-light skin tone,People & Body,person-sport
lying_face,0.023809523809523808,0.21428571428571427,0.0,0.16666666666666666,0.09523809523809523,0.5,lying_face,271,🤥,lying face,Smileys & Emotion,face-neutral-skeptical
Falkland_Islands,,,,,,,Falkland_Islands,2,🇫🇰,flag: Falkland Islands,Flags,country-flag
confused_face,0.08231173380035026,0.3975481611208406,0.24518388791593695,0.13134851138353765,0.047285464098073555,0.09632224168126094,confused_face,5678,😕,confused face,Smileys & Emotion,face-concerned
man_red_hair,,,,,,,man_red_hair,5,👨‍🦰,man: red hair,People & Body,person
person_getting_massage_medium-light_skin_tone,,,,,,,person_getting_massage_medium-light_skin_tone,12,💆🏼,person getting massage: medium-light skin tone,People & Body,person-activity
person_lifting_weights_medium-light_skin_tone,,,,,,,person_lifting_weights_medium-light_skin_tone,1,🏋🏼,person lifting weights: medium-light skin tone,People & Body,person-sport
yellow_square,,,,,,,yellow_square,49,🟨,yellow square,Symbols,geometric
raised_hand_light_skin_tone,0.0,0.47058823529411764,0.11764705882352941,0.29411764705882354,0.0,0.11764705882352941,raised_hand_light_skin_tone,228,✋🏻,raised hand: light skin tone,People & Body,hand-fingers-open
man_bowing,,,,,,,man_bowing,67,🙇‍♂️,man bowing,People & Body,person-gesture
crying_cat,,,,,,,crying_cat,485,😿,crying cat,Smileys & Emotion,cat-face
deaf_woman,0.0,0.0,0.0,1.0,0.0,0.0,deaf_woman,4,🧏‍♀️,deaf woman,People & Body,person-gesture
man_student_medium-dark_skin_tone,,,,,,,man_student_medium-dark_skin_tone,5,👨🏾‍🎓,man student: medium-dark skin tone,People & Body,person-role
leg_medium-light_skin_tone,,,,,,,leg_medium-light_skin_tone,1,🦵🏼,leg: medium-light skin tone,People & Body,body-parts
goat,0.04580152671755725,0.4351145038167939,0.06870229007633588,0.15267175572519084,0.03816793893129771,0.2595419847328244,goat,618,🐐,goat,Animals & Nature,animal-mammal
woman_singer_medium_skin_tone,,,,,,,woman_singer_medium_skin_tone,5,👩🏽‍🎤,woman singer: medium skin tone,People & Body,person-role
woman_office_worker_medium_skin_tone,,,,,,,woman_office_worker_medium_skin_tone,2,👩🏽‍💼,woman office worker: medium skin tone,People & Body,person-role
woman_shrugging_dark_skin_tone,0.0,0.2857142857142857,0.0,0.42857142857142855,0.0,0.2857142857142857,woman_shrugging_dark_skin_tone,82,🤷🏿‍♀️,woman shrugging: dark skin tone,People & Body,person-gesture
bikini,0.08823529411764706,0.5294117647058824,0.029411764705882353,0.20588235294117646,0.08823529411764706,0.058823529411764705,bikini,94,👙,bikini,Objects,clothing
woman_gesturing_OK_medium-dark_skin_tone,,,,,,,woman_gesturing_OK_medium-dark_skin_tone,22,🙆🏾‍♀️,woman gesturing OK: medium-dark skin tone,People & Body,person-gesture
national_park,0.0,0.3333333333333333,0.3333333333333333,0.3333333333333333,0.0,0.0,national_park,36,🏞️,national park,Travel & Places,place-geographic
old_woman_dark_skin_tone,,,,,,,old_woman_dark_skin_tone,13,👵🏿,old woman: dark skin tone,People & Body,person
man_genie,,,,,,,man_genie,12,🧞‍♂️,man genie,People & Body,person-fantasy
man_with_veil_medium_skin_tone,,,,,,,man_with_veil_medium_skin_tone,2,👰🏽‍♂️,man with veil: medium skin tone,People & Body,person-role
woman_raising_hand_medium_skin_tone,0.0,0.42857142857142855,0.2857142857142857,0.0,0.2857142857142857,0.0,woman_raising_hand_medium_skin_tone,132,🙋🏽‍♀️,woman raising hand: medium skin tone,People & Body,person-gesture
man_detective_light_skin_tone,0.0,0.3333333333333333,0.0,0.6666666666666666,0.0,0.0,man_detective_light_skin_tone,18,🕵🏻‍♂️,man detective: light skin tone,People & Body,person-role
Romania,,,,,,,Romania,41,🇷🇴,flag: Romania,Flags,country-flag
person_with_veil_medium-dark_skin_tone,,,,,,,person_with_veil_medium-dark_skin_tone,2,👰🏾,person with veil: medium-dark skin tone,People & Body,person-role
man_mage_medium-dark_skin_tone,,,,,,,man_mage_medium-dark_skin_tone,3,🧙🏾‍♂️,man mage: medium-dark skin tone,People & Body,person-fantasy
fox,0.3617929562433298,0.20704375667022412,0.08751334044823907,0.22732123799359658,0.0288153681963714,0.08751334044823907,fox,148,🦊,fox,Animals & Nature,animal-mammal
person_tipping_hand_light_skin_tone,0.07692307692307693,0.6153846153846154,0.0,0.3076923076923077,0.0,0.0,person_tipping_hand_light_skin_tone,143,💁🏻,person tipping hand: light skin tone,People & Body,person-gesture
vulcan_salute_light_skin_tone,0.0,1.0,0.0,0.0,0.0,0.0,vulcan_salute_light_skin_tone,18,🖖🏻,vulcan salute: light skin tone,People & Body,hand-fingers-open
mountain_railway,,,,,,,mountain_railway,8,🚞,mountain railway,Travel & Places,transport-ground
person_golfing_dark_skin_tone,,,,,,,person_golfing_dark_skin_tone,2,🏌🏿,person golfing: dark skin tone,People & Body,person-sport
screwdriver,0.07142857142857142,0.5714285714285714,0.14285714285714285,0.14285714285714285,0.0,0.07142857142857142,screwdriver,3,🪛,screwdriver,Objects,tool
flower_playing_cards,,,,,,,flower_playing_cards,1,🎴,flower playing cards,Activities,game
boy,0.06877729257641921,0.47434497816593885,0.13427947598253276,0.13209606986899564,0.04967248908296943,0.1408296943231441,boy,60,👦,boy,People & Body,person
