idx,anger,happy,sad,fear,surprise,disgust,emoticon,cnt,emoji,name,group,sub_group
boy_medium-dark_skin_tone,,,,,,,boy_medium-dark_skin_tone,2,👦🏾,boy: medium-dark skin tone,People & Body,person
crayon,0.07692307692307693,0.5384615384615384,0.0,0.07692307692307693,0.23076923076923078,0.07692307692307693,crayon,6,🖍️,crayon,Objects,writing
Jamaica,0.3333333333333333,0.6666666666666666,0.0,0.0,0.0,0.0,Jamaica,1,🇯🇲,flag: Jamaica,Flags,country-flag
double_curly_loop,0.0,0.0,0.0,0.0,0.0,1.0,double_curly_loop,1,➿,double curly loop,Symbols,other-symbol
man_dark_skin_tone,1.0,0.0,0.0,0.0,0.0,0.0,man_dark_skin_tone,2,👨🏿,man: dark skin tone,People & Body,person
bank,0.3119005328596803,0.3275310834813499,0.08561278863232683,0.07744227353463588,0.12682060390763766,0.07069271758436944,bank,12,🏦,bank,Travel & Places,place-building
non-potable_water,,,,,,,non-potable_water,2,🚱,non-potable water,Symbols,warning
Tokyo_tower,0.0,0.0,0.2,0.0,0.6,0.2,Tokyo_tower,3,🗼,Tokyo tower,Travel & Places,place-building
Netherlands,0.1111111111111111,0.7777777777777778,0.0,0.0,0.0,0.1111111111111111,Netherlands,2,🇳🇱,flag: Netherlands,Flags,country-flag
hamster,0.125,0.125,0.0,0.5,0.125,0.125,hamster,3,🐹,hamster,Animals & Nature,animal-mammal
nine-thirty,,,,,,,nine-thirty,1,🕤,nine-thirty,Travel & Places,time
dollar_banknote,0.23809523809523808,0.30952380952380953,0.14285714285714285,0.15476190476190477,0.11904761904761904,0.03571428571428571,dollar_banknote,48,💵,dollar banknote,Objects,money
vampire_medium-light_skin_tone,,,,,,,vampire_medium-light_skin_tone,1,🧛🏼,vampire: medium-light skin tone,People & Body,person-fantasy
Japanese_discount_button,0.0,0.0,0.0,0.0,0.0,1.0,Japanese_discount_button,1,🈹,Japanese “discount” button,Symbols,alphanum
eight-pointed_star,,,,,,,eight-pointed_star,3,✴️,eight-pointed star,Symbols,other-symbol
smiling_face,0.18872839213829032,0.428368458441866,0.0935354013734312,0.11555766043097324,0.12147762254321573,0.052332465072223534,smiling_face,1759,☺️,smiling face,Smileys & Emotion,face-affection
woman_cartwheeling_light_skin_tone,0.11428571428571428,0.22857142857142856,0.11428571428571428,0.17142857142857143,0.3142857142857143,0.05714285714285714,woman_cartwheeling_light_skin_tone,19,🤸🏻‍♀️,woman cartwheeling: light skin tone,People & Body,person-sport
raised_fist_light_skin_tone,0.3333333333333333,0.3333333333333333,0.13333333333333333,0.2,0.0,0.0,raised_fist_light_skin_tone,10,✊🏻,raised fist: light skin tone,People & Body,hand-fingers-closed
man_playing_handball_light_skin_tone,0.0,0.0,0.0,0.0,1.0,0.0,man_playing_handball_light_skin_tone,1,🤾🏻‍♂️,man playing handball: light skin tone,People & Body,person-sport
transgender_symbol,0.2,0.5,0.1,0.2,0.0,0.0,transgender_symbol,3,⚧️,transgender symbol,Symbols,gender
clapping_hands_medium-dark_skin_tone,,,,,,,clapping_hands_medium-dark_skin_tone,20,👏🏾,clapping hands: medium-dark skin tone,People & Body,hands
wheelchair_symbol,0.1111111111111111,0.16666666666666666,0.16666666666666666,0.2777777777777778,0.1111111111111111,0.16666666666666666,wheelchair_symbol,7,♿,wheelchair symbol,Symbols,transport-sign
next_track_button,0.0,0.0,0.0,0.0,0.0,1.0,next_track_button,1,⏭️,next track button,Symbols,av-symbol
man_medium_skin_tone,0.75,0.0,0.25,0.0,0.0,0.0,man_medium_skin_tone,3,👨🏽,man: medium skin tone,People & Body,person
hospital,0.2,0.2,0.1,0.1,0.3,0.1,hospital,6,🏥,hospital,Travel & Places,place-building
Japanese_post_office,0.0,0.0,0.0,0.0,0.0,1.0,Japanese_post_office,1,🏣,Japanese post office,Travel & Places,place-building
parachute,0.25,0.375,0.25,0.0,0.125,0.0,parachute,1,🪂,parachute,Travel & Places,transport-air
woman_scientist_medium_skin_tone,,,,,,,woman_scientist_medium_skin_tone,1,👩🏽‍🔬,woman scientist: medium skin tone,People & Body,person-role
tired_face,0.1514476614699332,0.36525612472160357,0.12249443207126949,0.1915367483296214,0.11804008908685969,0.051224944320712694,tired_face,179,😫,tired face,Smileys & Emotion,face-concerned
euro_banknote,0.1527777777777778,0.1527777777777778,0.013888888888888888,0.05555555555555555,0.5972222222222222,0.027777777777777776,euro_banknote,57,💶,euro banknote,Objects,money
person_tipping_hand,0.15384615384615385,0.3333333333333333,0.20512820512820512,0.10256410256410256,0.15384615384615385,0.05128205128205128,person_tipping_hand,21,💁,person tipping hand,People & Body,person-gesture
station,0.17582417582417584,0.4065934065934066,0.10989010989010989,0.054945054945054944,0.21978021978021978,0.03296703296703297,station,3,🚉,station,Travel & Places,transport-ground
angry_face_with_horns,0.2948717948717949,0.19230769230769232,0.05128205128205128,0.23076923076923078,0.14102564102564102,0.08974358974358974,angry_face_with_horns,54,👿,angry face with horns,Smileys & Emotion,face-negative
woman_office_worker,0.36363636363636365,0.18181818181818182,0.030303030303030304,0.030303030303030304,0.24242424242424243,0.15151515151515152,woman_office_worker,7,👩‍💼,woman office worker,People & Body,person-role
women_with_bunny_ears,0.19047619047619047,0.40476190476190477,0.047619047619047616,0.09523809523809523,0.19047619047619047,0.07142857142857142,women_with_bunny_ears,31,👯‍♀️,women with bunny ears,People & Body,person-activity
tulip,0.10919540229885058,0.4425287356321839,0.10919540229885058,0.08045977011494253,0.11494252873563218,0.14367816091954022,tulip,71,🌷,tulip,Animals & Nature,plant-flower
woman_bowing,0.20588235294117646,0.38235294117647056,0.058823529411764705,0.08823529411764706,0.058823529411764705,0.20588235294117646,woman_bowing,20,🙇‍♀️,woman bowing,People & Body,person-gesture
round_pushpin,0.14814814814814814,0.4444444444444444,0.12345679012345678,0.1111111111111111,0.1111111111111111,0.06172839506172839,round_pushpin,56,📍,round pushpin,Objects,office
smiling_face_with_heart-eyes,,,,,,,smiling_face_with_heart-eyes,7446,😍,smiling face with heart-eyes,Smileys & Emotion,face-affection
t-shirt,,,,,,,t-shirt,3,👕,t-shirt,Objects,clothing
woman_playing_handball_medium-light_skin_tone,,,,,,,woman_playing_handball_medium-light_skin_tone,3,🤾🏼‍♀️,woman playing handball: medium-light skin tone,People & Body,person-sport
seedling,0.12624584717607973,0.45182724252491696,0.07641196013289037,0.11295681063122924,0.12292358803986711,0.10963455149501661,seedling,82,🌱,seedling,Animals & Nature,plant-other
person_with_veil_medium_skin_tone,0.0,0.0,1.0,0.0,0.0,0.0,person_with_veil_medium_skin_tone,2,👰🏽,person with veil: medium skin tone,People & Body,person-role
pouting_cat,0.2727272727272727,0.22727272727272727,0.045454545454545456,0.18181818181818182,0.09090909090909091,0.18181818181818182,pouting_cat,14,😾,pouting cat,Smileys & Emotion,cat-face
person_frowning,0.3333333333333333,0.16666666666666666,0.3333333333333333,0.0,0.16666666666666666,0.0,person_frowning,7,🙍,person frowning,People & Body,person-gesture
person_running_medium-light_skin_tone,,,,,,,person_running_medium-light_skin_tone,3,🏃🏼,person running: medium-light skin tone,People & Body,person-activity
thumbs_down_dark_skin_tone,0.21153846153846154,0.5192307692307693,0.0,0.1346153846153846,0.1346153846153846,0.0,thumbs_down_dark_skin_tone,21,👎🏿,thumbs down: dark skin tone,People & Body,hand-fingers-closed
test_tube,0.19230769230769232,0.5769230769230769,0.0,0.038461538461538464,0.07692307692307693,0.11538461538461539,test_tube,10,🧪,test tube,Objects,science
magnifying_glass_tilted_left,0.16346153846153846,0.3557692307692308,0.14423076923076922,0.1346153846153846,0.1346153846153846,0.0673076923076923,magnifying_glass_tilted_left,35,🔍,magnifying glass tilted left,Objects,light & video
teddy_bear,0.11904761904761904,0.35714285714285715,0.16666666666666666,0.21428571428571427,0.09523809523809523,0.047619047619047616,teddy_bear,21,🧸,teddy bear,Activities,game
raising_hands_medium_skin_tone,0.2857142857142857,0.42857142857142855,0.0,0.0,0.2857142857142857,0.0,raising_hands_medium_skin_tone,5,🙌🏽,raising hands: medium skin tone,People & Body,hands
person_blond_hair,0.23076923076923078,0.46153846153846156,0.23076923076923078,0.0,0.07692307692307693,0.0,person_blond_hair,5,👱,person: blond hair,People & Body,person
oncoming_bus,0.0,0.25,0.0,0.0,0.0,0.75,oncoming_bus,3,🚍,oncoming bus,Travel & Places,transport-ground
man_raising_hand_medium_skin_tone,0.2,0.3,0.05,0.2,0.2,0.05,man_raising_hand_medium_skin_tone,9,🙋🏽‍♂️,man raising hand: medium skin tone,People & Body,person-gesture
Malta,0.0,0.0,0.0,0.0,1.0,0.0,Malta,1,🇲🇹,flag: Malta,Flags,country-flag
cow,0.0,0.25,0.5,0.0,0.0,0.25,cow,5,🐄,cow,Animals & Nature,animal-mammal
ice_hockey,0.0,0.2857142857142857,0.14285714285714285,0.14285714285714285,0.14285714285714285,0.2857142857142857,ice_hockey,3,🏒,ice hockey,Activities,sport
man_cartwheeling,0.0,0.875,0.0,0.0,0.0,0.125,man_cartwheeling,6,🤸‍♂️,man cartwheeling,People & Body,person-sport
chopsticks,0.14285714285714285,0.42857142857142855,0.0,0.0,0.14285714285714285,0.2857142857142857,chopsticks,3,🥢,chopsticks,Food & Drink,dishware
stopwatch,0.0,0.875,0.125,0.0,0.0,0.0,stopwatch,6,⏱️,stopwatch,Travel & Places,time
Norway,0.0,1.0,0.0,0.0,0.0,0.0,Norway,2,🇳🇴,flag: Norway,Flags,country-flag
mosque,0.0,0.0,0.0,0.0,0.0,1.0,mosque,2,🕌,mosque,Travel & Places,place-religious
taco,0.07692307692307693,0.46153846153846156,0.0,0.23076923076923078,0.19230769230769232,0.038461538461538464,taco,1,🌮,taco,Food & Drink,food-prepared
selfie_medium-light_skin_tone,,,,,,,selfie_medium-light_skin_tone,11,🤳🏼,selfie: medium-light skin tone,People & Body,hand-prop
hedgehog,0.4,0.2,0.0,0.0,0.0,0.4,hedgehog,6,🦔,hedgehog,Animals & Nature,animal-mammal
cheese_wedge,0.08333333333333333,0.3611111111111111,0.027777777777777776,0.1111111111111111,0.25,0.16666666666666666,cheese_wedge,16,🧀,cheese wedge,Food & Drink,food-prepared
woman_scientist_light_skin_tone,0.5,0.0,0.0,0.0,0.5,0.0,woman_scientist_light_skin_tone,2,👩🏻‍🔬,woman scientist: light skin tone,People & Body,person-role
person_facepalming_light_skin_tone,0.32432432432432434,0.21621621621621623,0.10810810810810811,0.10810810810810811,0.10810810810810811,0.13513513513513514,person_facepalming_light_skin_tone,14,🤦🏻,person facepalming: light skin tone,People & Body,person-gesture
tanabata_tree,0.125,0.5,0.125,0.125,0.0,0.125,tanabata_tree,7,🎋,tanabata tree,Activities,event
broken_heart,0.17973856209150327,0.3415032679738562,0.18137254901960784,0.15196078431372548,0.09640522875816994,0.049019607843137254,broken_heart,340,💔,broken heart,Smileys & Emotion,emotion
woman_surfing_medium-light_skin_tone,,,,,,,woman_surfing_medium-light_skin_tone,1,🏄🏼‍♀️,woman surfing: medium-light skin tone,People & Body,person-sport
worried_face,0.16752577319587628,0.32216494845360827,0.17525773195876287,0.16494845360824742,0.13659793814432988,0.03350515463917526,worried_face,157,😟,worried face,Smileys & Emotion,face-concerned
Belgium,0.13333333333333333,0.7333333333333333,0.0,0.0,0.06666666666666667,0.06666666666666667,Belgium,4,🇧🇪,flag: Belgium,Flags,country-flag
toilet,0.3333333333333333,0.0,0.3333333333333333,0.0,0.3333333333333333,0.0,toilet,1,🚽,toilet,Objects,household
man_police_officer_light_skin_tone,0.2857142857142857,0.42857142857142855,0.0,0.14285714285714285,0.14285714285714285,0.0,man_police_officer_light_skin_tone,5,👮🏻‍♂️,man police officer: light skin tone,People & Body,person-role
martial_arts_uniform,0.0625,0.125,0.375,0.375,0.0,0.0625,martial_arts_uniform,6,🥋,martial arts uniform,Activities,sport
Denmark,0.0,1.0,0.0,0.0,0.0,0.0,Denmark,2,🇩🇰,flag: Denmark,Flags,country-flag
waning_gibbous_moon,,,,,,,waning_gibbous_moon,1,🌖,waning gibbous moon,Travel & Places,sky & weather
Croatia,0.0,0.5,0.0,0.16666666666666666,0.3333333333333333,0.0,Croatia,2,🇭🇷,flag: Croatia,Flags,country-flag
input_latin_lowercase,0.0,0.0,0.0,0.0,0.0,1.0,input_latin_lowercase,2,🔡,input latin lowercase,Symbols,alphanum
no_one_under_eighteen,0.10344827586206896,0.2413793103448276,0.27586206896551724,0.1724137931034483,0.06896551724137931,0.13793103448275862,no_one_under_eighteen,22,🔞,no one under eighteen,Symbols,warning
cat_with_tears_of_joy,0.21212121212121213,0.3333333333333333,0.12121212121212122,0.12121212121212122,0.12121212121212122,0.09090909090909091,cat_with_tears_of_joy,44,😹,cat with tears of joy,Smileys & Emotion,cat-face
see-no-evil_monkey,,,,,,,see-no-evil_monkey,681,🙈,see-no-evil monkey,Smileys & Emotion,monkey-face
person_running,0.14893617021276595,0.4397163120567376,0.06382978723404255,0.0851063829787234,0.12056737588652482,0.14184397163120568,person_running,64,🏃,person running,People & Body,person-activity
mountain,0.22448979591836735,0.42857142857142855,0.04081632653061224,0.16326530612244897,0.061224489795918366,0.08163265306122448,mountain,6,⛰️,mountain,Travel & Places,place-geographic
backhand_index_pointing_right_medium_skin_tone,0.29411764705882354,0.29411764705882354,0.11764705882352941,0.2647058823529412,0.029411764705882353,0.0,backhand_index_pointing_right_medium_skin_tone,7,👉🏽,backhand index pointing right: medium skin tone,People & Body,hand-single-finger
woman_getting_massage_light_skin_tone,0.2413793103448276,0.1724137931034483,0.20689655172413793,0.13793103448275862,0.13793103448275862,0.10344827586206896,woman_getting_massage_light_skin_tone,17,💆🏻‍♀️,woman getting massage: light skin tone,People & Body,person-activity
stadium,0.11093117408906883,0.7724696356275303,0.0016194331983805667,0.0024291497975708503,0.0032388663967611335,0.10931174089068826,stadium,279,🏟️,stadium,Travel & Places,place-building
man_dancing_dark_skin_tone,1.0,0.0,0.0,0.0,0.0,0.0,man_dancing_dark_skin_tone,1,🕺🏿,man dancing: dark skin tone,People & Body,person-activity
fleur-de-lis,,,,,,,fleur-de-lis,1,⚜️,fleur-de-lis,Symbols,other-symbol
racing_car,0.11428571428571428,0.6285714285714286,0.08571428571428572,0.05714285714285714,0.05714285714285714,0.05714285714285714,racing_car,14,🏎️,racing car,Travel & Places,transport-ground
man_light_skin_tone_bald,,,,,,,man_light_skin_tone_bald,1,👨🏻‍🦲,"man: light skin tone, bald",People & Body,person
eagle,0.176007866273353,0.45722713864306785,0.0943952802359882,0.11209439528023599,0.09341199606686332,0.06686332350049164,eagle,484,🦅,eagle,Animals & Nature,animal-bird
backhand_index_pointing_left_medium_skin_tone,0.28205128205128205,0.3076923076923077,0.1282051282051282,0.2564102564102564,0.02564102564102564,0.0,backhand_index_pointing_left_medium_skin_tone,7,👈🏽,backhand index pointing left: medium skin tone,People & Body,hand-single-finger
Japanese_prohibited_button,0.0,0.0,0.3333333333333333,0.3333333333333333,0.0,0.3333333333333333,Japanese_prohibited_button,2,🈲,Japanese “prohibited” button,Symbols,alphanum
baby_angel,0.2,0.3,0.15,0.225,0.075,0.05,baby_angel,21,👼,baby angel,People & Body,person-fantasy
woman_detective_medium-light_skin_tone,,,,,,,woman_detective_medium-light_skin_tone,4,🕵🏼‍♀️,woman detective: medium-light skin tone,People & Body,person-role
spiral_notepad,0.0,0.0,0.0,0.0,0.0,1.0,spiral_notepad,1,🗒️,spiral notepad,Objects,office
palms_up_together_medium_skin_tone,0.2857142857142857,0.14285714285714285,0.0,0.5714285714285714,0.0,0.0,palms_up_together_medium_skin_tone,4,🤲🏽,palms up together: medium skin tone,People & Body,hands
person_medium-light_skin_tone,,,,,,,person_medium-light_skin_tone,1,🧑🏼,person: medium-light skin tone,People & Body,person
woman_facepalming_medium-dark_skin_tone,,,,,,,woman_facepalming_medium-dark_skin_tone,16,🤦🏾‍♀️,woman facepalming: medium-dark skin tone,People & Body,person-gesture
shushing_face,0.17123287671232876,0.2979452054794521,0.11986301369863013,0.21232876712328766,0.13356164383561644,0.06506849315068493,shushing_face,171,🤫,shushing face,Smileys & Emotion,face-hand
brain,0.23809523809523808,0.38095238095238093,0.09523809523809523,0.12698412698412698,0.12698412698412698,0.031746031746031744,brain,31,🧠,brain,People & Body,body-parts
paintbrush,0.0,0.4444444444444444,0.2222222222222222,0.1111111111111111,0.1111111111111111,0.1111111111111111,paintbrush,6,🖌️,paintbrush,Objects,writing
snowboarder,0.14285714285714285,0.0,0.0,0.0,0.7142857142857143,0.14285714285714285,snowboarder,7,🏂,snowboarder,People & Body,person-sport
Turkey,0.15828924162257496,0.4894179894179894,0.08289241622574955,0.10361552028218694,0.08950617283950617,0.07627865961199294,Turkey,1047,🇹🇷,flag: Turkey,Flags,country-flag
woman_getting_massage,0.3333333333333333,0.1111111111111111,0.1111111111111111,0.2222222222222222,0.1111111111111111,0.1111111111111111,woman_getting_massage,6,💆‍♀️,woman getting massage,People & Body,person-activity
globe_showing_Europe-Africa,,,,,,,globe_showing_Europe-Africa,85,🌍,globe showing Europe-Africa,Travel & Places,place-map
person_cartwheeling,0.28205128205128205,0.46153846153846156,0.15384615384615385,0.05128205128205128,0.02564102564102564,0.02564102564102564,person_cartwheeling,12,🤸,person cartwheeling,People & Body,person-sport
Japanese_acceptable_button,0.0,0.0,0.0,0.0,0.0,1.0,Japanese_acceptable_button,1,🉑,Japanese “acceptable” button,Symbols,alphanum
candle,0.04195804195804196,0.8444055944055944,0.005244755244755245,0.033216783216783216,0.06643356643356643,0.008741258741258742,candle,212,🕯️,candle,Objects,light & video
victory_hand_medium-dark_skin_tone,,,,,,,victory_hand_medium-dark_skin_tone,13,✌🏾,victory hand: medium-dark skin tone,People & Body,hand-fingers-partial
man_shrugging,0.28187919463087246,0.3187919463087248,0.053691275167785234,0.15436241610738255,0.1476510067114094,0.0436241610738255,man_shrugging,114,🤷‍♂️,man shrugging,People & Body,person-gesture
person_biking_dark_skin_tone,1.0,0.0,0.0,0.0,0.0,0.0,person_biking_dark_skin_tone,2,🚴🏿,person biking: dark skin tone,People & Body,person-sport
tropical_drink,0.08333333333333333,0.4166666666666667,0.0,0.0,0.16666666666666666,0.3333333333333333,tropical_drink,9,🍹,tropical drink,Food & Drink,drink
fuel_pump,0.0,0.0,0.0,0.0,0.0,1.0,fuel_pump,4,⛽,fuel pump,Travel & Places,transport-ground
antenna_bars,0.2222222222222222,0.3888888888888889,0.16666666666666666,0.1111111111111111,0.05555555555555555,0.05555555555555555,antenna_bars,7,📶,antenna bars,Symbols,av-symbol
face_with_medical_mask,0.2288135593220339,0.3305084745762712,0.09745762711864407,0.1694915254237288,0.11864406779661017,0.05508474576271186,face_with_medical_mask,113,😷,face with medical mask,Smileys & Emotion,face-unwell
chains,0.0,0.5,0.0,0.0,0.0,0.5,chains,3,⛓️,chains,Objects,tool
woman_swimming_light_skin_tone,0.05555555555555555,0.2777777777777778,0.0,0.05555555555555555,0.3333333333333333,0.2777777777777778,woman_swimming_light_skin_tone,8,🏊🏻‍♀️,woman swimming: light skin tone,People & Body,person-sport
red_exclamation_mark,0.22895277207392198,0.2802874743326489,0.13655030800821355,0.14989733059548255,0.15092402464065707,0.053388090349075976,red_exclamation_mark,353,❗,red exclamation mark,Symbols,punctuation
woman_singer_medium-dark_skin_tone,,,,,,,woman_singer_medium-dark_skin_tone,1,👩🏾‍🎤,woman singer: medium-dark skin tone,People & Body,person-role
woman_cartwheeling_medium_skin_tone,0.0,0.6666666666666666,0.0,0.3333333333333333,0.0,0.0,woman_cartwheeling_medium_skin_tone,2,🤸🏽‍♀️,woman cartwheeling: medium skin tone,People & Body,person-sport
sun_behind_small_cloud,0.09090909090909091,0.5454545454545454,0.09090909090909091,0.13636363636363635,0.045454545454545456,0.09090909090909091,sun_behind_small_cloud,8,🌤️,sun behind small cloud,Travel & Places,sky & weather
crossed_fingers_light_skin_tone,0.23255813953488372,0.20930232558139536,0.046511627906976744,0.18604651162790697,0.2558139534883721,0.06976744186046512,crossed_fingers_light_skin_tone,30,🤞🏻,crossed fingers: light skin tone,People & Body,hand-fingers-partial
man_supervillain_light_skin_tone,0.3333333333333333,0.0,0.0,0.6666666666666666,0.0,0.0,man_supervillain_light_skin_tone,1,🦹🏻‍♂️,man supervillain: light skin tone,People & Body,person-fantasy
dashing_away,0.1864406779661017,0.4067796610169492,0.059322033898305086,0.09322033898305085,0.1440677966101695,0.11016949152542373,dashing_away,35,💨,dashing away,Smileys & Emotion,emotion
chocolate_bar,0.07801418439716312,0.48226950354609927,0.14893617021276595,0.05673758865248227,0.18439716312056736,0.04964539007092199,chocolate_bar,52,🍫,chocolate bar,Food & Drink,food-sweet
bear,0.09375,0.34375,0.0625,0.28125,0.09375,0.125,bear,14,🐻,bear,Animals & Nature,animal-mammal
person_wearing_turban,1.0,0.0,0.0,0.0,0.0,0.0,person_wearing_turban,1,👳,person wearing turban,People & Body,person-role
Lebanon,,,,,,,Lebanon,7,🇱🇧,flag: Lebanon,Flags,country-flag
face_with_tears_of_joy,0.2168885433874259,0.32824798367505587,0.10412010494606938,0.1765620445049072,0.10368282965698183,0.0704984938295598,face_with_tears_of_joy,11006,😂,face with tears of joy,Smileys & Emotion,face-smiling
roll_of_paper,,,,,,,roll_of_paper,1,🧻,roll of paper,Objects,household
bug,0.16216216216216217,0.42342342342342343,0.05405405405405406,0.18018018018018017,0.12612612612612611,0.05405405405405406,bug,7,🐛,bug,Animals & Nature,animal-bug
keycap_6,0.0,1.0,0.0,0.0,0.0,0.0,keycap_6,1,6️⃣,keycap: 6,Symbols,keycap
mirror,0.18847839699436444,0.32811521603005633,0.09455228553537884,0.20225422667501566,0.12335629304946776,0.06324358171571696,mirror,1,🪞,mirror,Objects,household
sunflower,0.10434782608695652,0.508695652173913,0.08260869565217391,0.08260869565217391,0.09130434782608696,0.13043478260869565,sunflower,78,🌻,sunflower,Animals & Nature,plant-flower
snowman_without_snow,0.18333333333333332,0.38333333333333336,0.03333333333333333,0.21666666666666667,0.11666666666666667,0.06666666666666667,snowman_without_snow,32,⛄,snowman without snow,Travel & Places,sky & weather
game_die,0.1,0.1,0.3,0.2,0.1,0.2,game_die,7,🎲,game die,Activities,game
black_medium_square,0.0,0.0,0.2222222222222222,0.4444444444444444,0.1111111111111111,0.2222222222222222,black_medium_square,7,◼️,black medium square,Symbols,geometric
woman_shrugging_light_skin_tone,0.20750551876379691,0.3355408388520971,0.10375275938189846,0.18543046357615894,0.11920529801324503,0.04856512141280353,woman_shrugging_light_skin_tone,187,🤷🏻‍♀️,woman shrugging: light skin tone,People & Body,person-gesture
up-down_arrow,,,,,,,up-down_arrow,2,↕️,up-down arrow,Symbols,arrow
person_tipping_hand_medium-light_skin_tone,,,,,,,person_tipping_hand_medium-light_skin_tone,53,💁🏼,person tipping hand: medium-light skin tone,People & Body,person-gesture
calendar,0.2441860465116279,0.5116279069767442,0.03488372093023256,0.046511627906976744,0.11627906976744186,0.046511627906976744,calendar,51,📅,calendar,Objects,office
red_apple,0.11904761904761904,0.36904761904761907,0.19047619047619047,0.07142857142857142,0.13095238095238096,0.11904761904761904,red_apple,79,🍎,red apple,Food & Drink,food-fruit
open_hands_light_skin_tone,0.16666666666666666,0.0,0.16666666666666666,0.3333333333333333,0.16666666666666666,0.16666666666666666,open_hands_light_skin_tone,3,👐🏻,open hands: light skin tone,People & Body,hands
bell_with_slash,0.0,0.0,0.0,0.0,0.0,1.0,bell_with_slash,5,🔕,bell with slash,Objects,sound
SOON_arrow,0.0,0.3333333333333333,0.16666666666666666,0.0,0.3333333333333333,0.16666666666666666,SOON_arrow,5,🔜,SOON arrow,Symbols,arrow
busts_in_silhouette,0.047619047619047616,0.6190476190476191,0.09523809523809523,0.19047619047619047,0.047619047619047616,0.0,busts_in_silhouette,6,👥,busts in silhouette,People & Body,person-symbol
slot_machine,0.0,0.8571428571428571,0.0,0.0,0.0,0.14285714285714285,slot_machine,3,🎰,slot machine,Activities,game
ping_pong,0.0,0.0,0.0,0.0,0.0,1.0,ping_pong,1,🏓,ping pong,Activities,sport
cucumber,0.17391304347826086,0.30434782608695654,0.13043478260869565,0.21739130434782608,0.043478260869565216,0.13043478260869565,cucumber,18,🥒,cucumber,Food & Drink,food-vegetable
couple_with_heart_man_man,0.25,0.5,0.0,0.25,0.0,0.0,couple_with_heart_man_man,3,👨‍❤️‍👨,"couple with heart: man, man",People & Body,family
globe_with_meridians,0.0,0.2,0.0,0.2,0.2,0.4,globe_with_meridians,7,🌐,globe with meridians,Travel & Places,place-map
water_wave,0.1527777777777778,0.4027777777777778,0.09027777777777778,0.08333333333333333,0.125,0.14583333333333334,water_wave,61,🌊,water wave,Travel & Places,sky & weather
sparkling_heart,0.10087173100871731,0.4669987546699875,0.1232876712328767,0.1295143212951432,0.12204234122042341,0.057285180572851806,sparkling_heart,480,💖,sparkling heart,Smileys & Emotion,emotion
vulcan_salute_medium_skin_tone,0.5,0.5,0.0,0.0,0.0,0.0,vulcan_salute_medium_skin_tone,2,🖖🏽,vulcan salute: medium skin tone,People & Body,hand-fingers-open
fast_down_button,0.0,0.0,0.0,0.8,0.0,0.2,fast_down_button,6,⏬,fast down button,Symbols,av-symbol
face_with_raised_eyebrow,0.22031473533619456,0.27896995708154504,0.10586552217453506,0.20600858369098712,0.11587982832618025,0.07296137339055794,face_with_raised_eyebrow,310,🤨,face with raised eyebrow,Smileys & Emotion,face-neutral-skeptical
gem_stone,0.11458333333333333,0.4166666666666667,0.078125,0.140625,0.21354166666666666,0.036458333333333336,gem_stone,97,💎,gem stone,Objects,clothing
speaker_medium_volume,0.3333333333333333,0.3333333333333333,0.0,0.0,0.0,0.3333333333333333,speaker_medium_volume,2,🔉,speaker medium volume,Objects,sound
person_light_skin_tone_beard,0.0,0.5263157894736842,0.3157894736842105,0.05263157894736842,0.10526315789473684,0.0,person_light_skin_tone_beard,5,🧔🏻,"person: light skin tone, beard",People & Body,person
trackball,0.0,0.0,0.0,0.0,0.0,1.0,trackball,2,🖲️,trackball,Objects,computer
man_fairy,0.09090909090909091,0.36363636363636365,0.18181818181818182,0.18181818181818182,0.18181818181818182,0.0,man_fairy,10,🧚‍♂️,man fairy,People & Body,person-fantasy
violin,0.11764705882352941,0.35294117647058826,0.23529411764705882,0.23529411764705882,0.0,0.058823529411764705,violin,10,🎻,violin,Objects,musical-instrument
woman_cook,0.1875,0.3125,0.0,0.25,0.1875,0.0625,woman_cook,5,👩‍🍳,woman cook,People & Body,person-role
open_mailbox_with_raised_flag,0.25,0.5,0.0,0.0,0.0,0.25,open_mailbox_with_raised_flag,5,📬,open mailbox with raised flag,Objects,mail
unicorn,0.10967741935483871,0.4967741935483871,0.07741935483870968,0.10967741935483871,0.14838709677419354,0.05806451612903226,unicorn,47,🦄,unicorn,Animals & Nature,animal-mammal
wheel_of_dharma,0.0,0.0,0.0,0.0,0.0,1.0,wheel_of_dharma,1,☸️,wheel of dharma,Symbols,religion
person_gesturing_NO_light_skin_tone,0.0,0.5,0.25,0.0,0.25,0.0,person_gesturing_NO_light_skin_tone,4,🙅🏻,person gesturing NO: light skin tone,People & Body,person-gesture
purple_circle,,,,,,,purple_circle,1,🟣,purple circle,Symbols,geometric
ATM_sign,0.0,0.0,0.0,0.0,0.0,1.0,ATM_sign,1,🏧,ATM sign,Symbols,transport-sign
cook_light_skin_tone,0.0,1.0,0.0,0.0,0.0,0.0,cook_light_skin_tone,1,🧑🏻‍🍳,cook: light skin tone,People & Body,person-role
pinched_fingers_medium-light_skin_tone,,,,,,,pinched_fingers_medium-light_skin_tone,2,🤌🏼,pinched fingers: medium-light skin tone,People & Body,hand-fingers-partial
airplane,0.13934426229508196,0.47950819672131145,0.0778688524590164,0.12704918032786885,0.13114754098360656,0.045081967213114756,airplane,91,✈️,airplane,Travel & Places,transport-air
person_cartwheeling_light_skin_tone,0.0,1.0,0.0,0.0,0.0,0.0,person_cartwheeling_light_skin_tone,1,🤸🏻,person cartwheeling: light skin tone,People & Body,person-sport
keycap_9,,,,,,,keycap_9,1,9️⃣,keycap: 9,Symbols,keycap
sleepy_face,0.16701461377870563,0.348643006263048,0.14613778705636743,0.162839248434238,0.11899791231732777,0.05636743215031315,sleepy_face,257,😪,sleepy face,Smileys & Emotion,face-sleepy
baby_medium_skin_tone,0.0,1.0,0.0,0.0,0.0,0.0,baby_medium_skin_tone,1,👶🏽,baby: medium skin tone,People & Body,person
full_moon,0.1935483870967742,0.3225806451612903,0.03225806451612903,0.25806451612903225,0.1935483870967742,0.0,full_moon,12,🌕,full moon,Travel & Places,sky & weather
dango,0.3333333333333333,0.3333333333333333,0.0,0.0,0.0,0.3333333333333333,dango,2,🍡,dango,Food & Drink,food-asian
person_bouncing_ball,,,,,,,person_bouncing_ball,1,⛹️,person bouncing ball,People & Body,person-sport
woman_medium-dark_skin_tone,,,,,,,woman_medium-dark_skin_tone,4,👩🏾,woman: medium-dark skin tone,People & Body,person
purple_heart,0.1553989716244525,0.5137116739668635,0.09541039801942487,0.08769758141306418,0.10664635307560465,0.04113502190059037,purple_heart,6466,💜,purple heart,Smileys & Emotion,emotion
foot_medium-light_skin_tone,,,,,,,foot_medium-light_skin_tone,1,🦶🏼,foot: medium-light skin tone,People & Body,body-parts
card_file_box,0.2,0.6,0.0,0.0,0.1,0.1,card_file_box,2,🗃️,card file box,Objects,office
panda,0.15789473684210525,0.4263157894736842,0.12631578947368421,0.1368421052631579,0.07894736842105263,0.07368421052631578,panda,14,🐼,panda,Animals & Nature,animal-mammal
moai,0.3333333333333333,0.0,0.3333333333333333,0.0,0.0,0.3333333333333333,moai,6,🗿,moai,Objects,other-object
cow_face,0.0,0.0,0.0,0.0,0.0,1.0,cow_face,2,🐮,cow face,Animals & Nature,animal-mammal
black_flag,0.0,0.6666666666666666,0.08333333333333333,0.08333333333333333,0.08333333333333333,0.08333333333333333,black_flag,7,🏴,black flag,Flags,flag
delivery_truck,0.11475409836065574,0.4918032786885246,0.14754098360655737,0.01639344262295082,0.14754098360655737,0.08196721311475409,delivery_truck,30,🚚,delivery truck,Travel & Places,transport-ground
men_wrestling,0.0,0.0,0.0,0.0,0.0,1.0,men_wrestling,1,🤼‍♂️,men wrestling,People & Body,person-sport
waving_hand_light_skin_tone,0.1388888888888889,0.40476190476190477,0.09126984126984126,0.11904761904761904,0.15476190476190477,0.09126984126984126,waving_hand_light_skin_tone,75,👋🏻,waving hand: light skin tone,People & Body,hand-fingers-open
badger,0.0,0.0,0.0,0.5,0.5,0.0,badger,1,🦡,badger,Animals & Nature,animal-mammal
kiss_woman_woman,0.0,0.0,0.6666666666666666,0.0,0.0,0.3333333333333333,kiss_woman_woman,5,👩‍❤️‍💋‍👩,"kiss: woman, woman",People & Body,family
face_screaming_in_fear,0.2085201793721973,0.3015695067264574,0.09865470852017937,0.18946188340807174,0.12331838565022421,0.07847533632286996,face_screaming_in_fear,518,😱,face screaming in fear,Smileys & Emotion,face-concerned
clutch_bag,0.09090909090909091,0.45454545454545453,0.18181818181818182,0.0,0.18181818181818182,0.09090909090909091,clutch_bag,5,👝,clutch bag,Objects,clothing
five-thirty,,,,,,,five-thirty,1,🕠,five-thirty,Travel & Places,time
clapping_hands_dark_skin_tone,0.038461538461538464,0.46153846153846156,0.15384615384615385,0.15384615384615385,0.11538461538461539,0.07692307692307693,clapping_hands_dark_skin_tone,26,👏🏿,clapping hands: dark skin tone,People & Body,hands
person_biking,0.2,0.5333333333333333,0.13333333333333333,0.0,0.06666666666666667,0.06666666666666667,person_biking,9,🚴,person biking,People & Body,person-sport
woman_with_headscarf_light_skin_tone,0.0,0.0,0.0,1.0,0.0,0.0,woman_with_headscarf_light_skin_tone,1,🧕🏻,woman with headscarf: light skin tone,People & Body,person-role
graduation_cap,0.10714285714285714,0.21428571428571427,0.32142857142857145,0.10714285714285714,0.14285714285714285,0.10714285714285714,graduation_cap,13,🎓,graduation cap,Objects,clothing
blue_book,0.05263157894736842,0.47368421052631576,0.10526315789473684,0.15789473684210525,0.15789473684210525,0.05263157894736842,blue_book,6,📘,blue book,Objects,book-paper
mermaid_light_skin_tone,0.16666666666666666,0.3333333333333333,0.16666666666666666,0.3333333333333333,0.0,0.0,mermaid_light_skin_tone,5,🧜🏻‍♀️,mermaid: light skin tone,People & Body,person-fantasy
fire,0.08020698576972833,0.6209573091849935,0.03596377749029754,0.14851228978007763,0.07477360931435964,0.039586028460543335,fire,3013,🔥,fire,Travel & Places,sky & weather
mouse,0.23369565217391305,0.30978260869565216,0.14130434782608695,0.125,0.125,0.06521739130434782,mouse,2,🐁,mouse,Animals & Nature,animal-mammal
high_voltage,0.15046296296296297,0.40046296296296297,0.08333333333333333,0.1412037037037037,0.16203703703703703,0.0625,high_voltage,307,⚡,high voltage,Travel & Places,sky & weather
dna,0.1875,0.4166666666666667,0.10416666666666667,0.07291666666666667,0.13541666666666666,0.08333333333333333,dna,7,🧬,dna,Objects,science
place_of_worship,0.2222222222222222,0.2222222222222222,0.0,0.0,0.4444444444444444,0.1111111111111111,place_of_worship,9,🛐,place of worship,Symbols,religion
man_in_lotus_position_medium_skin_tone,0.0,0.5,0.0,0.16666666666666666,0.0,0.3333333333333333,man_in_lotus_position_medium_skin_tone,2,🧘🏽‍♂️,man in lotus position: medium skin tone,People & Body,person-resting
woman_shrugging_medium_skin_tone,0.3170731707317073,0.24390243902439024,0.12195121951219512,0.0975609756097561,0.17073170731707318,0.04878048780487805,woman_shrugging_medium_skin_tone,25,🤷🏽‍♀️,woman shrugging: medium skin tone,People & Body,person-gesture
woman_in_steamy_room_medium-light_skin_tone,,,,,,,woman_in_steamy_room_medium-light_skin_tone,4,🧖🏼‍♀️,woman in steamy room: medium-light skin tone,People & Body,person-activity
vibration_mode,0.0,0.0,0.0,0.0,0.0,1.0,vibration_mode,2,📳,vibration mode,Symbols,av-symbol
woman_playing_handball,0.0,0.0,0.0,0.0,0.0,1.0,woman_playing_handball,1,🤾‍♀️,woman playing handball,People & Body,person-sport
department_store,0.0,0.0,0.0,0.0,0.0,1.0,department_store,1,🏬,department store,Travel & Places,place-building
camera_with_flash,0.14049586776859505,0.4049586776859504,0.08264462809917356,0.1115702479338843,0.16942148760330578,0.09090909090909091,camera_with_flash,117,📸,camera with flash,Objects,light & video
Japanese_passing_grade_button,0.0,0.0,0.0,0.0,0.0,1.0,Japanese_passing_grade_button,1,🈴,Japanese “passing grade” button,Symbols,alphanum
girl_dark_skin_tone,1.0,0.0,0.0,0.0,0.0,0.0,girl_dark_skin_tone,2,👧🏿,girl: dark skin tone,People & Body,person
person_in_suit_levitating_medium-light_skin_tone,,,,,,,person_in_suit_levitating_medium-light_skin_tone,1,🕴🏼,person in suit levitating: medium-light skin tone,People & Body,person-activity
pinching_hand_light_skin_tone,0.3333333333333333,0.0,0.0,0.3333333333333333,0.3333333333333333,0.0,pinching_hand_light_skin_tone,1,🤏🏻,pinching hand: light skin tone,People & Body,hand-fingers-partial
fountain_pen,0.2727272727272727,0.2727272727272727,0.2727272727272727,0.0,0.09090909090909091,0.09090909090909091,fountain_pen,12,🖋️,fountain pen,Objects,writing
person_biking_medium-light_skin_tone,,,,,,,person_biking_medium-light_skin_tone,1,🚴🏼,person biking: medium-light skin tone,People & Body,person-sport
tumbler_glass,0.25,0.35714285714285715,0.10714285714285714,0.03571428571428571,0.14285714285714285,0.10714285714285714,tumbler_glass,28,🥃,tumbler glass,Food & Drink,drink
raising_hands_medium-light_skin_tone,,,,,,,raising_hands_medium-light_skin_tone,102,🙌🏼,raising hands: medium-light skin tone,People & Body,hands
Italy,0.0,0.5,0.25,0.0,0.25,0.0,Italy,5,🇮🇹,flag: Italy,Flags,country-flag
automobile,0.09722222222222222,0.38425925925925924,0.09722222222222222,0.20833333333333334,0.14814814814814814,0.06481481481481481,automobile,65,🚗,automobile,Travel & Places,transport-ground
briefcase,0.1724137931034483,0.3103448275862069,0.27586206896551724,0.13793103448275862,0.034482758620689655,0.06896551724137931,briefcase,14,💼,briefcase,Objects,office
club_suit,0.0,0.0,0.0,0.0,0.0,1.0,club_suit,5,♣️,club suit,Activities,game
ear,0.2857142857142857,0.2857142857142857,0.21428571428571427,0.07142857142857142,0.07142857142857142,0.07142857142857142,ear,8,👂,ear,People & Body,body-parts
Japanese_bargain_button,0.0,0.0,0.0,0.0,0.0,1.0,Japanese_bargain_button,1,🉐,Japanese “bargain” button,Symbols,alphanum
thermometer,0.0,0.2,0.6,0.2,0.0,0.0,thermometer,2,🌡️,thermometer,Travel & Places,sky & weather
salt,0.1917808219178082,0.3561643835616438,0.0136986301369863,0.2465753424657534,0.1232876712328767,0.0684931506849315,salt,2,🧂,salt,Food & Drink,food-prepared
clinking_beer_mugs,0.07936507936507936,0.2222222222222222,0.1111111111111111,0.2698412698412698,0.14285714285714285,0.1746031746031746,clinking_beer_mugs,38,🍻,clinking beer mugs,Food & Drink,drink
water_buffalo,0.0,0.0,0.0,0.0,0.0,1.0,water_buffalo,1,🐃,water buffalo,Animals & Nature,animal-mammal
running_shirt,0.0,0.2857142857142857,0.0,0.35714285714285715,0.21428571428571427,0.14285714285714285,running_shirt,5,🎽,running shirt,Activities,sport
pinched_fingers,0.13333333333333333,0.26666666666666666,0.03333333333333333,0.16666666666666666,0.23333333333333334,0.16666666666666666,pinched_fingers,19,🤌,pinched fingers,People & Body,hand-fingers-partial
detective_light_skin_tone,0.4,0.1,0.4,0.0,0.1,0.0,detective_light_skin_tone,6,🕵🏻,detective: light skin tone,People & Body,person-role
woman_biking,0.16666666666666666,0.5555555555555556,0.0,0.0,0.16666666666666666,0.1111111111111111,woman_biking,8,🚴‍♀️,woman biking,People & Body,person-sport
woman_dancing_light_skin_tone,0.1291139240506329,0.4050632911392405,0.10886075949367088,0.10379746835443038,0.17468354430379746,0.07848101265822785,woman_dancing_light_skin_tone,228,💃🏻,woman dancing: light skin tone,People & Body,person-activity
old_woman_light_skin_tone,0.10294117647058823,0.17647058823529413,0.4852941176470588,0.1323529411764706,0.014705882352941176,0.08823529411764706,old_woman_light_skin_tone,13,👵🏻,old woman: light skin tone,People & Body,person
woman_light_skin_tone_red_hair,0.1875,0.5,0.1875,0.0,0.0625,0.0625,woman_light_skin_tone_red_hair,8,👩🏻‍🦰,"woman: light skin tone, red hair",People & Body,person
nose_light_skin_tone,0.0,0.7142857142857143,0.0,0.14285714285714285,0.0,0.14285714285714285,nose_light_skin_tone,2,👃🏻,nose: light skin tone,People & Body,body-parts
boy_medium-light_skin_tone,,,,,,,boy_medium-light_skin_tone,6,👦🏼,boy: medium-light skin tone,People & Body,person
man_playing_water_polo_light_skin_tone,0.0,1.0,0.0,0.0,0.0,0.0,man_playing_water_polo_light_skin_tone,1,🤽🏻‍♂️,man playing water polo: light skin tone,People & Body,person-sport
man_bouncing_ball,0.0,0.0,0.0,0.0,0.0,1.0,man_bouncing_ball,2,⛹️‍♂️,man bouncing ball,People & Body,person-sport
snake,0.12903225806451613,0.1827956989247312,0.0967741935483871,0.45161290322580644,0.08602150537634409,0.053763440860215055,snake,61,🐍,snake,Animals & Nature,animal-reptile
sunset,0.07317073170731707,0.4634146341463415,0.024390243902439025,0.2682926829268293,0.07317073170731707,0.0975609756097561,sunset,6,🌇,sunset,Travel & Places,place-other
woman_walking,0.0,0.5,0.3333333333333333,0.08333333333333333,0.08333333333333333,0.0,woman_walking,7,🚶‍♀️,woman walking,People & Body,person-activity
disappointed_face,0.13002232142857142,0.27064732142857145,0.35435267857142855,0.11551339285714286,0.08872767857142858,0.040736607142857144,disappointed_face,764,😞,disappointed face,Smileys & Emotion,face-concerned
nail_polish,0.189873417721519,0.45569620253164556,0.06962025316455696,0.12025316455696203,0.10126582278481013,0.06329113924050633,nail_polish,79,💅,nail polish,People & Body,hand-prop
chicken,0.20422535211267606,0.2699530516431925,0.08215962441314555,0.11032863849765258,0.1807511737089202,0.15258215962441316,chicken,14,🐔,chicken,Animals & Nature,animal-bird
heart_decoration,0.14432989690721648,0.5670103092783505,0.061855670103092786,0.08247422680412371,0.09278350515463918,0.05154639175257732,heart_decoration,56,💟,heart decoration,Smileys & Emotion,emotion
bouquet,0.15748031496062992,0.44881889763779526,0.13976377952755906,0.10433070866141732,0.08858267716535433,0.0610236220472441,bouquet,217,💐,bouquet,Animals & Nature,plant-flower
mushroom,0.09090909090909091,0.13636363636363635,0.09090909090909091,0.045454545454545456,0.18181818181818182,0.45454545454545453,mushroom,11,🍄,mushroom,Food & Drink,food-vegetable
singer_light_skin_tone,0.3333333333333333,0.6666666666666666,0.0,0.0,0.0,0.0,singer_light_skin_tone,1,🧑🏻‍🎤,singer: light skin tone,People & Body,person-role
backhand_index_pointing_down_medium-light_skin_tone,,,,,,,backhand_index_pointing_down_medium-light_skin_tone,53,👇🏼,backhand index pointing down: medium-light skin tone,People & Body,hand-single-finger
admission_tickets,0.0,0.8571428571428571,0.0,0.047619047619047616,0.047619047619047616,0.047619047619047616,admission_tickets,8,🎟️,admission tickets,Activities,event
raised_hand_medium_skin_tone,0.45454545454545453,0.09090909090909091,0.18181818181818182,0.18181818181818182,0.09090909090909091,0.0,raised_hand_medium_skin_tone,3,✋🏽,raised hand: medium skin tone,People & Body,hand-fingers-open
nail_polish_medium-dark_skin_tone,,,,,,,nail_polish_medium-dark_skin_tone,1,💅🏾,nail polish: medium-dark skin tone,People & Body,hand-prop
woman_pouting_light_skin_tone,0.0,1.0,0.0,0.0,0.0,0.0,woman_pouting_light_skin_tone,3,🙎🏻‍♀️,woman pouting: light skin tone,People & Body,person-gesture
trade_mark,,,,,,,trade_mark,150,™️,trade mark,Symbols,other-symbol
no_littering,0.0,0.5454545454545454,0.0,0.09090909090909091,0.18181818181818182,0.18181818181818182,no_littering,4,🚯,no littering,Symbols,warning
man_cartwheeling_light_skin_tone,0.0,0.0,0.5,0.0,0.5,0.0,man_cartwheeling_light_skin_tone,2,🤸🏻‍♂️,man cartwheeling: light skin tone,People & Body,person-sport
woman_artist_light_skin_tone,0.0,0.5,0.0,0.0,0.16666666666666666,0.3333333333333333,woman_artist_light_skin_tone,3,👩🏻‍🎨,woman artist: light skin tone,People & Body,person-role
hand_with_fingers_splayed,0.24479166666666666,0.2916666666666667,0.057291666666666664,0.13541666666666666,0.13020833333333334,0.140625,hand_with_fingers_splayed,87,🖐️,hand with fingers splayed,People & Body,hand-fingers-open
detective,0.15476190476190477,0.5,0.10714285714285714,0.10714285714285714,0.10714285714285714,0.023809523809523808,detective,10,🕵️,detective,People & Body,person-role
tongue,0.08333333333333333,0.3125,0.0625,0.3541666666666667,0.0625,0.125,tongue,37,👅,tongue,People & Body,body-parts
play_or_pause_button,0.0,0.2857142857142857,0.09523809523809523,0.47619047619047616,0.09523809523809523,0.047619047619047616,play_or_pause_button,3,⏯️,play or pause button,Symbols,av-symbol
person_biking_light_skin_tone,0.13333333333333333,0.4,0.13333333333333333,0.0,0.2,0.13333333333333333,person_biking_light_skin_tone,2,🚴🏻,person biking: light skin tone,People & Body,person-sport
notebook,0.2098360655737705,0.3377049180327869,0.09180327868852459,0.14754098360655737,0.15081967213114755,0.06229508196721312,notebook,4,📓,notebook,Objects,book-paper
person_taking_bath_medium-light_skin_tone,,,,,,,person_taking_bath_medium-light_skin_tone,1,🛀🏼,person taking bath: medium-light skin tone,People & Body,person-resting
lion,0.14423076923076922,0.3894230769230769,0.125,0.09134615384615384,0.1875,0.0625,lion,117,🦁,lion,Animals & Nature,animal-mammal
heart_exclamation,0.08859223300970874,0.4720873786407767,0.12135922330097088,0.08980582524271845,0.14927184466019416,0.07888349514563107,heart_exclamation,452,❣️,heart exclamation,Smileys & Emotion,emotion
up_arrow,0.1111111111111111,0.3333333333333333,0.2222222222222222,0.0,0.2222222222222222,0.1111111111111111,up_arrow,14,⬆️,up arrow,Symbols,arrow
front-facing_baby_chick,,,,,,,front-facing_baby_chick,58,🐥,front-facing baby chick,Animals & Nature,animal-bird
man_raising_hand_medium-light_skin_tone,,,,,,,man_raising_hand_medium-light_skin_tone,19,🙋🏼‍♂️,man raising hand: medium-light skin tone,People & Body,person-gesture
scissors,0.1,0.5,0.2,0.0,0.1,0.1,scissors,8,✂️,scissors,Objects,office
cooked_rice,0.0,0.0,0.3333333333333333,0.0,0.0,0.6666666666666666,cooked_rice,2,🍚,cooked rice,Food & Drink,food-asian
locked,0.25,0.25,0.375,0.0,0.0,0.125,locked,8,🔒,locked,Objects,lock
crossed_fingers_medium_skin_tone,0.4,0.2,0.0,0.0,0.2,0.2,crossed_fingers_medium_skin_tone,5,🤞🏽,crossed fingers: medium skin tone,People & Body,hand-fingers-partial
linked_paperclips,0.0,0.4,0.0,0.2,0.0,0.4,linked_paperclips,2,🖇️,linked paperclips,Objects,office
sunrise,0.11229946524064172,0.42780748663101603,0.053475935828877004,0.21390374331550802,0.13903743315508021,0.053475935828877004,sunrise,23,🌅,sunrise,Travel & Places,place-other
man_astronaut,0.23529411764705882,0.35294117647058826,0.11764705882352941,0.0,0.29411764705882354,0.0,man_astronaut,6,👨‍🚀,man astronaut,People & Body,person-role
six-thirty,,,,,,,six-thirty,2,🕡,six-thirty,Travel & Places,time
abacus,0.0,0.5,0.0,0.0,0.5,0.0,abacus,1,🧮,abacus,Objects,computer
man_medium-light_skin_tone_bald,,,,,,,man_medium-light_skin_tone_bald,1,👨🏼‍🦲,"man: medium-light skin tone, bald",People & Body,person
coffin,0.15384615384615385,0.38461538461538464,0.23076923076923078,0.15384615384615385,0.0,0.07692307692307693,coffin,20,⚰️,coffin,Objects,other-object
call_me_hand_medium-dark_skin_tone,,,,,,,call_me_hand_medium-dark_skin_tone,5,🤙🏾,call me hand: medium-dark skin tone,People & Body,hand-fingers-partial
nose_medium-light_skin_tone,,,,,,,nose_medium-light_skin_tone,1,👃🏼,nose: medium-light skin tone,People & Body,body-parts
yarn,1.0,0.0,0.0,0.0,0.0,0.0,yarn,1,🧶,yarn,Activities,arts & crafts
prince,0.06,0.46,0.1,0.14,0.22,0.02,prince,6,🤴,prince,People & Body,person-role
Japan,0.2413793103448276,0.2413793103448276,0.1206896551724138,0.05172413793103448,0.22413793103448276,0.1206896551724138,Japan,23,🇯🇵,flag: Japan,Flags,country-flag
check_mark,0.12205882352941176,0.2911764705882353,0.09558823529411764,0.22941176470588234,0.18382352941176472,0.07794117647058824,check_mark,256,✔️,check mark,Symbols,other-symbol
sun,0.1963762528912876,0.3467232074016962,0.0920585967617579,0.12405551272166539,0.19198149575944487,0.048804934464148034,sun,379,☀️,sun,Travel & Places,sky & weather
peace_symbol,0.0,0.4,0.2,0.0,0.2,0.2,peace_symbol,3,☮️,peace symbol,Symbols,religion
star-struck,,,,,,,star-struck,1073,🤩,star-struck,Smileys & Emotion,face-affection
currency_exchange,0.0,0.3333333333333333,0.0,0.0,0.3333333333333333,0.3333333333333333,currency_exchange,2,💱,currency exchange,Symbols,currency
smiling_face_with_sunglasses,0.16357592722183345,0.39783065080475855,0.09359692092372289,0.16007697690692793,0.13838348495451364,0.046536039188243526,smiling_face_with_sunglasses,2808,😎,smiling face with sunglasses,Smileys & Emotion,face-glasses
maple_leaf,0.0967741935483871,0.44086021505376344,0.12903225806451613,0.16129032258064516,0.11827956989247312,0.053763440860215055,maple_leaf,41,🍁,maple leaf,Animals & Nature,plant-other
keycap_0,0.2,0.6,0.0,0.0,0.2,0.0,keycap_0,6,0️⃣,keycap: 0,Symbols,keycap
CL_button,0.0,0.0,0.0,0.0,0.0,1.0,CL_button,1,🆑,CL button,Symbols,alphanum
thinking_face,0.1947245927075252,0.3605896043444531,0.08673390224980605,0.17145073700543056,0.12924747866563227,0.057253685027152834,thinking_face,3064,🤔,thinking face,Smileys & Emotion,face-hand
goal_net,0.0,0.5,0.125,0.0625,0.1875,0.125,goal_net,7,🥅,goal net,Activities,sport
man_with_veil_light_skin_tone,0.0,0.0,1.0,0.0,0.0,0.0,man_with_veil_light_skin_tone,1,👰🏻‍♂️,man with veil: light skin tone,People & Body,person-role
pick,0.1590909090909091,0.29545454545454547,0.06818181818181818,0.18181818181818182,0.11363636363636363,0.18181818181818182,pick,5,⛏️,pick,Objects,tool
registered,,,,,,,registered,1176,®️,registered,Symbols,other-symbol
link,0.14361997997552564,0.3665591278228946,0.1297140950050061,0.16720436088552676,0.1508510401601958,0.04205139615085104,link,33,🔗,link,Objects,tool
flexed_biceps_medium-dark_skin_tone,,,,,,,flexed_biceps_medium-dark_skin_tone,1,💪🏾,flexed biceps: medium-dark skin tone,People & Body,body-parts
ice_skate,0.5714285714285714,0.0,0.0,0.2857142857142857,0.0,0.14285714285714285,ice_skate,3,⛸️,ice skate,Activities,sport
man_raising_hand_light_skin_tone,0.17733990147783252,0.3694581280788177,0.06896551724137931,0.19704433497536947,0.1330049261083744,0.054187192118226604,man_raising_hand_light_skin_tone,93,🙋🏻‍♂️,man raising hand: light skin tone,People & Body,person-gesture
person_facepalming_medium-light_skin_tone,,,,,,,person_facepalming_medium-light_skin_tone,5,🤦🏼,person facepalming: medium-light skin tone,People & Body,person-gesture
keycap_8,0.25,0.5,0.0,0.25,0.0,0.0,keycap_8,3,8️⃣,keycap: 8,Symbols,keycap
shuffle_tracks_button,0.0,0.0,0.0,0.0,0.0,1.0,shuffle_tracks_button,1,🔀,shuffle tracks button,Symbols,av-symbol
hear-no-evil_monkey,,,,,,,hear-no-evil_monkey,28,🙉,hear-no-evil monkey,Smileys & Emotion,monkey-face
face_with_rolling_eyes,0.19263959390862945,0.3266497461928934,0.08401015228426396,0.19695431472081218,0.14873096446700507,0.05101522842639594,face_with_rolling_eyes,2074,🙄,face with rolling eyes,Smileys & Emotion,face-neutral-skeptical
grinning_face_with_smiling_eyes,0.17698470502549163,0.32083029861616896,0.1023306627822287,0.20320466132556445,0.12964311726147124,0.06700655498907501,grinning_face_with_smiling_eyes,1509,😄,grinning face with smiling eyes,Smileys & Emotion,face-smiling
backhand_index_pointing_up_light_skin_tone,0.2413793103448276,0.3448275862068966,0.13793103448275862,0.2413793103448276,0.034482758620689655,0.0,backhand_index_pointing_up_light_skin_tone,12,👆🏻,backhand index pointing up: light skin tone,People & Body,hand-single-finger
Switzerland,0.1111111111111111,0.7777777777777778,0.0,0.0,0.0,0.1111111111111111,Switzerland,1,🇨🇭,flag: Switzerland,Flags,country-flag
kimono,0.0,0.6,0.2,0.2,0.0,0.0,kimono,2,👘,kimono,Objects,clothing
woman_cook_medium-light_skin_tone,,,,,,,woman_cook_medium-light_skin_tone,2,👩🏼‍🍳,woman cook: medium-light skin tone,People & Body,person-role
crossed_fingers,0.23958333333333334,0.3854166666666667,0.020833333333333332,0.20833333333333334,0.11458333333333333,0.03125,crossed_fingers,63,🤞,crossed fingers,People & Body,hand-fingers-partial
video_game,0.07174887892376682,0.5336322869955157,0.05829596412556054,0.05829596412556054,0.25112107623318386,0.026905829596412557,video_game,100,🎮,video game,Activities,game
cloud_with_lightning,0.0,0.0,0.3333333333333333,0.0,0.3333333333333333,0.3333333333333333,cloud_with_lightning,1,🌩️,cloud with lightning,Travel & Places,sky & weather
Japanese_dolls,0.5,0.0,0.0,0.0,0.0,0.5,Japanese_dolls,5,🎎,Japanese dolls,Activities,event
wind_face,0.14814814814814814,0.42592592592592593,0.1111111111111111,0.12962962962962962,0.09259259259259259,0.09259259259259259,wind_face,18,🌬️,wind face,Travel & Places,sky & weather
file_folder,0.42857142857142855,0.0,0.14285714285714285,0.0,0.2857142857142857,0.14285714285714285,file_folder,3,📁,file folder,Objects,office
two-thirty,,,,,,,two-thirty,8,🕝,two-thirty,Travel & Places,time
sled,0.0,0.0,0.0,0.0,0.0,1.0,sled,1,🛷,sled,Activities,sport
razor,,,,,,,razor,4,🪒,razor,Objects,household
person_getting_haircut,0.75,0.25,0.0,0.0,0.0,0.0,person_getting_haircut,1,💇,person getting haircut,People & Body,person-activity
right-facing_fist_light_skin_tone,,,,,,,right-facing_fist_light_skin_tone,26,🤜🏻,right-facing fist: light skin tone,People & Body,hand-fingers-closed
OK_hand,0.12163509471585245,0.4336989032901296,0.09770687936191426,0.17647058823529413,0.12163509471585245,0.04885343968095713,OK_hand,653,👌,OK hand,People & Body,hand-fingers-partial
crown,0.1598360655737705,0.39549180327868855,0.10245901639344263,0.15163934426229508,0.13729508196721313,0.05327868852459016,crown,309,👑,crown,Objects,clothing
bright_button,0.10843373493975904,0.5502008032128514,0.0963855421686747,0.060240963855421686,0.08835341365461848,0.0963855421686747,bright_button,58,🔆,bright button,Symbols,av-symbol
thumbs_up_medium_skin_tone,0.12903225806451613,0.45161290322580644,0.07526881720430108,0.16129032258064516,0.0967741935483871,0.08602150537634409,thumbs_up_medium_skin_tone,43,👍🏽,thumbs up: medium skin tone,People & Body,hand-fingers-closed
large_blue_diamond,0.14285714285714285,0.42857142857142855,0.0,0.0,0.14285714285714285,0.2857142857142857,large_blue_diamond,2,🔷,large blue diamond,Symbols,geometric
pool_8_ball,0.08695652173913043,0.391304347826087,0.13043478260869565,0.21739130434782608,0.08695652173913043,0.08695652173913043,pool_8_ball,9,🎱,pool 8 ball,Activities,game
folded_hands_medium-light_skin_tone,,,,,,,folded_hands_medium-light_skin_tone,262,🙏🏼,folded hands: medium-light skin tone,People & Body,hands
woman_astronaut,0.2222222222222222,0.3333333333333333,0.2222222222222222,0.2222222222222222,0.0,0.0,woman_astronaut,2,👩‍🚀,woman astronaut,People & Body,person-role
woman_pouting_medium-light_skin_tone,,,,,,,woman_pouting_medium-light_skin_tone,1,🙎🏼‍♀️,woman pouting: medium-light skin tone,People & Body,person-gesture
houses,0.0,0.2,0.0,0.4,0.2,0.2,houses,5,🏘️,houses,Travel & Places,place-building
soft_ice_cream,0.13229571984435798,0.39299610894941633,0.21011673151750973,0.09727626459143969,0.08171206225680934,0.08560311284046693,soft_ice_cream,105,🍦,soft ice cream,Food & Drink,food-sweet
Russia,0.0,0.75,0.25,0.0,0.0,0.0,Russia,2,🇷🇺,flag: Russia,Flags,country-flag
chart_increasing,0.3125,0.25,0.125,0.125,0.125,0.0625,chart_increasing,8,📈,chart increasing,Objects,office
articulated_lorry,0.05263157894736842,0.2631578947368421,0.05263157894736842,0.05263157894736842,0.5263157894736842,0.05263157894736842,articulated_lorry,26,🚛,articulated lorry,Travel & Places,transport-ground
waving_hand_medium_skin_tone,0.15384615384615385,0.46153846153846156,0.15384615384615385,0.23076923076923078,0.0,0.0,waving_hand_medium_skin_tone,8,👋🏽,waving hand: medium skin tone,People & Body,hand-fingers-open
SOS_button,0.1744186046511628,0.29069767441860467,0.20930232558139536,0.20930232558139536,0.10465116279069768,0.011627906976744186,SOS_button,26,🆘,SOS button,Symbols,alphanum
level_slider,0.25,0.25,0.25,0.0,0.0,0.25,level_slider,2,🎚️,level slider,Objects,music
face_with_symbols_on_mouth,0.29779274223718666,0.25252525252525254,0.08679386457164234,0.16011971567527122,0.12121212121212122,0.081556303778526,face_with_symbols_on_mouth,800,🤬,face with symbols on mouth,Smileys & Emotion,face-negative
radio,0.041666666666666664,0.2916666666666667,0.125,0.2916666666666667,0.125,0.125,radio,7,📻,radio,Objects,music
trumpet,0.19047619047619047,0.38095238095238093,0.047619047619047616,0.19047619047619047,0.09523809523809523,0.09523809523809523,trumpet,13,🎺,trumpet,Objects,musical-instrument
star_and_crescent,,,,,,,star_and_crescent,1,☪️,star and crescent,Symbols,religion
clinking_glasses,0.13333333333333333,0.4266666666666667,0.13333333333333333,0.13333333333333333,0.08,0.09333333333333334,clinking_glasses,44,🥂,clinking glasses,Food & Drink,drink
scorpion,0.05263157894736842,0.3157894736842105,0.15789473684210525,0.10526315789473684,0.3684210526315789,0.0,scorpion,8,🦂,scorpion,Animals & Nature,animal-bug
taxi,0.17333333333333334,0.28,0.05333333333333334,0.32,0.08,0.09333333333333334,taxi,14,🚕,taxi,Travel & Places,transport-ground
pig,0.25,0.0,0.0,0.5,0.0,0.25,pig,4,🐖,pig,Animals & Nature,animal-mammal
lizard,,,,,,,lizard,1,🦎,lizard,Animals & Nature,animal-reptile
right_arrow,0.1589825119236884,0.3783783783783784,0.10015898251192369,0.1383147853736089,0.1494435612082671,0.07472178060413355,right_arrow,189,➡️,right arrow,Symbols,arrow
woman_juggling,0.0,0.5,0.0,0.0,0.0,0.5,woman_juggling,4,🤹‍♀️,woman juggling,People & Body,person-sport
snowman,0.10588235294117647,0.5529411764705883,0.08235294117647059,0.09411764705882353,0.11764705882352941,0.047058823529411764,snowman,54,☃️,snowman,Travel & Places,sky & weather
woman_in_tuxedo,0.0,0.25,0.5,0.25,0.0,0.0,woman_in_tuxedo,1,🤵‍♀️,woman in tuxedo,People & Body,person-role
oncoming_automobile,0.09090909090909091,0.35537190082644626,0.12396694214876033,0.11570247933884298,0.2809917355371901,0.03305785123966942,oncoming_automobile,39,🚘,oncoming automobile,Travel & Places,transport-ground
tiger,0.14893617021276595,0.44680851063829785,0.06382978723404255,0.19148936170212766,0.10638297872340426,0.0425531914893617,tiger,4,🐅,tiger,Animals & Nature,animal-mammal
vulcan_salute_dark_skin_tone,,,,,,,vulcan_salute_dark_skin_tone,1,🖖🏿,vulcan salute: dark skin tone,People & Body,hand-fingers-open
card_index,0.0,0.0,0.0,0.0,0.0,1.0,card_index,1,📇,card index,Objects,office
bookmark,0.6666666666666666,0.0,0.3333333333333333,0.0,0.0,0.0,bookmark,1,🔖,bookmark,Objects,book-paper
pushpin,0.12339331619537275,0.5244215938303342,0.04884318766066838,0.11053984575835475,0.14138817480719795,0.05141388174807198,pushpin,269,📌,pushpin,Objects,office
prayer_beads,0.08333333333333333,0.3333333333333333,0.20833333333333334,0.25,0.125,0.0,prayer_beads,18,📿,prayer beads,Objects,clothing
woman_running,0.1896551724137931,0.4482758620689655,0.13793103448275862,0.10344827586206896,0.034482758620689655,0.08620689655172414,woman_running,47,🏃‍♀️,woman running,People & Body,person-activity
ice_cream,0.19444444444444445,0.2916666666666667,0.2361111111111111,0.20833333333333334,0.041666666666666664,0.027777777777777776,ice_cream,33,🍨,ice cream,Food & Drink,food-sweet
full_moon_face,0.12871287128712872,0.39603960396039606,0.12871287128712872,0.1485148514851485,0.15841584158415842,0.039603960396039604,full_moon_face,68,🌝,full moon face,Travel & Places,sky & weather
wavy_dash,0.3333333333333333,0.0,0.0,0.3333333333333333,0.16666666666666666,0.16666666666666666,wavy_dash,3,〰️,wavy dash,Symbols,punctuation
magnifying_glass_tilted_right,0.1774193548387097,0.28225806451612906,0.21774193548387097,0.13709677419354838,0.0967741935483871,0.08870967741935484,magnifying_glass_tilted_right,52,🔎,magnifying glass tilted right,Objects,light & video
horizontal_traffic_light,0.0,0.6,0.2,0.0,0.0,0.2,horizontal_traffic_light,2,🚥,horizontal traffic light,Travel & Places,transport-ground
guitar,0.21739130434782608,0.34782608695652173,0.06521739130434782,0.1956521739130435,0.15217391304347827,0.021739130434782608,guitar,21,🎸,guitar,Objects,musical-instrument
2nd_place_medal,0.2222222222222222,0.5555555555555556,0.1111111111111111,0.0,0.0,0.1111111111111111,2nd_place_medal,4,🥈,2nd place medal,Activities,award-medal
woman_in_lotus_position_medium_skin_tone,,,,,,,woman_in_lotus_position_medium_skin_tone,1,🧘🏽‍♀️,woman in lotus position: medium skin tone,People & Body,person-resting
potato,0.1568627450980392,0.3137254901960784,0.17647058823529413,0.058823529411764705,0.19607843137254902,0.09803921568627451,potato,13,🥔,potato,Food & Drink,food-vegetable
raised_fist_medium-light_skin_tone,,,,,,,raised_fist_medium-light_skin_tone,2,✊🏼,raised fist: medium-light skin tone,People & Body,hand-fingers-closed
microphone,0.13756613756613756,0.3862433862433862,0.164021164021164,0.18518518518518517,0.06349206349206349,0.06349206349206349,microphone,75,🎤,microphone,Objects,music
goblin,0.15306122448979592,0.3843537414965986,0.05782312925170068,0.22448979591836735,0.11904761904761904,0.061224489795918366,goblin,31,👺,goblin,Smileys & Emotion,face-costume
backhand_index_pointing_left_light_skin_tone,0.1875,0.3958333333333333,0.11805555555555555,0.09722222222222222,0.1597222222222222,0.041666666666666664,backhand_index_pointing_left_light_skin_tone,72,👈🏻,backhand index pointing left: light skin tone,People & Body,hand-single-finger
face_without_mouth,0.16300940438871472,0.3448275862068966,0.07836990595611286,0.21003134796238246,0.11598746081504702,0.0877742946708464,face_without_mouth,155,😶,face without mouth,Smileys & Emotion,face-neutral-skeptical
victory_hand_light_skin_tone,0.15550755939524838,0.4319654427645788,0.09071274298056156,0.1490280777537797,0.1101511879049676,0.06263498920086392,victory_hand_light_skin_tone,207,✌🏻,victory hand: light skin tone,People & Body,hand-fingers-partial
party_popper,0.09754433833560709,0.5583219645293315,0.08356070941336971,0.07196452933151433,0.13608458390177353,0.05252387448840382,party_popper,1003,🎉,party popper,Activities,event
goggles,,,,,,,goggles,5,🥽,goggles,Objects,clothing
man_in_lotus_position,0.25,0.25,0.16666666666666666,0.08333333333333333,0.16666666666666666,0.08333333333333333,man_in_lotus_position,5,🧘‍♂️,man in lotus position,People & Body,person-resting
heart_with_arrow,0.11209439528023599,0.6106194690265486,0.06489675516224189,0.11209439528023599,0.07964601769911504,0.02064896755162242,heart_with_arrow,287,💘,heart with arrow,Smileys & Emotion,emotion
pinching_hand,0.16666666666666666,0.3333333333333333,0.0,0.16666666666666666,0.16666666666666666,0.16666666666666666,pinching_hand,2,🤏,pinching hand,People & Body,hand-fingers-partial
small_blue_diamond,0.15384615384615385,0.46153846153846156,0.0,0.0,0.15384615384615385,0.23076923076923078,small_blue_diamond,11,🔹,small blue diamond,Symbols,geometric
amphora,0.0,0.0,0.0,0.0,0.0,1.0,amphora,2,🏺,amphora,Food & Drink,dishware
movie_camera,0.15,0.33076923076923076,0.09615384615384616,0.27307692307692305,0.11153846153846154,0.038461538461538464,movie_camera,118,🎥,movie camera,Objects,light & video
spoon,0.0,0.0,0.0,0.0,0.0,1.0,spoon,1,🥄,spoon,Food & Drink,dishware
Taurus,0.0,0.3333333333333333,0.3333333333333333,0.0,0.0,0.3333333333333333,Taurus,2,♉,Taurus,Symbols,zodiac
open_file_folder,0.0,0.0,0.0,0.0,0.0,1.0,open_file_folder,1,📂,open file folder,Objects,office
spider_web,0.16666666666666666,0.6666666666666666,0.0,0.16666666666666666,0.0,0.0,spider_web,7,🕸️,spider web,Animals & Nature,animal-bug
tomato,0.07142857142857142,0.2857142857142857,0.14285714285714285,0.07142857142857142,0.19047619047619047,0.23809523809523808,tomato,32,🍅,tomato,Food & Drink,food-fruit
old_man,0.0,0.3333333333333333,0.25,0.08333333333333333,0.08333333333333333,0.25,old_man,7,👴,old man,People & Body,person
sushi,0.07142857142857142,0.35714285714285715,0.07142857142857142,0.2857142857142857,0.07142857142857142,0.14285714285714285,sushi,2,🍣,sushi,Food & Drink,food-asian
steaming_bowl,0.2,0.1,0.2,0.0,0.2,0.3,steaming_bowl,4,🍜,steaming bowl,Food & Drink,food-asian
keycap_5,,,,,,,keycap_5,1,5️⃣,keycap: 5,Symbols,keycap
anchor,0.0,0.5,0.0,0.0,0.0,0.5,anchor,8,⚓,anchor,Travel & Places,transport-water
pot_of_food,0.038461538461538464,0.5692307692307692,0.13846153846153847,0.015384615384615385,0.2076923076923077,0.03076923076923077,pot_of_food,39,🍲,pot of food,Food & Drink,food-prepared
old_woman_medium-light_skin_tone,,,,,,,old_woman_medium-light_skin_tone,3,👵🏼,old woman: medium-light skin tone,People & Body,person
exploding_head,0.1921182266009852,0.30295566502463056,0.10591133004926108,0.19458128078817735,0.0960591133004926,0.10837438423645321,exploding_head,224,🤯,exploding head,Smileys & Emotion,face-unwell
lipstick,0.14153846153846153,0.44769230769230767,0.09538461538461539,0.11538461538461539,0.12153846153846154,0.07846153846153846,lipstick,300,💄,lipstick,Objects,clothing
railway_car,0.0,0.0,0.0,0.0,0.5,0.5,railway_car,3,🚃,railway car,Travel & Places,transport-ground
double_exclamation_mark,0.29292929292929293,0.3088023088023088,0.08513708513708514,0.14285714285714285,0.08513708513708514,0.08513708513708514,double_exclamation_mark,239,‼️,double exclamation mark,Symbols,punctuation
woman_judge_medium-light_skin_tone,,,,,,,woman_judge_medium-light_skin_tone,1,👩🏼‍⚖️,woman judge: medium-light skin tone,People & Body,person-role
stop_button,0.0,0.0,0.0,0.0,0.0,1.0,stop_button,1,⏹️,stop button,Symbols,av-symbol
pregnant_woman_medium-light_skin_tone,,,,,,,pregnant_woman_medium-light_skin_tone,6,🤰🏼,pregnant woman: medium-light skin tone,People & Body,person-role
drum,0.10869565217391304,0.34782608695652173,0.08695652173913043,0.15217391304347827,0.10869565217391304,0.1956521739130435,drum,9,🥁,drum,Objects,musical-instrument
red_heart,0.07088159280176128,0.4174404135158419,0.09366325260840433,0.08921221403273667,0.1526275485785393,0.17617497846271657,red_heart,12140,❤️,red heart,Smileys & Emotion,emotion
OK_hand_medium_skin_tone,0.17647058823529413,0.4264705882352941,0.058823529411764705,0.22058823529411764,0.029411764705882353,0.08823529411764706,OK_hand_medium_skin_tone,26,👌🏽,OK hand: medium skin tone,People & Body,hand-fingers-partial
UP!_button,,,,,,,UP!_button,2,🆙,UP! button,Symbols,alphanum
ambulance,0.0,0.6,0.0,0.2,0.0,0.2,ambulance,6,🚑,ambulance,Travel & Places,transport-ground
balance_scale,0.2,0.4,0.175,0.125,0.0,0.1,balance_scale,17,⚖️,balance scale,Objects,tool
man_frowning_medium-dark_skin_tone,,,,,,,man_frowning_medium-dark_skin_tone,1,🙍🏾‍♂️,man frowning: medium-dark skin tone,People & Body,person-gesture
speaking_head,0.1797752808988764,0.48314606741573035,0.10112359550561797,0.12359550561797752,0.033707865168539325,0.07865168539325842,speaking_head,58,🗣️,speaking head,People & Body,person-symbol
black_small_square,0.043478260869565216,0.21739130434782608,0.08695652173913043,0.17391304347826086,0.43478260869565216,0.043478260869565216,black_small_square,10,▪️,black small square,Symbols,geometric
water_closet,0.0,0.0,0.0,0.0,0.0,1.0,water_closet,1,🚾,water closet,Symbols,transport-sign
United_States,0.1111111111111111,0.4444444444444444,0.2222222222222222,0.1111111111111111,0.1111111111111111,0.0,United_States,6,🇺🇸,flag: United States,Flags,country-flag
man_cartwheeling_dark_skin_tone,0.18181818181818182,0.6363636363636364,0.09090909090909091,0.09090909090909091,0.0,0.0,man_cartwheeling_dark_skin_tone,2,🤸🏿‍♂️,man cartwheeling: dark skin tone,People & Body,person-sport
bullseye,0.2,0.43636363636363634,0.07272727272727272,0.03636363636363636,0.2,0.05454545454545454,bullseye,31,🎯,bullseye,Activities,game
man_scientist_medium_skin_tone,,,,,,,man_scientist_medium_skin_tone,1,👨🏽‍🔬,man scientist: medium skin tone,People & Body,person-role
woman_facepalming_light_skin_tone,0.18253968253968253,0.30257936507936506,0.11210317460317461,0.22321428571428573,0.11507936507936507,0.06448412698412699,woman_facepalming_light_skin_tone,471,🤦🏻‍♀️,woman facepalming: light skin tone,People & Body,person-gesture
raising_hands_medium-dark_skin_tone,,,,,,,raising_hands_medium-dark_skin_tone,2,🙌🏾,raising hands: medium-dark skin tone,People & Body,hands
woman_vampire,0.0,0.0,0.0,0.0,0.0,1.0,woman_vampire,2,🧛‍♀️,woman vampire,People & Body,person-fantasy
woman_shrugging_medium-dark_skin_tone,,,,,,,woman_shrugging_medium-dark_skin_tone,4,🤷🏾‍♀️,woman shrugging: medium-dark skin tone,People & Body,person-gesture
kitchen_knife,0.2619047619047619,0.2698412698412698,0.14285714285714285,0.1984126984126984,0.07142857142857142,0.05555555555555555,kitchen_knife,83,🔪,kitchen knife,Food & Drink,dishware
closed_mailbox_with_raised_flag,0.14285714285714285,0.42857142857142855,0.2857142857142857,0.0,0.0,0.14285714285714285,closed_mailbox_with_raised_flag,2,📫,closed mailbox with raised flag,Objects,mail
woman_mechanic,0.5,0.25,0.0,0.0,0.25,0.0,woman_mechanic,2,👩‍🔧,woman mechanic,People & Body,person-role
otter,0.38461538461538464,0.3076923076923077,0.07692307692307693,0.23076923076923078,0.0,0.0,otter,14,🦦,otter,Animals & Nature,animal-mammal
toolbox,0.25,0.5,0.0,0.0,0.25,0.0,toolbox,2,🧰,toolbox,Objects,tool
white_flag,0.07692307692307693,0.6153846153846154,0.07692307692307693,0.07692307692307693,0.07692307692307693,0.07692307692307693,white_flag,10,🏳️,white flag,Flags,flag
egg,0.07894736842105263,0.4473684210526316,0.0,0.0,0.13157894736842105,0.34210526315789475,egg,7,🥚,egg,Food & Drink,food-prepared
vertical_traffic_light,0.0,0.37037037037037035,0.07407407407407407,0.37037037037037035,0.1111111111111111,0.07407407407407407,vertical_traffic_light,8,🚦,vertical traffic light,Travel & Places,transport-ground
bus,0.16666666666666666,0.5,0.16666666666666666,0.0,0.0,0.16666666666666666,bus,5,🚌,bus,Travel & Places,transport-ground
chequered_flag,0.1330049261083744,0.5763546798029556,0.08374384236453201,0.11822660098522167,0.034482758620689655,0.054187192118226604,chequered_flag,74,🏁,chequered flag,Flags,flag
P_button,0.0,0.0,0.0,0.0,0.0,1.0,P_button,1,🅿️,P button,Symbols,alphanum
woman_cook_medium_skin_tone,0.14285714285714285,0.2857142857142857,0.0,0.14285714285714285,0.0,0.42857142857142855,woman_cook_medium_skin_tone,1,👩🏽‍🍳,woman cook: medium skin tone,People & Body,person-role
man_dancing_medium-light_skin_tone,,,,,,,man_dancing_medium-light_skin_tone,9,🕺🏼,man dancing: medium-light skin tone,People & Body,person-activity
smiling_face_with_horns,0.21565495207667731,0.3354632587859425,0.08626198083067092,0.16134185303514376,0.15814696485623003,0.04313099041533546,smiling_face_with_horns,424,😈,smiling face with horns,Smileys & Emotion,face-negative
sign_of_the_horns_light_skin_tone,0.23931623931623933,0.39316239316239315,0.05128205128205128,0.15384615384615385,0.11965811965811966,0.042735042735042736,sign_of_the_horns_light_skin_tone,59,🤘🏻,sign of the horns: light skin tone,People & Body,hand-fingers-partial
man_tipping_hand_dark_skin_tone,0.0,1.0,0.0,0.0,0.0,0.0,man_tipping_hand_dark_skin_tone,1,💁🏿‍♂️,man tipping hand: dark skin tone,People & Body,person-gesture
red_circle,0.08333333333333333,0.4444444444444444,0.2222222222222222,0.06944444444444445,0.125,0.05555555555555555,red_circle,50,🔴,red circle,Symbols,geometric
woman_student,0.3333333333333333,0.3333333333333333,0.0,0.0,0.3333333333333333,0.0,woman_student,10,👩‍🎓,woman student,People & Body,person-role
woman_detective_light_skin_tone,0.23076923076923078,0.07692307692307693,0.38461538461538464,0.07692307692307693,0.23076923076923078,0.0,woman_detective_light_skin_tone,11,🕵🏻‍♀️,woman detective: light skin tone,People & Body,person-role
office_building,0.18181818181818182,0.0,0.09090909090909091,0.09090909090909091,0.5454545454545454,0.09090909090909091,office_building,8,🏢,office building,Travel & Places,place-building
cut_of_meat,0.3333333333333333,0.3333333333333333,0.0,0.0,0.0,0.3333333333333333,cut_of_meat,3,🥩,cut of meat,Food & Drink,food-prepared
palms_up_together_light_skin_tone,0.07954545454545454,0.26704545454545453,0.10795454545454546,0.3693181818181818,0.08522727272727272,0.09090909090909091,palms_up_together_light_skin_tone,126,🤲🏻,palms up together: light skin tone,People & Body,hands
person_in_tuxedo_medium_skin_tone,0.0,1.0,0.0,0.0,0.0,0.0,person_in_tuxedo_medium_skin_tone,1,🤵🏽,person in tuxedo: medium skin tone,People & Body,person-role
red_question_mark,0.25806451612903225,0.2862903225806452,0.10887096774193548,0.15725806451612903,0.13709677419354838,0.05241935483870968,red_question_mark,124,❓,red question mark,Symbols,punctuation
Santa_Claus_medium_skin_tone,0.25,0.5,0.0,0.25,0.0,0.0,Santa_Claus_medium_skin_tone,1,🎅🏽,Santa Claus: medium skin tone,People & Body,person-fantasy
man_dancing_light_skin_tone,0.15789473684210525,0.3157894736842105,0.14473684210526316,0.14473684210526316,0.21052631578947367,0.02631578947368421,man_dancing_light_skin_tone,31,🕺🏻,man dancing: light skin tone,People & Body,person-activity
person_with_skullcap,0.0,0.0,0.3333333333333333,0.3333333333333333,0.3333333333333333,0.0,person_with_skullcap,2,👲,person with skullcap,People & Body,person-role
blossom,0.07926829268292683,0.5060975609756098,0.09451219512195122,0.08231707317073171,0.11890243902439024,0.11890243902439024,blossom,185,🌼,blossom,Animals & Nature,plant-flower
shamrock,0.11578947368421053,0.4421052631578947,0.11578947368421053,0.16842105263157894,0.06315789473684211,0.09473684210526316,shamrock,45,☘️,shamrock,Animals & Nature,plant-other
dress,0.13043478260869565,0.13043478260869565,0.2608695652173913,0.043478260869565216,0.391304347826087,0.043478260869565216,dress,17,👗,dress,Objects,clothing
man_artist,0.0,0.5,0.0,0.5,0.0,0.0,man_artist,1,👨‍🎨,man artist,People & Body,person-role
man_fairy_dark_skin_tone,0.5,0.5,0.0,0.0,0.0,0.0,man_fairy_dark_skin_tone,1,🧚🏿‍♂️,man fairy: dark skin tone,People & Body,person-fantasy
woman_teacher,0.3333333333333333,0.6666666666666666,0.0,0.0,0.0,0.0,woman_teacher,3,👩‍🏫,woman teacher,People & Body,person-role
ghost,0.1493212669683258,0.35294117647058826,0.11764705882352941,0.22171945701357465,0.11764705882352941,0.04072398190045249,ghost,98,👻,ghost,Smileys & Emotion,face-costume
white_exclamation_mark,0.06666666666666667,0.4888888888888889,0.17777777777777778,0.2222222222222222,0.0,0.044444444444444446,white_exclamation_mark,17,❕,white exclamation mark,Symbols,punctuation
olive,0.16666666666666666,0.3333333333333333,0.16666666666666666,0.0,0.0,0.3333333333333333,olive,1,🫒,olive,Food & Drink,food-fruit
fairy_light_skin_tone,0.058823529411764705,0.6470588235294118,0.17647058823529413,0.058823529411764705,0.0,0.058823529411764705,fairy_light_skin_tone,6,🧚🏻,fairy: light skin tone,People & Body,person-fantasy
woman_police_officer_light_skin_tone,0.125,0.125,0.375,0.25,0.125,0.0,woman_police_officer_light_skin_tone,4,👮🏻‍♀️,woman police officer: light skin tone,People & Body,person-role
house,0.1683284457478006,0.32727272727272727,0.09149560117302052,0.2592375366568915,0.11202346041055719,0.04164222873900293,house,81,🏠,house,Travel & Places,place-building
Azerbaijan,0.13333333333333333,0.6666666666666666,0.0,0.06666666666666667,0.06666666666666667,0.06666666666666667,Azerbaijan,5,🇦🇿,flag: Azerbaijan,Flags,country-flag
breast-feeding_light_skin_tone,,,,,,,breast-feeding_light_skin_tone,1,🤱🏻,breast-feeding: light skin tone,People & Body,person-role
check_mark_button,0.16149068322981366,0.3167701863354037,0.08198757763975155,0.20124223602484473,0.12422360248447205,0.11428571428571428,check_mark_button,312,✅,check mark button,Symbols,other-symbol
man_raising_hand,0.224,0.328,0.088,0.168,0.128,0.064,man_raising_hand,64,🙋‍♂️,man raising hand,People & Body,person-gesture
TOP_arrow,0.0,0.6666666666666666,0.0,0.0,0.0,0.3333333333333333,TOP_arrow,5,🔝,TOP arrow,Symbols,arrow
woman_farmer_light_skin_tone,0.0,0.6,0.0,0.4,0.0,0.0,woman_farmer_light_skin_tone,1,👩🏻‍🌾,woman farmer: light skin tone,People & Body,person-role
woman_astronaut_light_skin_tone,0.0,0.0,0.0,0.8571428571428571,0.14285714285714285,0.0,woman_astronaut_light_skin_tone,7,👩🏻‍🚀,woman astronaut: light skin tone,People & Body,person-role
Capricorn,0.0,0.0,0.0,0.0,0.0,1.0,Capricorn,1,♑,Capricorn,Symbols,zodiac
couple_with_heart_woman_man,0.3333333333333333,0.6666666666666666,0.0,0.0,0.0,0.0,couple_with_heart_woman_man,2,👩‍❤️‍👨,"couple with heart: woman, man",People & Body,family
man_getting_massage,0.3333333333333333,0.6666666666666666,0.0,0.0,0.0,0.0,man_getting_massage,1,💆‍♂️,man getting massage,People & Body,person-activity
weary_face,0.17523809523809525,0.37523809523809526,0.09904761904761905,0.17523809523809525,0.12571428571428572,0.049523809523809526,weary_face,294,😩,weary face,Smileys & Emotion,face-concerned
oncoming_taxi,0.3,0.2,0.1,0.2,0.1,0.1,oncoming_taxi,6,🚖,oncoming taxi,Travel & Places,transport-ground
hibiscus,0.14860681114551083,0.4953560371517028,0.08359133126934984,0.09597523219814241,0.11145510835913312,0.06501547987616099,hibiscus,154,🌺,hibiscus,Animals & Nature,plant-flower
woman_pilot,0.0,0.75,0.0,0.0,0.0,0.25,woman_pilot,1,👩‍✈️,woman pilot,People & Body,person-role
multiply,0.2,0.08,0.2,0.44,0.0,0.08,multiply,15,✖️,multiply,Symbols,math
woman_teacher_medium_skin_tone,0.0,0.0,1.0,0.0,0.0,0.0,woman_teacher_medium_skin_tone,1,👩🏽‍🏫,woman teacher: medium skin tone,People & Body,person-role
Santa_Claus,0.1509433962264151,0.6226415094339622,0.07547169811320754,0.05660377358490566,0.05660377358490566,0.03773584905660377,Santa_Claus,16,🎅,Santa Claus,People & Body,person-fantasy
factory,0.17857142857142858,0.32142857142857145,0.08928571428571429,0.17857142857142858,0.17857142857142858,0.05357142857142857,factory,9,🏭,factory,Travel & Places,place-building
baby_bottle,0.12121212121212122,0.3333333333333333,0.21212121212121213,0.030303030303030304,0.18181818181818182,0.12121212121212122,baby_bottle,10,🍼,baby bottle,Food & Drink,drink
woman_facepalming_dark_skin_tone,0.0,0.6,0.0,0.2,0.2,0.0,woman_facepalming_dark_skin_tone,4,🤦🏿‍♀️,woman facepalming: dark skin tone,People & Body,person-gesture
rocket,0.13805970149253732,0.44402985074626866,0.07462686567164178,0.1044776119402985,0.1865671641791045,0.05223880597014925,rocket,141,🚀,rocket,Travel & Places,transport-air
open_book,0.14492753623188406,0.5072463768115942,0.13043478260869565,0.057971014492753624,0.14492753623188406,0.014492753623188406,open_book,25,📖,open book,Objects,book-paper
hundred_points,0.08934707903780069,0.41237113402061853,0.08247422680412371,0.2508591065292096,0.13058419243986255,0.03436426116838488,hundred_points,197,💯,hundred points,Smileys & Emotion,emotion
Austria,0.1111111111111111,0.7777777777777778,0.0,0.0,0.0,0.1111111111111111,Austria,1,🇦🇹,flag: Austria,Flags,country-flag
man_raising_hand_medium-dark_skin_tone,,,,,,,man_raising_hand_medium-dark_skin_tone,1,🙋🏾‍♂️,man raising hand: medium-dark skin tone,People & Body,person-gesture
woman_office_worker_light_skin_tone,0.6666666666666666,0.0,0.3333333333333333,0.0,0.0,0.0,woman_office_worker_light_skin_tone,2,👩🏻‍💼,woman office worker: light skin tone,People & Body,person-role
locked_with_pen,0.0,0.0,0.0,0.0,0.0,1.0,locked_with_pen,1,🔏,locked with pen,Objects,lock
oncoming_fist_medium-light_skin_tone,,,,,,,oncoming_fist_medium-light_skin_tone,58,👊🏼,oncoming fist: medium-light skin tone,People & Body,hand-fingers-closed
boy_medium_skin_tone,0.6666666666666666,0.3333333333333333,0.0,0.0,0.0,0.0,boy_medium_skin_tone,3,👦🏽,boy: medium skin tone,People & Body,person
raised_fist,0.13559322033898305,0.3898305084745763,0.0847457627118644,0.2033898305084746,0.11864406779661017,0.06779661016949153,raised_fist,42,✊,raised fist,People & Body,hand-fingers-closed
middle_finger,0.3018867924528302,0.37735849056603776,0.03773584905660377,0.11320754716981132,0.09433962264150944,0.07547169811320754,middle_finger,37,🖕,middle finger,People & Body,hand-single-finger
baguette_bread,0.14285714285714285,0.42857142857142855,0.047619047619047616,0.09523809523809523,0.09523809523809523,0.19047619047619047,baguette_bread,7,🥖,baguette bread,Food & Drink,food-prepared
woman_technologist_medium-light_skin_tone,,,,,,,woman_technologist_medium-light_skin_tone,4,👩🏼‍💻,woman technologist: medium-light skin tone,People & Body,person-role
cat,0.2126537785588752,0.2741652021089631,0.0913884007029877,0.1704745166959578,0.1282952548330404,0.12302284710017575,cat,65,🐈,cat,Animals & Nature,animal-mammal
Leo,0.0,0.0,0.0,0.0,0.0,1.0,Leo,1,♌,Leo,Symbols,zodiac
man_swimming_medium-light_skin_tone,,,,,,,man_swimming_medium-light_skin_tone,2,🏊🏼‍♂️,man swimming: medium-light skin tone,People & Body,person-sport
cold_face,0.3333333333333333,0.19753086419753085,0.07407407407407407,0.14814814814814814,0.14814814814814814,0.09876543209876543,cold_face,37,🥶,cold face,Smileys & Emotion,face-unwell
woman_running_medium_skin_tone,0.3333333333333333,0.0,0.5,0.0,0.08333333333333333,0.08333333333333333,woman_running_medium_skin_tone,6,🏃🏽‍♀️,woman running: medium skin tone,People & Body,person-activity
ice,0.2727272727272727,0.36363636363636365,0.18181818181818182,0.09090909090909091,0.0,0.09090909090909091,ice,4,🧊,ice,Food & Drink,drink
brown_heart,0.14814814814814814,0.3148148148148148,0.2037037037037037,0.09259259259259259,0.18518518518518517,0.05555555555555555,brown_heart,34,🤎,brown heart,Smileys & Emotion,emotion
videocassette,0.0,0.4,0.2,0.2,0.0,0.2,videocassette,3,📼,videocassette,Objects,light & video
skis,0.3888888888888889,0.3333333333333333,0.1111111111111111,0.0,0.05555555555555555,0.1111111111111111,skis,5,🎿,skis,Activities,sport
family_man_woman_boy_boy,,,,,,,family_man_woman_boy_boy,1,👨‍👩‍👦‍👦,"family: man, woman, boy, boy",People & Body,family
woman_walking_medium-light_skin_tone,,,,,,,woman_walking_medium-light_skin_tone,1,🚶🏼‍♀️,woman walking: medium-light skin tone,People & Body,person-activity
cyclone,0.06976744186046512,0.4883720930232558,0.023255813953488372,0.11627906976744186,0.16279069767441862,0.13953488372093023,cyclone,27,🌀,cyclone,Travel & Places,sky & weather
breast-feeding_medium-light_skin_tone,,,,,,,breast-feeding_medium-light_skin_tone,2,🤱🏼,breast-feeding: medium-light skin tone,People & Body,person-role
bathtub,0.11578947368421053,0.3684210526315789,0.031578947368421054,0.15789473684210525,0.1368421052631579,0.18947368421052632,bathtub,23,🛁,bathtub,Objects,household
backhand_index_pointing_right_medium-light_skin_tone,,,,,,,backhand_index_pointing_right_medium-light_skin_tone,154,👉🏼,backhand index pointing right: medium-light skin tone,People & Body,hand-single-finger
woman_raising_hand_dark_skin_tone,,,,,,,woman_raising_hand_dark_skin_tone,1,🙋🏿‍♀️,woman raising hand: dark skin tone,People & Body,person-gesture
health_worker,,,,,,,health_worker,1,🧑‍⚕️,health worker,People & Body,person-role
ear_light_skin_tone,0.0,0.43478260869565216,0.30434782608695654,0.13043478260869565,0.08695652173913043,0.043478260869565216,ear_light_skin_tone,6,👂🏻,ear: light skin tone,People & Body,body-parts
pound_banknote,0.0,0.5,0.0,0.0,0.5,0.0,pound_banknote,4,💷,pound banknote,Objects,money
ribbon,0.07926829268292683,0.49390243902439024,0.10365853658536585,0.12804878048780488,0.13414634146341464,0.06097560975609756,ribbon,55,🎀,ribbon,Activities,event
woman_facepalming_medium_skin_tone,0.21782178217821782,0.3564356435643564,0.1485148514851485,0.12871287128712872,0.10891089108910891,0.039603960396039604,woman_facepalming_medium_skin_tone,45,🤦🏽‍♀️,woman facepalming: medium skin tone,People & Body,person-gesture
infinity,0.16666666666666666,0.3888888888888889,0.0,0.1111111111111111,0.1111111111111111,0.2222222222222222,infinity,13,♾️,infinity,Symbols,math
backhand_index_pointing_down_light_skin_tone,0.11720430107526882,0.5204301075268817,0.0913978494623656,0.08064516129032258,0.13333333333333333,0.05698924731182796,backhand_index_pointing_down_light_skin_tone,242,👇🏻,backhand index pointing down: light skin tone,People & Body,hand-single-finger
luggage,0.09090909090909091,0.5454545454545454,0.0,0.2727272727272727,0.0,0.09090909090909091,luggage,6,🧳,luggage,Travel & Places,hotel
dog_face,0.00806057645334636,0.4860771861260381,0.008549096238397655,0.01074743527112848,0.23888617489008304,0.24767953102100634,dog_face,1039,🐶,dog face,Animals & Nature,animal-mammal
gear,0.2,0.4625,0.06607142857142857,0.10714285714285714,0.11607142857142858,0.048214285714285716,gear,8,⚙️,gear,Objects,tool
dragon,0.26666666666666666,0.2,0.0,0.2,0.2,0.13333333333333333,dragon,11,🐉,dragon,Animals & Nature,animal-reptile
woman_gesturing_OK,0.1875,0.25,0.375,0.15625,0.03125,0.0,woman_gesturing_OK,17,🙆‍♀️,woman gesturing OK,People & Body,person-gesture
family_woman_girl,0.14285714285714285,0.32653061224489793,0.22448979591836735,0.20408163265306123,0.10204081632653061,0.0,family_woman_girl,7,👩‍👧,"family: woman, girl",People & Body,family
bento_box,0.0,0.0,0.25,0.0,0.25,0.5,bento_box,2,🍱,bento box,Food & Drink,food-asian
eggplant,0.05,0.55,0.1,0.1,0.05,0.15,eggplant,18,🍆,eggplant,Food & Drink,food-vegetable
trident_emblem,0.125,0.25,0.0,0.5,0.0,0.125,trident_emblem,10,🔱,trident emblem,Symbols,other-symbol
ID_button,0.0,0.0,0.0,0.0,0.0,1.0,ID_button,1,🆔,ID button,Symbols,alphanum
loudly_crying_face,0.1443001443001443,0.3518862090290662,0.13997113997113997,0.14862914862914864,0.16017316017316016,0.055040197897340756,loudly_crying_face,2599,😭,loudly crying face,Smileys & Emotion,face-concerned
thumbs_down_medium-light_skin_tone,,,,,,,thumbs_down_medium-light_skin_tone,78,👎🏼,thumbs down: medium-light skin tone,People & Body,hand-fingers-closed
pleading_face,0.13838405955769653,0.41756076198817604,0.10619662798335888,0.16772498357784105,0.1256842566236041,0.04444931026932341,pleading_face,3103,🥺,pleading face,Smileys & Emotion,face-concerned
old_man_medium-light_skin_tone,,,,,,,old_man_medium-light_skin_tone,6,👴🏼,old man: medium-light skin tone,People & Body,person
airplane_departure,0.10204081632653061,0.5510204081632653,0.04081632653061224,0.061224489795918366,0.061224489795918366,0.1836734693877551,airplane_departure,11,🛫,airplane departure,Travel & Places,transport-air
baseball,0.1111111111111111,0.2222222222222222,0.1111111111111111,0.4444444444444444,0.0,0.1111111111111111,baseball,2,⚾,baseball,Activities,sport
bell,0.1588785046728972,0.46261682242990654,0.102803738317757,0.102803738317757,0.1261682242990654,0.04672897196261682,bell,43,🔔,bell,Objects,sound
man,0.17703349282296652,0.3349282296650718,0.06539074960127592,0.22488038277511962,0.1467304625199362,0.051036682615629984,man,14,👨,man,People & Body,person
cup_with_straw,0.06944444444444445,0.5555555555555556,0.08333333333333333,0.06944444444444445,0.16666666666666666,0.05555555555555555,cup_with_straw,49,🥤,cup with straw,Food & Drink,drink
grinning_cat_with_smiling_eyes,0.3,0.26666666666666666,0.16666666666666666,0.06666666666666667,0.03333333333333333,0.16666666666666666,grinning_cat_with_smiling_eyes,13,😸,grinning cat with smiling eyes,Smileys & Emotion,cat-face
clapping_hands,0.22090095131505316,0.4042389479574706,0.09695019585898153,0.11632624510352546,0.10912143256855064,0.052462227196418576,clapping_hands,5282,👏,clapping hands,People & Body,hands
person_swimming_medium-light_skin_tone,,,,,,,person_swimming_medium-light_skin_tone,1,🏊🏼,person swimming: medium-light skin tone,People & Body,person-sport
prohibited,0.3475409836065574,0.05245901639344262,0.24262295081967214,0.13442622950819672,0.1737704918032787,0.04918032786885246,prohibited,75,🚫,prohibited,Symbols,warning
clockwise_vertical_arrows,0.0,0.0,0.0,0.0,0.0,1.0,clockwise_vertical_arrows,1,🔃,clockwise vertical arrows,Symbols,arrow
Canada,0.1111111111111111,0.6666666666666666,0.1111111111111111,0.1111111111111111,0.0,0.0,Canada,2,🇨🇦,flag: Canada,Flags,country-flag
woman_gesturing_NO_medium-dark_skin_tone,,,,,,,woman_gesturing_NO_medium-dark_skin_tone,2,🙅🏾‍♀️,woman gesturing NO: medium-dark skin tone,People & Body,person-gesture
man_dark_skin_tone_bald,,,,,,,man_dark_skin_tone_bald,1,👨🏿‍🦲,"man: dark skin tone, bald",People & Body,person
doughnut,0.07142857142857142,0.6071428571428571,0.0,0.10714285714285714,0.10714285714285714,0.10714285714285714,doughnut,20,🍩,doughnut,Food & Drink,food-sweet
woman_getting_haircut_light_skin_tone,0.2,0.1,0.0,0.6,0.0,0.1,woman_getting_haircut_light_skin_tone,1,💇🏻‍♀️,woman getting haircut: light skin tone,People & Body,person-activity
person_rowing_boat,0.18181818181818182,0.5454545454545454,0.0,0.09090909090909091,0.0,0.18181818181818182,person_rowing_boat,6,🚣,person rowing boat,People & Body,person-sport
minus,0.0,0.4,0.0,0.2,0.0,0.4,minus,4,➖,minus,Symbols,math
person_light_skin_tone,,,,,,,person_light_skin_tone,1,🧑🏻,person: light skin tone,People & Body,person
footprints,0.3684210526315789,0.24561403508771928,0.14035087719298245,0.17543859649122806,0.017543859649122806,0.05263157894736842,footprints,27,👣,footprints,People & Body,person-symbol
waving_hand_dark_skin_tone,0.42857142857142855,0.14285714285714285,0.2857142857142857,0.0,0.14285714285714285,0.0,waving_hand_dark_skin_tone,2,👋🏿,waving hand: dark skin tone,People & Body,hand-fingers-open
Santa_Claus_medium-light_skin_tone,,,,,,,Santa_Claus_medium-light_skin_tone,2,🎅🏼,Santa Claus: medium-light skin tone,People & Body,person-fantasy
man_climbing,0.0,0.0,0.0,0.0,0.0,1.0,man_climbing,1,🧗‍♂️,man climbing,People & Body,person-activity
Israel,0.0,0.0,1.0,0.0,0.0,0.0,Israel,2,🇮🇱,flag: Israel,Flags,country-flag
person_raising_hand_medium_skin_tone,0.0,1.0,0.0,0.0,0.0,0.0,person_raising_hand_medium_skin_tone,1,🙋🏽,person raising hand: medium skin tone,People & Body,person-gesture
woman_blond_hair,0.0,0.25,0.25,0.25,0.0,0.25,woman_blond_hair,3,👱‍♀️,woman: blond hair,People & Body,person
woman_frowning,0.0,1.0,0.0,0.0,0.0,0.0,woman_frowning,1,🙍‍♀️,woman frowning,People & Body,person-gesture
Brazil,0.0,0.8235294117647058,0.11764705882352941,0.029411764705882353,0.029411764705882353,0.0,Brazil,17,🇧🇷,flag: Brazil,Flags,country-flag
funeral_urn,0.0,0.5,0.0,0.0,0.0,0.5,funeral_urn,3,⚱️,funeral urn,Objects,other-object
zzz,0.12941176470588237,0.24705882352941178,0.12941176470588237,0.29411764705882354,0.12941176470588237,0.07058823529411765,zzz,15,💤,zzz,Smileys & Emotion,emotion
woman_vampire_light_skin_tone,0.0,1.0,0.0,0.0,0.0,0.0,woman_vampire_light_skin_tone,1,🧛🏻‍♀️,woman vampire: light skin tone,People & Body,person-fantasy
cat_face,0.008806262230919765,0.4860567514677104,0.011986301369863013,0.008072407045009784,0.24021526418786693,0.24486301369863014,cat_face,1020,🐱,cat face,Animals & Nature,animal-mammal
bell_pepper,,,,,,,bell_pepper,1,🫑,bell pepper,Food & Drink,food-vegetable
man_police_officer_medium_skin_tone,0.0,1.0,0.0,0.0,0.0,0.0,man_police_officer_medium_skin_tone,1,👮🏽‍♂️,man police officer: medium skin tone,People & Body,person-role
left_arrow,0.21052631578947367,0.15789473684210525,0.10526315789473684,0.21052631578947367,0.15789473684210525,0.15789473684210525,left_arrow,12,⬅️,left arrow,Symbols,arrow
bird,0.2779831932773109,0.30868347338935576,0.08470588235294117,0.1399439775910364,0.12750700280112046,0.0611764705882353,bird,26,🐦,bird,Animals & Nature,animal-bird
stethoscope,0.047619047619047616,0.2857142857142857,0.42857142857142855,0.09523809523809523,0.14285714285714285,0.0,stethoscope,3,🩺,stethoscope,Objects,medical
man_playing_handball,0.0,0.5714285714285714,0.14285714285714285,0.0,0.14285714285714285,0.14285714285714285,man_playing_handball,3,🤾‍♂️,man playing handball,People & Body,person-sport
mouse_face,0.0,0.5,0.0,0.0,0.0,0.5,mouse_face,8,🐭,mouse face,Animals & Nature,animal-mammal
chart_decreasing,0.5,0.0,0.0,0.0,0.25,0.25,chart_decreasing,2,📉,chart decreasing,Objects,office
dumpling,0.0,0.0,0.0,0.0,0.0,1.0,dumpling,2,🥟,dumpling,Food & Drink,food-asian
Statue_of_Liberty,0.058823529411764705,0.5882352941176471,0.058823529411764705,0.058823529411764705,0.0,0.23529411764705882,Statue_of_Liberty,9,🗽,Statue of Liberty,Travel & Places,place-building
men_holding_hands,0.125,0.375,0.125,0.125,0.125,0.125,men_holding_hands,5,👬,men holding hands,People & Body,family
man_medium-light_skin_tone,,,,,,,man_medium-light_skin_tone,3,👨🏼,man: medium-light skin tone,People & Body,person
ox,0.0,0.2222222222222222,0.4444444444444444,0.2222222222222222,0.0,0.1111111111111111,ox,4,🐂,ox,Animals & Nature,animal-mammal
printer,0.1927710843373494,0.4497991967871486,0.10040160642570281,0.10843373493975904,0.10040160642570281,0.04819277108433735,printer,5,🖨️,printer,Objects,computer
honey_pot,0.17142857142857143,0.2857142857142857,0.14285714285714285,0.02857142857142857,0.08571428571428572,0.2857142857142857,honey_pot,15,🍯,honey pot,Food & Drink,food-sweet
woman_getting_massage_medium-light_skin_tone,,,,,,,woman_getting_massage_medium-light_skin_tone,7,💆🏼‍♀️,woman getting massage: medium-light skin tone,People & Body,person-activity
keycap_4,0.11538461538461539,0.5769230769230769,0.038461538461538464,0.15384615384615385,0.038461538461538464,0.07692307692307693,keycap_4,6,4️⃣,keycap: 4,Symbols,keycap
magic_wand,0.2,0.2,0.2,0.2,0.2,0.0,magic_wand,4,🪄,magic wand,Activities,game
raising_hands,0.13763440860215054,0.4645161290322581,0.06236559139784946,0.11827956989247312,0.14838709677419354,0.06881720430107527,raising_hands,208,🙌,raising hands,People & Body,hands
canned_food,0.0,0.4,0.0,0.0,0.2,0.4,canned_food,2,🥫,canned food,Food & Drink,food-prepared
palm_tree,0.12,0.512,0.088,0.04,0.096,0.144,palm_tree,48,🌴,palm tree,Animals & Nature,plant-other
peanuts,0.045454545454545456,0.4090909090909091,0.18181818181818182,0.13636363636363635,0.045454545454545456,0.18181818181818182,peanuts,5,🥜,peanuts,Food & Drink,food-vegetable
BACK_arrow,0.0,0.375,0.25,0.125,0.125,0.125,BACK_arrow,5,🔙,BACK arrow,Symbols,arrow
Japanese_free_of_charge_button,0.0,0.0,0.0,0.0,0.0,1.0,Japanese_free_of_charge_button,1,🈚,Japanese “free of charge” button,Symbols,alphanum
house_with_garden,0.09230769230769231,0.36923076923076925,0.1076923076923077,0.23076923076923078,0.15384615384615385,0.046153846153846156,house_with_garden,23,🏡,house with garden,Travel & Places,place-building
woman_dancing_dark_skin_tone,0.1111111111111111,0.5555555555555556,0.0,0.1111111111111111,0.2222222222222222,0.0,woman_dancing_dark_skin_tone,5,💃🏿,woman dancing: dark skin tone,People & Body,person-activity
up-left_arrow,,,,,,,up-left_arrow,2,↖️,up-left arrow,Symbols,arrow
woman_gesturing_NO_medium-light_skin_tone,,,,,,,woman_gesturing_NO_medium-light_skin_tone,7,🙅🏼‍♀️,woman gesturing NO: medium-light skin tone,People & Body,person-gesture
oncoming_fist_dark_skin_tone,0.17647058823529413,0.5294117647058824,0.0,0.11764705882352941,0.0,0.17647058823529413,oncoming_fist_dark_skin_tone,5,👊🏿,oncoming fist: dark skin tone,People & Body,hand-fingers-closed
wrapped_gift,0.11948529411764706,0.5557598039215687,0.06985294117647059,0.07720588235294118,0.13419117647058823,0.04350490196078431,wrapped_gift,461,🎁,wrapped gift,Activities,event
person_getting_haircut_light_skin_tone,,,,,,,person_getting_haircut_light_skin_tone,1,💇🏻,person getting haircut: light skin tone,People & Body,person-activity
seven-thirty,,,,,,,seven-thirty,1,🕢,seven-thirty,Travel & Places,time
stop_sign,0.2,0.4,0.0,0.1,0.2,0.1,stop_sign,2,🛑,stop sign,Travel & Places,transport-ground
person_gesturing_OK_medium-light_skin_tone,,,,,,,person_gesturing_OK_medium-light_skin_tone,15,🙆🏼,person gesturing OK: medium-light skin tone,People & Body,person-gesture
small_airplane,0.0,0.25,0.0,0.25,0.0,0.5,small_airplane,3,🛩️,small airplane,Travel & Places,transport-air
white_flower,0.047619047619047616,0.5238095238095238,0.09523809523809523,0.09523809523809523,0.09523809523809523,0.14285714285714285,white_flower,8,💮,white flower,Animals & Nature,plant-flower
ticket,0.0,0.3333333333333333,0.3333333333333333,0.0,0.0,0.3333333333333333,ticket,3,🎫,ticket,Activities,event
Paraguay,0.0,0.4,0.0,0.2,0.4,0.0,Paraguay,1,🇵🇾,flag: Paraguay,Flags,country-flag
peach,0.07692307692307693,0.3956043956043956,0.12087912087912088,0.10989010989010989,0.2087912087912088,0.08791208791208792,peach,29,🍑,peach,Food & Drink,food-fruit
thumbs_up_medium-dark_skin_tone,,,,,,,thumbs_up_medium-dark_skin_tone,19,👍🏾,thumbs up: medium-dark skin tone,People & Body,hand-fingers-closed
loudspeaker,0.18333333333333332,0.35833333333333334,0.06666666666666667,0.15833333333333333,0.18333333333333332,0.05,loudspeaker,53,📢,loudspeaker,Objects,sound
glowing_star,0.11447811447811448,0.468013468013468,0.09932659932659933,0.10521885521885523,0.10942760942760943,0.10353535353535354,glowing_star,436,🌟,glowing star,Travel & Places,sky & weather
sports_medal,0.06451612903225806,0.5161290322580645,0.1774193548387097,0.03225806451612903,0.06451612903225806,0.14516129032258066,sports_medal,23,🏅,sports medal,Activities,award-medal
hotel,0.1377551020408163,0.35714285714285715,0.07142857142857142,0.1683673469387755,0.20918367346938777,0.05612244897959184,hotel,7,🏨,hotel,Travel & Places,place-building
biohazard,0.3333333333333333,0.0,0.0,0.0,0.0,0.6666666666666666,biohazard,4,☣️,biohazard,Symbols,warning
vampire,0.0,0.0,1.0,0.0,0.0,0.0,vampire,2,🧛,vampire,People & Body,person-fantasy
woman_police_officer,,,,,,,woman_police_officer,1,👮‍♀️,woman police officer,People & Body,person-role
person_running_medium_skin_tone,0.3333333333333333,0.0,0.0,0.0,0.6666666666666666,0.0,person_running_medium_skin_tone,1,🏃🏽,person running: medium skin tone,People & Body,person-activity
partying_face,0.11398318280909374,0.41762690750545,0.050451572718779196,0.1572718779196512,0.2301463718467767,0.030520087200249145,partying_face,1410,🥳,partying face,Smileys & Emotion,face-hat
face_savoring_food,0.14576271186440679,0.4230508474576271,0.0935593220338983,0.13084745762711864,0.13830508474576272,0.06847457627118644,face_savoring_food,699,😋,face savoring food,Smileys & Emotion,face-tongue
motorway,0.0,1.0,0.0,0.0,0.0,0.0,motorway,3,🛣️,motorway,Travel & Places,transport-ground
black_nib,0.0,0.0,0.5,0.0,0.0,0.5,black_nib,2,✒️,black nib,Objects,writing
woman_health_worker,0.004424778761061947,0.43805309734513276,0.030973451327433628,0.3008849557522124,0.22566371681415928,0.0,woman_health_worker,52,👩‍⚕️,woman health worker,People & Body,person-role
Aquarius,0.3333333333333333,0.0,0.0,0.3333333333333333,0.0,0.3333333333333333,Aquarius,2,♒,Aquarius,Symbols,zodiac
man_mechanic_light_skin_tone,0.0,0.5,0.0,0.0,0.5,0.0,man_mechanic_light_skin_tone,2,👨🏻‍🔧,man mechanic: light skin tone,People & Body,person-role
persevering_face,0.1440677966101695,0.33728813559322035,0.16779661016949152,0.2033898305084746,0.09491525423728814,0.05254237288135593,persevering_face,229,😣,persevering face,Smileys & Emotion,face-concerned
man_shrugging_medium_skin_tone,0.06666666666666667,0.26666666666666666,0.2,0.3333333333333333,0.13333333333333333,0.0,man_shrugging_medium_skin_tone,8,🤷🏽‍♂️,man shrugging: medium skin tone,People & Body,person-gesture
swan,0.22580645161290322,0.5806451612903226,0.06451612903225806,0.06451612903225806,0.03225806451612903,0.03225806451612903,swan,1,🦢,swan,Animals & Nature,animal-bird
woman_lifting_weights,0.0,0.0,0.0,0.0,0.0,1.0,woman_lifting_weights,2,🏋️‍♀️,woman lifting weights,People & Body,person-sport
call_me_hand_medium-light_skin_tone,,,,,,,call_me_hand_medium-light_skin_tone,14,🤙🏼,call me hand: medium-light skin tone,People & Body,hand-fingers-partial
writing_hand_dark_skin_tone,0.6666666666666666,0.0,0.3333333333333333,0.0,0.0,0.0,writing_hand_dark_skin_tone,1,✍🏿,writing hand: dark skin tone,People & Body,hand-prop
waxing_gibbous_moon,0.0,0.0,0.0,0.0,1.0,0.0,waxing_gibbous_moon,1,🌔,waxing gibbous moon,Travel & Places,sky & weather
flexed_biceps_medium-light_skin_tone,,,,,,,flexed_biceps_medium-light_skin_tone,84,💪🏼,flexed biceps: medium-light skin tone,People & Body,body-parts
beating_heart,0.1349862258953168,0.45179063360881544,0.1046831955922865,0.12396694214876033,0.0881542699724518,0.09641873278236915,beating_heart,244,💓,beating heart,Smileys & Emotion,emotion
pig_face,0.21428571428571427,0.2857142857142857,0.21428571428571427,0.14285714285714285,0.07142857142857142,0.07142857142857142,pig_face,8,🐷,pig face,Animals & Nature,animal-mammal
rat,0.0,0.5,0.0,0.0,0.0,0.5,rat,3,🐀,rat,Animals & Nature,animal-mammal
thumbs_up_light_skin_tone,0.15509761388286333,0.4137744034707158,0.09327548806941431,0.1822125813449024,0.10249457700650759,0.05314533622559653,thumbs_up_light_skin_tone,832,👍🏻,thumbs up: light skin tone,People & Body,hand-fingers-closed
Aries,0.0,0.0,0.0,0.0,0.0,1.0,Aries,1,♈,Aries,Symbols,zodiac
cook_medium-light_skin_tone,,,,,,,cook_medium-light_skin_tone,1,🧑🏼‍🍳,cook: medium-light skin tone,People & Body,person-role
squid,0.2,0.2,0.0,0.2,0.2,0.2,squid,3,🦑,squid,Food & Drink,food-marine
man_medium-dark_skin_tone,,,,,,,man_medium-dark_skin_tone,4,👨🏾,man: medium-dark skin tone,People & Body,person
kissing_cat,0.17391304347826086,0.3695652173913043,0.15217391304347827,0.13043478260869565,0.13043478260869565,0.043478260869565216,kissing_cat,21,😽,kissing cat,Smileys & Emotion,cat-face
chess_pawn,0.0,0.5,0.0,0.5,0.0,0.0,chess_pawn,2,♟️,chess pawn,Activities,game
baby_chick,0.0,0.2,0.0,0.6,0.0,0.2,baby_chick,5,🐤,baby chick,Animals & Nature,animal-bird
light_bulb,0.14102564102564102,0.2564102564102564,0.08974358974358974,0.21794871794871795,0.1282051282051282,0.16666666666666666,light_bulb,28,💡,light bulb,Objects,light & video
frog,0.23529411764705882,0.5294117647058824,0.058823529411764705,0.0,0.058823529411764705,0.11764705882352941,frog,6,🐸,frog,Animals & Nature,animal-amphibian
cigarette,0.211864406779661,0.2838983050847458,0.1440677966101695,0.17372881355932204,0.11864406779661017,0.06779661016949153,cigarette,165,🚬,cigarette,Objects,other-object
curry_rice,0.0,0.2,0.0,0.0,0.0,0.8,curry_rice,4,🍛,curry rice,Food & Drink,food-asian
Pisces,0.0,0.0,0.0,0.0,0.0,1.0,Pisces,1,♓,Pisces,Symbols,zodiac
guide_dog,0.0,0.25,0.5,0.0,0.0,0.25,guide_dog,4,🦮,guide dog,Animals & Nature,animal-mammal
cupcake,0.06666666666666667,0.5333333333333333,0.06666666666666667,0.03333333333333333,0.23333333333333334,0.06666666666666667,cupcake,6,🧁,cupcake,Food & Drink,food-sweet
man_walking,0.02857142857142857,0.5142857142857142,0.05714285714285714,0.22857142857142856,0.05714285714285714,0.11428571428571428,man_walking,13,🚶‍♂️,man walking,People & Body,person-activity
pizza,0.1836007130124777,0.38324420677361853,0.14795008912655971,0.11051693404634581,0.09803921568627451,0.0766488413547237,pizza,45,🍕,pizza,Food & Drink,food-prepared
two-hump_camel,,,,,,,two-hump_camel,2,🐫,two-hump camel,Animals & Nature,animal-mammal
spiral_shell,0.13333333333333333,0.4666666666666667,0.06666666666666667,0.06666666666666667,0.13333333333333333,0.13333333333333333,spiral_shell,6,🐚,spiral shell,Animals & Nature,animal-marine
victory_hand_medium_skin_tone,0.2,0.375,0.15,0.15,0.125,0.0,victory_hand_medium_skin_tone,20,✌🏽,victory hand: medium skin tone,People & Body,hand-fingers-partial
North_Macedonia,,,,,,,North_Macedonia,1,🇲🇰,flag: North Macedonia,Flags,country-flag
flamingo,0.10638297872340426,0.6170212765957447,0.06382978723404255,0.14893617021276595,0.02127659574468085,0.0425531914893617,flamingo,1,🦩,flamingo,Animals & Nature,animal-bird
grimacing_face,0.20543175487465182,0.31545961002785516,0.11977715877437325,0.1935933147632312,0.10863509749303621,0.057103064066852366,grimacing_face,756,😬,grimacing face,Smileys & Emotion,face-neutral-skeptical
backpack,0.0625,0.65625,0.0625,0.0,0.09375,0.125,backpack,11,🎒,backpack,Objects,clothing
sparkler,0.13333333333333333,0.6666666666666666,0.13333333333333333,0.0,0.0,0.06666666666666667,sparkler,9,🎇,sparkler,Activities,event
tent,0.5,0.0,0.0,0.0,0.0,0.5,tent,2,⛺,tent,Travel & Places,place-other
raised_hand_medium-light_skin_tone,,,,,,,raised_hand_medium-light_skin_tone,23,✋🏼,raised hand: medium-light skin tone,People & Body,hand-fingers-open
person_in_bed,0.0,0.1111111111111111,0.0,0.3333333333333333,0.1111111111111111,0.4444444444444444,person_in_bed,6,🛌,person in bed,People & Body,person-resting
Japanese_monthly_amount_button,0.0,0.0,0.0,0.0,0.0,1.0,Japanese_monthly_amount_button,1,🈷️,Japanese “monthly amount” button,Symbols,alphanum
film_frames,0.13043478260869565,0.30434782608695654,0.05434782608695652,0.29347826086956524,0.13043478260869565,0.08695652173913043,film_frames,31,🎞️,film frames,Objects,light & video
alembic,0.25,0.375,0.07142857142857142,0.0,0.16071428571428573,0.14285714285714285,alembic,15,⚗️,alembic,Objects,science
crossed_flags,0.0,0.0,0.5,0.5,0.0,0.0,crossed_flags,1,🎌,crossed flags,Flags,flag
coconut,0.058823529411764705,0.4117647058823529,0.10294117647058823,0.029411764705882353,0.1323529411764706,0.2647058823529412,coconut,22,🥥,coconut,Food & Drink,food-fruit
inbox_tray,0.125,0.25,0.125,0.125,0.25,0.125,inbox_tray,2,📥,inbox tray,Objects,mail
umbrella,0.1305785123966942,0.3933884297520661,0.06446280991735537,0.17520661157024794,0.20165289256198346,0.03471074380165289,umbrella,18,☂️,umbrella,Travel & Places,sky & weather
small_orange_diamond,0.06666666666666667,0.5166666666666667,0.03333333333333333,0.18333333333333332,0.08333333333333333,0.11666666666666667,small_orange_diamond,22,🔸,small orange diamond,Symbols,geometric
rice_cracker,0.0,0.0,0.0,0.0,0.0,1.0,rice_cracker,1,🍘,rice cracker,Food & Drink,food-asian
woman_detective,0.16666666666666666,0.6666666666666666,0.0,0.0,0.16666666666666666,0.0,woman_detective,8,🕵️‍♀️,woman detective,People & Body,person-role
woman_mage_medium-light_skin_tone,,,,,,,woman_mage_medium-light_skin_tone,1,🧙🏼‍♀️,woman mage: medium-light skin tone,People & Body,person-fantasy
man_surfing,0.0,0.0,0.0,0.0,0.0,1.0,man_surfing,2,🏄‍♂️,man surfing,People & Body,person-sport
metro,0.24495677233429394,0.29971181556195964,0.11239193083573487,0.15561959654178675,0.08645533141210375,0.10086455331412104,metro,3,🚇,metro,Travel & Places,transport-ground
neutral_face,0.18106995884773663,0.30246913580246915,0.13168724279835392,0.18930041152263374,0.14814814814814814,0.047325102880658436,neutral_face,246,😐,neutral face,Smileys & Emotion,face-neutral-skeptical
woman_shrugging,0.1724137931034483,0.31896551724137934,0.12931034482758622,0.22126436781609196,0.1206896551724138,0.03735632183908046,woman_shrugging,139,🤷‍♀️,woman shrugging,People & Body,person-gesture
skateboard,,,,,,,skateboard,1,🛹,skateboard,Travel & Places,transport-ground
woman_scientist,0.16666666666666666,0.25,0.0,0.16666666666666666,0.2916666666666667,0.125,woman_scientist,7,👩‍🔬,woman scientist,People & Body,person-role
raised_back_of_hand_medium-light_skin_tone,,,,,,,raised_back_of_hand_medium-light_skin_tone,7,🤚🏼,raised back of hand: medium-light skin tone,People & Body,hand-fingers-open
skull,0.136986301369863,0.410958904109589,0.0821917808219178,0.2602739726027397,0.0684931506849315,0.0410958904109589,skull,49,💀,skull,Smileys & Emotion,face-negative
oden,0.4375,0.375,0.0625,0.0,0.0625,0.0625,oden,4,🍢,oden,Food & Drink,food-asian
fast_reverse_button,0.0,0.5,0.25,0.0,0.16666666666666666,0.08333333333333333,fast_reverse_button,10,⏪,fast reverse button,Symbols,av-symbol
woman_genie,0.0,0.0,0.0,0.0,1.0,0.0,woman_genie,1,🧞‍♀️,woman genie,People & Body,person-fantasy
chestnut,0.3333333333333333,0.3333333333333333,0.06666666666666667,0.13333333333333333,0.0,0.13333333333333333,chestnut,15,🌰,chestnut,Food & Drink,food-vegetable
balloon,0.08417508417508418,0.4826038159371493,0.12345679012345678,0.12682379349046016,0.13580246913580246,0.04713804713804714,balloon,345,🎈,balloon,Activities,event
three-thirty,,,,,,,three-thirty,5,🕞,three-thirty,Travel & Places,time
broom,0.2,0.0,0.0,0.0,0.4,0.4,broom,4,🧹,broom,Objects,household
man_facepalming,0.22707423580786026,0.3034934497816594,0.08733624454148471,0.185589519650655,0.12663755458515283,0.06986899563318777,man_facepalming,182,🤦‍♂️,man facepalming,People & Body,person-gesture
onion,0.16666666666666666,0.3333333333333333,0.3333333333333333,0.0,0.0,0.16666666666666666,onion,4,🧅,onion,Food & Drink,food-vegetable
Germany,0.08823529411764706,0.5882352941176471,0.11764705882352941,0.11764705882352941,0.058823529411764705,0.029411764705882353,Germany,11,🇩🇪,flag: Germany,Flags,country-flag
woman_light_skin_tone_bald,,,,,,,woman_light_skin_tone_bald,1,👩🏻‍🦲,"woman: light skin tone, bald",People & Body,person
gorilla,0.22916666666666666,0.3333333333333333,0.08333333333333333,0.10416666666666667,0.10416666666666667,0.14583333333333334,gorilla,6,🦍,gorilla,Animals & Nature,animal-mammal
leaf_fluttering_in_wind,0.15749128919860628,0.47874564459930313,0.0975609756097561,0.0710801393728223,0.09895470383275261,0.09616724738675958,leaf_fluttering_in_wind,346,🍃,leaf fluttering in wind,Animals & Nature,plant-other
Chile,0.0,0.2727272727272727,0.7272727272727273,0.0,0.0,0.0,Chile,7,🇨🇱,flag: Chile,Flags,country-flag
person_lifting_weights,0.2,0.4,0.16,0.08,0.12,0.04,person_lifting_weights,6,🏋️,person lifting weights,People & Body,person-sport
woman_tipping_hand_medium_skin_tone,0.0,0.3333333333333333,0.0,0.3333333333333333,0.3333333333333333,0.0,woman_tipping_hand_medium_skin_tone,4,💁🏽‍♀️,woman tipping hand: medium skin tone,People & Body,person-gesture
woman_singer_light_skin_tone,0.2631578947368421,0.3684210526315789,0.05263157894736842,0.10526315789473684,0.10526315789473684,0.10526315789473684,woman_singer_light_skin_tone,4,👩🏻‍🎤,woman singer: light skin tone,People & Body,person-role
cinema,0.24242424242424243,0.42424242424242425,0.030303030303030304,0.09090909090909091,0.09090909090909091,0.12121212121212122,cinema,2,🎦,cinema,Symbols,av-symbol
synagogue,0.0,0.0,0.0,0.0,0.0,1.0,synagogue,1,🕍,synagogue,Travel & Places,place-religious
woman_fairy,0.11666666666666667,0.5833333333333334,0.13333333333333333,0.1,0.05,0.016666666666666666,woman_fairy,37,🧚‍♀️,woman fairy,People & Body,person-fantasy
lobster,0.1590909090909091,0.4318181818181818,0.11363636363636363,0.20454545454545456,0.09090909090909091,0.0,lobster,10,🦞,lobster,Food & Drink,food-marine
man_facepalming_dark_skin_tone,0.2,0.3,0.0,0.3,0.1,0.1,man_facepalming_dark_skin_tone,4,🤦🏿‍♂️,man facepalming: dark skin tone,People & Body,person-gesture
backhand_index_pointing_down_medium-dark_skin_tone,,,,,,,backhand_index_pointing_down_medium-dark_skin_tone,10,👇🏾,backhand index pointing down: medium-dark skin tone,People & Body,hand-single-finger
closed_book,0.058823529411764705,0.5294117647058824,0.29411764705882354,0.058823529411764705,0.058823529411764705,0.0,closed_book,11,📕,closed book,Objects,book-paper
woman_elf_light_skin_tone,1.0,0.0,0.0,0.0,0.0,0.0,woman_elf_light_skin_tone,1,🧝🏻‍♀️,woman elf: light skin tone,People & Body,person-fantasy
paw_prints,0.14741035856573706,0.33067729083665337,0.1593625498007968,0.099601593625498,0.08764940239043825,0.1752988047808765,paw_prints,66,🐾,paw prints,Animals & Nature,animal-mammal
no_mobile_phones,0.1792452830188679,0.5660377358490566,0.18867924528301888,0.03773584905660377,0.009433962264150943,0.018867924528301886,no_mobile_phones,23,📵,no mobile phones,Symbols,warning
woman_dancing_medium-light_skin_tone,,,,,,,woman_dancing_medium-light_skin_tone,71,💃🏼,woman dancing: medium-light skin tone,People & Body,person-activity
Andorra,,,,,,,Andorra,1,🇦🇩,flag: Andorra,Flags,country-flag
person_facepalming_medium_skin_tone,0.0,0.0,0.5,0.5,0.0,0.0,person_facepalming_medium_skin_tone,1,🤦🏽,person facepalming: medium skin tone,People & Body,person-gesture
left-facing_fist,,,,,,,left-facing_fist,20,🤛,left-facing fist,People & Body,hand-fingers-closed
passport_control,0.0,0.0,0.0,0.0,0.0,1.0,passport_control,1,🛂,passport control,Symbols,transport-sign
kiss_mark,0.12090163934426229,0.42213114754098363,0.125,0.12090163934426229,0.1413934426229508,0.06967213114754098,kiss_mark,283,💋,kiss mark,Smileys & Emotion,emotion
person_medium-light_skin_tone_blond_hair,,,,,,,person_medium-light_skin_tone_blond_hair,1,👱🏼,"person: medium-light skin tone, blond hair",People & Body,person
nazar_amulet,0.23772609819121446,0.40568475452196384,0.06718346253229975,0.1111111111111111,0.12403100775193798,0.05426356589147287,nazar_amulet,163,🧿,nazar amulet,Activities,game
family_man_girl_boy,0.1,0.5,0.3,0.0,0.1,0.0,family_man_girl_boy,3,👨‍👧‍👦,"family: man, girl, boy",People & Body,family
woman_light_skin_tone_white_hair,0.0,0.75,0.0,0.0,0.25,0.0,woman_light_skin_tone_white_hair,2,👩🏻‍🦳,"woman: light skin tone, white hair",People & Body,person
man_artist_light_skin_tone,0.0,1.0,0.0,0.0,0.0,0.0,man_artist_light_skin_tone,1,👨🏻‍🎨,man artist: light skin tone,People & Body,person-role
medical_symbol,0.12,0.32,0.24,0.12,0.16,0.04,medical_symbol,1,⚕️,medical symbol,Symbols,other-symbol
derelict_house,0.0,0.5,0.0,0.0,0.0,0.5,derelict_house,5,🏚️,derelict house,Travel & Places,place-building
woman_farmer_medium-light_skin_tone,,,,,,,woman_farmer_medium-light_skin_tone,1,👩🏼‍🌾,woman farmer: medium-light skin tone,People & Body,person-role
man_office_worker,0.2,0.25,0.0,0.0,0.3,0.25,man_office_worker,4,👨‍💼,man office worker,People & Body,person-role
newspaper,0.13333333333333333,0.2,0.6,0.0,0.06666666666666667,0.0,newspaper,14,📰,newspaper,Objects,book-paper
pregnant_woman,0.15384615384615385,0.2564102564102564,0.20512820512820512,0.10256410256410256,0.1794871794871795,0.10256410256410256,pregnant_woman,9,🤰,pregnant woman,People & Body,person-role
triangular_ruler,0.5,0.0,0.0,0.0,0.0,0.5,triangular_ruler,2,📐,triangular ruler,Objects,office
two_hearts,0.11575342465753424,0.4075342465753425,0.13150684931506848,0.1136986301369863,0.14657534246575343,0.08493150684931507,two_hearts,924,💕,two hearts,Smileys & Emotion,emotion
camel,0.18181818181818182,0.5454545454545454,0.0,0.09090909090909091,0.09090909090909091,0.09090909090909091,camel,2,🐪,camel,Animals & Nature,animal-mammal
dolphin,0.09090909090909091,0.5454545454545454,0.13636363636363635,0.09090909090909091,0.0,0.13636363636363635,dolphin,5,🐬,dolphin,Animals & Nature,animal-marine
microscope,0.1794871794871795,0.3717948717948718,0.14102564102564102,0.02564102564102564,0.21794871794871795,0.0641025641025641,microscope,23,🔬,microscope,Objects,science
rabbit,0.09090909090909091,0.36363636363636365,0.12121212121212122,0.18181818181818182,0.12121212121212122,0.12121212121212122,rabbit,7,🐇,rabbit,Animals & Nature,animal-mammal
woman_gesturing_OK_light_skin_tone,0.14,0.36,0.14,0.12,0.2,0.04,woman_gesturing_OK_light_skin_tone,39,🙆🏻‍♀️,woman gesturing OK: light skin tone,People & Body,person-gesture
man_frowning_light_skin_tone,0.08333333333333333,0.25,0.08333333333333333,0.25,0.08333333333333333,0.25,man_frowning_light_skin_tone,3,🙍🏻‍♂️,man frowning: light skin tone,People & Body,person-gesture
peacock,0.0,0.0,0.5,0.25,0.25,0.0,peacock,3,🦚,peacock,Animals & Nature,animal-bird
basketball,0.06818181818181818,0.5075757575757576,0.08333333333333333,0.11363636363636363,0.15151515151515152,0.07575757575757576,basketball,36,🏀,basketball,Activities,sport
fork_and_knife_with_plate,0.15217391304347827,0.34782608695652173,0.043478260869565216,0.17391304347826086,0.06521739130434782,0.21739130434782608,fork_and_knife_with_plate,19,🍽️,fork and knife with plate,Food & Drink,dishware
man_cook,0.14634146341463414,0.3170731707317073,0.024390243902439025,0.2682926829268293,0.1951219512195122,0.04878048780487805,man_cook,9,👨‍🍳,man cook,People & Body,person-role
nerd_face,0.18641114982578397,0.2857142857142857,0.09059233449477352,0.20905923344947736,0.17073170731707318,0.05749128919860627,nerd_face,344,🤓,nerd face,Smileys & Emotion,face-glasses
family_man_woman_girl,0.16666666666666666,0.375,0.2916666666666667,0.16666666666666666,0.0,0.0,family_man_woman_girl,3,👨‍👩‍👧,"family: man, woman, girl",People & Body,family
deciduous_tree,0.12154696132596685,0.49171270718232046,0.11049723756906077,0.09392265193370165,0.07734806629834254,0.10497237569060773,deciduous_tree,69,🌳,deciduous tree,Animals & Nature,plant-other
index_pointing_up_light_skin_tone,0.14285714285714285,0.4642857142857143,0.14285714285714285,0.14285714285714285,0.07142857142857142,0.03571428571428571,index_pointing_up_light_skin_tone,14,☝🏻,index pointing up: light skin tone,People & Body,hand-single-finger
flexed_biceps_dark_skin_tone,0.04081632653061224,0.42857142857142855,0.08163265306122448,0.40816326530612246,0.04081632653061224,0.0,flexed_biceps_dark_skin_tone,27,💪🏿,flexed biceps: dark skin tone,People & Body,body-parts
Mexico,0.0,0.6,0.0,0.0,0.4,0.0,Mexico,3,🇲🇽,flag: Mexico,Flags,country-flag
person_with_skullcap_medium-light_skin_tone,,,,,,,person_with_skullcap_medium-light_skin_tone,1,👲🏼,person with skullcap: medium-light skin tone,People & Body,person-role
input_latin_letters,0.0,0.0,0.0,0.0,0.0,1.0,input_latin_letters,1,🔤,input latin letters,Symbols,alphanum
orange_heart,0.10801393728222997,0.4529616724738676,0.10278745644599303,0.16376306620209058,0.11672473867595819,0.05574912891986063,orange_heart,300,🧡,orange heart,Smileys & Emotion,emotion
baby_medium-light_skin_tone,,,,,,,baby_medium-light_skin_tone,7,👶🏼,baby: medium-light skin tone,People & Body,person
woman_playing_water_polo,0.0,0.0,0.0,0.0,0.0,1.0,woman_playing_water_polo,1,🤽‍♀️,woman playing water polo,People & Body,person-sport
giraffe,0.21052631578947367,0.42105263157894735,0.0,0.15789473684210525,0.05263157894736842,0.15789473684210525,giraffe,4,🦒,giraffe,Animals & Nature,animal-mammal
oncoming_fist_medium_skin_tone,0.35294117647058826,0.17647058823529413,0.08823529411764706,0.17647058823529413,0.11764705882352941,0.08823529411764706,oncoming_fist_medium_skin_tone,11,👊🏽,oncoming fist: medium skin tone,People & Body,hand-fingers-closed
glasses,0.22972972972972974,0.1891891891891892,0.5135135135135135,0.013513513513513514,0.02702702702702703,0.02702702702702703,glasses,45,👓,glasses,Objects,clothing
timer_clock,0.4,0.02857142857142857,0.0,0.08571428571428572,0.45714285714285713,0.02857142857142857,timer_clock,18,⏲️,timer clock,Travel & Places,time
ferry,0.0,0.0,0.25,0.25,0.25,0.25,ferry,6,⛴️,ferry,Travel & Places,transport-water
left_luggage,0.0,0.0,0.0,0.0,0.0,1.0,left_luggage,1,🛅,left luggage,Symbols,transport-sign
shield,0.08974358974358974,0.3076923076923077,0.19230769230769232,0.10256410256410256,0.19230769230769232,0.11538461538461539,shield,11,🛡️,shield,Objects,tool
military_medal,0.0625,0.6875,0.09375,0.03125,0.03125,0.09375,military_medal,11,🎖️,military medal,Activities,award-medal
pancakes,0.2,0.2,0.2,0.0,0.0,0.4,pancakes,2,🥞,pancakes,Food & Drink,food-prepared
green_heart,0.11182934712346478,0.48868778280542985,0.11441499676793794,0.09502262443438914,0.11441499676793794,0.07563025210084033,green_heart,614,💚,green heart,Smileys & Emotion,emotion
face_with_monocle,0.18615384615384614,0.3676923076923077,0.09230769230769231,0.17692307692307693,0.11846153846153847,0.05846153846153846,face_with_monocle,320,🧐,face with monocle,Smileys & Emotion,face-glasses
convenience_store,0.0,0.0,0.0,0.0,0.0,1.0,convenience_store,2,🏪,convenience store,Travel & Places,place-building
man_frowning_medium-light_skin_tone,,,,,,,man_frowning_medium-light_skin_tone,1,🙍🏼‍♂️,man frowning: medium-light skin tone,People & Body,person-gesture
new_moon_face,0.13953488372093023,0.2558139534883721,0.11627906976744186,0.27906976744186046,0.13953488372093023,0.06976744186046512,new_moon_face,27,🌚,new moon face,Travel & Places,sky & weather
popcorn,0.1325678496868476,0.36325678496868474,0.06784968684759916,0.2755741127348643,0.1315240083507307,0.029227557411273485,popcorn,377,🍿,popcorn,Food & Drink,food-prepared
bowling,0.0,0.5,0.0,0.0,0.0,0.5,bowling,1,🎳,bowling,Activities,sport
petri_dish,0.0,1.0,0.0,0.0,0.0,0.0,petri_dish,1,🧫,petri dish,Objects,science
left-facing_fist_medium-light_skin_tone,,,,,,,left-facing_fist_medium-light_skin_tone,3,🤛🏼,left-facing fist: medium-light skin tone,People & Body,hand-fingers-closed
smiling_face_with_smiling_eyes,0.04879846389573111,0.5761748676273784,0.050951337302895715,0.26821699412323746,0.04169980022886402,0.014158536821893365,smiling_face_with_smiling_eyes,12417,😊,smiling face with smiling eyes,Smileys & Emotion,face-smiling
broccoli,0.18811881188118812,0.3564356435643564,0.09900990099009901,0.10891089108910891,0.1188118811881188,0.12871287128712872,broccoli,29,🥦,broccoli,Food & Drink,food-vegetable
headphone,0.21428571428571427,0.34523809523809523,0.10714285714285714,0.17857142857142858,0.09523809523809523,0.05952380952380952,headphone,40,🎧,headphone,Objects,music
woman_cook_light_skin_tone,0.09090909090909091,0.4090909090909091,0.045454545454545456,0.18181818181818182,0.09090909090909091,0.18181818181818182,woman_cook_light_skin_tone,4,👩🏻‍🍳,woman cook: light skin tone,People & Body,person-role
person_lifting_weights_light_skin_tone,0.0,1.0,0.0,0.0,0.0,0.0,person_lifting_weights_light_skin_tone,2,🏋🏻,person lifting weights: light skin tone,People & Body,person-sport
man_police_officer,1.0,0.0,0.0,0.0,0.0,0.0,man_police_officer,4,👮‍♂️,man police officer,People & Body,person-role
incoming_envelope,0.2222222222222222,0.2222222222222222,0.0,0.1111111111111111,0.2222222222222222,0.2222222222222222,incoming_envelope,4,📨,incoming envelope,Objects,mail
ring,0.20774647887323944,0.34683098591549294,0.12147887323943662,0.1742957746478873,0.10211267605633803,0.04753521126760563,ring,41,💍,ring,Objects,clothing
baby_angel_light_skin_tone,0.2727272727272727,0.36363636363636365,0.09090909090909091,0.2727272727272727,0.0,0.0,baby_angel_light_skin_tone,3,👼🏻,baby angel: light skin tone,People & Body,person-fantasy
fax_machine,0.0,0.0,0.0,0.0,0.0,1.0,fax_machine,1,📠,fax machine,Objects,phone
scroll,0.3333333333333333,0.0,0.3333333333333333,0.0,0.0,0.3333333333333333,scroll,3,📜,scroll,Objects,book-paper
oncoming_fist_medium-dark_skin_tone,,,,,,,oncoming_fist_medium-dark_skin_tone,5,👊🏾,oncoming fist: medium-dark skin tone,People & Body,hand-fingers-closed
heavy_dollar_sign,0.0,0.4444444444444444,0.0,0.0,0.3333333333333333,0.2222222222222222,heavy_dollar_sign,7,💲,heavy dollar sign,Symbols,currency
kick_scooter,0.0,0.0,0.0,0.0,0.0,1.0,kick_scooter,1,🛴,kick scooter,Travel & Places,transport-ground
grinning_face_with_sweat,0.19387186629526462,0.3348189415041783,0.10167130919220056,0.19972144846796658,0.10668523676880223,0.06323119777158774,grinning_face_with_sweat,1898,😅,grinning face with sweat,Smileys & Emotion,face-smiling
Japanese_no_vacancy_button,0.0,0.0,0.0,0.0,0.0,1.0,Japanese_no_vacancy_button,1,🈵,Japanese “no vacancy” button,Symbols,alphanum
flexed_biceps,0.07661154235572055,0.6101923725953425,0.15997300033749579,0.060074249071886604,0.06277421532230847,0.030374620317246033,flexed_biceps,1024,💪,flexed biceps,People & Body,body-parts
writing_hand_medium_skin_tone,0.0,0.0,0.0,0.5,0.5,0.0,writing_hand_medium_skin_tone,6,✍🏽,writing hand: medium skin tone,People & Body,hand-prop
person_bowing_light_skin_tone,0.25,0.0,0.0,0.25,0.25,0.25,person_bowing_light_skin_tone,1,🙇🏻,person bowing: light skin tone,People & Body,person-gesture
triangular_flag,0.0,0.3333333333333333,0.3333333333333333,0.0,0.0,0.3333333333333333,triangular_flag,3,🚩,triangular flag,Flags,flag
hatching_chick,0.13013698630136986,0.3835616438356164,0.1095890410958904,0.2602739726027397,0.0821917808219178,0.03424657534246575,hatching_chick,82,🐣,hatching chick,Animals & Nature,animal-bird
left-facing_fist_dark_skin_tone,,,,,,,left-facing_fist_dark_skin_tone,1,🤛🏿,left-facing fist: dark skin tone,People & Body,hand-fingers-closed
fireworks,0.13541666666666666,0.5833333333333334,0.11458333333333333,0.041666666666666664,0.07291666666666667,0.052083333333333336,fireworks,31,🎆,fireworks,Activities,event
old_key,0.2,0.3,0.2,0.1,0.1,0.1,old_key,8,🗝️,old key,Objects,lock
man_tipping_hand,0.07142857142857142,0.21428571428571427,0.21428571428571427,0.2857142857142857,0.14285714285714285,0.07142857142857142,man_tipping_hand,4,💁‍♂️,man tipping hand,People & Body,person-gesture
closed_mailbox_with_lowered_flag,0.0,0.0,0.0,0.0,0.0,1.0,closed_mailbox_with_lowered_flag,1,📪,closed mailbox with lowered flag,Objects,mail
wilted_flower,0.1111111111111111,0.3111111111111111,0.13333333333333333,0.1111111111111111,0.2,0.13333333333333333,wilted_flower,29,🥀,wilted flower,Animals & Nature,plant-flower
woman_construction_worker,0.0,1.0,0.0,0.0,0.0,0.0,woman_construction_worker,4,👷‍♀️,woman construction worker,People & Body,person-role
man_medium-light_skin_tone_blond_hair,,,,,,,man_medium-light_skin_tone_blond_hair,3,👱🏼‍♂️,"man: medium-light skin tone, blond hair",People & Body,person
hot_dog,0.125,0.5,0.0,0.25,0.0,0.125,hot_dog,8,🌭,hot dog,Food & Drink,food-prepared
last_track_button,0.0,0.0,0.0,0.0,0.0,1.0,last_track_button,1,⏮️,last track button,Symbols,av-symbol
backhand_index_pointing_left_medium-dark_skin_tone,,,,,,,backhand_index_pointing_left_medium-dark_skin_tone,5,👈🏾,backhand index pointing left: medium-dark skin tone,People & Body,hand-single-finger
love-you_gesture_light_skin_tone,,,,,,,love-you_gesture_light_skin_tone,34,🤟🏻,love-you gesture: light skin tone,People & Body,hand-fingers-partial
man_scientist,0.0,0.2,0.1,0.3,0.4,0.0,man_scientist,4,👨‍🔬,man scientist,People & Body,person-role
fountain,0.0,0.25,0.25,0.0,0.25,0.25,fountain,2,⛲,fountain,Travel & Places,place-other
thumbs_down_medium_skin_tone,0.27419354838709675,0.27419354838709675,0.14516129032258066,0.20967741935483872,0.06451612903225806,0.03225806451612903,thumbs_down_medium_skin_tone,21,👎🏽,thumbs down: medium skin tone,People & Body,hand-fingers-closed
credit_card,0.0,0.5,0.0,0.0,0.5,0.0,credit_card,4,💳,credit card,Objects,money
face_blowing_a_kiss,0.14086471408647142,0.4205020920502092,0.1401673640167364,0.1387726638772664,0.10320781032078104,0.056485355648535567,face_blowing_a_kiss,752,😘,face blowing a kiss,Smileys & Emotion,face-affection
kissing_face_with_smiling_eyes,0.1595744680851064,0.39361702127659576,0.18085106382978725,0.11702127659574468,0.07446808510638298,0.07446808510638298,kissing_face_with_smiling_eyes,61,😙,kissing face with smiling eyes,Smileys & Emotion,face-affection
man_detective,0.1,0.5,0.1,0.0,0.2,0.1,man_detective,12,🕵️‍♂️,man detective,People & Body,person-role
map_of_Japan,0.0,0.0,0.0,0.0,0.0,1.0,map_of_Japan,1,🗾,map of Japan,Travel & Places,place-map
face_with_crossed-out_eyes,,,,,,,face_with_crossed-out_eyes,62,😵,knocked-out face,Smileys & Emotion,face-unwell
middle_finger_medium-light_skin_tone,,,,,,,middle_finger_medium-light_skin_tone,8,🖕🏼,middle finger: medium-light skin tone,People & Body,hand-single-finger
star,0.13668098818474758,0.41084854994629433,0.09076262083780881,0.15655209452201935,0.15064446831364126,0.05451127819548872,star,272,⭐,star,Travel & Places,sky & weather
waving_hand,0.21390374331550802,0.3404634581105169,0.1354723707664884,0.1408199643493761,0.12477718360071301,0.044563279857397504,waving_hand,226,👋,waving hand,People & Body,hand-fingers-open
man_golfing,0.0,0.0,0.0,0.0,0.0,1.0,man_golfing,1,🏌️‍♂️,man golfing,People & Body,person-sport
sign_of_the_horns_medium-light_skin_tone,,,,,,,sign_of_the_horns_medium-light_skin_tone,15,🤘🏼,sign of the horns: medium-light skin tone,People & Body,hand-fingers-partial
yin_yang,0.0,0.0,0.5,0.0,0.0,0.5,yin_yang,2,☯️,yin yang,Symbols,religion
pause_button,0.0,0.0,0.0,0.0,0.0,1.0,pause_button,1,⏸️,pause button,Symbols,av-symbol
droplet,0.08598726114649681,0.37261146496815284,0.07961783439490445,0.2356687898089172,0.10509554140127389,0.12101910828025478,droplet,150,💧,droplet,Travel & Places,sky & weather
family,0.2150706436420722,0.3281004709576138,0.07221350078492936,0.19937205651491366,0.16169544740973313,0.023547880690737835,family,11,👪,family,People & Body,family
cross_mark,0.23880597014925373,0.31044776119402984,0.05970149253731343,0.21194029850746268,0.09253731343283582,0.08656716417910448,cross_mark,174,❌,cross mark,Symbols,other-symbol
cookie,0.07874015748031496,0.5748031496062992,0.11811023622047244,0.06299212598425197,0.06299212598425197,0.10236220472440945,cookie,44,🍪,cookie,Food & Drink,food-sweet
divide,0.125,0.625,0.0,0.0,0.0,0.25,divide,3,➗,divide,Symbols,math
woman_climbing,0.0,0.0,0.0,0.0,0.0,1.0,woman_climbing,1,🧗‍♀️,woman climbing,People & Body,person-activity
restroom,0.0,0.0,0.0,0.0,0.0,1.0,restroom,1,🚻,restroom,Symbols,transport-sign
index_pointing_up_medium-light_skin_tone,,,,,,,index_pointing_up_medium-light_skin_tone,9,☝🏼,index pointing up: medium-light skin tone,People & Body,hand-single-finger
cowboy_hat_face,0.11494252873563218,0.5172413793103449,0.12643678160919541,0.16091954022988506,0.05747126436781609,0.022988505747126436,cowboy_hat_face,50,🤠,cowboy hat face,Smileys & Emotion,face-hat
victory_hand_dark_skin_tone,0.18181818181818182,0.45454545454545453,0.0,0.09090909090909091,0.13636363636363635,0.13636363636363635,victory_hand_dark_skin_tone,7,✌🏿,victory hand: dark skin tone,People & Body,hand-fingers-partial
person_shrugging_medium_skin_tone,,,,,,,person_shrugging_medium_skin_tone,1,🤷🏽,person shrugging: medium skin tone,People & Body,person-gesture
zipper-mouth_face,,,,,,,zipper-mouth_face,66,🤐,zipper-mouth face,Smileys & Emotion,face-neutral-skeptical
woman_bowing_medium-light_skin_tone,,,,,,,woman_bowing_medium-light_skin_tone,4,🙇🏼‍♀️,woman bowing: medium-light skin tone,People & Body,person-gesture
shooting_star,0.20408163265306123,0.40816326530612246,0.08163265306122448,0.08163265306122448,0.12244897959183673,0.10204081632653061,shooting_star,20,🌠,shooting star,Travel & Places,sky & weather
man_facepalming_medium-light_skin_tone,,,,,,,man_facepalming_medium-light_skin_tone,53,🤦🏼‍♂️,man facepalming: medium-light skin tone,People & Body,person-gesture
man_tipping_hand_light_skin_tone,0.07142857142857142,0.5,0.14285714285714285,0.2857142857142857,0.0,0.0,man_tipping_hand_light_skin_tone,6,💁🏻‍♂️,man tipping hand: light skin tone,People & Body,person-gesture
woman_wearing_turban_light_skin_tone,,,,,,,woman_wearing_turban_light_skin_tone,1,👳🏻‍♀️,woman wearing turban: light skin tone,People & Body,person-role
straight_ruler,0.125,0.5,0.0,0.0,0.25,0.125,straight_ruler,4,📏,straight ruler,Objects,office
woman_elf,1.0,0.0,0.0,0.0,0.0,0.0,woman_elf,1,🧝‍♀️,woman elf,People & Body,person-fantasy
hollow_red_circle,0.05555555555555555,0.6666666666666666,0.0,0.0,0.16666666666666666,0.1111111111111111,hollow_red_circle,11,⭕,hollow red circle,Symbols,other-symbol
scarf,1.0,0.0,0.0,0.0,0.0,0.0,scarf,2,🧣,scarf,Objects,clothing
four_leaf_clover,0.10476190476190476,0.48412698412698413,0.08253968253968254,0.1523809523809524,0.1253968253968254,0.050793650793650794,four_leaf_clover,292,🍀,four leaf clover,Animals & Nature,plant-other
foggy,0.0,0.0,0.0,0.0,0.0,1.0,foggy,1,🌁,foggy,Travel & Places,place-other
person_medium-light_skin_tone_beard,,,,,,,person_medium-light_skin_tone_beard,1,🧔🏼,"person: medium-light skin tone, beard",People & Body,person
family_woman_girl_boy,0.13636363636363635,0.45454545454545453,0.36363636363636365,0.045454545454545456,0.0,0.0,family_woman_girl_boy,6,👩‍👧‍👦,"family: woman, girl, boy",People & Body,family
woman_surfing,0.0,0.0,0.0,0.0,0.0,1.0,woman_surfing,3,🏄‍♀️,woman surfing,People & Body,person-sport
woman_shrugging_medium-light_skin_tone,,,,,,,woman_shrugging_medium-light_skin_tone,84,🤷🏼‍♀️,woman shrugging: medium-light skin tone,People & Body,person-gesture
flexed_biceps_medium_skin_tone,0.24324324324324326,0.32432432432432434,0.0,0.2702702702702703,0.13513513513513514,0.02702702702702703,flexed_biceps_medium_skin_tone,16,💪🏽,flexed biceps: medium skin tone,People & Body,body-parts
folded_hands_light_skin_tone,0.16908797417271992,0.41444713478611783,0.10250201775625505,0.12671509281678772,0.1311541565778854,0.05609362389023406,folded_hands_light_skin_tone,1052,🙏🏻,folded hands: light skin tone,People & Body,hands
woman_technologist,0.21348314606741572,0.3707865168539326,0.0449438202247191,0.12359550561797752,0.21348314606741572,0.033707865168539325,woman_technologist,25,👩‍💻,woman technologist,People & Body,person-role
elephant,0.06666666666666667,0.4666666666666667,0.06666666666666667,0.13333333333333333,0.0,0.26666666666666666,elephant,7,🐘,elephant,Animals & Nature,animal-mammal
girl_medium-light_skin_tone,,,,,,,girl_medium-light_skin_tone,6,👧🏼,girl: medium-light skin tone,People & Body,person
person_surfing,0.0,0.5652173913043478,0.0,0.08695652173913043,0.043478260869565216,0.30434782608695654,person_surfing,5,🏄,person surfing,People & Body,person-sport
flag_in_hole,0.06666666666666667,0.4,0.2,0.2,0.06666666666666667,0.06666666666666667,flag_in_hole,7,⛳,flag in hole,Activities,sport
fairy,0.2972972972972973,0.3153153153153153,0.018018018018018018,0.12612612612612611,0.10810810810810811,0.13513513513513514,fairy,8,🧚,fairy,People & Body,person-fantasy
person_standing,0.0,1.0,0.0,0.0,0.0,0.0,person_standing,1,🧍,person standing,People & Body,person-activity
necktie,0.08333333333333333,0.3333333333333333,0.2916666666666667,0.0,0.2916666666666667,0.0,necktie,13,👔,necktie,Objects,clothing
church,0.5333333333333333,0.0,0.0,0.2,0.2,0.06666666666666667,church,2,⛪,church,Travel & Places,place-religious
woman_gesturing_NO_light_skin_tone,0.13333333333333333,0.16666666666666666,0.13333333333333333,0.4,0.06666666666666667,0.1,woman_gesturing_NO_light_skin_tone,9,🙅🏻‍♀️,woman gesturing NO: light skin tone,People & Body,person-gesture
love_hotel,0.0,0.0,0.25,0.0,0.625,0.125,love_hotel,4,🏩,love hotel,Travel & Places,place-building
passenger_ship,0.25,0.375,0.0,0.125,0.125,0.125,passenger_ship,6,🛳️,passenger ship,Travel & Places,transport-water
down-left_arrow,,,,,,,down-left_arrow,2,↙️,down-left arrow,Symbols,arrow
person_golfing,0.0,0.6666666666666666,0.3333333333333333,0.0,0.0,0.0,person_golfing,4,🏌️,person golfing,People & Body,person-sport
black_square_button,0.0,0.0,0.0,0.0,0.0,1.0,black_square_button,1,🔲,black square button,Symbols,geometric
curling_stone,0.0,0.0,0.0,0.0,0.0,1.0,curling_stone,2,🥌,curling stone,Activities,sport
woman_raising_hand,0.11229946524064172,0.44385026737967914,0.0855614973262032,0.16042780748663102,0.13368983957219252,0.06417112299465241,woman_raising_hand,83,🙋‍♀️,woman raising hand,People & Body,person-gesture
bowl_with_spoon,0.0,0.35714285714285715,0.07142857142857142,0.0,0.14285714285714285,0.42857142857142855,bowl_with_spoon,6,🥣,bowl with spoon,Food & Drink,food-prepared
person_walking,0.1,0.2,0.1,0.3,0.2,0.1,person_walking,7,🚶,person walking,People & Body,person-activity
woman_health_worker_light_skin_tone,0.1111111111111111,0.3333333333333333,0.3333333333333333,0.0,0.1111111111111111,0.1111111111111111,woman_health_worker_light_skin_tone,4,👩🏻‍⚕️,woman health worker: light skin tone,People & Body,person-role
person_walking_light_skin_tone,0.25,0.0,0.25,0.0,0.5,0.0,person_walking_light_skin_tone,5,🚶🏻,person walking: light skin tone,People & Body,person-activity
man_cartwheeling_medium-light_skin_tone,,,,,,,man_cartwheeling_medium-light_skin_tone,3,🤸🏼‍♂️,man cartwheeling: medium-light skin tone,People & Body,person-sport
grinning_face_with_big_eyes,0.1968454258675079,0.37160883280757095,0.0832807570977918,0.15205047318611986,0.1167192429022082,0.07949526813880126,grinning_face_with_big_eyes,847,😃,grinning face with big eyes,Smileys & Emotion,face-smiling
file_cabinet,0.5,0.0,0.0,0.0,0.0,0.5,file_cabinet,3,🗄️,file cabinet,Objects,office
Greece,1.0,0.0,0.0,0.0,0.0,0.0,Greece,12,🇬🇷,flag: Greece,Flags,country-flag
fog,0.13333333333333333,0.3333333333333333,0.13333333333333333,0.06666666666666667,0.26666666666666666,0.06666666666666667,fog,2,🌫️,fog,Travel & Places,sky & weather
VS_button,0.26666666666666666,0.2,0.0,0.26666666666666666,0.2,0.06666666666666667,VS_button,11,🆚,VS button,Symbols,alphanum
woman_mage_medium-dark_skin_tone,,,,,,,woman_mage_medium-dark_skin_tone,1,🧙🏾‍♀️,woman mage: medium-dark skin tone,People & Body,person-fantasy
parrot,0.12,0.28,0.32,0.04,0.08,0.16,parrot,5,🦜,parrot,Animals & Nature,animal-bird
Libra,0.0,0.0,0.0,0.0,0.0,1.0,Libra,1,♎,Libra,Symbols,zodiac
man_teacher_medium-light_skin_tone,,,,,,,man_teacher_medium-light_skin_tone,1,👨🏼‍🏫,man teacher: medium-light skin tone,People & Body,person-role
person_medium_skin_tone_beard,,,,,,,person_medium_skin_tone_beard,1,🧔🏽,"person: medium skin tone, beard",People & Body,person
raised_back_of_hand_medium_skin_tone,0.3333333333333333,0.0,0.3333333333333333,0.16666666666666666,0.0,0.16666666666666666,raised_back_of_hand_medium_skin_tone,2,🤚🏽,raised back of hand: medium skin tone,People & Body,hand-fingers-open
Japanese_here_button,0.0,0.0,0.0,0.0,0.0,1.0,Japanese_here_button,1,🈁,Japanese “here” button,Symbols,alphanum
thumbs_down,0.234375,0.2842881944444444,0.11024305555555555,0.1736111111111111,0.1271701388888889,0.0703125,thumbs_down,761,👎,thumbs down,People & Body,hand-fingers-closed
hushed_face,0.1411042944785276,0.3374233128834356,0.1165644171779141,0.147239263803681,0.20245398773006135,0.05521472392638037,hushed_face,97,😯,hushed face,Smileys & Emotion,face-concerned
princess_medium_skin_tone,0.0,0.0,0.5,0.0,0.5,0.0,princess_medium_skin_tone,2,👸🏽,princess: medium skin tone,People & Body,person-role
comet,0.0784313725490196,0.39215686274509803,0.0392156862745098,0.09803921568627451,0.3333333333333333,0.058823529411764705,comet,33,☄️,comet,Travel & Places,sky & weather
smirking_face,0.19878419452887539,0.32401215805471123,0.07933130699088146,0.19483282674772037,0.1534954407294833,0.049544072948328265,smirking_face,1712,😏,smirking face,Smileys & Emotion,face-neutral-skeptical
spiral_calendar,0.14102564102564102,0.5512820512820513,0.02564102564102564,0.1282051282051282,0.14102564102564102,0.01282051282051282,spiral_calendar,29,🗓️,spiral calendar,Objects,office
OK_hand_dark_skin_tone,0.06976744186046512,0.4883720930232558,0.06976744186046512,0.23255813953488372,0.11627906976744186,0.023255813953488372,OK_hand_dark_skin_tone,21,👌🏿,OK hand: dark skin tone,People & Body,hand-fingers-partial
billed_cap,0.0,0.6,0.0,0.3,0.0,0.1,billed_cap,4,🧢,billed cap,Objects,clothing
angry_face,0.28789986091794156,0.2906815020862309,0.08205841446453407,0.14082058414464535,0.12169680111265646,0.07684283727399166,angry_face,937,😠,angry face,Smileys & Emotion,face-negative
Japanese_symbol_for_beginner,0.0,0.5,0.0,0.0,0.0,0.5,Japanese_symbol_for_beginner,2,🔰,Japanese symbol for beginner,Symbols,other-symbol
thumbs_up,0.13176284941388638,0.44679891794409377,0.07642019837691615,0.1598286744815149,0.14100541027953112,0.04418394950405771,thumbs_up,3784,👍,thumbs up,People & Body,hand-fingers-closed
Ophiuchus,0.0,0.0,0.0,0.0,0.0,1.0,Ophiuchus,1,⛎,Ophiuchus,Symbols,zodiac
waving_hand_medium-light_skin_tone,,,,,,,waving_hand_medium-light_skin_tone,27,👋🏼,waving hand: medium-light skin tone,People & Body,hand-fingers-open
face_with_spiral_eyes,0.0,0.0,0.6666666666666666,0.0,0.3333333333333333,0.0,face_with_spiral_eyes,1,😵‍💫,face with spiral eyes,Smileys & Emotion,face-unwell
water_pistol,0.20212765957446807,0.30851063829787234,0.1276595744680851,0.13829787234042554,0.1276595744680851,0.09574468085106383,water_pistol,68,🔫,water pistol,Objects,tool
muted_speaker,0.04,0.36,0.08,0.36,0.08,0.08,muted_speaker,11,🔇,muted speaker,Objects,sound
waning_crescent_moon,0.3333333333333333,0.3333333333333333,0.0,0.3333333333333333,0.0,0.0,waning_crescent_moon,7,🌘,waning crescent moon,Travel & Places,sky & weather
United_Kingdom,0.3,0.6,0.0,0.1,0.0,0.0,United_Kingdom,9,🇬🇧,flag: United Kingdom,Flags,country-flag
pinching_hand_medium-light_skin_tone,,,,,,,pinching_hand_medium-light_skin_tone,1,🤏🏼,pinching hand: medium-light skin tone,People & Body,hand-fingers-partial
zany_face,0.19034482758620688,0.32,0.10482758620689656,0.20413793103448277,0.12275862068965518,0.057931034482758624,zany_face,466,🤪,zany face,Smileys & Emotion,face-tongue
twelve-thirty,,,,,,,twelve-thirty,2,🕧,twelve-thirty,Travel & Places,time
package,0.15706806282722513,0.387434554973822,0.12041884816753927,0.07329842931937172,0.2356020942408377,0.02617801047120419,package,52,📦,package,Objects,mail
man_rowing_boat,0.0,0.0,0.0,0.0,0.0,1.0,man_rowing_boat,1,🚣‍♂️,man rowing boat,People & Body,person-sport
kiwi_fruit,0.11764705882352941,0.4117647058823529,0.11764705882352941,0.0,0.17647058823529413,0.17647058823529413,kiwi_fruit,12,🥝,kiwi fruit,Food & Drink,food-fruit
breast-feeding,,,,,,,breast-feeding,2,🤱,breast-feeding,People & Body,person-role
no_pedestrians,0.0,0.7142857142857143,0.0,0.0,0.14285714285714285,0.14285714285714285,no_pedestrians,4,🚷,no pedestrians,Symbols,warning
man_technologist_light_skin_tone,0.2727272727272727,0.18181818181818182,0.2727272727272727,0.09090909090909091,0.18181818181818182,0.0,man_technologist_light_skin_tone,8,👨🏻‍💻,man technologist: light skin tone,People & Body,person-role
drooling_face,0.13082437275985664,0.3870967741935484,0.08960573476702509,0.2025089605734767,0.0931899641577061,0.0967741935483871,drooling_face,388,🤤,drooling face,Smileys & Emotion,face-sleepy
Japanese_application_button,0.0,0.0,0.0,0.0,0.0,1.0,Japanese_application_button,1,🈸,Japanese “application” button,Symbols,alphanum
ballot_box_with_ballot,0.1875,0.4375,0.0,0.0,0.3125,0.0625,ballot_box_with_ballot,4,🗳️,ballot box with ballot,Objects,mail
love_letter,0.047619047619047616,0.47619047619047616,0.0380952380952381,0.0761904761904762,0.3238095238095238,0.0380952380952381,love_letter,43,💌,love letter,Smileys & Emotion,emotion
shopping_bags,0.07957559681697612,0.44297082228116713,0.13527851458885942,0.08488063660477453,0.18037135278514588,0.07692307692307693,shopping_bags,140,🛍️,shopping bags,Objects,clothing
palms_up_together_medium-light_skin_tone,,,,,,,palms_up_together_medium-light_skin_tone,7,🤲🏼,palms up together: medium-light skin tone,People & Body,hands
man_light_skin_tone_red_hair,0.3333333333333333,0.6666666666666666,0.0,0.0,0.0,0.0,man_light_skin_tone_red_hair,2,👨🏻‍🦰,"man: light skin tone, red hair",People & Body,person
beach_with_umbrella,0.08041958041958042,0.6048951048951049,0.05944055944055944,0.06993006993006994,0.09090909090909091,0.0944055944055944,beach_with_umbrella,73,🏖️,beach with umbrella,Travel & Places,place-geographic
vulcan_salute,0.1935483870967742,0.3548387096774194,0.03225806451612903,0.12903225806451613,0.2903225806451613,0.0,vulcan_salute,16,🖖,vulcan salute,People & Body,hand-fingers-open
horse_racing_light_skin_tone,0.0,1.0,0.0,0.0,0.0,0.0,horse_racing_light_skin_tone,1,🏇🏻,horse racing: light skin tone,People & Body,person-sport
light_rail,0.0,0.4,0.1,0.1,0.2,0.2,light_rail,1,🚈,light rail,Travel & Places,transport-ground
scientist_medium_skin_tone,0.14285714285714285,0.2857142857142857,0.42857142857142855,0.0,0.14285714285714285,0.0,scientist_medium_skin_tone,1,🧑🏽‍🔬,scientist: medium skin tone,People & Body,person-role
man_teacher_light_skin_tone,0.0,0.0,1.0,0.0,0.0,0.0,man_teacher_light_skin_tone,1,👨🏻‍🏫,man teacher: light skin tone,People & Body,person-role
woman_standing_light_skin_tone,0.0,0.5,0.0,0.0,0.5,0.0,woman_standing_light_skin_tone,1,🧍🏻‍♀️,woman standing: light skin tone,People & Body,person-activity
shark,0.16666666666666666,0.25,0.0,0.3333333333333333,0.08333333333333333,0.16666666666666666,shark,2,🦈,shark,Animals & Nature,animal-marine
mahjong_red_dragon,0.0,0.0,0.0,0.0,0.0,1.0,mahjong_red_dragon,1,🀄,mahjong red dragon,Activities,game
fire_engine,0.06666666666666667,0.4666666666666667,0.0,0.06666666666666667,0.3333333333333333,0.06666666666666667,fire_engine,7,🚒,fire engine,Travel & Places,transport-ground
name_badge,0.0,0.6,0.0,0.0,0.2,0.2,name_badge,2,📛,name badge,Symbols,other-symbol
umbrella_with_rain_drops,0.16129032258064516,0.45161290322580644,0.0967741935483871,0.06451612903225806,0.0967741935483871,0.12903225806451613,umbrella_with_rain_drops,13,☔,umbrella with rain drops,Travel & Places,sky & weather
joker,0.128,0.336,0.08,0.296,0.128,0.032,joker,4,🃏,joker,Activities,game
menorah,0.0,0.0,0.0,0.0,0.0,1.0,menorah,1,🕎,menorah,Symbols,religion
alien_monster,0.21818181818181817,0.4,0.0,0.12727272727272726,0.21818181818181817,0.03636363636363636,alien_monster,25,👾,alien monster,Smileys & Emotion,face-costume
woman_medium-light_skin_tone,,,,,,,woman_medium-light_skin_tone,13,👩🏼,woman: medium-light skin tone,People & Body,person
person_running_dark_skin_tone,0.3333333333333333,0.0,0.0,0.0,0.6666666666666666,0.0,person_running_dark_skin_tone,2,🏃🏿,person running: dark skin tone,People & Body,person-activity
joystick,0.17142857142857143,0.34285714285714286,0.05714285714285714,0.11428571428571428,0.2571428571428571,0.05714285714285714,joystick,11,🕹️,joystick,Activities,game
collision,0.1605960264900662,0.47019867549668876,0.06456953642384106,0.07450331125827815,0.1837748344370861,0.046357615894039736,collision,267,💥,collision,Smileys & Emotion,emotion
pregnant_woman_light_skin_tone,0.09090909090909091,0.4090909090909091,0.2727272727272727,0.09090909090909091,0.13636363636363635,0.0,pregnant_woman_light_skin_tone,6,🤰🏻,pregnant woman: light skin tone,People & Body,person-role
sauropod,0.0,0.25,0.0,0.5,0.0,0.25,sauropod,2,🦕,sauropod,Animals & Nature,animal-reptile
french_fries,0.11627906976744186,0.42441860465116277,0.1686046511627907,0.09593023255813954,0.11918604651162791,0.0755813953488372,french_fries,157,🍟,french fries,Food & Drink,food-prepared
vulcan_salute_medium-light_skin_tone,,,,,,,vulcan_salute_medium-light_skin_tone,8,🖖🏼,vulcan salute: medium-light skin tone,People & Body,hand-fingers-open
bullet_train,0.05555555555555555,0.3333333333333333,0.16666666666666666,0.3888888888888889,0.0,0.05555555555555555,bullet_train,6,🚅,bullet train,Travel & Places,transport-ground
downwards_button,0.0,0.0,0.0,0.0,0.0,1.0,downwards_button,2,🔽,downwards button,Symbols,av-symbol
princess,0.10869565217391304,0.34782608695652173,0.10869565217391304,0.21739130434782608,0.21739130434782608,0.0,princess,25,👸,princess,People & Body,person-role
up-right_arrow,,,,,,,up-right_arrow,2,↗️,up-right arrow,Symbols,arrow
face_vomiting,0.2542857142857143,0.21857142857142858,0.10285714285714286,0.29,0.04857142857142857,0.08571428571428572,face_vomiting,307,🤮,face vomiting,Smileys & Emotion,face-unwell
door,0.2857142857142857,0.2857142857142857,0.015873015873015872,0.19047619047619047,0.15873015873015872,0.06349206349206349,door,2,🚪,door,Objects,household
yawning_face,0.1836734693877551,0.16326530612244897,0.24489795918367346,0.10204081632653061,0.2857142857142857,0.02040816326530612,yawning_face,27,🥱,yawning face,Smileys & Emotion,face-concerned
backhand_index_pointing_down_medium_skin_tone,0.16666666666666666,0.16666666666666666,0.16666666666666666,0.3333333333333333,0.16666666666666666,0.0,backhand_index_pointing_down_medium_skin_tone,3,👇🏽,backhand index pointing down: medium skin tone,People & Body,hand-single-finger
merman_medium_skin_tone,0.0,1.0,0.0,0.0,0.0,0.0,merman_medium_skin_tone,2,🧜🏽‍♂️,merman: medium skin tone,People & Body,person-fantasy
backhand_index_pointing_up_dark_skin_tone,0.2857142857142857,0.2857142857142857,0.14285714285714285,0.2857142857142857,0.0,0.0,backhand_index_pointing_up_dark_skin_tone,9,👆🏿,backhand index pointing up: dark skin tone,People & Body,hand-single-finger
chipmunk,0.0,0.2857142857142857,0.2857142857142857,0.0,0.2857142857142857,0.14285714285714285,chipmunk,3,🐿️,chipmunk,Animals & Nature,animal-mammal
handshake,0.1299559471365639,0.43832599118942733,0.05506607929515418,0.12555066079295155,0.19162995594713655,0.05947136563876652,handshake,152,🤝,handshake,People & Body,hands
mouth,0.12554112554112554,0.41125541125541126,0.0735930735930736,0.1774891774891775,0.16017316017316016,0.05194805194805195,mouth,68,👄,mouth,People & Body,body-parts
star_of_David,0.0,0.0,0.0,0.0,0.0,1.0,star_of_David,1,✡️,star of David,Symbols,religion
oncoming_fist,0.19976635514018692,0.3691588785046729,0.07827102803738317,0.15070093457943926,0.13200934579439252,0.07009345794392523,oncoming_fist,446,👊,oncoming fist,People & Body,hand-fingers-closed
computer_disk,0.0,0.0,0.0,0.0,0.0,1.0,computer_disk,1,💽,computer disk,Objects,computer
police_car,0.42857142857142855,0.14285714285714285,0.14285714285714285,0.0,0.0,0.2857142857142857,police_car,7,🚓,police car,Travel & Places,transport-ground
railway_track,0.1111111111111111,0.4444444444444444,0.2222222222222222,0.0,0.0,0.2222222222222222,railway_track,5,🛤️,railway track,Travel & Places,transport-ground
North_Korea,,,,,,,North_Korea,1,🇰🇵,flag: North Korea,Flags,country-flag
cat_with_wry_smile,0.125,0.375,0.1875,0.1875,0.0625,0.0625,cat_with_wry_smile,16,😼,cat with wry smile,Smileys & Emotion,cat-face
woman_artist,0.42857142857142855,0.42857142857142855,0.0,0.14285714285714285,0.0,0.0,woman_artist,4,👩‍🎨,woman artist,People & Body,person-role
hot_springs,0.2727272727272727,0.13636363636363635,0.2727272727272727,0.2727272727272727,0.0,0.045454545454545456,hot_springs,5,♨️,hot springs,Travel & Places,place-other
kaaba,0.0,0.0,0.0,0.0,0.0,1.0,kaaba,4,🕋,kaaba,Travel & Places,place-religious
ringed_planet,0.25,0.25,0.125,0.125,0.125,0.125,ringed_planet,5,🪐,ringed planet,Travel & Places,sky & weather
keycap_1,0.14035087719298245,0.45614035087719296,0.08771929824561403,0.10526315789473684,0.08771929824561403,0.12280701754385964,keycap_1,19,1️⃣,keycap: 1,Symbols,keycap
man_artist_medium-light_skin_tone,,,,,,,man_artist_medium-light_skin_tone,1,👨🏼‍🎨,man artist: medium-light skin tone,People & Body,person-role
crossed_fingers_dark_skin_tone,0.2857142857142857,0.2857142857142857,0.14285714285714285,0.0,0.2857142857142857,0.0,crossed_fingers_dark_skin_tone,2,🤞🏿,crossed fingers: dark skin tone,People & Body,hand-fingers-partial
woman_zombie,0.13953488372093023,0.3023255813953488,0.23255813953488372,0.09302325581395349,0.09302325581395349,0.13953488372093023,woman_zombie,24,🧟‍♀️,woman zombie,People & Body,person-fantasy
globe_showing_Asia-Australia,,,,,,,globe_showing_Asia-Australia,21,🌏,globe showing Asia-Australia,Travel & Places,place-map
person_shrugging,0.19402985074626866,0.3283582089552239,0.1044776119402985,0.1044776119402985,0.208955223880597,0.05970149253731343,person_shrugging,35,🤷,person shrugging,People & Body,person-gesture
Spain,0.18181818181818182,0.18181818181818182,0.09090909090909091,0.2727272727272727,0.0,0.2727272727272727,Spain,7,🇪🇸,flag: Spain,Flags,country-flag
clapper_board,0.109717868338558,0.29153605015673983,0.047021943573667714,0.3510971786833856,0.16300940438871472,0.03761755485893417,clapper_board,152,🎬,clapper board,Objects,light & video
butterfly,0.0842911877394636,0.44061302681992337,0.10344827586206896,0.12643678160919541,0.09195402298850575,0.1532567049808429,butterfly,106,🦋,butterfly,Animals & Nature,animal-bug
person_facepalming,0.1871345029239766,0.3333333333333333,0.1111111111111111,0.21052631578947367,0.09941520467836257,0.05847953216374269,person_facepalming,86,🤦,person facepalming,People & Body,person-gesture
eight-spoked_asterisk,,,,,,,eight-spoked_asterisk,1,✳️,eight-spoked asterisk,Symbols,other-symbol
takeout_box,0.0,0.6666666666666666,0.0,0.16666666666666666,0.0,0.16666666666666666,takeout_box,2,🥡,takeout box,Food & Drink,food-asian
woman_surfing_medium_skin_tone,1.0,0.0,0.0,0.0,0.0,0.0,woman_surfing_medium_skin_tone,1,🏄🏽‍♀️,woman surfing: medium skin tone,People & Body,person-sport
man_tipping_hand_medium_skin_tone,,,,,,,man_tipping_hand_medium_skin_tone,1,💁🏽‍♂️,man tipping hand: medium skin tone,People & Body,person-gesture
man_juggling_light_skin_tone,,,,,,,man_juggling_light_skin_tone,1,🤹🏻‍♂️,man juggling: light skin tone,People & Body,person-sport
tractor,0.0,0.0,0.0,0.0,0.0,1.0,tractor,1,🚜,tractor,Travel & Places,transport-ground
circus_tent,0.0,0.0,0.0,0.0,0.0,1.0,circus_tent,1,🎪,circus tent,Travel & Places,place-other
woman_mage_light_skin_tone,0.2,0.4,0.2,0.2,0.0,0.0,woman_mage_light_skin_tone,5,🧙🏻‍♀️,woman mage: light skin tone,People & Body,person-fantasy
no_bicycles,0.0,0.6,0.0,0.0,0.2,0.2,no_bicycles,2,🚳,no bicycles,Symbols,warning
ewe,0.06666666666666667,0.0,0.06666666666666667,0.6,0.06666666666666667,0.2,ewe,12,🐑,ewe,Animals & Nature,animal-mammal
speaker_high_volume,0.17142857142857143,0.5142857142857142,0.02857142857142857,0.1,0.15714285714285714,0.02857142857142857,speaker_high_volume,35,🔊,speaker high volume,Objects,sound
face_with_hand_over_mouth,0.18361836183618363,0.3726372637263726,0.08370837083708371,0.1782178217821782,0.13051305130513052,0.05130513051305131,face_with_hand_over_mouth,653,🤭,face with hand over mouth,Smileys & Emotion,face-hand
white_large_square,0.0,0.4827586206896552,0.0,0.0,0.4827586206896552,0.034482758620689655,white_large_square,15,⬜,white large square,Symbols,geometric
person_beard,0.0,1.0,0.0,0.0,0.0,0.0,person_beard,1,🧔,person: beard,People & Body,person
handbag,0.047619047619047616,0.38095238095238093,0.047619047619047616,0.07142857142857142,0.14285714285714285,0.30952380952380953,handbag,9,👜,handbag,Objects,clothing
jack-o-lantern,,,,,,,jack-o-lantern,29,🎃,jack-o-lantern,Activities,event
police_officer,0.0,0.3333333333333333,0.0,0.3333333333333333,0.3333333333333333,0.0,police_officer,2,👮,police officer,People & Body,person-role
lemon,0.1076923076923077,0.5076923076923077,0.09230769230769231,0.06153846153846154,0.11923076923076924,0.11153846153846154,lemon,116,🍋,lemon,Food & Drink,food-fruit
zebra,0.1,0.4,0.0,0.1,0.0,0.4,zebra,3,🦓,zebra,Animals & Nature,animal-mammal
sloth,0.0,0.5,0.5,0.0,0.0,0.0,sloth,3,🦥,sloth,Animals & Nature,animal-mammal
man_in_lotus_position_light_skin_tone,0.0,0.6666666666666666,0.0,0.0,0.3333333333333333,0.0,man_in_lotus_position_light_skin_tone,1,🧘🏻‍♂️,man in lotus position: light skin tone,People & Body,person-resting
white_question_mark,0.25,0.3125,0.125,0.0,0.25,0.0625,white_question_mark,11,❔,white question mark,Symbols,punctuation
sun_behind_large_cloud,0.0,1.0,0.0,0.0,0.0,0.0,sun_behind_large_cloud,1,🌥️,sun behind large cloud,Travel & Places,sky & weather
person_swimming,0.06976744186046512,0.4418604651162791,0.16279069767441862,0.09302325581395349,0.13953488372093023,0.09302325581395349,person_swimming,16,🏊,person swimming,People & Body,person-sport
saxophone,0.18518518518518517,0.4444444444444444,0.037037037037037035,0.14814814814814814,0.1111111111111111,0.07407407407407407,saxophone,14,🎷,saxophone,Objects,musical-instrument
revolving_hearts,0.077834179357022,0.45854483925549916,0.06429780033840947,0.21658206429780033,0.14213197969543148,0.04060913705583756,revolving_hearts,383,💞,revolving hearts,Smileys & Emotion,emotion
trophy,0.047038327526132406,0.5853658536585366,0.0313588850174216,0.1329849012775842,0.09581881533101046,0.10743321718931476,trophy,556,🏆,trophy,Activities,award-medal
mage,0.0859375,0.3984375,0.0546875,0.2890625,0.171875,0.0,mage,30,🧙,mage,People & Body,person-fantasy
part_alternation_mark,0.0,0.0,0.0,0.5,0.0,0.5,part_alternation_mark,2,〽️,part alternation mark,Symbols,other-symbol
grinning_cat,0.2727272727272727,0.09090909090909091,0.18181818181818182,0.09090909090909091,0.18181818181818182,0.18181818181818182,grinning_cat,11,😺,grinning cat,Smileys & Emotion,cat-face
repeat_single_button,0.0,0.0,0.0,0.0,0.0,1.0,repeat_single_button,1,🔂,repeat single button,Symbols,av-symbol
first_quarter_moon_face,0.2857142857142857,0.14285714285714285,0.0,0.14285714285714285,0.2857142857142857,0.14285714285714285,first_quarter_moon_face,1,🌛,first quarter moon face,Travel & Places,sky & weather
rice_ball,0.3333333333333333,0.3333333333333333,0.0,0.0,0.0,0.3333333333333333,rice_ball,2,🍙,rice ball,Food & Drink,food-asian
no_smoking,0.09090909090909091,0.36363636363636365,0.09090909090909091,0.0,0.18181818181818182,0.2727272727272727,no_smoking,4,🚭,no smoking,Symbols,warning
castle,0.16666666666666666,0.2727272727272727,0.10606060606060606,0.18181818181818182,0.19696969696969696,0.07575757575757576,castle,5,🏰,castle,Travel & Places,place-building
train,0.08695652173913043,0.43478260869565216,0.08695652173913043,0.17391304347826086,0.17391304347826086,0.043478260869565216,train,2,🚆,train,Travel & Places,transport-ground
raccoon,0.5,0.5,0.0,0.0,0.0,0.0,raccoon,1,🦝,raccoon,Animals & Nature,animal-mammal
heart_suit,0.10119386014781126,0.43035815804434335,0.15406480955088117,0.12848209209778283,0.12620807276861853,0.05969300739056282,heart_suit,1070,♥️,heart suit,Activities,game
face_with_thermometer,0.26229508196721313,0.3114754098360656,0.06557377049180328,0.22950819672131148,0.08196721311475409,0.04918032786885246,face_with_thermometer,30,🤒,face with thermometer,Smileys & Emotion,face-unwell
woman_medium_skin_tone_curly_hair,0.0,1.0,0.0,0.0,0.0,0.0,woman_medium_skin_tone_curly_hair,1,👩🏽‍🦱,"woman: medium skin tone, curly hair",People & Body,person
tiger_face,0.09090909090909091,0.5909090909090909,0.09090909090909091,0.045454545454545456,0.0,0.18181818181818182,tiger_face,9,🐯,tiger face,Animals & Nature,animal-mammal
red_triangle_pointed_up,0.0,0.5,0.25,0.0,0.0,0.25,red_triangle_pointed_up,4,🔺,red triangle pointed up,Symbols,geometric
Poland,0.16666666666666666,0.6666666666666666,0.0,0.0,0.16666666666666666,0.0,Poland,1,🇵🇱,flag: Poland,Flags,country-flag
zombie,0.05555555555555555,0.2777777777777778,0.2037037037037037,0.2962962962962963,0.1111111111111111,0.05555555555555555,zombie,5,🧟,zombie,People & Body,person-fantasy
smiling_face_with_tear,0.15634218289085547,0.3480825958702065,0.10029498525073746,0.19174041297935104,0.12979351032448377,0.07374631268436578,smiling_face_with_tear,205,🥲,smiling face with tear,Smileys & Emotion,face-affection
pager,0.0,0.0,0.0,0.0,0.0,1.0,pager,1,📟,pager,Objects,phone
carrot,0.2753623188405797,0.2318840579710145,0.10144927536231885,0.11594202898550725,0.14492753623188406,0.13043478260869565,carrot,28,🥕,carrot,Food & Drink,food-vegetable
hammer_and_wrench,0.3333333333333333,0.4166666666666667,0.08333333333333333,0.08333333333333333,0.0,0.08333333333333333,hammer_and_wrench,5,🛠️,hammer and wrench,Objects,tool
fallen_leaf,0.125,0.4375,0.1328125,0.125,0.1015625,0.078125,fallen_leaf,45,🍂,fallen leaf,Animals & Nature,plant-other
motor_boat,0.16666666666666666,0.3333333333333333,0.16666666666666666,0.16666666666666666,0.0,0.16666666666666666,motor_boat,4,🛥️,motor boat,Travel & Places,transport-water
person_taking_bath,0.13333333333333333,0.35555555555555557,0.06666666666666667,0.24444444444444444,0.06666666666666667,0.13333333333333333,person_taking_bath,9,🛀,person taking bath,People & Body,person-resting
ferris_wheel,0.0,0.5,0.0,0.0,0.3333333333333333,0.16666666666666666,ferris_wheel,4,🎡,ferris wheel,Travel & Places,place-other
woman_elf_medium-light_skin_tone,,,,,,,woman_elf_medium-light_skin_tone,3,🧝🏼‍♀️,woman elf: medium-light skin tone,People & Body,person-fantasy
nose,0.0,0.0,0.3333333333333333,0.3333333333333333,0.0,0.3333333333333333,nose,3,👃,nose,People & Body,body-parts
Uzbekistan,,,,,,,Uzbekistan,1,🇺🇿,flag: Uzbekistan,Flags,country-flag
open_hands_medium-light_skin_tone,,,,,,,open_hands_medium-light_skin_tone,4,👐🏼,open hands: medium-light skin tone,People & Body,hands
bacon,0.0,0.0,0.0,0.0,0.0,1.0,bacon,1,🥓,bacon,Food & Drink,food-prepared
disguised_face,0.0,0.6666666666666666,0.1111111111111111,0.0,0.2222222222222222,0.0,disguised_face,8,🥸,disguised face,Smileys & Emotion,face-hat
litter_in_bin_sign,0.0,0.8378378378378378,0.02702702702702703,0.02702702702702703,0.05405405405405406,0.05405405405405406,litter_in_bin_sign,17,🚮,litter in bin sign,Symbols,transport-sign
kissing_face_with_closed_eyes,0.17391304347826086,0.358695652173913,0.10869565217391304,0.17391304347826086,0.11956521739130435,0.06521739130434782,kissing_face_with_closed_eyes,87,😚,kissing face with closed eyes,Smileys & Emotion,face-affection
person_bowing,0.1590909090909091,0.5454545454545454,0.13636363636363635,0.11363636363636363,0.0,0.045454545454545456,person_bowing,16,🙇,person bowing,People & Body,person-gesture
man_lifting_weights,0.0,0.0,0.0,0.0,0.0,1.0,man_lifting_weights,2,🏋️‍♂️,man lifting weights,People & Body,person-sport
gloves,0.09090909090909091,0.7272727272727273,0.0,0.0,0.18181818181818182,0.0,gloves,2,🧤,gloves,Objects,clothing
rooster,0.125,0.375,0.25,0.125,0.0,0.125,rooster,12,🐓,rooster,Animals & Nature,animal-bird
woman_kneeling_light_skin_tone,,,,,,,woman_kneeling_light_skin_tone,1,🧎🏻‍♀️,woman kneeling: light skin tone,People & Body,person-activity
heart_on_fire,0.0,0.4074074074074074,0.07407407407407407,0.25925925925925924,0.2222222222222222,0.037037037037037035,heart_on_fire,9,❤️‍🔥,heart on fire,Smileys & Emotion,emotion
winking_face,0.15574859478794073,0.3713847726111395,0.08104241185487991,0.18518140010219725,0.16801226366888095,0.03863055697496168,winking_face,3709,😉,winking face,Smileys & Emotion,face-smiling
heart_with_ribbon,0.09340659340659341,0.46703296703296704,0.10989010989010989,0.1813186813186813,0.11538461538461539,0.03296703296703297,heart_with_ribbon,111,💝,heart with ribbon,Smileys & Emotion,emotion
right_arrow_curving_up,0.3333333333333333,0.3333333333333333,0.0,0.0,0.0,0.3333333333333333,right_arrow_curving_up,6,⤴️,right arrow curving up,Symbols,arrow
woman_mountain_biking,0.0,0.0,0.0,0.0,0.0,1.0,woman_mountain_biking,3,🚵‍♀️,woman mountain biking,People & Body,person-sport
person,0.16736401673640167,0.27615062761506276,0.100418410041841,0.18828451882845187,0.200836820083682,0.06694560669456066,person,5,🧑,person,People & Body,person
woman_fairy_medium-light_skin_tone,,,,,,,woman_fairy_medium-light_skin_tone,12,🧚🏼‍♀️,woman fairy: medium-light skin tone,People & Body,person-fantasy
sunglasses,0.05,0.45,0.3,0.05,0.05,0.1,sunglasses,14,🕶️,sunglasses,Objects,clothing
compass,0.5,0.0,0.0,0.0,0.5,0.0,compass,2,🧭,compass,Travel & Places,place-map
crossed_swords,0.11666666666666667,0.25,0.21666666666666667,0.13333333333333333,0.2,0.08333333333333333,crossed_swords,47,⚔️,crossed swords,Objects,tool
sandwich,0.21428571428571427,0.30952380952380953,0.07142857142857142,0.14285714285714285,0.23809523809523808,0.023809523809523808,sandwich,3,🥪,sandwich,Food & Drink,food-prepared
family_man_girl,0.0,0.0,0.0,0.0,1.0,0.0,family_man_girl,1,👨‍👧,"family: man, girl",People & Body,family
pear,0.1111111111111111,0.3333333333333333,0.3333333333333333,0.0,0.1111111111111111,0.1111111111111111,pear,15,🍐,pear,Food & Drink,food-fruit
seat,0.12,0.36,0.0,0.16,0.2,0.16,seat,2,💺,seat,Travel & Places,transport-air
desert_island,0.11267605633802817,0.36619718309859156,0.04225352112676056,0.09859154929577464,0.16901408450704225,0.2112676056338028,desert_island,22,🏝️,desert island,Travel & Places,place-geographic
monkey,0.25806451612903225,0.3548387096774194,0.0967741935483871,0.1935483870967742,0.03225806451612903,0.06451612903225806,monkey,12,🐒,monkey,Animals & Nature,animal-mammal
white_heart,0.12320916905444126,0.5300859598853869,0.0830945558739255,0.13753581661891118,0.08022922636103152,0.045845272206303724,white_heart,181,🤍,white heart,Smileys & Emotion,emotion
woman_superhero_light_skin_tone,0.2631578947368421,0.10526315789473684,0.05263157894736842,0.15789473684210525,0.3684210526315789,0.05263157894736842,woman_superhero_light_skin_tone,9,🦸🏻‍♀️,woman superhero: light skin tone,People & Body,person-fantasy
man_gesturing_NO,0.5,0.16666666666666666,0.08333333333333333,0.16666666666666666,0.0,0.08333333333333333,man_gesturing_NO,7,🙅‍♂️,man gesturing NO,People & Body,person-gesture
man_facepalming_medium-dark_skin_tone,,,,,,,man_facepalming_medium-dark_skin_tone,3,🤦🏾‍♂️,man facepalming: medium-dark skin tone,People & Body,person-gesture
person_raising_hand,0.176,0.4,0.088,0.14,0.124,0.072,person_raising_hand,104,🙋,person raising hand,People & Body,person-gesture
high-speed_train,,,,,,,high-speed_train,10,🚄,high-speed train,Travel & Places,transport-ground
open_mailbox_with_lowered_flag,0.0,0.0,0.0,0.0,0.0,1.0,open_mailbox_with_lowered_flag,2,📭,open mailbox with lowered flag,Objects,mail
envelope_with_arrow,0.1,0.6,0.0,0.0,0.1,0.2,envelope_with_arrow,6,📩,envelope with arrow,Objects,mail
carousel_horse,0.0,0.0,0.0,0.0,0.0,1.0,carousel_horse,4,🎠,carousel horse,Travel & Places,place-other
man_office_worker_light_skin_tone,0.0,0.5,0.5,0.0,0.0,0.0,man_office_worker_light_skin_tone,2,👨🏻‍💼,man office worker: light skin tone,People & Body,person-role
camera,0.06060606060606061,0.7508417508417509,0.04040404040404041,0.050505050505050504,0.04377104377104377,0.05387205387205387,camera,122,📷,camera,Objects,light & video
woman_playing_water_polo_medium-light_skin_tone,,,,,,,woman_playing_water_polo_medium-light_skin_tone,1,🤽🏼‍♀️,woman playing water polo: medium-light skin tone,People & Body,person-sport
blue_circle,0.07692307692307693,0.6153846153846154,0.0,0.15384615384615385,0.07692307692307693,0.07692307692307693,blue_circle,11,🔵,blue circle,Symbols,geometric
sake,0.0,0.1111111111111111,0.3333333333333333,0.3333333333333333,0.1111111111111111,0.1111111111111111,sake,3,🍶,sake,Food & Drink,drink
person_medium-dark_skin_tone_beard,,,,,,,person_medium-dark_skin_tone_beard,1,🧔🏾,"person: medium-dark skin tone, beard",People & Body,person
upside-down_face,,,,,,,upside-down_face,815,🙃,upside-down face,Smileys & Emotion,face-smiling
mount_fuji,0.0,0.0,0.0,0.0,0.0,1.0,mount_fuji,7,🗻,mount fuji,Travel & Places,place-geographic
woman_getting_massage_medium_skin_tone,0.0,1.0,0.0,0.0,0.0,0.0,woman_getting_massage_medium_skin_tone,1,💆🏽‍♀️,woman getting massage: medium skin tone,People & Body,person-activity
person_bouncing_ball_light_skin_tone,0.0,1.0,0.0,0.0,0.0,0.0,person_bouncing_ball_light_skin_tone,1,⛹🏻,person bouncing ball: light skin tone,People & Body,person-sport
locomotive,0.14705882352941177,0.11764705882352941,0.35294117647058826,0.08823529411764706,0.23529411764705882,0.058823529411764705,locomotive,15,🚂,locomotive,Travel & Places,transport-ground
upwards_button,0.5,0.25,0.0,0.0,0.0,0.25,upwards_button,3,🔼,upwards button,Symbols,av-symbol
anger_symbol,0.0,0.8333333333333334,0.0,0.0,0.16666666666666666,0.0,anger_symbol,3,💢,anger symbol,Smileys & Emotion,emotion
family_woman_boy,0.2222222222222222,0.3333333333333333,0.4444444444444444,0.0,0.0,0.0,family_woman_boy,5,👩‍👦,"family: woman, boy",People & Body,family
dvd,0.2222222222222222,0.2814814814814815,0.044444444444444446,0.2740740740740741,0.1111111111111111,0.06666666666666667,dvd,4,📀,dvd,Objects,computer
T-Rex,,,,,,,T-Rex,4,🦖,T-Rex,Animals & Nature,animal-reptile
love-you_gesture,,,,,,,love-you_gesture,50,🤟,love-you gesture,People & Body,hand-fingers-partial
man_guard,0.0,0.0,0.25,0.25,0.5,0.0,man_guard,3,💂‍♂️,man guard,People & Body,person-role
woman_medium-light_skin_tone_blond_hair,,,,,,,woman_medium-light_skin_tone_blond_hair,4,👱🏼‍♀️,"woman: medium-light skin tone, blond hair",People & Body,person
princess_dark_skin_tone,0.0,1.0,0.0,0.0,0.0,0.0,princess_dark_skin_tone,1,👸🏿,princess: dark skin tone,People & Body,person-role
input_symbols,0.0,0.0,0.0,0.0,0.0,1.0,input_symbols,1,🔣,input symbols,Symbols,alphanum
teacup_without_handle,0.05263157894736842,0.21052631578947367,0.15789473684210525,0.05263157894736842,0.10526315789473684,0.42105263157894735,teacup_without_handle,9,🍵,teacup without handle,Food & Drink,drink
woman_cartwheeling,0.0,0.6363636363636364,0.09090909090909091,0.0,0.22727272727272727,0.045454545454545456,woman_cartwheeling,10,🤸‍♀️,woman cartwheeling,People & Body,person-sport
nauseated_face,0.2604501607717042,0.20257234726688103,0.12540192926045016,0.1639871382636656,0.07717041800643087,0.17041800643086816,nauseated_face,140,🤢,nauseated face,Smileys & Emotion,face-unwell
wolf,0.2079646017699115,0.39823008849557523,0.07079646017699115,0.18584070796460178,0.10176991150442478,0.035398230088495575,wolf,22,🐺,wolf,Animals & Nature,animal-mammal
man_fairy_light_skin_tone,0.14285714285714285,0.23809523809523808,0.42857142857142855,0.047619047619047616,0.0,0.14285714285714285,man_fairy_light_skin_tone,4,🧚🏻‍♂️,man fairy: light skin tone,People & Body,person-fantasy
woozy_face,0.13761467889908258,0.3853211009174312,0.13761467889908258,0.20642201834862386,0.11009174311926606,0.022935779816513763,woozy_face,143,🥴,woozy face,Smileys & Emotion,face-unwell
rosette,0.13333333333333333,0.3333333333333333,0.06666666666666667,0.0,0.06666666666666667,0.4,rosette,10,🏵️,rosette,Animals & Nature,plant-flower
backhand_index_pointing_left_dark_skin_tone,0.27586206896551724,0.27586206896551724,0.13793103448275862,0.29310344827586204,0.0,0.017241379310344827,backhand_index_pointing_left_dark_skin_tone,10,👈🏿,backhand index pointing left: dark skin tone,People & Body,hand-single-finger
COOL_button,0.14285714285714285,0.5714285714285714,0.0,0.0,0.14285714285714285,0.14285714285714285,COOL_button,2,🆒,COOL button,Symbols,alphanum
woman_red_hair,0.4444444444444444,0.1111111111111111,0.3333333333333333,0.0,0.1111111111111111,0.0,woman_red_hair,3,👩‍🦰,woman: red hair,People & Body,person
woman_fairy_light_skin_tone,0.17073170731707318,0.3170731707317073,0.0975609756097561,0.24390243902439024,0.17073170731707318,0.0,woman_fairy_light_skin_tone,30,🧚🏻‍♀️,woman fairy: light skin tone,People & Body,person-fantasy
China,0.14285714285714285,0.5714285714285714,0.0,0.0,0.14285714285714285,0.14285714285714285,China,2,🇨🇳,flag: China,Flags,country-flag
carp_streamer,0.0,0.0,0.0,0.0,0.0,1.0,carp_streamer,2,🎏,carp streamer,Activities,event
leopard,0.2222222222222222,0.1111111111111111,0.2222222222222222,0.1111111111111111,0.2222222222222222,0.1111111111111111,leopard,7,🐆,leopard,Animals & Nature,animal-mammal
man_scientist_medium-light_skin_tone,,,,,,,man_scientist_medium-light_skin_tone,5,👨🏼‍🔬,man scientist: medium-light skin tone,People & Body,person-role
person_pouting_light_skin_tone,0.4,0.2,0.1,0.1,0.0,0.2,person_pouting_light_skin_tone,1,🙎🏻,person pouting: light skin tone,People & Body,person-gesture
teapot,0.0,0.5,0.0,0.0,0.5,0.0,teapot,3,🫖,teapot,Food & Drink,drink
open_hands,0.10810810810810811,0.35135135135135137,0.08108108108108109,0.1891891891891892,0.13513513513513514,0.13513513513513514,open_hands,13,👐,open hands,People & Body,hands
woman_frowning_light_skin_tone,0.14285714285714285,0.2857142857142857,0.14285714285714285,0.14285714285714285,0.2857142857142857,0.0,woman_frowning_light_skin_tone,4,🙍🏻‍♀️,woman frowning: light skin tone,People & Body,person-gesture
mobile_phone,0.16574585635359115,0.44751381215469616,0.11049723756906077,0.11049723756906077,0.10497237569060773,0.06077348066298342,mobile_phone,75,📱,mobile phone,Objects,phone
man_juggling,0.0,0.0,0.0,0.0,0.0,1.0,man_juggling,1,🤹‍♂️,man juggling,People & Body,person-sport
sparkle,0.0,0.0,0.0,0.0,0.0,1.0,sparkle,1,❇️,sparkle,Symbols,other-symbol
artist_palette,0.18972332015810275,0.4901185770750988,0.05928853754940711,0.03557312252964427,0.15810276679841898,0.06719367588932806,artist_palette,81,🎨,artist palette,Activities,arts & crafts
keycap_3,0.1276595744680851,0.5957446808510638,0.06382978723404255,0.0851063829787234,0.06382978723404255,0.06382978723404255,keycap_3,17,3️⃣,keycap: 3,Symbols,keycap
woman_dancing_medium_skin_tone,0.06521739130434782,0.4782608695652174,0.043478260869565216,0.17391304347826086,0.2391304347826087,0.0,woman_dancing_medium_skin_tone,38,💃🏽,woman dancing: medium skin tone,People & Body,person-activity
white_medium_square,0.0,0.3333333333333333,0.0,0.3333333333333333,0.0,0.3333333333333333,white_medium_square,3,◻️,white medium square,Symbols,geometric
octopus,0.2,0.06666666666666667,0.06666666666666667,0.4666666666666667,0.13333333333333333,0.06666666666666667,octopus,4,🐙,octopus,Animals & Nature,animal-marine
woman_teacher_medium-light_skin_tone,,,,,,,woman_teacher_medium-light_skin_tone,1,👩🏼‍🏫,woman teacher: medium-light skin tone,People & Body,person-role
potable_water,0.05555555555555555,0.3888888888888889,0.16666666666666666,0.0,0.16666666666666666,0.2222222222222222,potable_water,8,🚰,potable water,Symbols,transport-sign
eject_button,0.0,0.0,0.0,0.0,0.0,1.0,eject_button,1,⏏️,eject button,Symbols,av-symbol
page_with_curl,0.5,0.0,0.5,0.0,0.0,0.0,page_with_curl,2,📃,page with curl,Objects,book-paper
oncoming_police_car,0.25,0.0,0.0,0.0,0.25,0.5,oncoming_police_car,11,🚔,oncoming police car,Travel & Places,transport-ground
dim_button,0.2222222222222222,0.3333333333333333,0.0,0.1111111111111111,0.2222222222222222,0.1111111111111111,dim_button,5,🔅,dim button,Symbols,av-symbol
milky_way,0.20348837209302326,0.45348837209302323,0.046511627906976744,0.0755813953488372,0.16279069767441862,0.05813953488372093,milky_way,43,🌌,milky way,Travel & Places,sky & weather
hot_beverage,0.10541310541310542,0.4985754985754986,0.09116809116809117,0.11396011396011396,0.1111111111111111,0.07977207977207977,hot_beverage,147,☕,hot beverage,Food & Drink,drink
sheaf_of_rice,0.07731958762886598,0.4639175257731959,0.05154639175257732,0.11855670103092783,0.07216494845360824,0.21649484536082475,sheaf_of_rice,58,🌾,sheaf of rice,Animals & Nature,plant-other
NEW_button,0.0,0.6,0.2,0.0,0.0,0.2,NEW_button,2,🆕,NEW button,Symbols,alphanum
hammer_and_pick,0.25,0.5,0.0,0.0,0.0,0.25,hammer_and_pick,4,⚒️,hammer and pick,Objects,tool
right_anger_bubble,0.1111111111111111,0.2222222222222222,0.2222222222222222,0.1111111111111111,0.3333333333333333,0.0,right_anger_bubble,6,🗯️,right anger bubble,Smileys & Emotion,emotion
green_book,0.0,0.0,0.0,0.3333333333333333,0.0,0.6666666666666666,green_book,2,📗,green book,Objects,book-paper
black_heart,0.13866039952996476,0.40423031727379555,0.10928319623971798,0.13748531139835488,0.1645123384253819,0.045828437132784956,black_heart,572,🖤,black heart,Smileys & Emotion,emotion
folded_hands_dark_skin_tone,0.0967741935483871,0.2903225806451613,0.16129032258064516,0.2903225806451613,0.12903225806451613,0.03225806451612903,folded_hands_dark_skin_tone,18,🙏🏿,folded hands: dark skin tone,People & Body,hands
family_man_boy,0.09090909090909091,0.5454545454545454,0.18181818181818182,0.0,0.09090909090909091,0.09090909090909091,family_man_boy,2,👨‍👦,"family: man, boy",People & Body,family
man_gesturing_OK_light_skin_tone,0.07692307692307693,0.23076923076923078,0.07692307692307693,0.3076923076923077,0.3076923076923077,0.0,man_gesturing_OK_light_skin_tone,10,🙆🏻‍♂️,man gesturing OK: light skin tone,People & Body,person-gesture
last_quarter_moon,0.25,0.2,0.15,0.3,0.1,0.0,last_quarter_moon,4,🌗,last quarter moon,Travel & Places,sky & weather
avocado,0.08823529411764706,0.39705882352941174,0.058823529411764705,0.08823529411764706,0.10294117647058823,0.2647058823529412,avocado,32,🥑,avocado,Food & Drink,food-vegetable
baby,0.1623931623931624,0.41025641025641024,0.08974358974358974,0.14102564102564102,0.13247863247863248,0.0641025641025641,baby,17,👶,baby,People & Body,person
man_frowning,0.0,0.0,1.0,0.0,0.0,0.0,man_frowning,1,🙍‍♂️,man frowning,People & Body,person-gesture
woman_cartwheeling_medium-light_skin_tone,,,,,,,woman_cartwheeling_medium-light_skin_tone,7,🤸🏼‍♀️,woman cartwheeling: medium-light skin tone,People & Body,person-sport
television,0.13804347826086957,0.4097826086956522,0.08043478260869565,0.1608695652173913,0.15869565217391304,0.05217391304347826,television,355,📺,television,Objects,light & video
women_wrestling,0.0,0.0,0.0,0.5,0.0,0.5,women_wrestling,2,🤼‍♀️,women wrestling,People & Body,person-sport
cooking,0.09375,0.375,0.15625,0.09375,0.1875,0.09375,cooking,17,🍳,cooking,Food & Drink,food-prepared
white_circle,0.10638297872340426,0.2553191489361702,0.2127659574468085,0.10638297872340426,0.1702127659574468,0.14893617021276595,white_circle,32,⚪,white circle,Symbols,geometric
woman_health_worker_medium_skin_tone,,,,,,,woman_health_worker_medium_skin_tone,1,👩🏽‍⚕️,woman health worker: medium skin tone,People & Body,person-role
woman_frowning_medium-light_skin_tone,,,,,,,woman_frowning_medium-light_skin_tone,2,🙍🏼‍♀️,woman frowning: medium-light skin tone,People & Body,person-gesture
call_me_hand,0.168141592920354,0.49557522123893805,0.07964601769911504,0.12389380530973451,0.08849557522123894,0.04424778761061947,call_me_hand,78,🤙,call me hand,People & Body,hand-fingers-partial
ten-thirty,,,,,,,ten-thirty,3,🕥,ten-thirty,Travel & Places,time
reverse_button,0.0,0.0,0.0,0.0,0.0,1.0,reverse_button,1,◀️,reverse button,Symbols,av-symbol
woman_gesturing_NO,0.1951219512195122,0.34146341463414637,0.1951219512195122,0.0975609756097561,0.12195121951219512,0.04878048780487805,woman_gesturing_NO,12,🙅‍♀️,woman gesturing NO,People & Body,person-gesture
woman_scientist_medium-dark_skin_tone,,,,,,,woman_scientist_medium-dark_skin_tone,1,👩🏾‍🔬,woman scientist: medium-dark skin tone,People & Body,person-role
woman_bowing_light_skin_tone,0.21428571428571427,0.32142857142857145,0.10714285714285714,0.17857142857142858,0.14285714285714285,0.03571428571428571,woman_bowing_light_skin_tone,18,🙇🏻‍♀️,woman bowing: light skin tone,People & Body,person-gesture
down_arrow,0.30679156908665106,0.3231850117096019,0.08430913348946135,0.117096018735363,0.09601873536299765,0.07259953161592506,down_arrow,132,⬇️,down arrow,Symbols,arrow
sign_of_the_horns_dark_skin_tone,0.2857142857142857,0.42857142857142855,0.0,0.2857142857142857,0.0,0.0,sign_of_the_horns_dark_skin_tone,2,🤘🏿,sign of the horns: dark skin tone,People & Body,hand-fingers-partial
woman_kneeling_medium-light_skin_tone,,,,,,,woman_kneeling_medium-light_skin_tone,2,🧎🏼‍♀️,woman kneeling: medium-light skin tone,People & Body,person-activity
copyright,0.0,0.0,0.0,1.0,0.0,0.0,copyright,1,©️,copyright,Symbols,other-symbol
honeybee,0.1565217391304348,0.4,0.17391304347826086,0.13043478260869565,0.06086956521739131,0.0782608695652174,honeybee,40,🐝,honeybee,Animals & Nature,animal-bug
hand_with_fingers_splayed_medium-light_skin_tone,,,,,,,hand_with_fingers_splayed_medium-light_skin_tone,11,🖐🏼,hand with fingers splayed: medium-light skin tone,People & Body,hand-fingers-open
sad_but_relieved_face,0.18545994065281898,0.3516320474777448,0.1172106824925816,0.1795252225519288,0.09495548961424333,0.0712166172106825,sad_but_relieved_face,375,😥,sad but relieved face,Smileys & Emotion,face-concerned
writing_hand_light_skin_tone,0.12195121951219512,0.2926829268292683,0.17073170731707318,0.3170731707317073,0.04878048780487805,0.04878048780487805,writing_hand_light_skin_tone,31,✍🏻,writing hand: light skin tone,People & Body,hand-prop
night_with_stars,0.14285714285714285,0.2857142857142857,0.047619047619047616,0.38095238095238093,0.047619047619047616,0.09523809523809523,night_with_stars,9,🌃,night with stars,Travel & Places,place-other
ogre,0.2761904761904762,0.4,0.08571428571428572,0.13333333333333333,0.04285714285714286,0.06190476190476191,ogre,100,👹,ogre,Smileys & Emotion,face-costume
left_arrow_curving_right,0.4,0.0,0.0,0.4,0.0,0.2,left_arrow_curving_right,3,↪️,left arrow curving right,Symbols,arrow
confounded_face,0.12972972972972974,0.42702702702702705,0.11351351351351352,0.15675675675675677,0.10270270270270271,0.07027027027027027,confounded_face,90,😖,confounded face,Smileys & Emotion,face-concerned
left-right_arrow,,,,,,,left-right_arrow,2,↔️,left-right arrow,Symbols,arrow
watch,0.24806201550387597,0.386046511627907,0.11007751937984496,0.10387596899224806,0.11937984496124031,0.03255813953488372,watch,9,⌚,watch,Travel & Places,time
cricket_game,0.0,0.0,0.0,0.0,0.0,1.0,cricket_game,1,🏏,cricket game,Activities,sport
man_judge,0.0,0.0,0.0,1.0,0.0,0.0,man_judge,1,👨‍⚖️,man judge,People & Body,person-role
hot_pepper,0.23076923076923078,0.5384615384615384,0.0,0.0,0.07692307692307693,0.15384615384615385,hot_pepper,16,🌶️,hot pepper,Food & Drink,food-vegetable
woman_rowing_boat,0.0,0.0,0.0,0.0,0.0,1.0,woman_rowing_boat,1,🚣‍♀️,woman rowing boat,People & Body,person-sport
firecracker,0.2857142857142857,0.2857142857142857,0.0,0.2857142857142857,0.14285714285714285,0.0,firecracker,9,🧨,firecracker,Activities,event
family_man_woman_girl_boy,0.0963855421686747,0.37349397590361444,0.1927710843373494,0.12048192771084337,0.1566265060240964,0.060240963855421686,family_man_woman_girl_boy,17,👨‍👩‍👧‍👦,"family: man, woman, girl, boy",People & Body,family
Bulgaria,0.0,0.0,0.0,0.5,0.0,0.5,Bulgaria,1,🇧🇬,flag: Bulgaria,Flags,country-flag
woman_in_lotus_position_medium-light_skin_tone,,,,,,,woman_in_lotus_position_medium-light_skin_tone,4,🧘🏼‍♀️,woman in lotus position: medium-light skin tone,People & Body,person-resting
man_supervillain,0.0,0.75,0.0,0.0,0.25,0.0,man_supervillain,2,🦹‍♂️,man supervillain,People & Body,person-fantasy
pensive_face,0.17627118644067796,0.3468057366362451,0.1483702737940026,0.1650586701434159,0.1136897001303781,0.049804432855280314,pensive_face,1875,😔,pensive face,Smileys & Emotion,face-sleepy
woman_playing_water_polo_medium_skin_tone,0.3333333333333333,0.3333333333333333,0.3333333333333333,0.0,0.0,0.0,woman_playing_water_polo_medium_skin_tone,1,🤽🏽‍♀️,woman playing water polo: medium skin tone,People & Body,person-sport
fast-forward_button,,,,,,,fast-forward_button,8,⏩,fast-forward button,Symbols,av-symbol
telescope,0.3333333333333333,0.08333333333333333,0.25,0.16666666666666666,0.08333333333333333,0.08333333333333333,telescope,7,🔭,telescope,Objects,science
tornado,0.1,0.26666666666666666,0.13333333333333333,0.1,0.36666666666666664,0.03333333333333333,tornado,17,🌪️,tornado,Travel & Places,sky & weather
check_box_with_check,0.047619047619047616,0.5714285714285714,0.0,0.19047619047619047,0.09523809523809523,0.09523809523809523,check_box_with_check,16,☑️,check box with check,Symbols,other-symbol
plus,0.27934485896269334,0.3780709736123749,0.07779799818016378,0.10100090991810737,0.10964513193812557,0.054140127388535034,plus,6,➕,plus,Symbols,math
waving_hand_medium-dark_skin_tone,,,,,,,waving_hand_medium-dark_skin_tone,1,👋🏾,waving hand: medium-dark skin tone,People & Body,hand-fingers-open
input_latin_uppercase,0.0,0.0,0.0,0.0,0.0,1.0,input_latin_uppercase,1,🔠,input latin uppercase,Symbols,alphanum
flying_saucer,0.0,0.5238095238095238,0.047619047619047616,0.23809523809523808,0.19047619047619047,0.0,flying_saucer,12,🛸,flying saucer,Travel & Places,transport-air
recycling_symbol,0.19863013698630136,0.3972602739726027,0.0684931506849315,0.1506849315068493,0.14383561643835616,0.0410958904109589,recycling_symbol,41,♻️,recycling symbol,Symbols,other-symbol
woman_bald,,,,,,,woman_bald,1,👩‍🦲,woman: bald,People & Body,person
kiss,0.12408759124087591,0.36496350364963503,0.13138686131386862,0.1386861313868613,0.1678832116788321,0.072992700729927,kiss,19,💏,kiss,People & Body,family
beaming_face_with_smiling_eyes,0.19274740978921043,0.3701321900678814,0.0932475884244373,0.17792068595927116,0.11289746337977849,0.05305466237942122,beaming_face_with_smiling_eyes,2878,😁,beaming face with smiling eyes,Smileys & Emotion,face-smiling
wedding,0.0,0.14285714285714285,0.0,0.42857142857142855,0.2857142857142857,0.14285714285714285,wedding,1,💒,wedding,Travel & Places,place-building
woman_scientist_dark_skin_tone,,,,,,,woman_scientist_dark_skin_tone,1,👩🏿‍🔬,woman scientist: dark skin tone,People & Body,person-role
flexed_biceps_light_skin_tone,0.16143497757847533,0.47757847533632286,0.08744394618834081,0.09641255605381166,0.1210762331838565,0.05605381165919283,flexed_biceps_light_skin_tone,166,💪🏻,flexed biceps: light skin tone,People & Body,body-parts
hole,0.03125,0.3125,0.0,0.25,0.34375,0.0625,hole,10,🕳️,hole,Smileys & Emotion,emotion
herb,0.18907337975361543,0.44349223352972683,0.09159078735940011,0.0856989823245849,0.09266202463845742,0.09748259239421532,herb,554,🌿,herb,Animals & Nature,plant-other
customs,0.0,0.0,0.0,0.0,0.0,1.0,customs,1,🛃,customs,Symbols,transport-sign
woman_golfing,0.0,0.0,0.0,0.0,0.0,1.0,woman_golfing,1,🏌️‍♀️,woman golfing,People & Body,person-sport
woman_health_worker_medium-light_skin_tone,,,,,,,woman_health_worker_medium-light_skin_tone,3,👩🏼‍⚕️,woman health worker: medium-light skin tone,People & Body,person-role
thumbs_down_medium-dark_skin_tone,,,,,,,thumbs_down_medium-dark_skin_tone,11,👎🏾,thumbs down: medium-dark skin tone,People & Body,hand-fingers-closed
left-facing_fist_light_skin_tone,,,,,,,left-facing_fist_light_skin_tone,27,🤛🏻,left-facing fist: light skin tone,People & Body,hand-fingers-closed
person_fencing,0.1,0.5,0.3,0.0,0.0,0.1,person_fencing,8,🤺,person fencing,People & Body,person-sport
bagel,0.0,0.3333333333333333,0.3333333333333333,0.3333333333333333,0.0,0.0,bagel,1,🥯,bagel,Food & Drink,food-prepared
alarm_clock,0.10406091370558376,0.29441624365482233,0.08375634517766498,0.30710659898477155,0.20304568527918782,0.007614213197969543,alarm_clock,155,⏰,alarm clock,Travel & Places,time
envelope,0.21428571428571427,0.14285714285714285,0.0,0.14285714285714285,0.42857142857142855,0.07142857142857142,envelope,6,✉️,envelope,Objects,mail
mechanical_arm,0.06451612903225806,0.43548387096774194,0.06451612903225806,0.3225806451612903,0.08064516129032258,0.03225806451612903,mechanical_arm,27,🦾,mechanical arm,People & Body,body-parts
woman,0.09482758620689655,0.45689655172413796,0.07327586206896551,0.16810344827586207,0.11637931034482758,0.09051724137931035,woman,20,👩,woman,People & Body,person
shopping_cart,0.09328358208955224,0.582089552238806,0.12313432835820895,0.026119402985074626,0.11567164179104478,0.05970149253731343,shopping_cart,85,🛒,shopping cart,Objects,household
wind_chime,0.14285714285714285,0.14285714285714285,0.2857142857142857,0.0,0.14285714285714285,0.2857142857142857,wind_chime,3,🎐,wind chime,Activities,event
croissant,0.10416666666666667,0.375,0.0625,0.125,0.08333333333333333,0.25,croissant,12,🥐,croissant,Food & Drink,food-prepared
poultry_leg,0.1422087745839637,0.4114977307110439,0.0680786686838124,0.14523449319213314,0.19062027231467474,0.04236006051437216,poultry_leg,265,🍗,poultry leg,Food & Drink,food-prepared
birthday_cake,0.09578544061302682,0.6896551724137931,0.09195402298850575,0.03065134099616858,0.06896551724137931,0.022988505747126436,birthday_cake,90,🎂,birthday cake,Food & Drink,food-sweet
tooth,,,,,,,tooth,1,🦷,tooth,People & Body,body-parts
man_mechanic,0.07692307692307693,0.4230769230769231,0.3076923076923077,0.0,0.19230769230769232,0.0,man_mechanic,6,👨‍🔧,man mechanic,People & Body,person-role
smiling_cat_with_heart-eyes,,,,,,,smiling_cat_with_heart-eyes,419,😻,smiling cat with heart-eyes,Smileys & Emotion,cat-face
girl,0.18828451882845187,0.3368200836820084,0.12761506276150628,0.1694560669456067,0.12761506276150628,0.0502092050209205,girl,28,👧,girl,People & Body,person
banana,0.14285714285714285,0.37142857142857144,0.05714285714285714,0.0,0.2,0.22857142857142856,banana,17,🍌,banana,Food & Drink,food-fruit
backhand_index_pointing_right,0.14389397286210162,0.3821394761754497,0.07384032817923636,0.17544966866519407,0.17040075733669927,0.05427579678131903,backhand_index_pointing_right,1191,👉,backhand index pointing right,People & Body,hand-single-finger
fried_shrimp,0.3333333333333333,0.3333333333333333,0.0,0.0,0.0,0.3333333333333333,fried_shrimp,6,🍤,fried shrimp,Food & Drink,food-asian
woman_fairy_dark_skin_tone,,,,,,,woman_fairy_dark_skin_tone,1,🧚🏿‍♀️,woman fairy: dark skin tone,People & Body,person-fantasy
dove,0.21518987341772153,0.27848101265822783,0.20253164556962025,0.1518987341772152,0.08860759493670886,0.06329113924050633,dove,26,🕊️,dove,Animals & Nature,animal-bird
waxing_crescent_moon,0.0,0.3333333333333333,0.0,0.3333333333333333,0.3333333333333333,0.0,waxing_crescent_moon,3,🌒,waxing crescent moon,Travel & Places,sky & weather
nail_polish_medium-light_skin_tone,,,,,,,nail_polish_medium-light_skin_tone,9,💅🏼,nail polish: medium-light skin tone,People & Body,hand-prop
man_cook_medium-light_skin_tone,,,,,,,man_cook_medium-light_skin_tone,15,👨🏼‍🍳,man cook: medium-light skin tone,People & Body,person-role
man_gesturing_OK,0.08333333333333333,0.3333333333333333,0.3333333333333333,0.08333333333333333,0.16666666666666666,0.0,man_gesturing_OK,4,🙆‍♂️,man gesturing OK,People & Body,person-gesture
alien,0.24761904761904763,0.29523809523809524,0.02857142857142857,0.19047619047619047,0.20952380952380953,0.02857142857142857,alien,36,👽,alien,Smileys & Emotion,face-costume
custard,0.0,0.75,0.0,0.0,0.0,0.25,custard,5,🍮,custard,Food & Drink,food-sweet
thought_balloon,0.25,0.3333333333333333,0.0,0.3333333333333333,0.08333333333333333,0.0,thought_balloon,11,💭,thought balloon,Smileys & Emotion,emotion
bomb,0.19387755102040816,0.32653061224489793,0.08928571428571429,0.17091836734693877,0.15306122448979592,0.0663265306122449,bomb,75,💣,bomb,Smileys & Emotion,emotion
weary_cat,0.20754716981132076,0.20754716981132076,0.24528301886792453,0.1509433962264151,0.11320754716981132,0.07547169811320754,weary_cat,34,🙀,weary cat,Smileys & Emotion,cat-face
skier,0.35714285714285715,0.42857142857142855,0.0,0.0,0.07142857142857142,0.14285714285714285,skier,7,⛷️,skier,People & Body,person-sport
woman_construction_worker_medium-light_skin_tone,,,,,,,woman_construction_worker_medium-light_skin_tone,1,👷🏼‍♀️,woman construction worker: medium-light skin tone,People & Body,person-role
raised_hand_dark_skin_tone,0.0,1.0,0.0,0.0,0.0,0.0,raised_hand_dark_skin_tone,1,✋🏿,raised hand: dark skin tone,People & Body,hand-fingers-open
sweat_droplets,0.08878504672897196,0.3364485981308411,0.09813084112149532,0.10747663551401869,0.1588785046728972,0.2102803738317757,sweat_droplets,89,💦,sweat droplets,Smileys & Emotion,emotion
studio_microphone,0.14285714285714285,0.5510204081632653,0.04081632653061224,0.08163265306122448,0.10204081632653061,0.08163265306122448,studio_microphone,18,🎙️,studio microphone,Objects,music
clown_face,0.2236842105263158,0.34210526315789475,0.17105263157894737,0.18421052631578946,0.05263157894736842,0.02631578947368421,clown_face,49,🤡,clown face,Smileys & Emotion,face-costume
spouting_whale,0.15384615384615385,0.23076923076923078,0.0,0.23076923076923078,0.15384615384615385,0.23076923076923078,spouting_whale,4,🐳,spouting whale,Animals & Nature,animal-marine
man_mage,0.11688311688311688,0.5194805194805194,0.025974025974025976,0.15584415584415584,0.16883116883116883,0.012987012987012988,man_mage,20,🧙‍♂️,man mage,People & Body,person-fantasy
om,0.2647058823529412,0.3235294117647059,0.11764705882352941,0.11764705882352941,0.058823529411764705,0.11764705882352941,om,2,🕉️,om,Symbols,religion
grinning_face,0.20321137141352988,0.36167412476967625,0.10344827586206896,0.15819952619110292,0.11134509081337195,0.06212161095025007,grinning_face,2017,😀,grinning face,Smileys & Emotion,face-smiling
page_facing_up,0.0,0.25,0.125,0.375,0.125,0.125,page_facing_up,4,📄,page facing up,Objects,book-paper
globe_showing_Americas,0.12254901960784313,0.47549019607843135,0.08333333333333333,0.08333333333333333,0.17647058823529413,0.058823529411764705,globe_showing_Americas,57,🌎,globe showing Americas,Travel & Places,place-map
oil_drum,0.0,0.0,0.0,0.0,0.0,1.0,oil_drum,1,🛢️,oil drum,Travel & Places,transport-ground
man_singer,0.0,1.0,0.0,0.0,0.0,0.0,man_singer,1,👨‍🎤,man singer,People & Body,person-role
first_quarter_moon,0.25,0.25,0.25,0.125,0.125,0.0,first_quarter_moon,4,🌓,first quarter moon,Travel & Places,sky & weather
sleeping_face,0.3057324840764331,0.3248407643312102,0.05732484076433121,0.16560509554140126,0.09554140127388536,0.050955414012738856,sleeping_face,71,😴,sleeping face,Smileys & Emotion,face-sleepy
person_getting_massage_light_skin_tone,0.25,0.3125,0.25,0.0,0.0625,0.125,person_getting_massage_light_skin_tone,5,💆🏻,person getting massage: light skin tone,People & Body,person-activity
person_frowning_medium-light_skin_tone,,,,,,,person_frowning_medium-light_skin_tone,3,🙍🏼,person frowning: medium-light skin tone,People & Body,person-gesture
nut_and_bolt,0.38461538461538464,0.15384615384615385,0.15384615384615385,0.07692307692307693,0.15384615384615385,0.07692307692307693,nut_and_bolt,5,🔩,nut and bolt,Objects,tool
cloud_with_lightning_and_rain,0.05555555555555555,0.5,0.1111111111111111,0.16666666666666666,0.05555555555555555,0.1111111111111111,cloud_with_lightning_and_rain,10,⛈️,cloud with lightning and rain,Travel & Places,sky & weather
red_triangle_pointed_down,0.1875,0.5625,0.0,0.0,0.21875,0.03125,red_triangle_pointed_down,11,🔻,red triangle pointed down,Symbols,geometric
dagger,0.12,0.48,0.04,0.12,0.16,0.08,dagger,27,🗡️,dagger,Objects,tool
orthodox_cross,0.0,0.0,0.0,0.0,0.0,1.0,orthodox_cross,1,☦️,orthodox cross,Symbols,religion
children_crossing,0.0,0.0,0.0,0.0,0.0,1.0,children_crossing,1,🚸,children crossing,Symbols,warning
monorail,0.0,0.0,0.0,0.0,0.0,1.0,monorail,1,🚝,monorail,Travel & Places,transport-ground
Japanese_open_for_business_button,0.0,0.0,0.0,0.0,0.0,1.0,Japanese_open_for_business_button,1,🈺,Japanese “open for business” button,Symbols,alphanum
man_mountain_biking,0.0,0.0,0.0,0.0,0.0,1.0,man_mountain_biking,2,🚵‍♂️,man mountain biking,People & Body,person-sport
Japanese_vacancy_button,0.0,0.0,0.0,0.0,0.0,1.0,Japanese_vacancy_button,1,🈳,Japanese “vacancy” button,Symbols,alphanum
high-heeled_shoe,,,,,,,high-heeled_shoe,44,👠,high-heeled shoe,Objects,clothing
exclamation_question_mark,0.3010752688172043,0.26881720430107525,0.12544802867383512,0.16487455197132617,0.07526881720430108,0.06451612903225806,exclamation_question_mark,101,⁉️,exclamation question mark,Symbols,punctuation
spade_suit,0.0,0.2857142857142857,0.2857142857142857,0.2857142857142857,0.0,0.14285714285714285,spade_suit,5,♠️,spade suit,Activities,game
electric_plug,0.23076923076923078,0.23076923076923078,0.07692307692307693,0.3076923076923077,0.0,0.15384615384615385,electric_plug,12,🔌,electric plug,Objects,computer
person_with_veil_medium-light_skin_tone,,,,,,,person_with_veil_medium-light_skin_tone,4,👰🏼,person with veil: medium-light skin tone,People & Body,person-role
woman_medium_skin_tone,0.6666666666666666,0.0,0.0,0.0,0.3333333333333333,0.0,woman_medium_skin_tone,3,👩🏽,woman: medium skin tone,People & Body,person
1st_place_medal,0.09770114942528736,0.6551724137931034,0.04597701149425287,0.09770114942528736,0.08045977011494253,0.022988505747126436,1st_place_medal,61,🥇,1st place medal,Activities,award-medal
tear-off_calendar,,,,,,,tear-off_calendar,7,📆,tear-off calendar,Objects,office
woman_dancing_medium-dark_skin_tone,,,,,,,woman_dancing_medium-dark_skin_tone,5,💃🏾,woman dancing: medium-dark skin tone,People & Body,person-activity
person_with_veil_light_skin_tone,0.17647058823529413,0.23529411764705882,0.058823529411764705,0.29411764705882354,0.23529411764705882,0.0,person_with_veil_light_skin_tone,7,👰🏻,person with veil: light skin tone,People & Body,person-role
cloud_with_rain,0.12698412698412698,0.36507936507936506,0.15873015873015872,0.1111111111111111,0.1746031746031746,0.06349206349206349,cloud_with_rain,24,🌧️,cloud with rain,Travel & Places,sky & weather
Ukraine,0.2222222222222222,0.3333333333333333,0.1111111111111111,0.2222222222222222,0.1111111111111111,0.0,Ukraine,3,🇺🇦,flag: Ukraine,Flags,country-flag
candy,0.31851851851851853,0.3962962962962963,0.13703703703703704,0.04814814814814815,0.04814814814814815,0.05185185185185185,candy,56,🍬,candy,Food & Drink,food-sweet
yellow_circle,0.09090909090909091,0.36363636363636365,0.2727272727272727,0.09090909090909091,0.09090909090909091,0.09090909090909091,yellow_circle,4,🟡,yellow circle,Symbols,geometric
slightly_smiling_face,0.048906021646580394,0.28180797661660983,0.029165695888844174,0.23741342426873954,0.3985978438142037,0.004109037765022345,slightly_smiling_face,17906,🙂,slightly smiling face,Smileys & Emotion,face-smiling
yellow_heart,0.14616657473800332,0.4103695532266961,0.15609487038058467,0.10700496414782129,0.10865968008825151,0.07170435741864313,yellow_heart,843,💛,yellow heart,Smileys & Emotion,emotion
woman_in_steamy_room_light_skin_tone,0.3333333333333333,0.6666666666666666,0.0,0.0,0.0,0.0,woman_in_steamy_room_light_skin_tone,1,🧖🏻‍♀️,woman in steamy room: light skin tone,People & Body,person-activity
raising_hands_light_skin_tone,0.0979381443298969,0.5721649484536082,0.11855670103092783,0.09278350515463918,0.07731958762886598,0.041237113402061855,raising_hands_light_skin_tone,77,🙌🏻,raising hands: light skin tone,People & Body,hands
South_Korea,0.29411764705882354,0.29411764705882354,0.0,0.29411764705882354,0.058823529411764705,0.058823529411764705,South_Korea,12,🇰🇷,flag: South Korea,Flags,country-flag
woman_bouncing_ball,0.0,0.4,0.0,0.0,0.2,0.4,woman_bouncing_ball,4,⛹️‍♀️,woman bouncing ball,People & Body,person-sport
backhand_index_pointing_up_medium-light_skin_tone,,,,,,,backhand_index_pointing_up_medium-light_skin_tone,6,👆🏼,backhand index pointing up: medium-light skin tone,People & Body,hand-single-finger
Sudan,0.0,0.5555555555555556,0.1111111111111111,0.0,0.1111111111111111,0.2222222222222222,Sudan,3,🇸🇩,flag: Sudan,Flags,country-flag
woman_running_light_skin_tone,0.15,0.3,0.05,0.25,0.05,0.2,woman_running_light_skin_tone,9,🏃🏻‍♀️,woman running: light skin tone,People & Body,person-activity
play_button,0.19696969696969696,0.3181818181818182,0.08333333333333333,0.22727272727272727,0.12878787878787878,0.045454545454545456,play_button,76,▶️,play button,Symbols,av-symbol
cross_mark_button,0.25,0.0,0.0,0.5,0.0,0.25,cross_mark_button,3,❎,cross mark button,Symbols,other-symbol
sneezing_face,0.1649746192893401,0.4086294416243655,0.13451776649746192,0.13959390862944163,0.11421319796954314,0.03807106598984772,sneezing_face,181,🤧,sneezing face,Smileys & Emotion,face-unwell
detective_medium-light_skin_tone,,,,,,,detective_medium-light_skin_tone,4,🕵🏼,detective: medium-light skin tone,People & Body,person-role
right-facing_fist_medium_skin_tone,,,,,,,right-facing_fist_medium_skin_tone,1,🤜🏽,right-facing fist: medium skin tone,People & Body,hand-fingers-closed
diving_mask,0.3333333333333333,0.3333333333333333,0.0,0.0,0.3333333333333333,0.0,diving_mask,1,🤿,diving mask,Activities,sport
books,0.14473684210526316,0.5043859649122807,0.19298245614035087,0.039473684210526314,0.08771929824561403,0.03070175438596491,books,96,📚,books,Objects,book-paper
leafy_green,0.11428571428571428,0.34285714285714286,0.08571428571428572,0.14285714285714285,0.14285714285714285,0.17142857142857143,leafy_green,23,🥬,leafy green,Food & Drink,food-vegetable
floppy_disk,0.0,0.6666666666666666,0.16666666666666666,0.0,0.0,0.16666666666666666,floppy_disk,5,💾,floppy disk,Objects,computer
flashlight,0.075,0.35,0.075,0.175,0.125,0.2,flashlight,17,🔦,flashlight,Objects,light & video
stuffed_flatbread,0.3076923076923077,0.3076923076923077,0.0,0.0,0.0,0.38461538461538464,stuffed_flatbread,4,🥙,stuffed flatbread,Food & Drink,food-prepared
Egypt,0.0,0.0,0.0,1.0,0.0,0.0,Egypt,1,🇪🇬,flag: Egypt,Flags,country-flag
unamused_face,0.23150684931506849,0.3202054794520548,0.08356164383561644,0.1660958904109589,0.13767123287671232,0.06095890410958904,unamused_face,1422,😒,unamused face,Smileys & Emotion,face-neutral-skeptical
person_mountain_biking,0.0,0.6666666666666666,0.0,0.0,0.0,0.3333333333333333,person_mountain_biking,3,🚵,person mountain biking,People & Body,person-sport
kissing_face,0.07142857142857142,0.47619047619047616,0.047619047619047616,0.19047619047619047,0.14285714285714285,0.07142857142857142,kissing_face,30,😗,kissing face,Smileys & Emotion,face-affection
eye_in_speech_bubble,,,,,,,eye_in_speech_bubble,1,👁️‍🗨️,eye in speech bubble,Smileys & Emotion,emotion
cherries,0.15267175572519084,0.48091603053435117,0.08396946564885496,0.1297709923664122,0.06870229007633588,0.08396946564885496,cherries,56,🍒,cherries,Food & Drink,food-fruit
pinched_fingers_medium-dark_skin_tone,,,,,,,pinched_fingers_medium-dark_skin_tone,1,🤌🏾,pinched fingers: medium-dark skin tone,People & Body,hand-fingers-partial
man_dancing_medium-dark_skin_tone,,,,,,,man_dancing_medium-dark_skin_tone,2,🕺🏾,man dancing: medium-dark skin tone,People & Body,person-activity
roller_coaster,0.0,0.0,0.0,0.5,0.0,0.5,roller_coaster,3,🎢,roller coaster,Travel & Places,place-other
penguin,0.0967741935483871,0.3225806451612903,0.06451612903225806,0.25806451612903225,0.0967741935483871,0.16129032258064516,penguin,28,🐧,penguin,Animals & Nature,animal-bird
burrito,0.0,0.8,0.0,0.0,0.0,0.2,burrito,2,🌯,burrito,Food & Drink,food-prepared
pie,0.2033195020746888,0.42738589211618255,0.07053941908713693,0.13692946058091288,0.14107883817427386,0.02074688796680498,pie,5,🥧,pie,Food & Drink,food-sweet
OK_hand_medium-dark_skin_tone,,,,,,,OK_hand_medium-dark_skin_tone,8,👌🏾,OK hand: medium-dark skin tone,People & Body,hand-fingers-partial
pinched_fingers_medium_skin_tone,0.4,0.0,0.4,0.2,0.0,0.0,pinched_fingers_medium_skin_tone,2,🤌🏽,pinched fingers: medium skin tone,People & Body,hand-fingers-partial
foot,0.2222222222222222,0.16666666666666666,0.1111111111111111,0.2222222222222222,0.16666666666666666,0.1111111111111111,foot,5,🦶,foot,People & Body,body-parts
strawberry,0.1476510067114094,0.4161073825503356,0.06711409395973154,0.12080536912751678,0.1342281879194631,0.11409395973154363,strawberry,64,🍓,strawberry,Food & Drink,food-fruit
family_woman_boy_boy,0.0,0.5,0.5,0.0,0.0,0.0,family_woman_boy_boy,3,👩‍👦‍👦,"family: woman, boy, boy",People & Body,family
man_farmer_light_skin_tone,0.16666666666666666,0.5,0.0,0.16666666666666666,0.16666666666666666,0.0,man_farmer_light_skin_tone,1,👨🏻‍🌾,man farmer: light skin tone,People & Body,person-role
man_pilot,0.0,0.75,0.0,0.0,0.0,0.25,man_pilot,1,👨‍✈️,man pilot,People & Body,person-role
grapes,0.08064516129032258,0.3548387096774194,0.0967741935483871,0.14516129032258066,0.20967741935483872,0.11290322580645161,grapes,38,🍇,grapes,Food & Drink,food-fruit
writing_hand_medium-dark_skin_tone,,,,,,,writing_hand_medium-dark_skin_tone,2,✍🏾,writing hand: medium-dark skin tone,People & Body,hand-prop
Finland,0.0,0.3333333333333333,0.0,0.3333333333333333,0.3333333333333333,0.0,Finland,1,🇫🇮,flag: Finland,Flags,country-flag
sun_with_face,0.10890052356020942,0.5109947643979058,0.07015706806282722,0.08167539267015707,0.13089005235602094,0.09738219895287958,sun_with_face,269,🌞,sun with face,Travel & Places,sky & weather
pile_of_poo,0.1793478260869565,0.266304347826087,0.1793478260869565,0.16304347826086957,0.11413043478260869,0.09782608695652174,pile_of_poo,73,💩,pile of poo,Smileys & Emotion,face-costume
horse_face,0.34615384615384615,0.23076923076923078,0.0,0.23076923076923078,0.07692307692307693,0.11538461538461539,horse_face,26,🐴,horse face,Animals & Nature,animal-mammal
bookmark_tabs,0.16666666666666666,0.3333333333333333,0.5,0.0,0.0,0.0,bookmark_tabs,6,📑,bookmark tabs,Objects,book-paper
France,0.13333333333333333,0.8,0.0,0.0,0.0,0.06666666666666667,France,3,🇫🇷,flag: France,Flags,country-flag
butter,0.07317073170731707,0.34146341463414637,0.0,0.17073170731707318,0.1951219512195122,0.21951219512195122,butter,2,🧈,butter,Food & Drink,food-prepared
snowflake,0.10899653979238755,0.5207612456747405,0.08996539792387544,0.09342560553633218,0.11764705882352941,0.06920415224913495,snowflake,169,❄️,snowflake,Travel & Places,sky & weather
green_salad,0.21875,0.34375,0.09375,0.1875,0.0625,0.09375,green_salad,11,🥗,green salad,Food & Drink,food-prepared
right-facing_fist,,,,,,,right-facing_fist,19,🤜,right-facing fist,People & Body,hand-fingers-closed
female_sign,0.192090395480226,0.3333333333333333,0.12429378531073447,0.062146892655367235,0.1751412429378531,0.11299435028248588,female_sign,10,♀️,female sign,Symbols,gender
down-right_arrow,,,,,,,down-right_arrow,4,↘️,down-right arrow,Symbols,arrow
performing_arts,0.25,0.4642857142857143,0.14285714285714285,0.0,0.10714285714285714,0.03571428571428571,performing_arts,24,🎭,performing arts,Activities,arts & crafts
prince_light_skin_tone,0.08333333333333333,0.5,0.3333333333333333,0.08333333333333333,0.0,0.0,prince_light_skin_tone,4,🤴🏻,prince: light skin tone,People & Body,person-role
unlocked,0.0,0.3333333333333333,0.0,0.0,0.3333333333333333,0.3333333333333333,unlocked,2,🔓,unlocked,Objects,lock
girl_medium_skin_tone,0.3,0.3,0.4,0.0,0.0,0.0,girl_medium_skin_tone,3,👧🏽,girl: medium skin tone,People & Body,person
postbox,0.0,0.0,0.0,0.0,0.0,1.0,postbox,1,📮,postbox,Objects,mail
kiss_man_man,0.0,0.0,0.5,0.0,0.0,0.5,kiss_man_man,2,👨‍❤️‍💋‍👨,"kiss: man, man",People & Body,family
right_arrow_curving_down,0.5,0.06818181818181818,0.0,0.06818181818181818,0.06818181818181818,0.29545454545454547,right_arrow_curving_down,23,⤵️,right arrow curving down,Symbols,arrow
speedboat,0.0,0.5,0.0,0.0,0.0,0.5,speedboat,2,🚤,speedboat,Travel & Places,transport-water
fast_up_button,0.0,0.0,0.0,0.0,0.0,1.0,fast_up_button,1,⏫,fast up button,Symbols,av-symbol
family_man_woman_girl_girl,0.0,0.75,0.25,0.0,0.0,0.0,family_man_woman_girl_girl,1,👨‍👩‍👧‍👧,"family: man, woman, girl, girl",People & Body,family
man_surfing_light_skin_tone,0.3,0.2,0.0,0.0,0.3,0.2,man_surfing_light_skin_tone,1,🏄🏻‍♂️,man surfing: light skin tone,People & Body,person-sport
man_police_officer_medium-light_skin_tone,,,,,,,man_police_officer_medium-light_skin_tone,1,👮🏼‍♂️,man police officer: medium-light skin tone,People & Body,person-role
writing_hand_medium-light_skin_tone,,,,,,,writing_hand_medium-light_skin_tone,16,✍🏼,writing hand: medium-light skin tone,People & Body,hand-prop
Sagittarius,0.0,0.5,0.0,0.0,0.0,0.5,Sagittarius,2,♐,Sagittarius,Symbols,zodiac
woman_singer,0.0,0.0,0.0,1.0,0.0,0.0,woman_singer,1,👩‍🎤,woman singer,People & Body,person-role
shower,0.1111111111111111,0.3684210526315789,0.0935672514619883,0.2046783625730994,0.1111111111111111,0.1111111111111111,shower,40,🚿,shower,Objects,household
woman_bowing_medium-dark_skin_tone,,,,,,,woman_bowing_medium-dark_skin_tone,1,🙇🏾‍♀️,woman bowing: medium-dark skin tone,People & Body,person-gesture
raised_hand,0.19721577726218098,0.25986078886310904,0.05336426914153132,0.2737819025522042,0.14153132250580047,0.07424593967517401,raised_hand,174,✋,raised hand,People & Body,hand-fingers-open
rainbow_flag,0.13636363636363635,0.2727272727272727,0.22727272727272727,0.13636363636363635,0.1590909090909091,0.06818181818181818,rainbow_flag,27,🏳️‍🌈,rainbow flag,Flags,flag
spaghetti,0.0,0.3181818181818182,0.22727272727272727,0.045454545454545456,0.09090909090909091,0.3181818181818182,spaghetti,10,🍝,spaghetti,Food & Drink,food-asian
woman_mechanic_light_skin_tone,0.25,0.0,0.25,0.0,0.25,0.25,woman_mechanic_light_skin_tone,2,👩🏻‍🔧,woman mechanic: light skin tone,People & Body,person-role
battery,0.14516129032258066,0.5,0.04838709677419355,0.11290322580645161,0.0967741935483871,0.0967741935483871,battery,36,🔋,battery,Objects,computer
keycap_10,0.0,0.0,0.0,0.0,0.0,1.0,keycap_10,1,🔟,keycap: 10,Symbols,keycap
woman_facepalming_medium-light_skin_tone,,,,,,,woman_facepalming_medium-light_skin_tone,199,🤦🏼‍♀️,woman facepalming: medium-light skin tone,People & Body,person-gesture
backhand_index_pointing_right_light_skin_tone,0.1737704918032787,0.45377049180327866,0.06754098360655737,0.09245901639344262,0.13442622950819672,0.0780327868852459,backhand_index_pointing_right_light_skin_tone,421,👉🏻,backhand index pointing right: light skin tone,People & Body,hand-single-finger
person_pouting,0.0,1.0,0.0,0.0,0.0,0.0,person_pouting,1,🙎,person pouting,People & Body,person-gesture
girl_medium-dark_skin_tone,,,,,,,girl_medium-dark_skin_tone,2,👧🏾,girl: medium-dark skin tone,People & Body,person
scientist,,,,,,,scientist,1,🧑‍🔬,scientist,People & Body,person-role
llama,,,,,,,llama,1,🦙,llama,Animals & Nature,animal-mammal
woman_running_medium-light_skin_tone,,,,,,,woman_running_medium-light_skin_tone,6,🏃🏼‍♀️,woman running: medium-light skin tone,People & Body,person-activity
moon_viewing_ceremony,0.0,0.0,0.0,0.0,0.0,1.0,moon_viewing_ceremony,1,🎑,moon viewing ceremony,Activities,event
downcast_face_with_sweat,0.2222222222222222,0.29429429429429427,0.12312312312312312,0.14414414414414414,0.12012012012012012,0.0960960960960961,downcast_face_with_sweat,163,😓,downcast face with sweat,Smileys & Emotion,face-concerned
man_technologist,0.2222222222222222,0.37037037037037035,0.037037037037037035,0.09259259259259259,0.2222222222222222,0.05555555555555555,man_technologist,19,👨‍💻,man technologist,People & Body,person-role
woman_teacher_light_skin_tone,0.0,0.5,0.25,0.0,0.25,0.0,woman_teacher_light_skin_tone,2,👩🏻‍🏫,woman teacher: light skin tone,People & Body,person-role
Albania,0.0,0.5,0.0,0.5,0.0,0.0,Albania,1,🇦🇱,flag: Albania,Flags,country-flag
sponge,0.08333333333333333,0.16666666666666666,0.08333333333333333,0.08333333333333333,0.16666666666666666,0.4166666666666667,sponge,3,🧽,sponge,Objects,household
selfie_light_skin_tone,0.42857142857142855,0.30952380952380953,0.023809523809523808,0.11904761904761904,0.09523809523809523,0.023809523809523808,selfie_light_skin_tone,13,🤳🏻,selfie: light skin tone,People & Body,hand-prop
diamond_suit,0.0,0.16666666666666666,0.0,0.16666666666666666,0.3333333333333333,0.3333333333333333,diamond_suit,4,♦️,diamond suit,Activities,game
person_running_light_skin_tone,0.2857142857142857,0.2857142857142857,0.0,0.07142857142857142,0.2857142857142857,0.07142857142857142,person_running_light_skin_tone,4,🏃🏻,person running: light skin tone,People & Body,person-activity
notebook_with_decorative_cover,0.25,0.375,0.375,0.0,0.0,0.0,notebook_with_decorative_cover,5,📔,notebook with decorative cover,Objects,book-paper
Colombia,0.0,0.75,0.25,0.0,0.0,0.0,Colombia,2,🇨🇴,flag: Colombia,Flags,country-flag
lady_beetle,0.0196078431372549,0.5686274509803921,0.0196078431372549,0.09803921568627451,0.0392156862745098,0.2549019607843137,lady_beetle,40,🐞,lady beetle,Animals & Nature,animal-bug
woman_superhero,0.0,0.0,0.0,0.0,1.0,0.0,woman_superhero,1,🦸‍♀️,woman superhero,People & Body,person-fantasy
radio_button,0.27450980392156865,0.17647058823529413,0.17647058823529413,0.27450980392156865,0.0784313725490196,0.0196078431372549,radio_button,28,🔘,radio button,Symbols,geometric
raised_back_of_hand_medium-dark_skin_tone,,,,,,,raised_back_of_hand_medium-dark_skin_tone,1,🤚🏾,raised back of hand: medium-dark skin tone,People & Body,hand-fingers-open
woman_mage,0.14285714285714285,0.2857142857142857,0.0,0.21428571428571427,0.2857142857142857,0.07142857142857142,woman_mage,7,🧙‍♀️,woman mage,People & Body,person-fantasy
Gemini,0.25,0.5,0.0,0.0,0.0,0.25,Gemini,2,♊,Gemini,Symbols,zodiac
male_sign,0.21951219512195122,0.36585365853658536,0.14634146341463414,0.0,0.12195121951219512,0.14634146341463414,male_sign,2,♂️,male sign,Symbols,gender
man_pouting_light_skin_tone,0.2,0.4,0.4,0.0,0.0,0.0,man_pouting_light_skin_tone,4,🙎🏻‍♂️,man pouting: light skin tone,People & Body,person-gesture
ON!_arrow,,,,,,,ON!_arrow,1,🔛,ON! arrow,Symbols,arrow
lotion_bottle,0.0,0.6666666666666666,0.0,0.0,0.2222222222222222,0.1111111111111111,lotion_bottle,20,🧴,lotion bottle,Objects,household
man_student_dark_skin_tone,1.0,0.0,0.0,0.0,0.0,0.0,man_student_dark_skin_tone,1,👨🏿‍🎓,man student: dark skin tone,People & Body,person-role
princess_medium-light_skin_tone,,,,,,,princess_medium-light_skin_tone,10,👸🏼,princess: medium-light skin tone,People & Body,person-role
sun_behind_rain_cloud,0.2,0.4,0.2,0.0,0.0,0.2,sun_behind_rain_cloud,3,🌦️,sun behind rain cloud,Travel & Places,sky & weather
key,0.11267605633802817,0.39906103286384975,0.09859154929577464,0.22535211267605634,0.1267605633802817,0.03755868544600939,key,10,🔑,key,Objects,lock
volcano,0.0625,0.5,0.0625,0.25,0.0625,0.0625,volcano,10,🌋,volcano,Travel & Places,place-geographic
man_shrugging_medium-dark_skin_tone,,,,,,,man_shrugging_medium-dark_skin_tone,3,🤷🏾‍♂️,man shrugging: medium-dark skin tone,People & Body,person-gesture
woman_judge_medium-dark_skin_tone,,,,,,,woman_judge_medium-dark_skin_tone,1,👩🏾‍⚖️,woman judge: medium-dark skin tone,People & Body,person-role
bellhop_bell,0.07692307692307693,0.6666666666666666,0.05128205128205128,0.07692307692307693,0.1282051282051282,0.0,bellhop_bell,11,🛎️,bellhop bell,Travel & Places,hotel
crossed_fingers_medium-light_skin_tone,,,,,,,crossed_fingers_medium-light_skin_tone,4,🤞🏼,crossed fingers: medium-light skin tone,People & Body,hand-fingers-partial
person_gesturing_OK,0.2,0.3333333333333333,0.13333333333333333,0.2,0.06666666666666667,0.06666666666666667,person_gesturing_OK,30,🙆,person gesturing OK,People & Body,person-gesture
Japanese_secret_button,0.0,0.0,0.0,0.0,0.0,1.0,Japanese_secret_button,1,㊙️,Japanese “secret” button,Symbols,alphanum
woman_construction_worker_light_skin_tone,0.0,0.4,0.2,0.0,0.2,0.2,woman_construction_worker_light_skin_tone,2,👷🏻‍♀️,woman construction worker: light skin tone,People & Body,person-role
dotted_six-pointed_star,,,,,,,dotted_six-pointed_star,1,🔯,dotted six-pointed star,Symbols,religion
woman_student_medium-dark_skin_tone,,,,,,,woman_student_medium-dark_skin_tone,1,👩🏾‍🎓,woman student: medium-dark skin tone,People & Body,person-role
people_with_bunny_ears,0.25,0.17857142857142858,0.21428571428571427,0.14285714285714285,0.10714285714285714,0.10714285714285714,people_with_bunny_ears,14,👯,people with bunny ears,People & Body,person-activity
pill,0.1875,0.3541666666666667,0.125,0.14583333333333334,0.14583333333333334,0.041666666666666664,pill,21,💊,pill,Objects,medical
woman_biking_light_skin_tone,0.2,0.4,0.0,0.0,0.4,0.0,woman_biking_light_skin_tone,1,🚴🏻‍♀️,woman biking: light skin tone,People & Body,person-sport
latin_cross,0.0,0.0,0.5,0.5,0.0,0.0,latin_cross,1,✝️,latin cross,Symbols,religion
lab_coat,,,,,,,lab_coat,1,🥼,lab coat,Objects,clothing
bubble_tea,0.0,1.0,0.0,0.0,0.0,0.0,bubble_tea,4,🧋,bubble tea,Food & Drink,drink
speaker_low_volume,0.3333333333333333,0.3333333333333333,0.0,0.0,0.0,0.3333333333333333,speaker_low_volume,3,🔈,speaker low volume,Objects,sound
control_knobs,0.25,0.25,0.25,0.0,0.0,0.25,control_knobs,2,🎛️,control knobs,Objects,music
new_moon,0.16666666666666666,0.08333333333333333,0.16666666666666666,0.25,0.3333333333333333,0.0,new_moon,13,🌑,new moon,Travel & Places,sky & weather
man_running_light_skin_tone,0.0,0.45454545454545453,0.2727272727272727,0.0,0.18181818181818182,0.09090909090909091,man_running_light_skin_tone,5,🏃🏻‍♂️,man running: light skin tone,People & Body,person-activity
money_bag,0.2627118644067797,0.3474576271186441,0.1271186440677966,0.1016949152542373,0.11864406779661017,0.0423728813559322,money_bag,69,💰,money bag,Objects,money
helicopter,0.0,1.0,0.0,0.0,0.0,0.0,helicopter,1,🚁,helicopter,Travel & Places,transport-air
frowning_face,0.16514806378132119,0.3621867881548975,0.12300683371298406,0.1469248291571754,0.15375854214123008,0.0489749430523918,frowning_face,421,☹️,frowning face,Smileys & Emotion,face-concerned
raising_hands_dark_skin_tone,,,,,,,raising_hands_dark_skin_tone,1,🙌🏿,raising hands: dark skin tone,People & Body,hands
woman_dancing,0.1282051282051282,0.40384615384615385,0.10416666666666667,0.11698717948717949,0.18269230769230768,0.0641025641025641,woman_dancing,376,💃,woman dancing,People & Body,person-activity
call_me_hand_medium_skin_tone,0.625,0.25,0.0,0.125,0.0,0.0,call_me_hand_medium_skin_tone,10,🤙🏽,call me hand: medium skin tone,People & Body,hand-fingers-partial
person_with_veil,0.3333333333333333,0.25,0.08333333333333333,0.25,0.08333333333333333,0.0,person_with_veil,6,👰,person with veil,People & Body,person-role
person_dark_skin_tone_bald,0.0,0.3333333333333333,0.3333333333333333,0.3333333333333333,0.0,0.0,person_dark_skin_tone_bald,1,🧑🏿‍🦲,"person: dark skin tone, bald",People & Body,person
hourglass_not_done,0.11382113821138211,0.4634146341463415,0.0975609756097561,0.14634146341463414,0.15447154471544716,0.024390243902439025,hourglass_not_done,66,⏳,hourglass not done,Travel & Places,time
Serbia,,,,,,,Serbia,1,🇷🇸,flag: Serbia,Flags,country-flag
writing_hand,0.18888888888888888,0.3,0.12222222222222222,0.17777777777777778,0.1,0.1111111111111111,writing_hand,96,✍️,writing hand,People & Body,hand-prop
prince_medium-light_skin_tone,,,,,,,prince_medium-light_skin_tone,2,🤴🏼,prince: medium-light skin tone,People & Body,person-role
tram_car,0.0,0.0,0.0,0.0,0.0,1.0,tram_car,1,🚋,tram car,Travel & Places,transport-ground
person_playing_handball,0.6,0.0,0.0,0.2,0.2,0.0,person_playing_handball,2,🤾,person playing handball,People & Body,person-sport
man_swimming,0.0,0.25,0.0,0.0,0.25,0.5,man_swimming,4,🏊‍♂️,man swimming,People & Body,person-sport
OK_hand_medium-light_skin_tone,,,,,,,OK_hand_medium-light_skin_tone,87,👌🏼,OK hand: medium-light skin tone,People & Body,hand-fingers-partial
skull_and_crossbones,0.13095238095238096,0.20238095238095238,0.11904761904761904,0.2857142857142857,0.16666666666666666,0.09523809523809523,skull_and_crossbones,57,☠️,skull and crossbones,Smileys & Emotion,face-negative
Sweden,0.0,0.5,0.0,0.5,0.0,0.0,Sweden,2,🇸🇪,flag: Sweden,Flags,country-flag
women_holding_hands,0.19607843137254902,0.43137254901960786,0.0392156862745098,0.17647058823529413,0.11764705882352941,0.0392156862745098,women_holding_hands,17,👭,women holding hands,People & Body,family
puzzle_piece,0.0,0.46153846153846156,0.15384615384615385,0.23076923076923078,0.15384615384615385,0.0,puzzle_piece,5,🧩,puzzle piece,Activities,game
dizzy,0.10204081632653061,0.3795918367346939,0.07551020408163266,0.18571428571428572,0.15306122448979592,0.10408163265306122,dizzy,258,💫,dizzy,Smileys & Emotion,emotion
turkey,0.16129032258064516,0.3790322580645161,0.11693548387096774,0.06048387096774194,0.23790322580645162,0.04435483870967742,turkey,1,🦃,turkey,Animals & Nature,animal-bird
raised_back_of_hand_light_skin_tone,0.2857142857142857,0.3142857142857143,0.11428571428571428,0.11428571428571428,0.11428571428571428,0.05714285714285714,raised_back_of_hand_light_skin_tone,18,🤚🏻,raised back of hand: light skin tone,People & Body,hand-fingers-open
man_gesturing_OK_medium_skin_tone,,,,,,,man_gesturing_OK_medium_skin_tone,1,🙆🏽‍♂️,man gesturing OK: medium skin tone,People & Body,person-gesture
duck,0.058823529411764705,0.5294117647058824,0.058823529411764705,0.058823529411764705,0.11764705882352941,0.17647058823529413,duck,3,🦆,duck,Animals & Nature,animal-bird
smiling_face_with_halo,0.14833127317676142,0.396168108776267,0.10012360939431397,0.13473423980222496,0.14709517923362175,0.07354758961681088,smiling_face_with_halo,754,😇,smiling face with halo,Smileys & Emotion,face-smiling
fish,0.20903954802259886,0.288135593220339,0.0847457627118644,0.07909604519774012,0.14689265536723164,0.192090395480226,fish,66,🐟,fish,Animals & Nature,animal-marine
pine_decoration,0.0,0.6,0.2,0.0,0.0,0.2,pine_decoration,8,🎍,pine decoration,Activities,event
raised_back_of_hand,0.2037037037037037,0.35185185185185186,0.018518518518518517,0.07407407407407407,0.24074074074074073,0.1111111111111111,raised_back_of_hand,26,🤚,raised back of hand,People & Body,hand-fingers-open
man_dancing_medium_skin_tone,0.0,1.0,0.0,0.0,0.0,0.0,man_dancing_medium_skin_tone,5,🕺🏽,man dancing: medium skin tone,People & Body,person-activity
Argentina,0.0,0.3333333333333333,0.6666666666666666,0.0,0.0,0.0,Argentina,2,🇦🇷,flag: Argentina,Flags,country-flag
red_envelope,0.0,1.0,0.0,0.0,0.0,0.0,red_envelope,1,🧧,red envelope,Activities,event
call_me_hand_dark_skin_tone,0.42857142857142855,0.2857142857142857,0.0,0.2857142857142857,0.0,0.0,call_me_hand_dark_skin_tone,3,🤙🏿,call me hand: dark skin tone,People & Body,hand-fingers-partial
woman_tipping_hand,0.17105263157894737,0.4342105263157895,0.10526315789473684,0.10526315789473684,0.11842105263157894,0.06578947368421052,woman_tipping_hand,26,💁‍♀️,woman tipping hand,People & Body,person-gesture
Cancer,0.0,0.0,0.5,0.0,0.0,0.5,Cancer,2,♋,Cancer,Symbols,zodiac
nesting_dolls,0.5,0.16666666666666666,0.0,0.16666666666666666,0.16666666666666666,0.0,nesting_dolls,1,🪆,nesting dolls,Activities,game
information,0.0,0.0,0.0,0.0,0.0,1.0,information,1,ℹ️,information,Symbols,alphanum
person_taking_bath_light_skin_tone,0.0,0.6,0.0,0.0,0.2,0.2,person_taking_bath_light_skin_tone,2,🛀🏻,person taking bath: light skin tone,People & Body,person-resting
record_button,0.5714285714285714,0.0,0.0,0.2857142857142857,0.0,0.14285714285714285,record_button,3,⏺️,record button,Symbols,av-symbol
woman_tipping_hand_medium-light_skin_tone,,,,,,,woman_tipping_hand_medium-light_skin_tone,66,💁🏼‍♀️,woman tipping hand: medium-light skin tone,People & Body,person-gesture
backhand_index_pointing_right_medium-dark_skin_tone,,,,,,,backhand_index_pointing_right_medium-dark_skin_tone,6,👉🏾,backhand index pointing right: medium-dark skin tone,People & Body,hand-single-finger
woman_gesturing_OK_medium-light_skin_tone,,,,,,,woman_gesturing_OK_medium-light_skin_tone,4,🙆🏼‍♀️,woman gesturing OK: medium-light skin tone,People & Body,person-gesture
poodle,0.0,0.25,0.0,0.25,0.0,0.5,poodle,3,🐩,poodle,Animals & Nature,animal-mammal
bust_in_silhouette,0.3,0.4,0.2,0.1,0.0,0.0,bust_in_silhouette,10,👤,bust in silhouette,People & Body,person-symbol
woman_factory_worker_light_skin_tone,0.5,0.5,0.0,0.0,0.0,0.0,woman_factory_worker_light_skin_tone,1,👩🏻‍🏭,woman factory worker: light skin tone,People & Body,person-role
fortune_cookie,0.0,0.0,0.0,0.0,0.0,1.0,fortune_cookie,1,🥠,fortune cookie,Food & Drink,food-asian
blowfish,0.0,0.25,0.0,0.0,0.0,0.75,blowfish,3,🐡,blowfish,Animals & Nature,animal-marine
sport_utility_vehicle,0.08461538461538462,0.4076923076923077,0.16923076923076924,0.07692307692307693,0.2230769230769231,0.038461538461538464,sport_utility_vehicle,42,🚙,sport utility vehicle,Travel & Places,transport-ground
man_running_medium-light_skin_tone,,,,,,,man_running_medium-light_skin_tone,3,🏃🏼‍♂️,man running: medium-light skin tone,People & Body,person-activity
left-facing_fist_medium_skin_tone,,,,,,,left-facing_fist_medium_skin_tone,1,🤛🏽,left-facing fist: medium skin tone,People & Body,hand-fingers-closed
sparkles,0.10642317380352645,0.45717884130982367,0.09634760705289673,0.11460957178841309,0.1442065491183879,0.08123425692695214,sparkles,651,✨,sparkles,Activities,event
socks,0.0,0.3333333333333333,0.3333333333333333,0.0,0.0,0.3333333333333333,socks,1,🧦,socks,Objects,clothing
woman_police_officer_medium-dark_skin_tone,,,,,,,woman_police_officer_medium-dark_skin_tone,1,👮🏾‍♀️,woman police officer: medium-dark skin tone,People & Body,person-role
motorcycle,0.05555555555555555,0.2222222222222222,0.1111111111111111,0.1111111111111111,0.3888888888888889,0.1111111111111111,motorcycle,19,🏍️,motorcycle,Travel & Places,transport-ground
black_circle,0.14,0.56,0.0,0.08,0.12,0.1,black_circle,26,⚫,black circle,Symbols,geometric
shaved_ice,0.23809523809523808,0.2222222222222222,0.2857142857142857,0.19047619047619047,0.031746031746031744,0.031746031746031744,shaved_ice,31,🍧,shaved ice,Food & Drink,food-sweet
Santa_Claus_light_skin_tone,0.16666666666666666,0.5,0.3333333333333333,0.0,0.0,0.0,Santa_Claus_light_skin_tone,2,🎅🏻,Santa Claus: light skin tone,People & Body,person-fantasy
pig_nose,0.0,0.0,0.0,0.0,0.0,1.0,pig_nose,1,🐽,pig nose,Animals & Nature,animal-mammal
meat_on_bone,0.21428571428571427,0.2857142857142857,0.07142857142857142,0.10714285714285714,0.25,0.07142857142857142,meat_on_bone,14,🍖,meat on bone,Food & Drink,food-prepared
man_raising_hand_dark_skin_tone,0.14285714285714285,0.14285714285714285,0.14285714285714285,0.14285714285714285,0.42857142857142855,0.0,man_raising_hand_dark_skin_tone,3,🙋🏿‍♂️,man raising hand: dark skin tone,People & Body,person-gesture
crying_face,0.1628171147292692,0.3294206739871261,0.15600151457781145,0.16546762589928057,0.12873911397198032,0.05755395683453238,crying_face,1324,😢,crying face,Smileys & Emotion,face-concerned
curly_loop,0.0,0.4,0.2,0.0,0.0,0.4,curly_loop,3,➰,curly loop,Symbols,other-symbol
person_shrugging_light_skin_tone,0.25,0.4166666666666667,0.16666666666666666,0.16666666666666666,0.0,0.0,person_shrugging_light_skin_tone,8,🤷🏻,person shrugging: light skin tone,People & Body,person-gesture
badminton,0.0,0.6666666666666666,0.0,0.0,0.2222222222222222,0.1111111111111111,badminton,1,🏸,badminton,Activities,sport
slightly_frowning_face,0.13953488372093023,0.32558139534883723,0.15762273901808785,0.20155038759689922,0.12403100775193798,0.05167958656330749,slightly_frowning_face,196,🙁,slightly frowning face,Smileys & Emotion,face-concerned
palms_up_together,0.1346153846153846,0.4461538461538462,0.11538461538461539,0.20384615384615384,0.05,0.05,palms_up_together,131,🤲,palms up together,People & Body,hands
koala,0.05,0.25,0.1,0.15,0.2,0.25,koala,3,🐨,koala,Animals & Nature,animal-mammal
victory_hand,0.21731936017650302,0.3524544953116382,0.07060121345835632,0.19194704908990623,0.13237727523441808,0.03530060672917816,victory_hand,727,✌️,victory hand,People & Body,hand-fingers-partial
woman_gesturing_OK_medium_skin_tone,0.0,0.0,0.0,1.0,0.0,0.0,woman_gesturing_OK_medium_skin_tone,1,🙆🏽‍♀️,woman gesturing OK: medium skin tone,People & Body,person-gesture
repeat_button,0.1,0.3,0.1,0.3,0.0,0.2,repeat_button,4,🔁,repeat button,Symbols,av-symbol
person_in_lotus_position_light_skin_tone,0.16666666666666666,0.5,0.0,0.16666666666666666,0.0,0.16666666666666666,person_in_lotus_position_light_skin_tone,1,🧘🏻,person in lotus position: light skin tone,People & Body,person-resting
construction,0.0,0.0,0.0,0.0,0.0,1.0,construction,11,🚧,construction,Travel & Places,transport-ground
expressionless_face,0.21639042357274402,0.31952117863720075,0.08839779005524862,0.20441988950276244,0.10405156537753223,0.06721915285451197,expressionless_face,516,😑,expressionless face,Smileys & Emotion,face-neutral-skeptical
reminder_ribbon,0.0,0.0,0.0,0.0,0.0,1.0,reminder_ribbon,1,🎗️,reminder ribbon,Activities,event
hand_with_fingers_splayed_light_skin_tone,0.3404255319148936,0.40425531914893614,0.06382978723404255,0.1276595744680851,0.06382978723404255,0.0,hand_with_fingers_splayed_light_skin_tone,25,🖐🏻,hand with fingers splayed: light skin tone,People & Body,hand-fingers-open
child,0.16666666666666666,0.5,0.16666666666666666,0.0,0.08333333333333333,0.08333333333333333,child,3,🧒,child,People & Body,person
minibus,0.3333333333333333,0.3333333333333333,0.0,0.0,0.0,0.3333333333333333,minibus,2,🚐,minibus,Travel & Places,transport-ground
folded_hands,0.1672620298382013,0.43202353435595714,0.09287665475940324,0.15402395461231352,0.11010716537087624,0.04370666106324858,folded_hands,2367,🙏,folded hands,People & Body,hands
child_light_skin_tone,0.25,0.40625,0.1875,0.03125,0.0625,0.0625,child_light_skin_tone,7,🧒🏻,child: light skin tone,People & Body,person
bicycle,0.13157894736842105,0.3157894736842105,0.18421052631578946,0.15789473684210525,0.02631578947368421,0.18421052631578946,bicycle,9,🚲,bicycle,Travel & Places,transport-ground
e-mail,,,,,,,e-mail,3,📧,e-mail,Objects,mail
owl,0.08333333333333333,0.4166666666666667,0.041666666666666664,0.041666666666666664,0.125,0.2916666666666667,owl,15,🦉,owl,Animals & Nature,animal-bird
classical_building,0.5,0.125,0.0,0.0,0.125,0.25,classical_building,6,🏛️,classical building,Travel & Places,place-building
man_superhero_light_skin_tone,,,,,,,man_superhero_light_skin_tone,1,🦸🏻‍♂️,man superhero: light skin tone,People & Body,person-fantasy
man_health_worker_medium-light_skin_tone,,,,,,,man_health_worker_medium-light_skin_tone,1,👨🏼‍⚕️,man health worker: medium-light skin tone,People & Body,person-role
sign_of_the_horns,0.18807339449541285,0.42201834862385323,0.07339449541284404,0.1926605504587156,0.05963302752293578,0.06422018348623854,sign_of_the_horns,112,🤘,sign of the horns,People & Body,hand-fingers-partial
running_shoe,0.25943396226415094,0.5235849056603774,0.02358490566037736,0.018867924528301886,0.16981132075471697,0.0047169811320754715,running_shoe,61,👟,running shoe,Objects,clothing
rolling_on_the_floor_laughing,0.20593730537679053,0.3033008096325514,0.10026987751712685,0.1976333817728877,0.11521694000415196,0.07764168569649159,rolling_on_the_floor_laughing,2268,🤣,rolling on the floor laughing,Smileys & Emotion,face-smiling
pen,0.12727272727272726,0.4909090909090909,0.14545454545454545,0.03636363636363636,0.14545454545454545,0.05454545454545454,pen,15,🖊️,pen,Objects,writing
clipboard,0.9210526315789473,0.0,0.05263157894736842,0.0,0.0,0.02631578947368421,clipboard,37,📋,clipboard,Objects,office
trolleybus,0.0,0.0,0.0,0.0,0.0,1.0,trolleybus,1,🚎,trolleybus,Travel & Places,transport-ground
man_biking_light_skin_tone,0.5,0.25,0.0,0.25,0.0,0.0,man_biking_light_skin_tone,3,🚴🏻‍♂️,man biking: light skin tone,People & Body,person-sport
woman_elf_medium_skin_tone,0.0,0.0,0.25,0.0,0.5,0.25,woman_elf_medium_skin_tone,2,🧝🏽‍♀️,woman elf: medium skin tone,People & Body,person-fantasy
shinto_shrine,0.0,0.4,0.0,0.3,0.0,0.3,shinto_shrine,4,⛩️,shinto shrine,Travel & Places,place-religious
pinched_fingers_light_skin_tone,0.19444444444444445,0.3333333333333333,0.16666666666666666,0.19444444444444445,0.1111111111111111,0.0,pinched_fingers_light_skin_tone,17,🤌🏻,pinched fingers: light skin tone,People & Body,hand-fingers-partial
hot_face,0.16049382716049382,0.2962962962962963,0.06172839506172839,0.2962962962962963,0.09876543209876543,0.08641975308641975,hot_face,54,🥵,hot face,Smileys & Emotion,face-unwell
barber_pole,0.0,0.5454545454545454,0.0,0.0,0.18181818181818182,0.2727272727272727,barber_pole,3,💈,barber pole,Travel & Places,place-other
grinning_squinting_face,0.19753086419753085,0.3567901234567901,0.13209876543209875,0.15679012345679014,0.09259259259259259,0.06419753086419754,grinning_squinting_face,434,😆,grinning squinting face,Smileys & Emotion,face-smiling
Scotland,0.3333333333333333,0.6666666666666666,0.0,0.0,0.0,0.0,Scotland,2,🏴󠁧󠁢󠁳󠁣󠁴󠁿,flag: Scotland,Flags,subdivision-flag
money-mouth_face,,,,,,,money-mouth_face,41,🤑,money-mouth face,Smileys & Emotion,face-tongue
american_football,0.0,0.0,0.0,0.0,0.0,1.0,american_football,1,🏈,american football,Activities,sport
service_dog,0.13333333333333333,0.4666666666666667,0.0,0.06666666666666667,0.26666666666666666,0.06666666666666667,service_dog,2,🐕‍🦺,service dog,Animals & Nature,animal-mammal
diamond_with_a_dot,0.0,0.0,0.0,0.0,0.0,1.0,diamond_with_a_dot,1,💠,diamond with a dot,Symbols,geometric
deer,0.1328125,0.5859375,0.0703125,0.078125,0.1015625,0.03125,deer,22,🦌,deer,Animals & Nature,animal-mammal
cityscape_at_dusk,0.15384615384615385,0.46153846153846156,0.0,0.23076923076923078,0.0,0.15384615384615385,cityscape_at_dusk,4,🌆,cityscape at dusk,Travel & Places,place-other
face_with_open_mouth,0.13636363636363635,0.32386363636363635,0.10227272727272728,0.18181818181818182,0.14204545454545456,0.11363636363636363,face_with_open_mouth,104,😮,face with open mouth,Smileys & Emotion,face-concerned
OK_button,0.16666666666666666,0.3333333333333333,0.0,0.0,0.3333333333333333,0.16666666666666666,OK_button,2,🆗,OK button,Symbols,alphanum
man_running,0.24489795918367346,0.30612244897959184,0.16326530612244897,0.14285714285714285,0.14285714285714285,0.0,man_running,41,🏃‍♂️,man running,People & Body,person-activity
woman_facepalming,0.21875,0.31375,0.10375,0.19,0.11,0.06375,woman_facepalming,314,🤦‍♀️,woman facepalming,People & Body,person-gesture
speak-no-evil_monkey,,,,,,,speak-no-evil_monkey,102,🙊,speak-no-evil monkey,Smileys & Emotion,monkey-face
ant,0.14285714285714285,0.3458646616541353,0.05263157894736842,0.09774436090225563,0.08270676691729323,0.2781954887218045,ant,2,🐜,ant,Animals & Nature,animal-bug
man_student_light_skin_tone,0.2222222222222222,0.7777777777777778,0.0,0.0,0.0,0.0,man_student_light_skin_tone,3,👨🏻‍🎓,man student: light skin tone,People & Body,person-role
confetti_ball,0.11434511434511435,0.5176715176715176,0.09355509355509356,0.04781704781704782,0.18295218295218296,0.04365904365904366,confetti_ball,198,🎊,confetti ball,Activities,event
hourglass_done,0.14583333333333334,0.4375,0.08333333333333333,0.14583333333333334,0.08333333333333333,0.10416666666666667,hourglass_done,29,⌛,hourglass done,Travel & Places,time
shortcake,0.08,0.6,0.08,0.04,0.16,0.04,shortcake,17,🍰,shortcake,Food & Drink,food-sweet
framed_picture,0.0,0.4,0.28,0.16,0.04,0.12,framed_picture,10,🖼️,framed picture,Activities,arts & crafts
man_scientist_light_skin_tone,0.0,0.5,0.0,0.5,0.0,0.0,man_scientist_light_skin_tone,2,👨🏻‍🔬,man scientist: light skin tone,People & Body,person-role
couple_with_heart,0.06818181818181818,0.5378787878787878,0.08333333333333333,0.19696969696969696,0.10606060606060606,0.007575757575757576,couple_with_heart,42,💑,couple with heart,People & Body,family
bed,0.13043478260869565,0.37681159420289856,0.14492753623188406,0.2028985507246377,0.043478260869565216,0.10144927536231885,bed,6,🛏️,bed,Objects,household
woman_dark_skin_tone,0.6,0.0,0.2,0.0,0.2,0.0,woman_dark_skin_tone,5,👩🏿,woman: dark skin tone,People & Body,person
woman_scientist_medium-light_skin_tone,,,,,,,woman_scientist_medium-light_skin_tone,7,👩🏼‍🔬,woman scientist: medium-light skin tone,People & Body,person-role
Oman,0.0,0.25,0.0,0.0,0.75,0.0,Oman,2,🇴🇲,flag: Oman,Flags,country-flag
rhinoceros,0.125,0.375,0.0,0.125,0.0,0.375,rhinoceros,2,🦏,rhinoceros,Animals & Nature,animal-mammal
oncoming_fist_light_skin_tone,0.13761467889908258,0.4036697247706422,0.09174311926605505,0.14678899082568808,0.12844036697247707,0.09174311926605505,oncoming_fist_light_skin_tone,143,👊🏻,oncoming fist: light skin tone,People & Body,hand-fingers-closed
woman_light_skin_tone_blond_hair,0.2,0.0,0.6,0.2,0.0,0.0,woman_light_skin_tone_blond_hair,7,👱🏻‍♀️,"woman: light skin tone, blond hair",People & Body,person
snow-capped_mountain,,,,,,,snow-capped_mountain,23,🏔️,snow-capped mountain,Travel & Places,place-geographic
old_woman,0.08333333333333333,0.4166666666666667,0.2222222222222222,0.05555555555555555,0.05555555555555555,0.16666666666666666,old_woman,9,👵,old woman,People & Body,person
clapping_hands_medium_skin_tone,0.011643291876157714,0.6890711828526065,0.0997618417570786,0.004763164858428155,0.09896798094734056,0.09579253770838846,clapping_hands_medium_skin_tone,442,👏🏽,clapping hands: medium skin tone,People & Body,hands
woman_farmer,0.0,0.5,0.0,0.0,0.5,0.0,woman_farmer,1,👩‍🌾,woman farmer,People & Body,person-role
garlic,0.0,0.5,0.5,0.0,0.0,0.0,garlic,3,🧄,garlic,Food & Drink,food-vegetable
pineapple,0.02564102564102564,0.41025641025641024,0.05128205128205128,0.02564102564102564,0.2564102564102564,0.23076923076923078,pineapple,20,🍍,pineapple,Food & Drink,food-fruit
last_quarter_moon_face,0.0,0.30434782608695654,0.08695652173913043,0.21739130434782608,0.17391304347826086,0.21739130434782608,last_quarter_moon_face,12,🌜,last quarter moon face,Travel & Places,sky & weather
woman_getting_haircut,0.0,0.6666666666666666,0.0,0.0,0.3333333333333333,0.0,woman_getting_haircut,1,💇‍♀️,woman getting haircut,People & Body,person-activity
canoe,0.0,1.0,0.0,0.0,0.0,0.0,canoe,1,🛶,canoe,Travel & Places,transport-water
middle_finger_medium-dark_skin_tone,,,,,,,middle_finger_medium-dark_skin_tone,2,🖕🏾,middle finger: medium-dark skin tone,People & Body,hand-single-finger
FREE_button,0.0,0.0,0.0,0.0,0.0,1.0,FREE_button,1,🆓,FREE button,Symbols,alphanum
man_construction_worker,0.0,1.0,0.0,0.0,0.0,0.0,man_construction_worker,3,👷‍♂️,man construction worker,People & Body,person-role
red_square,0.0,0.4,0.0,0.2,0.2,0.2,red_square,1,🟥,red square,Symbols,geometric
lollipop,0.06666666666666667,0.5925925925925926,0.15555555555555556,0.08148148148148149,0.05925925925925926,0.044444444444444446,lollipop,63,🍭,lollipop,Food & Drink,food-sweet
older_person,0.25,0.25,0.25,0.0,0.0,0.25,older_person,4,🧓,older person,People & Body,person
man_gesturing_NO_light_skin_tone,0.42857142857142855,0.14285714285714285,0.2857142857142857,0.14285714285714285,0.0,0.0,man_gesturing_NO_light_skin_tone,5,🙅🏻‍♂️,man gesturing NO: light skin tone,People & Body,person-gesture
nail_polish_medium_skin_tone,0.0,0.75,0.0,0.25,0.0,0.0,nail_polish_medium_skin_tone,3,💅🏽,nail polish: medium skin tone,People & Body,hand-prop
musical_score,0.09259259259259259,0.37037037037037035,0.19444444444444445,0.25,0.08333333333333333,0.009259259259259259,musical_score,50,🎼,musical score,Objects,music
locked_with_key,0.0,0.16666666666666666,0.4166666666666667,0.08333333333333333,0.25,0.08333333333333333,locked_with_key,8,🔐,locked with key,Objects,lock
backhand_index_pointing_down,0.16101780146836972,0.4767172885447048,0.12833148949009354,0.1108317409232626,0.10982600824700794,0.0132756713265614,backhand_index_pointing_down,2775,👇,backhand index pointing down,People & Body,hand-single-finger
men_with_bunny_ears,0.1,0.5,0.1,0.1,0.1,0.1,men_with_bunny_ears,7,👯‍♂️,men with bunny ears,People & Body,person-activity
world_map,0.08196721311475409,0.6229508196721312,0.01639344262295082,0.01639344262295082,0.09836065573770492,0.16393442622950818,world_map,13,🗺️,world map,Travel & Places,place-map
turtle,0.20454545454545456,0.18181818181818182,0.22727272727272727,0.20454545454545456,0.09090909090909091,0.09090909090909091,turtle,28,🐢,turtle,Animals & Nature,animal-reptile
sunrise_over_mountains,0.1,0.43333333333333335,0.0,0.16666666666666666,0.13333333333333333,0.16666666666666666,sunrise_over_mountains,9,🌄,sunrise over mountains,Travel & Places,place-other
motor_scooter,0.13157894736842105,0.5175438596491229,0.02631578947368421,0.043859649122807015,0.06140350877192982,0.21929824561403508,motor_scooter,28,🛵,motor scooter,Travel & Places,transport-ground
speech_balloon,0.19090909090909092,0.19090909090909092,0.08181818181818182,0.06363636363636363,0.35454545454545455,0.11818181818181818,speech_balloon,28,💬,speech balloon,Smileys & Emotion,emotion
yen_banknote,0.2631578947368421,0.2631578947368421,0.0,0.3157894736842105,0.0,0.15789473684210525,yen_banknote,6,💴,yen banknote,Objects,money
woman_juggling_light_skin_tone,,,,,,,woman_juggling_light_skin_tone,1,🤹🏻‍♀️,woman juggling: light skin tone,People & Body,person-sport
wrench,0.21428571428571427,0.2857142857142857,0.03571428571428571,0.25,0.17857142857142858,0.03571428571428571,wrench,12,🔧,wrench,Objects,tool
3rd_place_medal,0.0,0.0,0.0,0.0,0.0,1.0,3rd_place_medal,2,🥉,3rd place medal,Activities,award-medal
pirate_flag,0.26666666666666666,0.2,0.0,0.5333333333333333,0.0,0.0,pirate_flag,9,🏴‍☠️,pirate flag,Flags,flag
drop_of_blood,0.0,0.1111111111111111,0.5555555555555556,0.1111111111111111,0.1111111111111111,0.1111111111111111,drop_of_blood,5,🩸,drop of blood,Objects,medical
boar,0.0,0.0,0.0,0.0,0.0,1.0,boar,3,🐗,boar,Animals & Nature,animal-mammal
boy_light_skin_tone,0.15555555555555556,0.2,0.4222222222222222,0.1111111111111111,0.044444444444444446,0.06666666666666667,boy_light_skin_tone,19,👦🏻,boy: light skin tone,People & Body,person
boy_dark_skin_tone,0.2857142857142857,0.7142857142857143,0.0,0.0,0.0,0.0,boy_dark_skin_tone,8,👦🏿,boy: dark skin tone,People & Body,person
person_raising_hand_light_skin_tone,0.19,0.29,0.1,0.16,0.17,0.09,person_raising_hand_light_skin_tone,27,🙋🏻,person raising hand: light skin tone,People & Body,person-gesture
Japanese_congratulations_button,0.0,0.0,0.0,0.0,0.0,1.0,Japanese_congratulations_button,1,㊗️,Japanese “congratulations” button,Symbols,alphanum
wine_glass,0.23333333333333334,0.3,0.2,0.06666666666666667,0.03333333333333333,0.16666666666666666,wine_glass,27,🍷,wine glass,Food & Drink,drink
man_superhero,,,,,,,man_superhero,1,🦸‍♂️,man superhero,People & Body,person-fantasy
folded_hands_medium_skin_tone,0.2636363636363636,0.3,0.11818181818181818,0.16363636363636364,0.11818181818181818,0.03636363636363636,folded_hands_medium_skin_tone,59,🙏🏽,folded hands: medium skin tone,People & Body,hands
man_tipping_hand_medium-light_skin_tone,,,,,,,man_tipping_hand_medium-light_skin_tone,4,💁🏼‍♂️,man tipping hand: medium-light skin tone,People & Body,person-gesture
musical_note,0.1797752808988764,0.3595505617977528,0.12359550561797752,0.11235955056179775,0.12359550561797752,0.10112359550561797,musical_note,39,🎵,musical note,Objects,music
person_getting_massage,0.36363636363636365,0.0,0.0,0.09090909090909091,0.09090909090909091,0.45454545454545453,person_getting_massage,8,💆,person getting massage,People & Body,person-activity
victory_hand_medium-light_skin_tone,,,,,,,victory_hand_medium-light_skin_tone,74,✌🏼,victory hand: medium-light skin tone,People & Body,hand-fingers-partial
eleven-thirty,,,,,,,eleven-thirty,2,🕦,eleven-thirty,Travel & Places,time
sailboat,0.13636363636363635,0.5303030303030303,0.06060606060606061,0.045454545454545456,0.13636363636363635,0.09090909090909091,sailboat,16,⛵,sailboat,Travel & Places,transport-water
camping,0.0,0.5,0.2,0.1,0.1,0.1,camping,6,🏕️,camping,Travel & Places,place-geographic
snail,0.0,0.0,0.0,0.0,0.0,1.0,snail,1,🐌,snail,Animals & Nature,animal-bug
man_pouting_medium-light_skin_tone,,,,,,,man_pouting_medium-light_skin_tone,2,🙎🏼‍♂️,man pouting: medium-light skin tone,People & Body,person-gesture
fearful_face,0.1984126984126984,0.2222222222222222,0.12698412698412698,0.16666666666666666,0.1746031746031746,0.1111111111111111,fearful_face,66,😨,fearful face,Smileys & Emotion,face-concerned
person_raising_hand_medium-light_skin_tone,,,,,,,person_raising_hand_medium-light_skin_tone,87,🙋🏼,person raising hand: medium-light skin tone,People & Body,person-gesture
woman_bowing_medium_skin_tone,0.1111111111111111,0.7777777777777778,0.0,0.0,0.1111111111111111,0.0,woman_bowing_medium_skin_tone,2,🙇🏽‍♀️,woman bowing: medium skin tone,People & Body,person-gesture
crystal_ball,0.24096385542168675,0.13253012048192772,0.024096385542168676,0.08433734939759036,0.43373493975903615,0.08433734939759036,crystal_ball,33,🔮,crystal ball,Activities,game
middle_finger_light_skin_tone,0.05555555555555555,0.16666666666666666,0.05555555555555555,0.2777777777777778,0.3333333333333333,0.1111111111111111,middle_finger_light_skin_tone,15,🖕🏻,middle finger: light skin tone,People & Body,hand-single-finger
END_arrow,0.25,0.0,0.25,0.0,0.25,0.25,END_arrow,3,🔚,END arrow,Symbols,arrow
moon_cake,0.125,0.375,0.125,0.0,0.0,0.375,moon_cake,1,🥮,moon cake,Food & Drink,food-asian
superhero_light_skin_tone,,,,,,,superhero_light_skin_tone,1,🦸🏻,superhero: light skin tone,People & Body,person-fantasy
monkey_face,0.0,0.8333333333333334,0.0,0.0,0.0,0.16666666666666666,monkey_face,8,🐵,monkey face,Animals & Nature,animal-mammal
old_man_light_skin_tone,0.0,0.6666666666666666,0.2222222222222222,0.0,0.1111111111111111,0.0,old_man_light_skin_tone,3,👴🏻,old man: light skin tone,People & Body,person
bar_chart,0.0,0.625,0.0,0.0,0.125,0.25,bar_chart,7,📊,bar chart,Objects,office
fish_cake_with_swirl,0.0,0.5,0.0,0.0,0.0,0.5,fish_cake_with_swirl,2,🍥,fish cake with swirl,Food & Drink,food-asian
film_projector,0.12063492063492064,0.35555555555555557,0.044444444444444446,0.23809523809523808,0.1492063492063492,0.09206349206349207,film_projector,124,📽️,film projector,Objects,light & video
telephone,0.24285714285714285,0.22857142857142856,0.15714285714285714,0.1,0.21428571428571427,0.05714285714285714,telephone,27,☎️,telephone,Objects,phone
man_light_skin_tone_white_hair,0.2,0.4,0.2,0.2,0.0,0.0,man_light_skin_tone_white_hair,2,👨🏻‍🦳,"man: light skin tone, white hair",People & Body,person
satellite_antenna,0.0,0.4,0.0,0.0,0.4,0.2,satellite_antenna,6,📡,satellite antenna,Objects,science
ninja_light_skin_tone,0.0,0.0,0.0,1.0,0.0,0.0,ninja_light_skin_tone,1,🥷🏻,ninja: light skin tone,People & Body,person-role
man_pouting_medium_skin_tone,,,,,,,man_pouting_medium_skin_tone,2,🙎🏽‍♂️,man pouting: medium skin tone,People & Body,person-gesture
Clipperton_Island,0.3333333333333333,0.6666666666666666,0.0,0.0,0.0,0.0,Clipperton_Island,1,🇨🇵,flag: Clipperton Island,Flags,country-flag
clapping_hands_light_skin_tone,0.2134691332363334,0.3882768655165246,0.08750779463728954,0.10933277904801497,0.12700062357098316,0.07441280399085429,clapping_hands_light_skin_tone,1605,👏🏻,clapping hands: light skin tone,People & Body,hands
mango,0.12,0.38,0.11333333333333333,0.08,0.12,0.18666666666666668,mango,6,🥭,mango,Food & Drink,food-fruit
love-you_gesture_medium-light_skin_tone,,,,,,,love-you_gesture_medium-light_skin_tone,17,🤟🏼,love-you gesture: medium-light skin tone,People & Body,hand-fingers-partial
woman_in_lotus_position,0.3333333333333333,0.3333333333333333,0.05555555555555555,0.05555555555555555,0.16666666666666666,0.05555555555555555,woman_in_lotus_position,6,🧘‍♀️,woman in lotus position,People & Body,person-resting
backhand_index_pointing_down_dark_skin_tone,0.28205128205128205,0.2948717948717949,0.14102564102564102,0.28205128205128205,0.0,0.0,backhand_index_pointing_down_dark_skin_tone,12,👇🏿,backhand index pointing down: dark skin tone,People & Body,hand-single-finger
woman_and_man_holding_hands,0.0759493670886076,0.43037974683544306,0.1518987341772152,0.20253164556962025,0.05063291139240506,0.08860759493670886,woman_and_man_holding_hands,34,👫,woman and man holding hands,People & Body,family
spider,0.07692307692307693,0.4230769230769231,0.038461538461538464,0.21153846153846154,0.11538461538461539,0.1346153846153846,spider,13,🕷️,spider,Animals & Nature,animal-bug
horse_racing,0.1111111111111111,0.4444444444444444,0.1111111111111111,0.0,0.1111111111111111,0.2222222222222222,horse_racing,7,🏇,horse racing,People & Body,person-sport
rabbit_face,0.21052631578947367,0.3157894736842105,0.15789473684210525,0.0,0.05263157894736842,0.2631578947368421,rabbit_face,13,🐰,rabbit face,Animals & Nature,animal-mammal
man_biking,0.15789473684210525,0.5263157894736842,0.0,0.0,0.21052631578947367,0.10526315789473684,man_biking,10,🚴‍♂️,man biking,People & Body,person-sport
person_running_medium-dark_skin_tone,,,,,,,person_running_medium-dark_skin_tone,1,🏃🏾,person running: medium-dark skin tone,People & Body,person-activity
paperclip,0.0,0.3333333333333333,0.0,0.0,0.3333333333333333,0.3333333333333333,paperclip,3,📎,paperclip,Objects,office
musical_notes,0.14487632508833923,0.4734982332155477,0.1625441696113074,0.09540636042402827,0.09540636042402827,0.028268551236749116,musical_notes,133,🎶,musical notes,Objects,music
Virgo,0.0,0.0,0.0,0.5,0.0,0.5,Virgo,2,♍,Virgo,Symbols,zodiac
Christmas_tree,0.07669172932330827,0.5804511278195489,0.07518796992481203,0.11729323308270677,0.10676691729323308,0.04360902255639098,Christmas_tree,158,🎄,Christmas tree,Activities,event
watermelon,0.13541666666666666,0.40625,0.08333333333333333,0.052083333333333336,0.19791666666666666,0.125,watermelon,37,🍉,watermelon,Food & Drink,food-fruit
top_hat,0.35294117647058826,0.29411764705882354,0.0,0.058823529411764705,0.17647058823529413,0.11764705882352941,top_hat,19,🎩,top hat,Objects,clothing
person_gesturing_NO,0.14,0.18,0.18,0.32,0.1,0.08,person_gesturing_NO,27,🙅,person gesturing NO,People & Body,person-gesture
woman_tipping_hand_light_skin_tone,0.13274336283185842,0.3805309734513274,0.08849557522123894,0.1592920353982301,0.13274336283185842,0.10619469026548672,woman_tipping_hand_light_skin_tone,59,💁🏻‍♀️,woman tipping hand: light skin tone,People & Body,person-gesture
sign_of_the_horns_medium_skin_tone,0.0,0.625,0.0,0.125,0.25,0.0,sign_of_the_horns_medium_skin_tone,4,🤘🏽,sign of the horns: medium skin tone,People & Body,hand-fingers-partial
input_numbers,0.5,0.0,0.0,0.0,0.0,0.5,input_numbers,2,🔢,input numbers,Symbols,alphanum
building_construction,0.0,0.0,0.0,0.0,0.0,1.0,building_construction,2,🏗️,building construction,Travel & Places,place-building
cloud,0.2073170731707317,0.36097560975609755,0.0951219512195122,0.08536585365853659,0.16585365853658537,0.08536585365853659,cloud,43,☁️,cloud,Travel & Places,sky & weather
woman_technologist_light_skin_tone,0.2857142857142857,0.2857142857142857,0.21428571428571427,0.0,0.14285714285714285,0.07142857142857142,woman_technologist_light_skin_tone,8,👩🏻‍💻,woman technologist: light skin tone,People & Body,person-role
cocktail_glass,0.0,0.6470588235294118,0.0,0.058823529411764705,0.11764705882352941,0.17647058823529413,cocktail_glass,9,🍸,cocktail glass,Food & Drink,drink
melon,0.21428571428571427,0.21428571428571427,0.21428571428571427,0.14285714285714285,0.0,0.21428571428571427,melon,7,🍈,melon,Food & Drink,food-fruit
person_gesturing_OK_light_skin_tone,0.2765957446808511,0.23404255319148937,0.1702127659574468,0.10638297872340426,0.10638297872340426,0.10638297872340426,person_gesturing_OK_light_skin_tone,6,🙆🏻,person gesturing OK: light skin tone,People & Body,person-gesture
woman_swimming_medium-light_skin_tone,,,,,,,woman_swimming_medium-light_skin_tone,3,🏊🏼‍♀️,woman swimming: medium-light skin tone,People & Body,person-sport
man_vampire,0.18181818181818182,0.36363636363636365,0.0,0.18181818181818182,0.0,0.2727272727272727,man_vampire,7,🧛‍♂️,man vampire,People & Body,person-fantasy
volleyball,0.06349206349206349,0.7619047619047619,0.015873015873015872,0.031746031746031744,0.06349206349206349,0.06349206349206349,volleyball,41,🏐,volleyball,Activities,sport
baby_light_skin_tone,0.11764705882352941,0.4117647058823529,0.058823529411764705,0.11764705882352941,0.11764705882352941,0.17647058823529413,baby_light_skin_tone,9,👶🏻,baby: light skin tone,People & Body,person
satellite,0.034482758620689655,0.5172413793103449,0.10344827586206896,0.1724137931034483,0.13793103448275862,0.034482758620689655,satellite,5,🛰️,satellite,Travel & Places,transport-air
man_zombie,0.0967741935483871,0.3548387096774194,0.22580645161290322,0.0967741935483871,0.12903225806451613,0.0967741935483871,man_zombie,25,🧟‍♂️,man zombie,People & Body,person-fantasy
Japanese_castle,0.0,0.0,0.0,0.5,0.0,0.5,Japanese_castle,2,🏯,Japanese castle,Travel & Places,place-building
no_entry,0.1864406779661017,0.23728813559322035,0.13559322033898305,0.13559322033898305,0.1694915254237288,0.13559322033898305,no_entry,23,⛔,no entry,Symbols,warning
rugby_football,0.0,0.0,0.0,0.0,0.0,1.0,rugby_football,1,🏉,rugby football,Activities,sport
crescent_moon,0.10588235294117647,0.2235294117647059,0.03529411764705882,0.32941176470588235,0.21176470588235294,0.09411764705882353,crescent_moon,39,🌙,crescent moon,Travel & Places,sky & weather
airplane_arrival,,,,,,,airplane_arrival,1,🛬,airplane arrival,Travel & Places,transport-air
hammer,0.10526315789473684,0.631578947368421,0.03508771929824561,0.07017543859649122,0.08771929824561403,0.07017543859649122,hammer,20,🔨,hammer,Objects,tool
woman_student_light_skin_tone,0.2222222222222222,0.6666666666666666,0.1111111111111111,0.0,0.0,0.0,woman_student_light_skin_tone,3,👩🏻‍🎓,woman student: light skin tone,People & Body,person-role
call_me_hand_light_skin_tone,0.1875,0.3875,0.0625,0.1,0.2125,0.05,call_me_hand_light_skin_tone,44,🤙🏻,call me hand: light skin tone,People & Body,hand-fingers-partial
woman_in_lotus_position_light_skin_tone,0.0,0.5,0.0,0.0,0.5,0.0,woman_in_lotus_position_light_skin_tone,4,🧘🏻‍♀️,woman in lotus position: light skin tone,People & Body,person-resting
ear_of_corn,0.2,0.25,0.1,0.05,0.25,0.15,ear_of_corn,9,🌽,ear of corn,Food & Drink,food-vegetable
large_orange_diamond,0.0,0.8571428571428571,0.0,0.0,0.0,0.14285714285714285,large_orange_diamond,7,🔶,large orange diamond,Symbols,geometric
folded_hands_medium-dark_skin_tone,,,,,,,folded_hands_medium-dark_skin_tone,16,🙏🏾,folded hands: medium-dark skin tone,People & Body,hands
one-thirty,,,,,,,one-thirty,1,🕜,one-thirty,Travel & Places,time
whale,0.0,0.3,0.0,0.2,0.4,0.1,whale,2,🐋,whale,Animals & Nature,animal-marine
softball,0.13333333333333333,0.4,0.13333333333333333,0.13333333333333333,0.2,0.0,softball,1,🥎,softball,Activities,sport
man_elf_light_skin_tone,0.0,0.0,0.25,0.0,0.5,0.25,man_elf_light_skin_tone,1,🧝🏻‍♂️,man elf: light skin tone,People & Body,person-fantasy
beer_mug,0.14634146341463414,0.3170731707317073,0.0975609756097561,0.14634146341463414,0.0975609756097561,0.1951219512195122,beer_mug,29,🍺,beer mug,Food & Drink,drink
thumbs_up_medium-light_skin_tone,,,,,,,thumbs_up_medium-light_skin_tone,298,👍🏼,thumbs up: medium-light skin tone,People & Body,hand-fingers-closed
Japanese_not_free_of_charge_button,0.0,0.0,0.0,0.0,0.0,1.0,Japanese_not_free_of_charge_button,1,🈶,Japanese “not free of charge” button,Symbols,alphanum
astonished_face,0.21138211382113822,0.3861788617886179,0.06504065040650407,0.17886178861788618,0.08130081300813008,0.07723577235772358,astonished_face,122,😲,astonished face,Smileys & Emotion,face-concerned
nail_polish_light_skin_tone,0.18777292576419213,0.26200873362445415,0.0611353711790393,0.06986899563318777,0.28820960698689957,0.13100436681222707,nail_polish_light_skin_tone,74,💅🏻,nail polish: light skin tone,People & Body,hand-prop
man_playing_water_polo,0.0,0.0,0.0,0.0,0.0,1.0,man_playing_water_polo,1,🤽‍♂️,man playing water polo,People & Body,person-sport
rainbow,0.15364583333333334,0.4427083333333333,0.10416666666666667,0.10677083333333333,0.1171875,0.07552083333333333,rainbow,155,🌈,rainbow,Travel & Places,sky & weather
blue_heart,0.2813924502976476,0.7082443586413674,0.0026932094515091562,0.002492744023079672,0.00275422066885726,0.002423016917538982,blue_heart,17477,💙,blue heart,Smileys & Emotion,emotion
closed_umbrella,0.19047619047619047,0.3333333333333333,0.09523809523809523,0.0,0.19047619047619047,0.19047619047619047,closed_umbrella,14,🌂,closed umbrella,Travel & Places,sky & weather
ledger,0.1875,0.25,0.1875,0.1875,0.1875,0.0,ledger,7,📒,ledger,Objects,book-paper
clapping_hands_medium-light_skin_tone,,,,,,,clapping_hands_medium-light_skin_tone,568,👏🏼,clapping hands: medium-light skin tone,People & Body,hands
baby_angel_medium-light_skin_tone,,,,,,,baby_angel_medium-light_skin_tone,5,👼🏼,baby angel: medium-light skin tone,People & Body,person-fantasy
man_light_skin_tone_blond_hair,0.0,1.0,0.0,0.0,0.0,0.0,man_light_skin_tone_blond_hair,2,👱🏻‍♂️,"man: light skin tone, blond hair",People & Body,person
memo,0.25,0.4305555555555556,0.125,0.013888888888888888,0.06944444444444445,0.1111111111111111,memo,27,📝,memo,Objects,writing
axe,0.0,0.38095238095238093,0.2857142857142857,0.09523809523809523,0.09523809523809523,0.14285714285714285,axe,2,🪓,axe,Objects,tool
OK_hand_light_skin_tone,0.14204545454545456,0.375,0.07007575757575757,0.22727272727272727,0.10037878787878787,0.08522727272727272,OK_hand_light_skin_tone,319,👌🏻,OK hand: light skin tone,People & Body,hand-fingers-partial
soap,0.10344827586206896,0.3793103448275862,0.034482758620689655,0.10344827586206896,0.06896551724137931,0.3103448275862069,soap,7,🧼,soap,Objects,household
middle_finger_dark_skin_tone,0.4444444444444444,0.05555555555555555,0.0,0.2777777777777778,0.16666666666666666,0.05555555555555555,middle_finger_dark_skin_tone,10,🖕🏿,middle finger: dark skin tone,People & Body,hand-single-finger
rolled-up_newspaper,,,,,,,rolled-up_newspaper,5,🗞️,rolled-up newspaper,Objects,book-paper
winking_face_with_tongue,0.20436817472698907,0.34009360374414976,0.0842433697347894,0.1419656786271451,0.1357254290171607,0.093603744149766,winking_face_with_tongue,361,😜,winking face with tongue,Smileys & Emotion,face-tongue
anxious_face_with_sweat,0.10047846889952153,0.3062200956937799,0.08133971291866028,0.24401913875598086,0.1339712918660287,0.1339712918660287,anxious_face_with_sweat,99,😰,anxious face with sweat,Smileys & Emotion,face-concerned
pretzel,0.16666666666666666,0.16666666666666666,0.16666666666666666,0.0,0.16666666666666666,0.3333333333333333,pretzel,4,🥨,pretzel,Food & Drink,food-prepared
optical_disk,0.0,0.0,0.0,0.0,0.0,1.0,optical_disk,2,💿,optical disk,Objects,computer
waffle,0.24324324324324326,0.21621621621621623,0.13513513513513514,0.13513513513513514,0.16216216216216217,0.10810810810810811,waffle,1,🧇,waffle,Food & Drink,food-prepared
thumbs_down_light_skin_tone,0.23803680981595093,0.25766871165644173,0.1411042944785276,0.13865030674846626,0.1656441717791411,0.05889570552147239,thumbs_down_light_skin_tone,243,👎🏻,thumbs down: light skin tone,People & Body,hand-fingers-closed
face_with_head-bandage,,,,,,,face_with_head-bandage,29,🤕,face with head-bandage,Smileys & Emotion,face-unwell
love-you_gesture_medium_skin_tone,,,,,,,love-you_gesture_medium_skin_tone,3,🤟🏽,love-you gesture: medium skin tone,People & Body,hand-fingers-partial
raised_fist_dark_skin_tone,0.0,0.75,0.0,0.0,0.0,0.25,raised_fist_dark_skin_tone,2,✊🏿,raised fist: dark skin tone,People & Body,hand-fingers-closed
frowning_face_with_open_mouth,0.16417910447761194,0.208955223880597,0.16417910447761194,0.208955223880597,0.16417910447761194,0.08955223880597014,frowning_face_with_open_mouth,27,😦,frowning face with open mouth,Smileys & Emotion,face-concerned
man_shrugging_medium-light_skin_tone,,,,,,,man_shrugging_medium-light_skin_tone,21,🤷🏼‍♂️,man shrugging: medium-light skin tone,People & Body,person-gesture
backhand_index_pointing_right_dark_skin_tone,0.2857142857142857,0.2857142857142857,0.14285714285714285,0.2857142857142857,0.0,0.0,backhand_index_pointing_right_dark_skin_tone,8,👉🏿,backhand index pointing right: dark skin tone,People & Body,hand-single-finger
person_in_suit_levitating,0.0,0.0,0.0,1.0,0.0,0.0,person_in_suit_levitating,2,🕴️,person in suit levitating,People & Body,person-activity
kite,0.0,0.2857142857142857,0.2857142857142857,0.0,0.0,0.42857142857142855,kite,2,🪁,kite,Activities,game
backhand_index_pointing_left,0.19081272084805653,0.3250883392226148,0.13074204946996468,0.21554770318021202,0.0989399293286219,0.038869257950530034,backhand_index_pointing_left,156,👈,backhand index pointing left,People & Body,hand-single-finger
cactus,0.2,0.6,0.0,0.1,0.0,0.1,cactus,11,🌵,cactus,Animals & Nature,plant-other
NG_button,0.0,0.0,0.0,0.0,0.0,1.0,NG_button,1,🆖,NG button,Symbols,alphanum
green_apple,0.13333333333333333,0.4166666666666667,0.2,0.11666666666666667,0.06666666666666667,0.06666666666666667,green_apple,33,🍏,green apple,Food & Drink,food-fruit
outbox_tray,0.0,0.0,0.0,0.0,0.0,1.0,outbox_tray,1,📤,outbox tray,Objects,mail
man_light_skin_tone,0.125,0.3,0.375,0.125,0.0375,0.0375,man_light_skin_tone,22,👨🏻,man: light skin tone,People & Body,person
Scorpio,0.0,0.5,0.0,0.0,0.0,0.5,Scorpio,2,♏,Scorpio,Symbols,zodiac
glass_of_milk,0.1044776119402985,0.3880597014925373,0.11940298507462686,0.029850746268656716,0.13432835820895522,0.22388059701492538,glass_of_milk,22,🥛,glass of milk,Food & Drink,drink
woman_detective_medium_skin_tone,0.2,0.6,0.2,0.0,0.0,0.0,woman_detective_medium_skin_tone,3,🕵🏽‍♀️,woman detective: medium skin tone,People & Body,person-role
man_health_worker_light_skin_tone,0.10526315789473684,0.2631578947368421,0.42105263157894735,0.10526315789473684,0.10526315789473684,0.0,man_health_worker_light_skin_tone,4,👨🏻‍⚕️,man health worker: light skin tone,People & Body,person-role
purse,0.030303030303030304,0.42424242424242425,0.09090909090909091,0.030303030303030304,0.18181818181818182,0.24242424242424243,purse,10,👛,purse,Objects,clothing
tennis,0.25,0.4166666666666667,0.0,0.08333333333333333,0.20833333333333334,0.041666666666666664,tennis,5,🎾,tennis,Activities,sport
relieved_face,0.17402873869079297,0.3954230973922299,0.0808940926024481,0.13145290047897817,0.14795103778605642,0.07025013304949441,relieved_face,872,😌,relieved face,Smileys & Emotion,face-sleepy
woman_light_skin_tone_curly_hair,0.0,1.0,0.0,0.0,0.0,0.0,woman_light_skin_tone_curly_hair,1,👩🏻‍🦱,"woman: light skin tone, curly hair",People & Body,person
smiling_face_with_open_hands,,,,,,,smiling_face_with_open_hands,2237,🤗,hugging face,Smileys & Emotion,face-hand
person_swimming_light_skin_tone,0.0,0.75,0.0,0.0,0.25,0.0,person_swimming_light_skin_tone,1,🏊🏻,person swimming: light skin tone,People & Body,person-sport
keyboard,0.2,0.26666666666666666,0.06666666666666667,0.2,0.2,0.06666666666666667,keyboard,4,⌨️,keyboard,Objects,computer
rose,0.1543859649122807,0.43333333333333335,0.11929824561403508,0.10526315789473684,0.11052631578947368,0.07719298245614035,rose,227,🌹,rose,Animals & Nature,plant-flower
girl_light_skin_tone,0.2608695652173913,0.08695652173913043,0.30434782608695654,0.13043478260869565,0.08695652173913043,0.13043478260869565,girl_light_skin_tone,10,👧🏻,girl: light skin tone,People & Body,person
tropical_fish,0.038461538461538464,0.6538461538461539,0.0,0.11538461538461539,0.15384615384615385,0.038461538461538464,tropical_fish,14,🐠,tropical fish,Animals & Nature,animal-marine
wastebasket,0.17073170731707318,0.34146341463414637,0.14634146341463414,0.0975609756097561,0.04878048780487805,0.1951219512195122,wastebasket,15,🗑️,wastebasket,Objects,office
desktop_computer,0.16,0.4,0.3,0.04,0.06,0.04,desktop_computer,25,🖥️,desktop computer,Objects,computer
man_teacher,0.1,0.4,0.0,0.3,0.1,0.1,man_teacher,4,👨‍🏫,man teacher,People & Body,person-role
index_pointing_up,0.2804878048780488,0.3170731707317073,0.10365853658536585,0.13414634146341464,0.07926829268292683,0.08536585365853659,index_pointing_up,49,☝️,index pointing up,People & Body,hand-single-finger
woman_office_worker_medium-light_skin_tone,,,,,,,woman_office_worker_medium-light_skin_tone,2,👩🏼‍💼,woman office worker: medium-light skin tone,People & Body,person-role
man_health_worker,0.0,0.22929936305732485,0.0,0.2611464968152866,0.5095541401273885,0.0,man_health_worker,44,👨‍⚕️,man health worker,People & Body,person-role
growing_heart,0.116,0.42533333333333334,0.10933333333333334,0.13333333333333333,0.14666666666666667,0.06933333333333333,growing_heart,357,💗,growing heart,Smileys & Emotion,emotion
mantelpiece_clock,0.09090909090909091,0.45454545454545453,0.21212121212121213,0.12121212121212122,0.12121212121212122,0.0,mantelpiece_clock,11,🕰️,mantelpiece clock,Travel & Places,time
microbe,0.19148936170212766,0.3191489361702128,0.1276595744680851,0.10638297872340426,0.23404255319148937,0.02127659574468085,microbe,18,🦠,microbe,Animals & Nature,animal-bug
syringe,0.20454545454545456,0.25,0.25,0.09090909090909091,0.06818181818181818,0.13636363636363635,syringe,24,💉,syringe,Objects,medical
warning,0.140893470790378,0.26804123711340205,0.1958762886597938,0.10309278350515463,0.23024054982817868,0.061855670103092786,warning,70,⚠️,warning,Symbols,warning
right_arrow_curving_left,0.0,0.0,0.0,0.0,0.0,1.0,right_arrow_curving_left,4,↩️,right arrow curving left,Symbols,arrow
man_cartwheeling_medium_skin_tone,0.0,0.0,1.0,0.0,0.0,0.0,man_cartwheeling_medium_skin_tone,1,🤸🏽‍♂️,man cartwheeling: medium skin tone,People & Body,person-sport
radioactive,0.15384615384615385,0.3076923076923077,0.10256410256410256,0.3333333333333333,0.07692307692307693,0.02564102564102564,radioactive,13,☢️,radioactive,Symbols,warning
atom_symbol,0.12903225806451613,0.5161290322580645,0.1935483870967742,0.0,0.0967741935483871,0.06451612903225806,atom_symbol,7,⚛️,atom symbol,Symbols,religion
thumbs_up_dark_skin_tone,0.13333333333333333,0.4666666666666667,0.15555555555555556,0.1111111111111111,0.08888888888888889,0.044444444444444446,thumbs_up_dark_skin_tone,23,👍🏿,thumbs up: dark skin tone,People & Body,hand-fingers-closed
man_dancing,0.1895424836601307,0.3202614379084967,0.13071895424836602,0.08496732026143791,0.1830065359477124,0.0915032679738562,man_dancing,66,🕺,man dancing,People & Body,person-activity
man_wearing_turban_light_skin_tone,0.0,0.5,0.5,0.0,0.0,0.0,man_wearing_turban_light_skin_tone,1,👳🏻‍♂️,man wearing turban: light skin tone,People & Body,person-role
mobile_phone_off,0.0,0.0,0.0,0.0,0.0,1.0,mobile_phone_off,2,📴,mobile phone off,Symbols,av-symbol
flushed_face,0.22266666666666668,0.328,0.08133333333333333,0.168,0.12266666666666666,0.07733333333333334,flushed_face,384,😳,flushed face,Smileys & Emotion,face-concerned
horse,0.15,0.4642857142857143,0.07142857142857142,0.12857142857142856,0.15,0.03571428571428571,horse,49,🐎,horse,Animals & Nature,animal-mammal
jeans,0.09090909090909091,0.7272727272727273,0.0,0.0,0.09090909090909091,0.09090909090909091,jeans,6,👖,jeans,Objects,clothing
woman_in_steamy_room,0.0,0.5714285714285714,0.14285714285714285,0.0,0.07142857142857142,0.21428571428571427,woman_in_steamy_room,6,🧖‍♀️,woman in steamy room,People & Body,person-activity
backhand_index_pointing_left_medium-light_skin_tone,,,,,,,backhand_index_pointing_left_medium-light_skin_tone,20,👈🏼,backhand index pointing left: medium-light skin tone,People & Body,hand-single-finger
man_shrugging_light_skin_tone,0.17346938775510204,0.3112244897959184,0.09183673469387756,0.25,0.1326530612244898,0.04081632653061224,man_shrugging_light_skin_tone,90,🤷🏻‍♂️,man shrugging: light skin tone,People & Body,person-gesture
soccer_ball,0.11470588235294117,0.5367647058823529,0.06911764705882353,0.15,0.09117647058823529,0.03823529411764706,soccer_ball,250,⚽,soccer ball,Activities,sport
bridge_at_night,0.0,0.46153846153846156,0.0,0.0,0.3076923076923077,0.23076923076923078,bridge_at_night,8,🌉,bridge at night,Travel & Places,place-other
video_camera,0.29411764705882354,0.17647058823529413,0.11764705882352941,0.11764705882352941,0.23529411764705882,0.058823529411764705,video_camera,7,📹,video camera,Objects,light & video
person_dark_skin_tone_beard,,,,,,,person_dark_skin_tone_beard,1,🧔🏿,"person: dark skin tone, beard",People & Body,person
police_car_light,0.13675213675213677,0.358974358974359,0.11965811965811966,0.15384615384615385,0.11965811965811966,0.1111111111111111,police_car_light,66,🚨,police car light,Travel & Places,transport-ground
white_medium-small_square,,,,,,,white_medium-small_square,2,◽,white medium-small square,Symbols,geometric
crab,0.0,0.5,0.0,0.25,0.25,0.0,crab,3,🦀,crab,Food & Drink,food-marine
postal_horn,0.0,0.0,0.0,0.0,0.0,1.0,postal_horn,1,📯,postal horn,Objects,sound
open_hands_dark_skin_tone,0.0,0.5,0.5,0.0,0.0,0.0,open_hands_dark_skin_tone,1,👐🏿,open hands: dark skin tone,People & Body,hands
deaf_man_light_skin_tone,,,,,,,deaf_man_light_skin_tone,1,🧏🏻‍♂️,deaf man: light skin tone,People & Body,person-gesture
bottle_with_popping_cork,0.21621621621621623,0.3783783783783784,0.05405405405405406,0.16216216216216217,0.05405405405405406,0.13513513513513514,bottle_with_popping_cork,22,🍾,bottle with popping cork,Food & Drink,drink
person_in_tuxedo,0.5,0.5,0.0,0.0,0.0,0.0,person_in_tuxedo,2,🤵,person in tuxedo,People & Body,person-role
musical_keyboard,0.0392156862745098,0.49019607843137253,0.11764705882352941,0.21568627450980393,0.09803921568627451,0.0392156862745098,musical_keyboard,21,🎹,musical keyboard,Objects,musical-instrument
backhand_index_pointing_up,0.2625,0.4125,0.0125,0.2125,0.075,0.025,backhand_index_pointing_up,32,👆,backhand index pointing up,People & Body,hand-single-finger
cloud_with_snow,0.19607843137254902,0.43137254901960786,0.13725490196078433,0.09803921568627451,0.0196078431372549,0.11764705882352941,cloud_with_snow,13,🌨️,cloud with snow,Travel & Places,sky & weather
baggage_claim,0.1,0.3,0.0,0.3,0.1,0.2,baggage_claim,3,🛄,baggage claim,Symbols,transport-sign
couple_with_heart_woman_woman,0.5,0.5,0.0,0.0,0.0,0.0,couple_with_heart_woman_woman,1,👩‍❤️‍👩,"couple with heart: woman, woman",People & Body,family
umbrella_on_ground,0.15833333333333333,0.49166666666666664,0.08333333333333333,0.06666666666666667,0.08333333333333333,0.11666666666666667,umbrella_on_ground,22,⛱️,umbrella on ground,Travel & Places,sky & weather
robot,0.27325581395348836,0.3085867620751342,0.09302325581395349,0.1131484794275492,0.12790697674418605,0.08407871198568873,robot,48,🤖,robot,Smileys & Emotion,face-costume
megaphone,0.15855855855855855,0.36936936936936937,0.0936936936936937,0.10270270270270271,0.1981981981981982,0.07747747747747748,megaphone,178,📣,megaphone,Objects,sound
bread,0.09090909090909091,0.18181818181818182,0.09090909090909091,0.18181818181818182,0.18181818181818182,0.2727272727272727,bread,5,🍞,bread,Food & Drink,food-prepared
eyes,0.12207912904938928,0.4317578332448221,0.10030536378120021,0.13940520446096655,0.14730483271375464,0.059147636749867234,eyes,705,👀,eyes,People & Body,body-parts
orange_book,0.25,0.0,0.5,0.0,0.0,0.25,orange_book,3,📙,orange book,Objects,book-paper
backhand_index_pointing_up_medium-dark_skin_tone,,,,,,,backhand_index_pointing_up_medium-dark_skin_tone,9,👆🏾,backhand index pointing up: medium-dark skin tone,People & Body,hand-single-finger
person_light_skin_tone_blond_hair,0.25,0.25,0.5,0.0,0.0,0.0,person_light_skin_tone_blond_hair,2,👱🏻,"person: light skin tone, blond hair",People & Body,person
Japanese_service_charge_button,0.0,0.0,0.0,0.0,0.0,1.0,Japanese_service_charge_button,1,🈂️,Japanese “service charge” button,Symbols,alphanum
deaf_person_light_skin_tone,1.0,0.0,0.0,0.0,0.0,0.0,deaf_person_light_skin_tone,1,🧏🏻,deaf person: light skin tone,People & Body,person-gesture
post_office,0.2,0.5,0.1,0.1,0.0,0.1,post_office,4,🏤,post office,Travel & Places,place-building
ship,0.08333333333333333,0.3333333333333333,0.15476190476190477,0.16666666666666666,0.16666666666666666,0.09523809523809523,ship,12,🚢,ship,Travel & Places,transport-water
baby_symbol,0.0,0.0,0.0,0.0,0.0,1.0,baby_symbol,2,🚼,baby symbol,Symbols,transport-sign
circled_M,,,,,,,circled_M,2,Ⓜ️,circled M,Symbols,alphanum
nail_polish_dark_skin_tone,0.2222222222222222,0.3333333333333333,0.1111111111111111,0.0,0.3333333333333333,0.0,nail_polish_dark_skin_tone,1,💅🏿,nail polish: dark skin tone,People & Body,hand-prop
Japanese_reserved_button,0.0,0.0,0.0,0.0,0.0,1.0,Japanese_reserved_button,1,🈯,Japanese “reserved” button,Symbols,alphanum
woman_supervillain,0.2,0.4,0.0,0.0,0.4,0.0,woman_supervillain,2,🦹‍♀️,woman supervillain,People & Body,person-fantasy
man_detective_medium-light_skin_tone,,,,,,,man_detective_medium-light_skin_tone,3,🕵🏼‍♂️,man detective: medium-light skin tone,People & Body,person-role
cityscape,0.1111111111111111,0.1388888888888889,0.2222222222222222,0.027777777777777776,0.3888888888888889,0.1111111111111111,cityscape,11,🏙️,cityscape,Travel & Places,place-other
squinting_face_with_tongue,0.21962616822429906,0.3037383177570093,0.102803738317757,0.205607476635514,0.0514018691588785,0.11682242990654206,squinting_face_with_tongue,139,😝,squinting face with tongue,Smileys & Emotion,face-tongue
face_with_steam_from_nose,0.2828546562228024,0.28807658833768496,0.08268059181897303,0.1392515230635335,0.12967798085291557,0.07745865970409051,face_with_steam_from_nose,440,😤,face with steam from nose,Smileys & Emotion,face-negative
woman_walking_light_skin_tone,0.02857142857142857,0.4,0.02857142857142857,0.3142857142857143,0.05714285714285714,0.17142857142857143,woman_walking_light_skin_tone,12,🚶🏻‍♀️,woman walking: light skin tone,People & Body,person-activity
label,0.2857142857142857,0.38095238095238093,0.19047619047619047,0.047619047619047616,0.047619047619047616,0.047619047619047616,label,1,🏷️,label,Objects,book-paper
smiling_face_with_hearts,0.11829134720700986,0.47973713033953996,0.10478276743336984,0.1343556042351223,0.1153705732018985,0.04746257758305951,smiling_face_with_hearts,1644,🥰,smiling face with hearts,Smileys & Emotion,face-affection
man_shrugging_dark_skin_tone,0.0,0.0,0.0,1.0,0.0,0.0,man_shrugging_dark_skin_tone,2,🤷🏿‍♂️,man shrugging: dark skin tone,People & Body,person-gesture
white_small_square,0.0,0.3333333333333333,0.0,0.0,0.3333333333333333,0.3333333333333333,white_small_square,2,▫️,white small square,Symbols,geometric
fire_extinguisher,0.25,0.5,0.0,0.0,0.0,0.25,fire_extinguisher,1,🧯,fire extinguisher,Objects,household
desert,0.13636363636363635,0.2727272727272727,0.13636363636363635,0.09090909090909091,0.22727272727272727,0.13636363636363635,desert,9,🏜️,desert,Travel & Places,place-geographic
computer_mouse,0.0,0.0,0.5,0.0,0.0,0.5,computer_mouse,2,🖱️,computer mouse,Objects,computer
man_bowing_light_skin_tone,0.0,0.5555555555555556,0.1111111111111111,0.1111111111111111,0.1111111111111111,0.1111111111111111,man_bowing_light_skin_tone,4,🙇🏻‍♂️,man bowing: light skin tone,People & Body,person-gesture
dragon_face,0.0,0.4444444444444444,0.4444444444444444,0.1111111111111111,0.0,0.0,dragon_face,7,🐲,dragon face,Animals & Nature,animal-reptile
right-facing_fist_medium-light_skin_tone,,,,,,,right-facing_fist_medium-light_skin_tone,2,🤜🏼,right-facing fist: medium-light skin tone,People & Body,hand-fingers-closed
anguished_face,0.25,0.3055555555555556,0.0,0.19444444444444445,0.19444444444444445,0.05555555555555555,anguished_face,26,😧,anguished face,Smileys & Emotion,face-concerned
roasted_sweet_potato,0.125,0.25,0.125,0.25,0.0,0.25,roasted_sweet_potato,4,🍠,roasted sweet potato,Food & Drink,food-asian
evergreen_tree,0.06837606837606838,0.4700854700854701,0.05982905982905983,0.10256410256410256,0.13675213675213677,0.1623931623931624,evergreen_tree,39,🌲,evergreen tree,Animals & Nature,plant-other
person_gesturing_NO_medium-light_skin_tone,,,,,,,person_gesturing_NO_medium-light_skin_tone,4,🙅🏼,person gesturing NO: medium-light skin tone,People & Body,person-gesture
cherry_blossom,0.10886075949367088,0.4189873417721519,0.14303797468354432,0.10443037974683544,0.13227848101265824,0.09240506329113925,cherry_blossom,741,🌸,cherry blossom,Animals & Nature,plant-flower
counterclockwise_arrows_button,0.18181818181818182,0.09090909090909091,0.0,0.5454545454545454,0.09090909090909091,0.09090909090909091,counterclockwise_arrows_button,4,🔄,counterclockwise arrows button,Symbols,arrow
eye,0.15137614678899083,0.3577981651376147,0.13302752293577982,0.15137614678899083,0.13302752293577982,0.07339449541284404,eye,93,👁️,eye,People & Body,body-parts
telephone_receiver,0.36470588235294116,0.16470588235294117,0.2,0.011764705882352941,0.24705882352941178,0.011764705882352941,telephone_receiver,44,📞,telephone receiver,Objects,phone
fishing_pole,0.0,0.0,0.0,0.0,0.0,1.0,fishing_pole,1,🎣,fishing pole,Activities,sport
laptop,0.22383252818035426,0.44659151905528716,0.11969940955448202,0.07139023081052066,0.08158883521202362,0.05689747718733226,laptop,45,💻,laptop,Objects,computer
man_walking_light_skin_tone,0.0,0.0,0.0,0.0,0.5,0.5,man_walking_light_skin_tone,9,🚶🏻‍♂️,man walking: light skin tone,People & Body,person-activity
sign_of_the_horns_medium-dark_skin_tone,,,,,,,sign_of_the_horns_medium-dark_skin_tone,4,🤘🏾,sign of the horns: medium-dark skin tone,People & Body,hand-fingers-partial
woman_raising_hand_medium-light_skin_tone,,,,,,,woman_raising_hand_medium-light_skin_tone,53,🙋🏼‍♀️,woman raising hand: medium-light skin tone,People & Body,person-gesture
school,0.1728395061728395,0.3950617283950617,0.07407407407407407,0.16049382716049382,0.14814814814814814,0.04938271604938271,school,9,🏫,school,Travel & Places,place-building
tram,0.0,0.0,0.0,0.0,0.0,1.0,tram,1,🚊,tram,Travel & Places,transport-ground
fork_and_knife,0.18181818181818182,0.5454545454545454,0.09090909090909091,0.045454545454545456,0.0,0.13636363636363635,fork_and_knife,14,🍴,fork and knife,Food & Drink,dishware
man_farmer,0.0,1.0,0.0,0.0,0.0,0.0,man_farmer,1,👨‍🌾,man farmer,People & Body,person-role
Iran,0.0,0.0,0.0,1.0,0.0,0.0,Iran,1,🇮🇷,flag: Iran,Flags,country-flag
coin,0.20833333333333334,0.6666666666666666,0.08333333333333333,0.041666666666666664,0.0,0.0,coin,1,🪙,coin,Objects,money
hamburger,0.17755834829443448,0.32926391382405745,0.13357271095152604,0.07684021543985638,0.18725314183123878,0.0955116696588869,hamburger,545,🍔,hamburger,Food & Drink,food-prepared
man_running_medium-dark_skin_tone,,,,,,,man_running_medium-dark_skin_tone,1,🏃🏾‍♂️,man running: medium-dark skin tone,People & Body,person-activity
keycap_2,0.11904761904761904,0.6904761904761905,0.07142857142857142,0.047619047619047616,0.023809523809523808,0.047619047619047616,keycap_2,16,2️⃣,keycap: 2,Symbols,keycap
woman_raising_hand_light_skin_tone,0.12796208530805686,0.3696682464454976,0.037914691943127965,0.13744075829383887,0.24644549763033174,0.08056872037914692,woman_raising_hand_light_skin_tone,118,🙋🏻‍♀️,woman raising hand: light skin tone,People & Body,person-gesture
sun_behind_cloud,0.36363636363636365,0.18181818181818182,0.0,0.09090909090909091,0.09090909090909091,0.2727272727272727,sun_behind_cloud,5,⛅,sun behind cloud,Travel & Places,sky & weather
bat,0.27592732778198337,0.3152914458743376,0.08516275548826646,0.1461014383043149,0.09046177138531415,0.08705526116578349,bat,13,🦇,bat,Animals & Nature,animal-mammal
pinching_hand_medium_skin_tone,0.0,0.5,0.0,0.5,0.0,0.0,pinching_hand_medium_skin_tone,1,🤏🏽,pinching hand: medium skin tone,People & Body,hand-fingers-partial
boxing_glove,0.0,0.25,0.0,0.0,0.5,0.25,boxing_glove,6,🥊,boxing glove,Activities,sport
clamp,0.0,0.0,0.0,0.0,0.0,1.0,clamp,1,🗜️,clamp,Objects,tool
pencil,0.17142857142857143,0.4142857142857143,0.12857142857142856,0.08571428571428572,0.14285714285714285,0.05714285714285714,pencil,26,✏️,pencil,Objects,writing
pouting_face,0.30384825825278133,0.2877986503738829,0.08608426044136422,0.13943096844792996,0.12383731533831843,0.05900054714572314,pouting_face,3650,😡,pouting face,Smileys & Emotion,face-negative
polar_bear,0.0,0.5,0.0,0.0,0.5,0.0,polar_bear,2,🐻‍❄️,polar bear,Animals & Nature,animal-mammal
man_facepalming_light_skin_tone,0.21414141414141413,0.26262626262626265,0.11313131313131314,0.21616161616161617,0.12727272727272726,0.06666666666666667,man_facepalming_light_skin_tone,184,🤦🏻‍♂️,man facepalming: light skin tone,People & Body,person-gesture
white_square_button,0.0,0.5,0.0,0.0,0.0,0.5,white_square_button,2,🔳,white square button,Symbols,geometric
four-thirty,,,,,,,four-thirty,2,🕟,four-thirty,Travel & Places,time
money_with_wings,0.18548387096774194,0.29838709677419356,0.21774193548387097,0.10483870967741936,0.12903225806451613,0.06451612903225806,money_with_wings,63,💸,money with wings,Objects,money
tangerine,0.10160427807486631,0.37967914438502676,0.0962566844919786,0.11764705882352941,0.19786096256684493,0.10695187165775401,tangerine,83,🍊,tangerine,Food & Drink,food-fruit
princess_light_skin_tone,0.125,0.4166666666666667,0.16666666666666666,0.08333333333333333,0.16666666666666666,0.041666666666666664,princess_light_skin_tone,15,👸🏻,princess: light skin tone,People & Body,person-role
woman_light_skin_tone,0.2127659574468085,0.3191489361702128,0.19148936170212766,0.0851063829787234,0.1276595744680851,0.06382978723404255,woman_light_skin_tone,19,👩🏻,woman: light skin tone,People & Body,person
crocodile,0.2222222222222222,0.3333333333333333,0.0,0.4444444444444444,0.0,0.0,crocodile,3,🐊,crocodile,Animals & Nature,animal-reptile
person_juggling,0.14285714285714285,0.5714285714285714,0.0,0.2857142857142857,0.0,0.0,person_juggling,3,🤹,person juggling,People & Body,person-sport
mobile_phone_with_arrow,0.12727272727272726,0.40606060606060607,0.09090909090909091,0.08484848484848485,0.20606060606060606,0.08484848484848485,mobile_phone_with_arrow,75,📲,mobile phone with arrow,Objects,phone
face_with_tongue,0.1722689075630252,0.40756302521008403,0.09243697478991597,0.17647058823529413,0.11764705882352941,0.03361344537815126,face_with_tongue,127,😛,face with tongue,Smileys & Emotion,face-tongue
man_facepalming_medium_skin_tone,0.23076923076923078,0.2692307692307692,0.057692307692307696,0.2692307692307692,0.019230769230769232,0.15384615384615385,man_facepalming_medium_skin_tone,22,🤦🏽‍♂️,man facepalming: medium skin tone,People & Body,person-gesture
selfie,0.033292978208232446,0.08716707021791767,0.016343825665859565,0.42493946731234866,0.42433414043583534,0.013922518159806295,selfie,28,🤳,selfie,People & Body,hand-prop
shallow_pan_of_food,0.024691358024691357,0.5864197530864198,0.12345679012345678,0.024691358024691357,0.16666666666666666,0.07407407407407407,shallow_pan_of_food,49,🥘,shallow pan of food,Food & Drink,food-prepared
card_index_dividers,0.0,0.9333333333333333,0.0,0.0,0.0,0.06666666666666667,card_index_dividers,5,🗂️,card index dividers,Objects,office
person_wearing_turban_light_skin_tone,0.0,0.0,0.0,1.0,0.0,0.0,person_wearing_turban_light_skin_tone,1,👳🏻,person wearing turban: light skin tone,People & Body,person-role
ram,0.23248407643312102,0.35668789808917195,0.1178343949044586,0.09235668789808917,0.15286624203821655,0.04777070063694268,ram,3,🐏,ram,Animals & Nature,animal-mammal
bow_and_arrow,0.0,0.2727272727272727,0.36363636363636365,0.18181818181818182,0.0,0.18181818181818182,bow_and_arrow,26,🏹,bow and arrow,Objects,tool
black_large_square,0.06666666666666667,0.5333333333333333,0.06666666666666667,0.06666666666666667,0.13333333333333333,0.13333333333333333,black_large_square,10,⬛,black large square,Symbols,geometric
black_medium-small_square,,,,,,,black_medium-small_square,2,◾,black medium-small square,Symbols,geometric
Uganda,,,,,,,Uganda,1,🇺🇬,flag: Uganda,Flags,country-flag
man_getting_massage_light_skin_tone,0.3333333333333333,0.5,0.0,0.16666666666666666,0.0,0.0,man_getting_massage_light_skin_tone,3,💆🏻‍♂️,man getting massage: light skin tone,People & Body,person-activity
foot_light_skin_tone,0.0,0.0,0.0,1.0,0.0,0.0,foot_light_skin_tone,1,🦶🏻,foot: light skin tone,People & Body,body-parts
couch_and_lamp,0.06451612903225806,0.45161290322580644,0.0967741935483871,0.25806451612903225,0.0967741935483871,0.03225806451612903,couch_and_lamp,13,🛋️,couch and lamp,Objects,household
bone,0.17117117117117117,0.40540540540540543,0.07207207207207207,0.16216216216216217,0.0990990990990991,0.09009009009009009,bone,3,🦴,bone,People & Body,body-parts
merman,,,,,,,merman,1,🧜‍♂️,merman,People & Body,person-fantasy
woman_curly_hair,0.0,0.0,0.0,0.0,0.0,1.0,woman_curly_hair,4,👩‍🦱,woman: curly hair,People & Body,person
mosquito,0.0,0.0,0.0,0.0,0.0,1.0,mosquito,1,🦟,mosquito,Animals & Nature,animal-bug
dog,0.07432432432432433,0.2702702702702703,0.14864864864864866,0.1891891891891892,0.07432432432432433,0.24324324324324326,dog,35,🐕,dog,Animals & Nature,animal-mammal
field_hockey,0.0,0.0,0.0,0.0,0.0,1.0,field_hockey,1,🏑,field hockey,Activities,sport
lying_face,0.39285714285714285,0.23214285714285715,0.08928571428571429,0.07142857142857142,0.125,0.08928571428571429,lying_face,23,🤥,lying face,Smileys & Emotion,face-neutral-skeptical
confused_face,0.08650065530799476,0.2965268676277851,0.28473132372214943,0.1526867627785059,0.1628440366972477,0.016710353866317168,confused_face,760,😕,confused face,Smileys & Emotion,face-concerned
person_getting_massage_medium-light_skin_tone,,,,,,,person_getting_massage_medium-light_skin_tone,4,💆🏼,person getting massage: medium-light skin tone,People & Body,person-activity
yellow_square,0.0,0.4,0.0,0.2,0.2,0.2,yellow_square,1,🟨,yellow square,Symbols,geometric
raised_hand_light_skin_tone,0.16296296296296298,0.32592592592592595,0.1259259259259259,0.17777777777777778,0.15555555555555556,0.05185185185185185,raised_hand_light_skin_tone,49,✋🏻,raised hand: light skin tone,People & Body,hand-fingers-open
man_bowing,0.125,0.5,0.0625,0.0625,0.125,0.125,man_bowing,10,🙇‍♂️,man bowing,People & Body,person-gesture
crying_cat,0.14545454545454545,0.43636363636363634,0.16363636363636364,0.06363636363636363,0.1,0.09090909090909091,crying_cat,78,😿,crying cat,Smileys & Emotion,cat-face
deaf_woman,,,,,,,deaf_woman,1,🧏‍♀️,deaf woman,People & Body,person-gesture
man_student_medium-dark_skin_tone,,,,,,,man_student_medium-dark_skin_tone,1,👨🏾‍🎓,man student: medium-dark skin tone,People & Body,person-role
goat,0.0,0.6,0.0,0.3,0.0,0.1,goat,9,🐐,goat,Animals & Nature,animal-mammal
bikini,0.1794871794871795,0.4017094017094017,0.06837606837606838,0.1794871794871795,0.09401709401709402,0.07692307692307693,bikini,7,👙,bikini,Objects,clothing
national_park,0.13043478260869565,0.17391304347826086,0.21739130434782608,0.13043478260869565,0.2608695652173913,0.08695652173913043,national_park,11,🏞️,national park,Travel & Places,place-geographic
old_woman_dark_skin_tone,0.5,0.5,0.0,0.0,0.0,0.0,old_woman_dark_skin_tone,1,👵🏿,old woman: dark skin tone,People & Body,person
man_genie,0.18181818181818182,0.2727272727272727,0.09090909090909091,0.18181818181818182,0.18181818181818182,0.09090909090909091,man_genie,4,🧞‍♂️,man genie,People & Body,person-fantasy
woman_raising_hand_medium_skin_tone,0.2857142857142857,0.35714285714285715,0.0,0.35714285714285715,0.0,0.0,woman_raising_hand_medium_skin_tone,10,🙋🏽‍♀️,woman raising hand: medium skin tone,People & Body,person-gesture
man_detective_light_skin_tone,0.14285714285714285,0.2857142857142857,0.14285714285714285,0.0,0.14285714285714285,0.2857142857142857,man_detective_light_skin_tone,2,🕵🏻‍♂️,man detective: light skin tone,People & Body,person-role
person_tipping_hand_light_skin_tone,0.10526315789473684,0.34210526315789475,0.13157894736842105,0.10526315789473684,0.10526315789473684,0.21052631578947367,person_tipping_hand_light_skin_tone,14,💁🏻,person tipping hand: light skin tone,People & Body,person-gesture
fox,0.21188630490956073,0.42118863049095606,0.05426356589147287,0.19638242894056848,0.06976744186046512,0.046511627906976744,fox,5,🦊,fox,Animals & Nature,animal-mammal
vulcan_salute_light_skin_tone,0.0,0.0,0.0,0.0,0.0,1.0,vulcan_salute_light_skin_tone,4,🖖🏻,vulcan salute: light skin tone,People & Body,hand-fingers-open
mountain_railway,0.0,0.0,0.0,0.0,0.0,1.0,mountain_railway,1,🚞,mountain railway,Travel & Places,transport-ground
flower_playing_cards,0.0,0.0,0.0,0.0,0.0,1.0,flower_playing_cards,1,🎴,flower playing cards,Activities,game
boy,0.21413276231263384,0.2982869379014989,0.12698072805139185,0.1259100642398287,0.14817987152034262,0.08650963597430407,boy,15,👦,boy,People & Body,person
