idx,anger,happy,sad,fear,surprise,disgust,emoticon,cnt,emoji,name,group,sub_group
boy_medium-dark_skin_tone,,,,,,,boy_medium-dark_skin_tone,2,👦🏾,boy: medium-dark skin tone,People & Body,person
crayon,0.059857788491049516,0.41900451943734657,0.0,0.059857788491049516,0.17957336547314853,0.059857788491049516,crayon,6,🖍️,crayon,Objects,writing
Jamaica,0.0,0.0,0.0,0.0,0.0,0.0,Jamaica,1,🇯🇲,flag: Jamaica,Flags,country-flag
double_curly_loop,0.0,0.0,0.0,0.0,0.0,0.0,double_curly_loop,1,➿,double curly loop,Symbols,other-symbol
man_dark_skin_tone,0.3010299956639812,0.0,0.0,0.0,0.0,0.0,man_dark_skin_tone,2,👨🏿,man: dark skin tone,People & Body,person
bank,0.3365972056944279,0.35346540279073185,0.0923917159138464,0.08357424924986935,0.1368624173495567,0.07629025504919267,bank,12,🏦,bank,Travel & Places,place-building
non-potable_water,,,,,,,non-potable_water,2,🚱,non-potable water,Symbols,warning
Tokyo_tower,0.0,0.0,0.09542425094393249,0.0,0.28627275283179743,0.09542425094393249,Tokyo_tower,3,🗼,Tokyo tower,Travel & Places,place-building
Netherlands,0.03344777729599791,0.2341344410719854,0.0,0.0,0.0,0.03344777729599791,Netherlands,2,🇳🇱,flag: Netherlands,Flags,country-flag
hamster,0.059640156839957804,0.059640156839957804,0.0,0.23856062735983122,0.059640156839957804,0.059640156839957804,hamster,3,🐹,hamster,Animals & Nature,animal-mammal
nine-thirty,,,,,,,nine-thirty,1,🕤,nine-thirty,Travel & Places,time
dollar_banknote,0.4002955327084731,0.5203841925210151,0.24017731962508387,0.26019209626050754,0.20014776635423656,0.06004432990627097,dollar_banknote,48,💵,dollar banknote,Objects,money
vampire_medium-light_skin_tone,,,,,,,vampire_medium-light_skin_tone,1,🧛🏼,vampire: medium-light skin tone,People & Body,person-fantasy
Japanese_discount_button,0.0,0.0,0.0,0.0,0.0,0.0,Japanese_discount_button,1,🈹,Japanese “discount” button,Symbols,alphanum
eight-pointed_star,,,,,,,eight-pointed_star,3,✴️,eight-pointed star,Symbols,other-symbol
smiling_face,0.6124738039421257,1.3901695248824408,0.3035472428571388,0.3750153278842626,0.3942271786980056,0.16983276119348778,smiling_face,1759,☺️,smiling face,Smileys & Emotion,face-affection
woman_cartwheeling_light_skin_tone,0.1461432686803233,0.2922865373606466,0.1461432686803233,0.21921490302048496,0.40189398887088906,0.07307163434016165,woman_cartwheeling_light_skin_tone,19,🤸🏻‍♀️,woman cartwheeling: light skin tone,People & Body,person-sport
raised_fist_light_skin_tone,0.3333333333333333,0.3333333333333333,0.13333333333333333,0.2,0.0,0.0,raised_fist_light_skin_tone,10,✊🏻,raised fist: light skin tone,People & Body,hand-fingers-closed
man_playing_handball_light_skin_tone,0.0,0.0,0.0,0.0,0.0,0.0,man_playing_handball_light_skin_tone,1,🤾🏻‍♂️,man playing handball: light skin tone,People & Body,person-sport
transgender_symbol,0.09542425094393249,0.23856062735983122,0.047712125471966245,0.09542425094393249,0.0,0.0,transgender_symbol,3,⚧️,transgender symbol,Symbols,gender
clapping_hands_medium-dark_skin_tone,,,,,,,clapping_hands_medium-dark_skin_tone,20,👏🏾,clapping hands: medium-dark skin tone,People & Body,hands
wheelchair_symbol,0.09389978222380631,0.14084967333570947,0.14084967333570947,0.2347494555595158,0.09389978222380631,0.14084967333570947,wheelchair_symbol,7,♿,wheelchair symbol,Symbols,transport-sign
next_track_button,0.0,0.0,0.0,0.0,0.0,0.0,next_track_button,1,⏭️,next track button,Symbols,av-symbol
man_medium_skin_tone,0.35784094103974684,0.0,0.11928031367991561,0.0,0.0,0.0,man_medium_skin_tone,3,👨🏽,man: medium skin tone,People & Body,person
hospital,0.15563025007672873,0.15563025007672873,0.07781512503836437,0.07781512503836437,0.23344537511509308,0.07781512503836437,hospital,6,🏥,hospital,Travel & Places,place-building
Japanese_post_office,0.0,0.0,0.0,0.0,0.0,0.0,Japanese_post_office,1,🏣,Japanese post office,Travel & Places,place-building
parachute,0.0,0.0,0.0,0.0,0.0,0.0,parachute,1,🪂,parachute,Travel & Places,transport-air
woman_scientist_medium_skin_tone,,,,,,,woman_scientist_medium_skin_tone,1,👩🏽‍🔬,woman scientist: medium skin tone,People & Body,person-role
tired_face,0.3411893231773558,0.8228683676630345,0.2759619525699201,0.4315041440184206,0.26592697247646846,0.11540227107469386,tired_face,179,😫,tired face,Smileys & Emotion,face-concerned
euro_banknote,0.26825865850551955,0.26825865850551955,0.024387150773229047,0.09754860309291619,1.048647483248849,0.04877430154645809,euro_banknote,57,💶,euro banknote,Objects,money
person_tipping_hand,0.2034183530359876,0.4407397649113064,0.2712244707146501,0.13561223535732506,0.2034183530359876,0.06780611767866253,person_tipping_hand,21,💁,person tipping hand,People & Body,person-gesture
station,0.08388945137928132,0.19399435631458803,0.05243090711205082,0.02621545355602541,0.10486181422410164,0.015729272133615246,station,3,🚉,station,Travel & Places,transport-ground
angry_face_with_horns,0.5108340573836959,0.33315264611980167,0.08884070563194711,0.399783175343762,0.24431194048785454,0.15547123485590744,angry_face_with_horns,54,👿,angry face with horns,Smileys & Emotion,face-negative
woman_office_worker,0.30730837818700246,0.15365418909350123,0.025609031515583542,0.025609031515583542,0.20487225212466834,0.1280451575779177,woman_office_worker,7,👩‍💼,woman office worker,People & Body,person-role
women_with_bunny_ears,0.284068894063671,0.6036463998853009,0.07101722351591774,0.1420344470318355,0.284068894063671,0.10652583527387662,women_with_bunny_ears,31,👯‍♀️,women with bunny ears,People & Body,person-activity
tulip,0.20214890014748524,0.819235016387177,0.20214890014748524,0.1489518211613049,0.21278831594472128,0.2659853949309016,tulip,71,🌷,tulip,Animals & Nature,plant-flower
woman_bowing,0.2678591167543491,0.497452645400934,0.07653117621552831,0.11479676432329247,0.07653117621552831,0.2678591167543491,woman_bowing,20,🙇‍♀️,woman bowing,People & Body,person-gesture
round_pushpin,0.2589908188157334,0.7769724564472001,0.2158256823464445,0.19424311411180004,0.19424311411180004,0.10791284117322225,round_pushpin,56,📍,round pushpin,Objects,office
smiling_face_with_heart-eyes,,,,,,,smiling_face_with_heart-eyes,7446,😍,smiling face with heart-eyes,Smileys & Emotion,face-affection
t-shirt,,,,,,,t-shirt,3,👕,t-shirt,Objects,clothing
woman_playing_handball_medium-light_skin_tone,,,,,,,woman_playing_handball_medium-light_skin_tone,3,🤾🏼‍♀️,woman playing handball: medium-light skin tone,People & Body,person-sport
seedling,0.2416110511314991,0.8647132356285232,0.1462382677901179,0.2161783089071308,0.23525286557540703,0.2098201233510387,seedling,82,🌱,seedling,Animals & Nature,plant-other
person_with_veil_medium_skin_tone,0.0,0.0,0.3010299956639812,0.0,0.0,0.0,person_with_veil_medium_skin_tone,2,👰🏽,person with veil: medium skin tone,People & Body,person-role
pouting_cat,0.3125803733667921,0.2604836444723268,0.052096728894465365,0.20838691557786146,0.10419345778893073,0.20838691557786146,pouting_cat,14,😾,pouting cat,Smileys & Emotion,cat-face
person_frowning,0.28169934667141894,0.14084967333570947,0.28169934667141894,0.0,0.14084967333570947,0.0,person_frowning,7,🙍,person frowning,People & Body,person-gesture
person_running_medium-light_skin_tone,,,,,,,person_running_medium-light_skin_tone,3,🏃🏼,person running: medium-light skin tone,People & Body,person-activity
thumbs_down_dark_skin_tone,0.2797002354244829,0.6865369414964582,0.0,0.17799105890648914,0.17799105890648914,0.0,thumbs_down_dark_skin_tone,21,👎🏿,thumbs down: dark skin tone,People & Body,hand-fingers-closed
test_tube,0.19230769230769232,0.5769230769230769,0.0,0.038461538461538464,0.07692307692307693,0.11538461538461539,test_tube,10,🧪,test tube,Objects,science
magnifying_glass_tilted_left,0.25239573801879506,0.549331900393848,0.22270212178128973,0.2078553136625371,0.2078553136625371,0.10392765683126855,magnifying_glass_tilted_left,35,🔍,magnifying glass tilted left,Objects,light & video
teddy_bear,0.15740705889689516,0.4722211766906855,0.2203698824556532,0.28333270601441124,0.1259256471175161,0.06296282355875805,teddy_bear,21,🧸,teddy bear,Activities,game
raising_hands_medium_skin_tone,0.1997057155245768,0.2995585732868652,0.0,0.0,0.1997057155245768,0.0,raising_hands_medium_skin_tone,5,🙌🏽,raising hands: medium skin tone,People & Body,hands
person_blond_hair,0.16130077023138897,0.32260154046277795,0.16130077023138897,0.0,0.05376692341046299,0.0,person_blond_hair,5,👱,person: blond hair,People & Body,person
oncoming_bus,0.0,0.11928031367991561,0.0,0.0,0.0,0.35784094103974684,oncoming_bus,3,🚍,oncoming bus,Travel & Places,transport-ground
man_raising_hand_medium_skin_tone,0.19084850188786498,0.28627275283179743,0.047712125471966245,0.19084850188786498,0.19084850188786498,0.047712125471966245,man_raising_hand_medium_skin_tone,9,🙋🏽‍♂️,man raising hand: medium skin tone,People & Body,person-gesture
Malta,0.0,0.0,0.0,0.0,0.0,0.0,Malta,1,🇲🇹,flag: Malta,Flags,country-flag
cow,0.0,0.17474250108400471,0.34948500216800943,0.0,0.0,0.17474250108400471,cow,5,🐄,cow,Animals & Nature,animal-mammal
ice_hockey,0.0,0.13632035849133212,0.06816017924566606,0.06816017924566606,0.06816017924566606,0.13632035849133212,ice_hockey,3,🏒,ice hockey,Activities,sport
man_cartwheeling,0.0,0.6808823440856882,0.0,0.0,0.0,0.09726890629795545,man_cartwheeling,6,🤸‍♂️,man cartwheeling,People & Body,person-sport
chopsticks,0.06816017924566606,0.20448053773699817,0.0,0.0,0.06816017924566606,0.13632035849133212,chopsticks,3,🥢,chopsticks,Food & Drink,dishware
stopwatch,0.0,0.6808823440856882,0.09726890629795545,0.0,0.0,0.0,stopwatch,6,⏱️,stopwatch,Travel & Places,time
Norway,0.0,0.3010299956639812,0.0,0.0,0.0,0.0,Norway,2,🇳🇴,flag: Norway,Flags,country-flag
mosque,0.0,0.0,0.0,0.0,0.0,0.3010299956639812,mosque,2,🕌,mosque,Travel & Places,place-religious
taco,0.0,0.0,0.0,0.0,0.0,0.0,taco,1,🌮,taco,Food & Drink,food-prepared
selfie_medium-light_skin_tone,,,,,,,selfie_medium-light_skin_tone,11,🤳🏼,selfie: medium-light skin tone,People & Body,hand-prop
hedgehog,0.31126050015345746,0.15563025007672873,0.0,0.0,0.0,0.31126050015345746,hedgehog,6,🦔,hedgehog,Animals & Nature,animal-mammal
cheese_wedge,0.10034333188799373,0.4348211048479728,0.03344777729599791,0.13379110918399165,0.3010299956639812,0.20068666377598746,cheese_wedge,16,🧀,cheese wedge,Food & Drink,food-prepared
woman_scientist_light_skin_tone,0.1505149978319906,0.0,0.0,0.0,0.1505149978319906,0.0,woman_scientist_light_skin_tone,2,👩🏻‍🔬,woman scientist: light skin tone,People & Body,person-role
person_facepalming_light_skin_tone,0.3717172007605096,0.24781146717367308,0.12390573358683654,0.12390573358683654,0.12390573358683654,0.15488216698354568,person_facepalming_light_skin_tone,14,🤦🏻,person facepalming: light skin tone,People & Body,person-gesture
tanabata_tree,0.1056372550017821,0.4225490200071284,0.1056372550017821,0.1056372550017821,0.0,0.1056372550017821,tanabata_tree,7,🎋,tanabata tree,Activities,event
broken_heart,0.4550043805141308,0.8645083229768485,0.4591407839733501,0.38468552170740145,0.2440478040939429,0.12409210377658113,broken_heart,340,💔,broken heart,Smileys & Emotion,emotion
woman_surfing_medium-light_skin_tone,,,,,,,woman_surfing_medium-light_skin_tone,1,🏄🏼‍♀️,woman surfing: medium-light skin tone,People & Body,person-sport
worried_face,0.3678697871304128,0.7074418983277171,0.38484839269027804,0.3622102519437911,0.299955364890952,0.07357395742608257,worried_face,157,😟,worried face,Smileys & Emotion,face-concerned
Belgium,0.08027466551039499,0.4415106603071724,0.0,0.0,0.04013733275519749,0.04013733275519749,Belgium,4,🇧🇪,flag: Belgium,Flags,country-flag
toilet,0.0,0.0,0.0,0.0,0.0,0.0,toilet,1,🚽,toilet,Objects,household
man_police_officer_light_skin_tone,0.1997057155245768,0.2995585732868652,0.0,0.0998528577622884,0.0998528577622884,0.0,man_police_officer_light_skin_tone,5,👮🏻‍♂️,man police officer: light skin tone,People & Body,person-role
martial_arts_uniform,0.04863445314897773,0.09726890629795545,0.29180671889386633,0.29180671889386633,0.0,0.04863445314897773,martial_arts_uniform,6,🥋,martial arts uniform,Activities,sport
Denmark,0.0,0.3010299956639812,0.0,0.0,0.0,0.0,Denmark,2,🇩🇰,flag: Denmark,Flags,country-flag
waning_gibbous_moon,,,,,,,waning_gibbous_moon,1,🌖,waning gibbous moon,Travel & Places,sky & weather
Croatia,0.0,0.1505149978319906,0.0,0.050171665943996864,0.10034333188799373,0.0,Croatia,2,🇭🇷,flag: Croatia,Flags,country-flag
input_latin_lowercase,0.0,0.0,0.0,0.0,0.0,0.3010299956639812,input_latin_lowercase,2,🔡,input latin lowercase,Symbols,alphanum
no_one_under_eighteen,0.13887131180919374,0.32403306088811873,0.37032349815785,0.23145218634865625,0.0925808745394625,0.185161749078925,no_one_under_eighteen,22,🔞,no one under eighteen,Symbols,warning
cat_with_tears_of_joy,0.34861117380010037,0.5478175588287291,0.19920638502862878,0.19920638502862878,0.19920638502862878,0.1494047887714716,cat_with_tears_of_joy,44,😹,cat with tears of joy,Smileys & Emotion,cat-face
see-no-evil_monkey,,,,,,,see-no-evil_monkey,681,🙈,see-no-evil monkey,Smileys & Emotion,monkey-face
person_running,0.2690055280401534,0.7942067970709291,0.11528808344578002,0.15371744459437336,0.21776637984202893,0.2561957409906223,person_running,64,🏃,person running,People & Body,person-activity
mountain,0.17468701539224654,0.33349339302156156,0.031761275525863004,0.12704510210345202,0.04764191328879451,0.06352255105172601,mountain,6,⛰️,mountain,Travel & Places,place-geographic
backhand_index_pointing_right_medium_skin_tone,0.2485582470630167,0.2485582470630167,0.09942329882520669,0.22370242235671503,0.024855824706301672,0.0,backhand_index_pointing_right_medium_skin_tone,7,👉🏽,backhand index pointing right: medium skin tone,People & Body,hand-single-finger
woman_getting_massage_light_skin_tone,0.2970049120568247,0.21214636575487483,0.2545756389058498,0.16971709260389983,0.16971709260389983,0.1272878194529249,woman_getting_massage_light_skin_tone,17,💆🏻‍♀️,woman getting massage: light skin tone,People & Body,person-activity
stadium,0.27129374562630193,1.8891549877919125,0.00396049263688032,0.00594073895532048,0.00792098527376064,0.26733325298942157,stadium,279,🏟️,stadium,Travel & Places,place-building
man_dancing_dark_skin_tone,0.0,0.0,0.0,0.0,0.0,0.0,man_dancing_dark_skin_tone,1,🕺🏿,man dancing: dark skin tone,People & Body,person-activity
fleur-de-lis,,,,,,,fleur-de-lis,1,⚜️,fleur-de-lis,Symbols,other-symbol
racing_car,0.13098606122037004,0.7204233367120353,0.09823954591527755,0.06549303061018502,0.06549303061018502,0.06549303061018502,racing_car,14,🏎️,racing car,Travel & Places,transport-ground
man_light_skin_tone_bald,,,,,,,man_light_skin_tone_bald,1,👨🏻‍🦲,"man: light skin tone, bald",People & Body,person
eagle,0.47255390337694175,1.2275841624037873,0.2534367303027174,0.3009561172344769,0.25079676436206405,0.1795176839644248,eagle,484,🦅,eagle,Animals & Nature,animal-bird
backhand_index_pointing_left_medium_skin_tone,0.2383609856450468,0.2600301661582329,0.10834590256593035,0.2166918051318607,0.02166918051318607,0.0,backhand_index_pointing_left_medium_skin_tone,7,👈🏽,backhand index pointing left: medium skin tone,People & Body,hand-single-finger
Japanese_prohibited_button,0.0,0.0,0.10034333188799373,0.10034333188799373,0.0,0.10034333188799373,Japanese_prohibited_button,2,🈲,Japanese “prohibited” button,Symbols,alphanum
baby_angel,0.26444385894678385,0.3966657884201758,0.1983328942100879,0.29749934131513184,0.09916644710504395,0.06611096473669596,baby_angel,21,👼,baby angel,People & Body,person-fantasy
woman_detective_medium-light_skin_tone,,,,,,,woman_detective_medium-light_skin_tone,4,🕵🏼‍♀️,woman detective: medium-light skin tone,People & Body,person-role
spiral_notepad,0.0,0.0,0.0,0.0,0.0,0.0,spiral_notepad,1,🗒️,spiral notepad,Objects,office
palms_up_together_medium_skin_tone,0.17201714037941782,0.08600857018970891,0.0,0.34403428075883563,0.0,0.0,palms_up_together_medium_skin_tone,4,🤲🏽,palms up together: medium skin tone,People & Body,hands
person_medium-light_skin_tone,,,,,,,person_medium-light_skin_tone,1,🧑🏼,person: medium-light skin tone,People & Body,person
woman_facepalming_medium-dark_skin_tone,,,,,,,woman_facepalming_medium-dark_skin_tone,16,🤦🏾‍♀️,woman facepalming: medium-dark skin tone,People & Body,person-gesture
shushing_face,0.3823623476698893,0.6653104849456075,0.2676536433689225,0.47412931111066275,0.2982426311825137,0.14529769211455792,shushing_face,171,🤫,shushing face,Smileys & Emotion,face-hand
brain,0.3550861175795887,0.568137788127342,0.1420344470318355,0.18937926270911398,0.18937926270911398,0.047344815677278496,brain,31,🧠,brain,People & Body,body-parts
paintbrush,0.0,0.3458450001705083,0.17292250008525414,0.08646125004262707,0.08646125004262707,0.08646125004262707,paintbrush,6,🖌️,paintbrush,Objects,writing
snowboarder,0.1207282914306081,0.0,0.0,0.0,0.6036414571530406,0.1207282914306081,snowboarder,7,🏂,snowboarder,People & Body,person-sport
Turkey,0.47802506998355576,1.4780162330967879,0.2503306773172938,0.31291334664661724,0.2703038696564396,0.230357484978148,Turkey,1047,🇹🇷,flag: Turkey,Flags,country-flag
woman_getting_massage,0.2593837501278812,0.08646125004262707,0.08646125004262707,0.17292250008525414,0.08646125004262707,0.08646125004262707,woman_getting_massage,6,💆‍♀️,woman getting massage,People & Body,person-activity
globe_showing_Europe-Africa,,,,,,,globe_showing_Europe-Africa,85,🌍,globe showing Europe-Africa,Travel & Places,place-map
person_cartwheeling,0.30438445401343267,0.49808365202198074,0.1660278840073269,0.0553426280024423,0.02767131400122115,0.02767131400122115,person_cartwheeling,12,🤸,person cartwheeling,People & Body,person-sport
Japanese_acceptable_button,0.0,0.0,0.0,0.0,0.0,0.0,Japanese_acceptable_button,1,🉑,Japanese “acceptable” button,Symbols,alphanum
candle,0.0976084976613462,1.9643710154345924,0.012201062207668275,0.07727339398189907,0.15454678796379814,0.020335103679447127,candle,212,🕯️,candle,Objects,light & video
victory_hand_medium-dark_skin_tone,,,,,,,victory_hand_medium-dark_skin_tone,13,✌🏾,victory hand: medium-dark skin tone,People & Body,hand-fingers-partial
man_shrugging,0.5797986829270594,0.6557247009294124,0.11043784436705893,0.31750880255529446,0.3037040720094121,0.08973074854823539,man_shrugging,114,🤷‍♂️,man shrugging,People & Body,person-gesture
person_biking_dark_skin_tone,0.3010299956639812,0.0,0.0,0.0,0.0,0.0,person_biking_dark_skin_tone,2,🚴🏿,person biking: dark skin tone,People & Body,person-sport
tropical_drink,0.07952020911994373,0.3976010455997187,0.0,0.0,0.15904041823988746,0.3180808364797749,tropical_drink,9,🍹,tropical drink,Food & Drink,drink
fuel_pump,0.0,0.0,0.0,0.0,0.0,0.6020599913279624,fuel_pump,4,⛽,fuel pump,Travel & Places,transport-ground
antenna_bars,0.18779956444761262,0.3286492377833221,0.14084967333570947,0.09389978222380631,0.046949891111903154,0.046949891111903154,antenna_bars,7,📶,antenna bars,Symbols,av-symbol
face_with_medical_mask,0.46977218622078243,0.6785598245411302,0.20008815339033326,0.3479793972005796,0.2435855780404057,0.11309330409018836,face_with_medical_mask,113,😷,face with medical mask,Smileys & Emotion,face-unwell
chains,0.0,0.23856062735983122,0.0,0.0,0.0,0.23856062735983122,chains,3,⛓️,chains,Objects,tool
woman_swimming_light_skin_tone,0.05017166594399686,0.25085832971998434,0.0,0.05017166594399686,0.30102999566398114,0.25085832971998434,woman_swimming_light_skin_tone,8,🏊🏻‍♀️,woman swimming: light skin tone,People & Body,person-sport
red_exclamation_mark,0.5833200814183618,0.7141093373417613,0.3478994207562427,0.38190462729632657,0.3845204124147945,0.13602082616033548,red_exclamation_mark,353,❗,red exclamation mark,Symbols,punctuation
woman_singer_medium-dark_skin_tone,,,,,,,woman_singer_medium-dark_skin_tone,1,👩🏾‍🎤,woman singer: medium-dark skin tone,People & Body,person-role
woman_cartwheeling_medium_skin_tone,0.0,0.20068666377598746,0.0,0.10034333188799373,0.0,0.0,woman_cartwheeling_medium_skin_tone,2,🤸🏽‍♀️,woman cartwheeling: medium skin tone,People & Body,person-sport
sun_behind_small_cloud,0.08209908972654033,0.4925945383592419,0.08209908972654033,0.12314863458981047,0.041049544863270164,0.08209908972654033,sun_behind_small_cloud,8,🌤️,sun behind small cloud,Travel & Places,sky & weather
crossed_fingers_light_skin_tone,0.3435165708650378,0.309164913778534,0.06870331417300755,0.2748132566920302,0.37786822795154157,0.10305497125951132,crossed_fingers_light_skin_tone,30,🤞🏻,crossed fingers: light skin tone,People & Body,hand-fingers-partial
man_supervillain_light_skin_tone,0.0,0.0,0.0,0.0,0.0,0.0,man_supervillain_light_skin_tone,1,🦹🏻‍♂️,man supervillain: light skin tone,People & Body,person-fantasy
dashing_away,0.2878770930144582,0.6280954756679088,0.09159725686823669,0.1439385465072291,0.22245048096571768,0.17010919132672528,dashing_away,35,💨,dashing away,Smileys & Emotion,emotion
chocolate_bar,0.1338726012764737,0.827576080618201,0.25557496607326796,0.09736189183743542,0.31642614847166506,0.085191655357756,chocolate_bar,52,🍫,chocolate bar,Food & Drink,food-sweet
bear,0.1074495033448348,0.3939815122643943,0.07163300222988987,0.32234851003450443,0.1074495033448348,0.14326600445977974,bear,14,🐻,bear,Animals & Nature,animal-mammal
person_wearing_turban,0.0,0.0,0.0,0.0,0.0,0.0,person_wearing_turban,1,👳,person wearing turban,People & Body,person-role
Lebanon,,,,,,,Lebanon,7,🇱🇧,flag: Lebanon,Flags,country-flag
face_with_tears_of_joy,0.8765831370048108,1.3266567369185711,0.42081488857556215,0.7135983691477336,0.41904758386385893,0.28492879296460133,face_with_tears_of_joy,11006,😂,face with tears of joy,Smileys & Emotion,face-smiling
roll_of_paper,,,,,,,roll_of_paper,1,🧻,roll of paper,Objects,household
bug,0.13704292540771734,0.3578343052312619,0.04568097513590578,0.1522699171196859,0.10658894198378013,0.04568097513590578,bug,7,🐛,bug,Animals & Nature,animal-bug
keycap_6,0.0,0.0,0.0,0.0,0.0,0.0,keycap_6,1,6️⃣,keycap: 6,Symbols,keycap
mirror,0.0,0.0,0.0,0.0,0.0,0.0,mirror,1,🪞,mirror,Objects,household
sunflower,0.19743595854161533,0.9625002978903747,0.1563034671787788,0.1563034671787788,0.17275646372391343,0.24679494817701916,sunflower,78,🌻,sunflower,Animals & Nature,plant-flower
snowman_without_snow,0.27594416269198274,0.576974158355964,0.050171665943996864,0.32611582863597965,0.17560083080398906,0.10034333188799373,snowman_without_snow,32,⛄,snowman without snow,Travel & Places,sky & weather
game_die,0.08450980400142569,0.08450980400142569,0.25352941200427703,0.16901960800285137,0.08450980400142569,0.16901960800285137,game_die,7,🎲,game die,Activities,game
black_medium_square,0.0,0.0,0.18779956444761262,0.37559912889522523,0.09389978222380631,0.18779956444761262,black_medium_square,7,◼️,black medium square,Symbols,geometric
woman_shrugging_light_skin_tone,0.471419671113534,0.7622956383963528,0.235709835556767,0.4212686422716687,0.27081555574607274,0.1103322634521037,woman_shrugging_light_skin_tone,187,🤷🏻‍♀️,woman shrugging: light skin tone,People & Body,person-gesture
up-down_arrow,,,,,,,up-down_arrow,2,↕️,up-down arrow,Symbols,arrow
person_tipping_hand_medium-light_skin_tone,,,,,,,person_tipping_hand_medium-light_skin_tone,53,💁🏼,person tipping hand: medium-light skin tone,People & Body,person-gesture
calendar,0.4169648104425193,0.8736405552128976,0.059566401491788476,0.07942186865571796,0.1985546716392949,0.07942186865571796,calendar,51,📅,calendar,Objects,office
red_apple,0.22590798705838586,0.7003147598809962,0.3614527792934174,0.13554479223503152,0.2484987857642245,0.22590798705838586,red_apple,79,🍎,red apple,Food & Drink,food-fruit
open_hands_light_skin_tone,0.07952020911994373,0.0,0.07952020911994373,0.15904041823988746,0.07952020911994373,0.07952020911994373,open_hands_light_skin_tone,3,👐🏻,open hands: light skin tone,People & Body,hands
bell_with_slash,0.0,0.0,0.0,0.0,0.0,0.6989700043360189,bell_with_slash,5,🔕,bell with slash,Objects,sound
SOON_arrow,0.0,0.2329900014453396,0.1164950007226698,0.0,0.2329900014453396,0.1164950007226698,SOON_arrow,5,🔜,SOON arrow,Symbols,arrow
busts_in_silhouette,0.03705482144684017,0.48171267880892227,0.07410964289368034,0.14821928578736068,0.03705482144684017,0.0,busts_in_silhouette,6,👥,busts in silhouette,People & Body,person-symbol
slot_machine,0.0,0.40896107547399635,0.0,0.0,0.0,0.06816017924566606,slot_machine,3,🎰,slot machine,Activities,game
ping_pong,0.0,0.0,0.0,0.0,0.0,0.0,ping_pong,1,🏓,ping pong,Activities,sport
cucumber,0.2183082617570967,0.38203945807491924,0.1637311963178225,0.2728853271963709,0.054577065439274174,0.1637311963178225,cucumber,18,🥒,cucumber,Food & Drink,food-vegetable
couple_with_heart_man_man,0.11928031367991561,0.23856062735983122,0.0,0.11928031367991561,0.0,0.0,couple_with_heart_man_man,3,👨‍❤️‍👨,"couple with heart: man, man",People & Body,family
globe_with_meridians,0.0,0.16901960800285137,0.0,0.16901960800285137,0.16901960800285137,0.33803921600570275,globe_with_meridians,7,🌐,globe with meridians,Travel & Places,place-map
water_wave,0.27275872479331165,0.7190911835460034,0.1611756101051387,0.14877748625089726,0.2231662293763459,0.2603606009390702,water_wave,61,🌊,water wave,Travel & Places,sky & weather
sparkling_heart,0.2704614448660306,1.2521363188242156,0.3305639881695929,0.34725913908724915,0.3272249579860617,0.15359538844243711,sparkling_heart,480,💖,sparkling heart,Smileys & Emotion,emotion
vulcan_salute_medium_skin_tone,0.1505149978319906,0.1505149978319906,0.0,0.0,0.0,0.0,vulcan_salute_medium_skin_tone,2,🖖🏽,vulcan salute: medium skin tone,People & Body,hand-fingers-open
fast_down_button,0.0,0.0,0.0,0.6225210003069149,0.0,0.15563025007672873,fast_down_button,6,⏬,fast down button,Symbols,av-symbol
face_with_raised_eyebrow,0.5488836922038312,0.6950150648035524,0.2637493066433994,0.5132418940087772,0.28869856537993716,0.18177317079477526,face_with_raised_eyebrow,310,🤨,face with raised eyebrow,Smileys & Emotion,face-neutral-skeptical
gem_stone,0.22765092788467386,0.8278215559442686,0.15521654173955038,0.2793897751311907,0.42425854742143765,0.07243438614512351,gem_stone,97,💎,gem stone,Objects,clothing
speaker_medium_volume,0.10034333188799373,0.10034333188799373,0.0,0.0,0.0,0.10034333188799373,speaker_medium_volume,2,🔉,speaker medium volume,Objects,sound
person_light_skin_tone_beard,0.0,0.36787894965053625,0.22072736979032173,0.03678789496505362,0.07357578993010724,0.0,person_light_skin_tone_beard,5,🧔🏻,"person: light skin tone, beard",People & Body,person
trackball,0.0,0.0,0.0,0.0,0.0,0.3010299956639812,trackball,2,🖲️,trackball,Objects,computer
man_fairy,0.09090909090909091,0.36363636363636365,0.18181818181818182,0.18181818181818182,0.18181818181818182,0.0,man_fairy,10,🧚‍♂️,man fairy,People & Body,person-fantasy
violin,0.11764705882352941,0.35294117647058826,0.23529411764705882,0.23529411764705882,0.0,0.058823529411764705,violin,10,🎻,violin,Objects,musical-instrument
woman_cook,0.13105687581300354,0.21842812635500589,0.0,0.17474250108400471,0.13105687581300354,0.04368562527100118,woman_cook,5,👩‍🍳,woman cook,People & Body,person-role
open_mailbox_with_raised_flag,0.17474250108400471,0.34948500216800943,0.0,0.0,0.0,0.17474250108400471,open_mailbox_with_raised_flag,5,📬,open mailbox with raised flag,Objects,mail
unicorn,0.18339137796714322,0.8306550649100016,0.1294527373885717,0.18339137796714322,0.24811774666142902,0.09708955304142876,unicorn,47,🦄,unicorn,Animals & Nature,animal-mammal
wheel_of_dharma,0.0,0.0,0.0,0.0,0.0,0.0,wheel_of_dharma,1,☸️,wheel of dharma,Symbols,religion
person_gesturing_NO_light_skin_tone,0.0,0.3010299956639812,0.1505149978319906,0.0,0.1505149978319906,0.0,person_gesturing_NO_light_skin_tone,4,🙅🏻,person gesturing NO: light skin tone,People & Body,person-gesture
purple_circle,,,,,,,purple_circle,1,🟣,purple circle,Symbols,geometric
ATM_sign,0.0,0.0,0.0,0.0,0.0,0.0,ATM_sign,1,🏧,ATM sign,Symbols,transport-sign
cook_light_skin_tone,0.0,0.0,0.0,0.0,0.0,0.0,cook_light_skin_tone,1,🧑🏻‍🍳,cook: light skin tone,People & Body,person-role
pinched_fingers_medium-light_skin_tone,,,,,,,pinched_fingers_medium-light_skin_tone,2,🤌🏼,pinched fingers: medium-light skin tone,People & Body,hand-fingers-partial
airplane,0.27298117761851304,0.9393764053342949,0.1525483051397573,0.2488946031227619,0.2569234612880123,0.08831743981775422,airplane,91,✈️,airplane,Travel & Places,transport-air
person_cartwheeling_light_skin_tone,0.0,0.0,0.0,0.0,0.0,0.0,person_cartwheeling_light_skin_tone,1,🤸🏻,person cartwheeling: light skin tone,People & Body,person-sport
keycap_9,,,,,,,keycap_9,1,9️⃣,keycap: 9,Symbols,keycap
sleepy_face,0.40249404982568593,0.8402063290111194,0.3521822935974752,0.3924316985800438,0.28677701050080123,0.135841741816169,sleepy_face,257,😪,sleepy face,Smileys & Emotion,face-sleepy
baby_medium_skin_tone,0.0,0.0,0.0,0.0,0.0,0.0,baby_medium_skin_tone,1,👶🏽,baby: medium skin tone,People & Body,person
full_moon,0.2088737895576048,0.34812298259600805,0.034812298259600805,0.27849838607680644,0.2088737895576048,0.0,full_moon,12,🌕,full moon,Travel & Places,sky & weather
dango,0.10034333188799373,0.10034333188799373,0.0,0.0,0.0,0.10034333188799373,dango,2,🍡,dango,Food & Drink,food-asian
person_bouncing_ball,,,,,,,person_bouncing_ball,1,⛹️,person bouncing ball,People & Body,person-sport
woman_medium-dark_skin_tone,,,,,,,woman_medium-dark_skin_tone,4,👩🏾,woman: medium-dark skin tone,People & Body,person
purple_heart,0.5921688690582438,1.9575680444664372,0.3635742688703188,0.33418353456044275,0.4063904003340889,0.15675058298600572,purple_heart,6466,💜,purple heart,Smileys & Emotion,emotion
foot_medium-light_skin_tone,,,,,,,foot_medium-light_skin_tone,1,🦶🏼,foot: medium-light skin tone,People & Body,body-parts
card_file_box,0.06020599913279624,0.1806179973983887,0.0,0.0,0.03010299956639812,0.03010299956639812,card_file_box,2,🗃️,card file box,Objects,office
panda,0.18096758458077442,0.4886124783680909,0.14477406766461953,0.15683857330333784,0.09048379229038721,0.08445153947102806,panda,14,🐼,panda,Animals & Nature,animal-mammal
moai,0.2593837501278812,0.0,0.2593837501278812,0.0,0.0,0.2593837501278812,moai,6,🗿,moai,Objects,other-object
cow_face,0.0,0.0,0.0,0.0,0.0,0.3010299956639812,cow_face,2,🐮,cow face,Animals & Nature,animal-mammal
black_flag,0.0,0.5633986933428379,0.07042483666785473,0.07042483666785473,0.07042483666785473,0.07042483666785473,black_flag,7,🏴,black flag,Flags,flag
delivery_truck,0.16950571775471535,0.7264530760916372,0.21793592282749116,0.02421510253638791,0.21793592282749116,0.12107551268193953,delivery_truck,30,🚚,delivery truck,Travel & Places,transport-ground
men_wrestling,0.0,0.0,0.0,0.0,0.0,0.0,men_wrestling,1,🤼‍♂️,men wrestling,People & Body,person-sport
waving_hand_light_skin_tone,0.26042517547106947,0.7589533685156882,0.17113654388098848,0.22322157897520237,0.2901880526677631,0.17113654388098848,waving_hand_light_skin_tone,75,👋🏻,waving hand: light skin tone,People & Body,hand-fingers-open
badger,0.0,0.0,0.0,0.0,0.0,0.0,badger,1,🦡,badger,Animals & Nature,animal-mammal
kiss_woman_woman,0.0,0.0,0.4659800028906792,0.0,0.0,0.2329900014453396,kiss_woman_woman,5,👩‍❤️‍💋‍👩,"kiss: woman, woman",People & Body,family
face_screaming_in_fear,0.5659925283773692,0.8185590867393135,0.26778141127531446,0.5142620284719107,0.3347267640941431,0.213007940787182,face_screaming_in_fear,518,😱,face screaming in fear,Smileys & Emotion,face-concerned
clutch_bag,0.06354272766691081,0.317713638334554,0.12708545533382162,0.0,0.12708545533382162,0.06354272766691081,clutch_bag,5,👝,clutch bag,Objects,clothing
five-thirty,,,,,,,five-thirty,1,🕠,five-thirty,Travel & Places,time
clapping_hands_dark_skin_tone,0.05442205184503146,0.6530646221403775,0.21768820738012584,0.21768820738012584,0.16326615553509438,0.10884410369006292,clapping_hands_dark_skin_tone,26,👏🏿,clapping hands: dark skin tone,People & Body,hands
person_biking,0.19084850188786498,0.5089293383676399,0.12723233459190997,0.0,0.06361616729595498,0.06361616729595498,person_biking,9,🚴,person biking,People & Body,person-sport
woman_with_headscarf_light_skin_tone,0.0,0.0,0.0,0.0,0.0,0.0,woman_with_headscarf_light_skin_tone,1,🧕🏻,woman with headscarf: light skin tone,People & Body,person-role
graduation_cap,0.11935107346144679,0.23870214692289357,0.3580532203843404,0.11935107346144679,0.15913476461526238,0.11935107346144679,graduation_cap,13,🎓,graduation cap,Objects,clothing
blue_book,0.04095532896756019,0.3685979607080417,0.08191065793512038,0.12286598690268057,0.12286598690268057,0.04095532896756019,blue_book,6,📘,blue book,Objects,book-paper
mermaid_light_skin_tone,0.1164950007226698,0.2329900014453396,0.1164950007226698,0.2329900014453396,0.0,0.0,mermaid_light_skin_tone,5,🧜🏻‍♀️,mermaid: light skin tone,People & Body,person-fantasy
fire,0.2790400338470222,2.1603099394608165,0.12511795066043896,0.5166741271877121,0.26013732187674005,0.13771975864062705,fire,3013,🔥,fire,Travel & Places,sky & weather
mouse,0.0703494011606043,0.09325385735242896,0.04253684721338864,0.03762874945799765,0.03762874945799765,0.01963239102156399,mouse,2,🐁,mouse,Animals & Nature,animal-mammal
high_voltage,0.3742222092731878,0.9960068031424845,0.20726153128976554,0.35119315024099157,0.403008533063433,0.15544614846732416,high_voltage,307,⚡,high voltage,Travel & Places,sky & weather
dna,0.15845588250267315,0.3521241833392737,0.08803104583481842,0.061621732084372896,0.11444035958526394,0.07042483666785473,dna,7,🧬,dna,Objects,science
place_of_worship,0.2120538909865166,0.2120538909865166,0.0,0.0,0.4241077819730332,0.1060269454932583,place_of_worship,9,🛐,place of worship,Symbols,religion
man_in_lotus_position_medium_skin_tone,0.0,0.1505149978319906,0.0,0.050171665943996864,0.0,0.10034333188799373,man_in_lotus_position_medium_skin_tone,2,🧘🏽‍♂️,man in lotus position: medium skin tone,People & Body,person-resting
woman_shrugging_medium_skin_tone,0.44324927104235345,0.34096097772488726,0.17048048886244363,0.1363843910899549,0.2386726844074211,0.06819219554497745,woman_shrugging_medium_skin_tone,25,🤷🏽‍♀️,woman shrugging: medium skin tone,People & Body,person-gesture
woman_in_steamy_room_medium-light_skin_tone,,,,,,,woman_in_steamy_room_medium-light_skin_tone,4,🧖🏼‍♀️,woman in steamy room: medium-light skin tone,People & Body,person-activity
vibration_mode,0.0,0.0,0.0,0.0,0.0,0.3010299956639812,vibration_mode,2,📳,vibration mode,Symbols,av-symbol
woman_playing_handball,0.0,0.0,0.0,0.0,0.0,0.0,woman_playing_handball,1,🤾‍♀️,woman playing handball,People & Body,person-sport
department_store,0.0,0.0,0.0,0.0,0.0,0.0,department_store,1,🏬,department store,Travel & Places,place-building
camera_with_flash,0.2905715673527665,0.8375298117815034,0.1709244513839803,0.23074800936837342,0.3503951253371596,0.18801689652237835,camera_with_flash,117,📸,camera with flash,Objects,light & video
Japanese_passing_grade_button,0.0,0.0,0.0,0.0,0.0,0.0,Japanese_passing_grade_button,1,🈴,Japanese “passing grade” button,Symbols,alphanum
girl_dark_skin_tone,0.3010299956639812,0.0,0.0,0.0,0.0,0.0,girl_dark_skin_tone,2,👧🏿,girl: dark skin tone,People & Body,person
person_in_suit_levitating_medium-light_skin_tone,,,,,,,person_in_suit_levitating_medium-light_skin_tone,1,🕴🏼,person in suit levitating: medium-light skin tone,People & Body,person-activity
pinching_hand_light_skin_tone,0.0,0.0,0.0,0.0,0.0,0.0,pinching_hand_light_skin_tone,1,🤏🏻,pinching hand: light skin tone,People & Body,hand-fingers-partial
fountain_pen,0.2943221580129886,0.2943221580129886,0.2943221580129886,0.0,0.09810738600432954,0.09810738600432954,fountain_pen,12,🖋️,fountain pen,Objects,writing
person_biking_medium-light_skin_tone,,,,,,,person_biking_medium-light_skin_tone,1,🚴🏼,person biking: medium-light skin tone,People & Body,person-sport
tumbler_glass,0.3617895078355548,0.5168421540507926,0.15505264621523776,0.051684215405079253,0.20673686162031701,0.15505264621523776,tumbler_glass,28,🥃,tumbler glass,Food & Drink,drink
raising_hands_medium-light_skin_tone,,,,,,,raising_hands_medium-light_skin_tone,102,🙌🏼,raising hands: medium-light skin tone,People & Body,hands
Italy,0.0,0.34948500216800943,0.17474250108400471,0.0,0.17474250108400471,0.0,Italy,5,🇮🇹,flag: Italy,Flags,country-flag
automobile,0.17625546522916652,0.6966287435248009,0.17625546522916652,0.37769028263392823,0.2685797565396823,0.11750364348611099,automobile,65,🚗,automobile,Travel & Places,transport-ground
briefcase,0.19760828201348932,0.35569490762428074,0.3161732512215829,0.15808662561079145,0.03952165640269786,0.07904331280539573,briefcase,14,💼,briefcase,Objects,office
club_suit,0.0,0.0,0.0,0.0,0.0,0.6989700043360189,club_suit,5,♣️,club suit,Activities,game
ear,0.2580257105691267,0.2580257105691267,0.19351928292684503,0.06450642764228168,0.06450642764228168,0.06450642764228168,ear,8,👂,ear,People & Body,body-parts
Japanese_bargain_button,0.0,0.0,0.0,0.0,0.0,0.0,Japanese_bargain_button,1,🉐,Japanese “bargain” button,Symbols,alphanum
thermometer,0.0,0.06020599913279624,0.1806179973983887,0.06020599913279624,0.0,0.0,thermometer,2,🌡️,thermometer,Travel & Places,sky & weather
salt,0.057731779990352554,0.10721616283922618,0.004123698570739468,0.07422657427331043,0.03711328713665522,0.02061849285369734,salt,2,🧂,salt,Food & Drink,food-prepared
clinking_beer_mugs,0.12537965052514366,0.35106302147040225,0.17553151073520112,0.42629081178548844,0.2256833709452586,0.27583523115531605,clinking_beer_mugs,38,🍻,clinking beer mugs,Food & Drink,drink
water_buffalo,0.0,0.0,0.0,0.0,0.0,0.0,water_buffalo,1,🐃,water buffalo,Animals & Nature,animal-mammal
running_shirt,0.0,0.1997057155245768,0.0,0.249632144405721,0.1497792866434326,0.0998528577622884,running_shirt,5,🎽,running shirt,Activities,sport
pinched_fingers,0.17050048012704386,0.3410009602540877,0.042625120031760964,0.2131256001588048,0.2983758402223267,0.2131256001588048,pinched_fingers,19,🤌,pinched fingers,People & Body,hand-fingers-partial
detective_light_skin_tone,0.31126050015345746,0.07781512503836437,0.31126050015345746,0.0,0.07781512503836437,0.0,detective_light_skin_tone,6,🕵🏻,detective: light skin tone,People & Body,person-role
woman_biking,0.15051499783199057,0.5017166594399687,0.0,0.0,0.15051499783199057,0.10034333188799371,woman_biking,8,🚴‍♀️,woman biking,People & Body,person-sport
woman_dancing_light_skin_tone,0.3044422207519573,0.9551128494179054,0.25668657828106206,0.24474766766333825,0.41189241631147167,0.18505311457471918,woman_dancing_light_skin_tone,228,💃🏻,woman dancing: light skin tone,People & Body,person-activity
old_woman_light_skin_tone,0.11467063920805672,0.19657823864238297,0.5405901562665532,0.14743367898178722,0.016381519886865245,0.09828911932119148,old_woman_light_skin_tone,13,👵🏻,old woman: light skin tone,People & Body,person
woman_light_skin_tone_red_hair,0.1693293725609894,0.45154499349597177,0.1693293725609894,0.0,0.05644312418699647,0.05644312418699647,woman_light_skin_tone_red_hair,8,👩🏻‍🦰,"woman: light skin tone, red hair",People & Body,person
nose_light_skin_tone,0.0,0.21502142547427228,0.0,0.043004285094854454,0.0,0.043004285094854454,nose_light_skin_tone,2,👃🏻,nose: light skin tone,People & Body,body-parts
boy_medium-light_skin_tone,,,,,,,boy_medium-light_skin_tone,6,👦🏼,boy: medium-light skin tone,People & Body,person
man_playing_water_polo_light_skin_tone,0.0,0.0,0.0,0.0,0.0,0.0,man_playing_water_polo_light_skin_tone,1,🤽🏻‍♂️,man playing water polo: light skin tone,People & Body,person-sport
man_bouncing_ball,0.0,0.0,0.0,0.0,0.0,0.3010299956639812,man_bouncing_ball,2,⛹️‍♂️,man bouncing ball,People & Body,person-sport
snake,0.2303651400013893,0.3263506150019682,0.17277385500104198,0.8062779900048626,0.1535767600009262,0.09598547500057888,snake,61,🐍,snake,Animals & Nature,animal-reptile
sunset,0.0569378963695349,0.3606066770070544,0.018979298789844966,0.20877228668829464,0.0569378963695349,0.07591719515937986,sunset,6,🌇,sunset,Travel & Places,place-other
woman_walking,0.0,0.4225490200071284,0.28169934667141894,0.07042483666785473,0.07042483666785473,0.0,woman_walking,7,🚶‍♀️,woman walking,People & Body,person-activity
disappointed_face,0.3748664913773079,0.7803014949270143,1.0216318541827918,0.3330358957729731,0.2558101808111243,0.11744744150447843,disappointed_face,764,😞,disappointed face,Smileys & Emotion,face-concerned
nail_polish,0.36030894138426106,0.8647414593222265,0.13211327850756235,0.22819566287669865,0.19216476873827254,0.12010298046142034,nail_polish,79,💅,nail polish,People & Body,hand-prop
chicken,0.2340684016525979,0.30940076080515816,0.09416544894070031,0.12645074572036896,0.20716398766954067,0.174878690889872,chicken,14,🐔,chicken,Animals & Nature,animal-bird
heart_decoration,0.2523157977122351,0.9912406338694951,0.1081353418766722,0.1441804558355629,0.1622030128150083,0.09011278489722682,heart_decoration,56,💟,heart decoration,Smileys & Emotion,emotion
bouquet,0.367946414779296,1.0486472821209936,0.3265524431166252,0.2437644997912836,0.206969858313354,0.1425792357269772,bouquet,217,💐,bouquet,Animals & Nature,plant-flower
mushroom,0.09467206228711138,0.14200809343066706,0.09467206228711138,0.04733603114355569,0.18934412457422276,0.47336031143555685,mushroom,11,🍄,mushroom,Food & Drink,food-vegetable
singer_light_skin_tone,0.0,0.0,0.0,0.0,0.0,0.0,singer_light_skin_tone,1,🧑🏻‍🎤,singer: light skin tone,People & Body,person-role
backhand_index_pointing_down_medium-light_skin_tone,,,,,,,backhand_index_pointing_down_medium-light_skin_tone,53,👇🏼,backhand index pointing down: medium-light skin tone,People & Body,hand-single-finger
admission_tickets,0.0,0.7740771317073801,0.0,0.043004285094854454,0.043004285094854454,0.043004285094854454,admission_tickets,8,🎟️,admission tickets,Activities,event
raised_hand_medium_skin_tone,0.21687329759984655,0.043374659519969314,0.08674931903993863,0.08674931903993863,0.043374659519969314,0.0,raised_hand_medium_skin_tone,3,✋🏽,raised hand: medium skin tone,People & Body,hand-fingers-open
nail_polish_medium-dark_skin_tone,,,,,,,nail_polish_medium-dark_skin_tone,1,💅🏾,nail polish: medium-dark skin tone,People & Body,hand-prop
woman_pouting_light_skin_tone,0.0,0.47712125471966244,0.0,0.0,0.0,0.0,woman_pouting_light_skin_tone,3,🙎🏻‍♀️,woman pouting: light skin tone,People & Body,person-gesture
trade_mark,,,,,,,trade_mark,150,™️,trade mark,Symbols,other-symbol
no_littering,0.0,0.32839635890616126,0.0,0.05473272648436022,0.10946545296872044,0.10946545296872044,no_littering,4,🚯,no littering,Symbols,warning
man_cartwheeling_light_skin_tone,0.0,0.0,0.1505149978319906,0.0,0.1505149978319906,0.0,man_cartwheeling_light_skin_tone,2,🤸🏻‍♂️,man cartwheeling: light skin tone,People & Body,person-sport
woman_artist_light_skin_tone,0.0,0.23856062735983122,0.0,0.0,0.07952020911994373,0.15904041823988746,woman_artist_light_skin_tone,3,👩🏻‍🎨,woman artist: light skin tone,People & Body,person-role
hand_with_fingers_splayed,0.4747781503805993,0.5656931153470971,0.11111829051460835,0.2626432321254379,0.2525415693513826,0.2727448948994932,hand_with_fingers_splayed,87,🖐️,hand with fingers splayed,People & Body,hand-fingers-open
detective,0.15476190476190477,0.5,0.10714285714285714,0.10714285714285714,0.10714285714285714,0.023809523809523808,detective,10,🕵️,detective,People & Body,person-role
tongue,0.13068347700558292,0.49006303877093593,0.09801260775418719,0.5554047772737274,0.09801260775418719,0.19602521550837437,tongue,37,👅,tongue,People & Body,body-parts
play_or_pause_button,0.0,0.13632035849133212,0.04544011949711071,0.22720059748555352,0.04544011949711071,0.022720059748555354,play_or_pause_button,3,⏯️,play or pause button,Symbols,av-symbol
person_biking_light_skin_tone,0.04013733275519749,0.12041199826559248,0.04013733275519749,0.0,0.06020599913279624,0.04013733275519749,person_biking_light_skin_tone,2,🚴🏻,person biking: light skin tone,People & Body,person-sport
notebook,0.12633389981963802,0.20331862002222995,0.05527108117109163,0.08882852331068297,0.09080249049536483,0.03750537650895504,notebook,4,📓,notebook,Objects,book-paper
person_taking_bath_medium-light_skin_tone,,,,,,,person_taking_bath_medium-light_skin_tone,1,🛀🏼,person taking bath: medium-light skin tone,People & Body,person-resting
lion,0.2982960377518502,0.8053993019299956,0.2585232327182702,0.18892082390950515,0.3877848490774053,0.1292616163591351,lion,117,🦁,lion,Animals & Nature,animal-mammal
heart_exclamation,0.23522464288984332,1.2534573436184802,0.32222553820526484,0.23844689827189597,0.3963374119924757,0.20944659983342215,heart_exclamation,452,❣️,heart exclamation,Smileys & Emotion,emotion
up_arrow,0.1273475595198042,0.38204267855941265,0.2546951190396084,0.0,0.2546951190396084,0.1273475595198042,up_arrow,14,⬆️,up arrow,Symbols,arrow
front-facing_baby_chick,,,,,,,front-facing_baby_chick,58,🐥,front-facing baby chick,Animals & Nature,animal-bird
man_raising_hand_medium-light_skin_tone,,,,,,,man_raising_hand_medium-light_skin_tone,19,🙋🏼‍♂️,man raising hand: medium-light skin tone,People & Body,person-gesture
scissors,0.09030899869919436,0.45154499349597177,0.1806179973983887,0.0,0.09030899869919436,0.09030899869919436,scissors,8,✂️,scissors,Objects,office
cooked_rice,0.0,0.0,0.10034333188799373,0.0,0.0,0.20068666377598746,cooked_rice,2,🍚,cooked rice,Food & Drink,food-asian
locked,0.22577249674798588,0.22577249674798588,0.3386587451219788,0.0,0.0,0.11288624837399294,locked,8,🔒,locked,Objects,lock
crossed_fingers_medium_skin_tone,0.27958800173440757,0.13979400086720378,0.0,0.0,0.13979400086720378,0.13979400086720378,crossed_fingers_medium_skin_tone,5,🤞🏽,crossed fingers: medium skin tone,People & Body,hand-fingers-partial
linked_paperclips,0.0,0.12041199826559248,0.0,0.06020599913279624,0.0,0.12041199826559248,linked_paperclips,2,🖇️,linked paperclips,Objects,office
sunrise,0.15292130778807192,0.5825573630021788,0.07281967037527234,0.2912786815010894,0.1893311429757081,0.07281967037527234,sunrise,23,🌅,sunrise,Travel & Places,place-other
man_astronaut,0.18309441185497496,0.2746416177824625,0.09154720592748748,0.0,0.2288680148187187,0.0,man_astronaut,6,👨‍🚀,man astronaut,People & Body,person-role
six-thirty,,,,,,,six-thirty,2,🕡,six-thirty,Travel & Places,time
abacus,0.0,0.0,0.0,0.0,0.0,0.0,abacus,1,🧮,abacus,Objects,computer
man_medium-light_skin_tone_bald,,,,,,,man_medium-light_skin_tone_bald,1,👨🏼‍🦲,"man: medium-light skin tone, bald",People & Body,person
coffin,0.20015846087138175,0.5003961521784543,0.3002376913070726,0.20015846087138175,0.0,0.10007923043569088,coffin,20,⚰️,coffin,Objects,other-object
call_me_hand_medium-dark_skin_tone,,,,,,,call_me_hand_medium-dark_skin_tone,5,🤙🏾,call me hand: medium-dark skin tone,People & Body,hand-fingers-partial
nose_medium-light_skin_tone,,,,,,,nose_medium-light_skin_tone,1,👃🏼,nose: medium-light skin tone,People & Body,body-parts
yarn,0.0,0.0,0.0,0.0,0.0,0.0,yarn,1,🧶,yarn,Activities,arts & crafts
prince,0.04668907502301862,0.3579495751764761,0.07781512503836437,0.10894117505371012,0.1711932750844016,0.015563025007672872,prince,6,🤴,prince,People & Body,person-role
Japan,0.32869292593528104,0.32869292593528104,0.16434646296764052,0.07043419841470308,0.30521485979704666,0.16434646296764052,Japan,23,🇯🇵,flag: Japan,Flags,country-flag
check_mark,0.29394693694247576,0.7012228134290386,0.23019940844892678,0.5524785802774242,0.44269117009409004,0.18770105611989416,check_mark,256,✔️,check mark,Symbols,other-symbol
sun,0.5063835056120802,0.894074057611906,0.23738590722450872,0.31989440931677937,0.4950510125536237,0.12585031764917423,sun,379,☀️,sun,Travel & Places,sky & weather
peace_symbol,0.0,0.19084850188786498,0.09542425094393249,0.0,0.09542425094393249,0.09542425094393249,peace_symbol,3,☮️,peace symbol,Symbols,religion
star-struck,,,,,,,star-struck,1073,🤩,star-struck,Smileys & Emotion,face-affection
currency_exchange,0.0,0.10034333188799373,0.0,0.0,0.10034333188799373,0.10034333188799373,currency_exchange,2,💱,currency exchange,Symbols,currency
smiling_face_with_sunglasses,0.5640747536271891,1.371878063901848,0.3227593510059317,0.5520089834961263,0.4772012086835364,0.16047474274313614,smiling_face_with_sunglasses,2808,😎,smiling face with sunglasses,Smileys & Emotion,face-glasses
maple_leaf,0.15607585710190988,0.7110122379087006,0.20810114280254652,0.2601264285031831,0.1907593809023343,0.08670880950106105,maple_leaf,41,🍁,maple leaf,Animals & Nature,plant-other
keycap_0,0.15563025007672873,0.46689075023018617,0.0,0.0,0.15563025007672873,0.0,keycap_0,6,0️⃣,keycap: 0,Symbols,keycap
CL_button,0.0,0.0,0.0,0.0,0.0,0.0,CL_button,1,🆑,CL button,Symbols,alphanum
thinking_face,0.6788661590388689,1.257119484945284,0.3023794286077512,0.5977267774804385,0.45059403225448436,0.19960287863373918,thinking_face,3064,🤔,thinking face,Smileys & Emotion,face-hand
goal_net,0.0,0.4225490200071284,0.1056372550017821,0.05281862750089105,0.15845588250267315,0.1056372550017821,goal_net,7,🥅,goal net,Activities,sport
man_with_veil_light_skin_tone,0.0,0.0,0.0,0.0,0.0,0.0,man_with_veil_light_skin_tone,1,👰🏻‍♂️,man with veil: light skin tone,People & Body,person-role
pick,0.1111997734170939,0.20651386491746013,0.0476570457501831,0.12708545533382162,0.0794284095836385,0.12708545533382162,pick,5,⛏️,pick,Objects,tool
registered,,,,,,,registered,1176,®️,registered,Symbols,other-symbol
link,0.21808894163781875,0.5566251453885459,0.19697266146374642,0.2539021528130454,0.22906940732833636,0.06385563124639464,link,33,🔗,link,Objects,tool
flexed_biceps_medium-dark_skin_tone,,,,,,,flexed_biceps_medium-dark_skin_tone,1,💪🏾,flexed biceps: medium-dark skin tone,People & Body,body-parts
ice_skate,0.27264071698266423,0.0,0.0,0.13632035849133212,0.0,0.06816017924566606,ice_skate,3,⛸️,ice skate,Activities,sport
man_raising_hand_light_skin_tone,0.34909057215734807,0.7272720253278084,0.13575744472785758,0.38787841350816454,0.26181792911801105,0.10666656371474525,man_raising_hand_light_skin_tone,93,🙋🏻‍♂️,man raising hand: light skin tone,People & Body,person-gesture
person_facepalming_medium-light_skin_tone,,,,,,,person_facepalming_medium-light_skin_tone,5,🤦🏼,person facepalming: medium-light skin tone,People & Body,person-gesture
keycap_8,0.11928031367991561,0.23856062735983122,0.0,0.11928031367991561,0.0,0.0,keycap_8,3,8️⃣,keycap: 8,Symbols,keycap
shuffle_tracks_button,0.0,0.0,0.0,0.0,0.0,0.0,shuffle_tracks_button,1,🔀,shuffle tracks button,Symbols,av-symbol
hear-no-evil_monkey,,,,,,,hear-no-evil_monkey,28,🙉,hear-no-evil monkey,Smileys & Emotion,monkey-face
face_with_rolling_eyes,0.6389486910680822,1.0834347370284871,0.2786456083577539,0.6532597948205952,0.49331216464544947,0.16920775613265418,face_with_rolling_eyes,2074,🙄,face with rolling eyes,Smileys & Emotion,face-neutral-skeptical
grinning_face_with_smiling_eyes,0.562579377469387,1.0198198180052056,0.3252773766849748,0.6459244704278146,0.41209518185000366,0.2129930153382041,grinning_face_with_smiling_eyes,1509,😄,grinning face with smiling eyes,Smileys & Emotion,face-smiling
backhand_index_pointing_up_light_skin_tone,0.2604920249080474,0.37213146415435344,0.14885258566174137,0.2604920249080474,0.03721314641543534,0.0,backhand_index_pointing_up_light_skin_tone,12,👆🏻,backhand index pointing up: light skin tone,People & Body,hand-single-finger
Switzerland,0.0,0.0,0.0,0.0,0.0,0.0,Switzerland,1,🇨🇭,flag: Switzerland,Flags,country-flag
kimono,0.0,0.1806179973983887,0.06020599913279624,0.06020599913279624,0.0,0.0,kimono,2,👘,kimono,Objects,clothing
woman_cook_medium-light_skin_tone,,,,,,,woman_cook_medium-light_skin_tone,2,👩🏼‍🍳,woman cook: medium-light skin tone,People & Body,person-role
crossed_fingers,0.43109200663992064,0.693495836768568,0.037486261446949616,0.3748626144694962,0.2061744379582229,0.05622939217042443,crossed_fingers,63,🤞,crossed fingers,People & Body,hand-fingers-partial
video_game,0.14349775784753363,1.0672645739910314,0.11659192825112108,0.11659192825112108,0.5022421524663677,0.053811659192825115,video_game,100,🎮,video game,Activities,game
cloud_with_lightning,0.0,0.0,0.0,0.0,0.0,0.0,cloud_with_lightning,1,🌩️,cloud with lightning,Travel & Places,sky & weather
Japanese_dolls,0.34948500216800943,0.0,0.0,0.0,0.0,0.34948500216800943,Japanese_dolls,5,🎎,Japanese dolls,Activities,event
wind_face,0.18596629705234163,0.5346531040254822,0.1394747227892562,0.16272050992079892,0.11622893565771351,0.11622893565771351,wind_face,18,🌬️,wind face,Travel & Places,sky & weather
file_folder,0.20448053773699817,0.0,0.06816017924566606,0.0,0.13632035849133212,0.06816017924566606,file_folder,3,📁,file folder,Objects,office
two-thirty,,,,,,,two-thirty,8,🕝,two-thirty,Travel & Places,time
sled,0.0,0.0,0.0,0.0,0.0,0.0,sled,1,🛷,sled,Activities,sport
razor,,,,,,,razor,4,🪒,razor,Objects,household
person_getting_haircut,0.0,0.0,0.0,0.0,0.0,0.0,person_getting_haircut,1,💇,person getting haircut,People & Body,person-activity
right-facing_fist_light_skin_tone,,,,,,,right-facing_fist_light_skin_tone,26,🤜🏻,right-facing fist: light skin tone,People & Body,hand-fingers-closed
OK_hand,0.34239223142129516,1.2208247595759294,0.27503638261710595,0.49674938493089543,0.34239223142129516,0.13751819130855297,OK_hand,653,👌,OK hand,People & Body,hand-fingers-partial
crown,0.39798516679331375,0.9847581691167892,0.25511869666238063,0.3775756710603233,0.34185905352759005,0.1326617222644379,crown,309,👑,crown,Objects,clothing
bright_button,0.19121508363935466,0.970239498466355,0.16996896323498192,0.1062306020218637,0.1558048829654001,0.16996896323498192,bright_button,58,🔆,bright button,Symbols,av-symbol
thumbs_up_medium_skin_tone,0.21077012330059178,0.7376954315520713,0.12294923859201189,0.2634626541257397,0.15807759247544384,0.14051341553372787,thumbs_up_medium_skin_tone,43,👍🏽,thumbs up: medium skin tone,People & Body,hand-fingers-closed
large_blue_diamond,0.043004285094854454,0.12901285528456335,0.0,0.0,0.043004285094854454,0.08600857018970891,large_blue_diamond,2,🔷,large blue diamond,Symbols,geometric
pool_8_ball,0.08297760951646303,0.37339924282408365,0.12446641427469454,0.20744402379115756,0.08297760951646303,0.08297760951646303,pool_8_ball,9,🎱,pool 8 ball,Activities,game
folded_hands_medium-light_skin_tone,,,,,,,folded_hands_medium-light_skin_tone,262,🙏🏼,folded hands: medium-light skin tone,People & Body,hands
woman_astronaut,0.06689555459199582,0.10034333188799373,0.06689555459199582,0.06689555459199582,0.0,0.0,woman_astronaut,2,👩‍🚀,woman astronaut,People & Body,person-role
woman_pouting_medium-light_skin_tone,,,,,,,woman_pouting_medium-light_skin_tone,1,🙎🏼‍♀️,woman pouting: medium-light skin tone,People & Body,person-gesture
houses,0.0,0.13979400086720378,0.0,0.27958800173440757,0.13979400086720378,0.13979400086720378,houses,5,🏘️,houses,Travel & Places,place-building
soft_ice_cream,0.2673946932621708,0.7943195299846839,0.4246856892987419,0.19661374504571386,0.16515554583839961,0.1730200956402282,soft_ice_cream,105,🍦,soft ice cream,Food & Drink,food-sweet
Russia,0.0,0.22577249674798588,0.0752574989159953,0.0,0.0,0.0,Russia,2,🇷🇺,flag: Russia,Flags,country-flag
chart_increasing,0.28221562093498237,0.22577249674798588,0.11288624837399294,0.11288624837399294,0.11288624837399294,0.05644312418699647,chart_increasing,8,📈,chart increasing,Objects,office
articulated_lorry,0.07447228147214831,0.3723614073607415,0.07447228147214831,0.07447228147214831,0.744722814721483,0.07447228147214831,articulated_lorry,26,🚛,articulated lorry,Travel & Places,transport-ground
waving_hand_medium_skin_tone,0.13893692107568362,0.4168107632270509,0.13893692107568362,0.20840538161352545,0.0,0.0,waving_hand_medium_skin_tone,8,👋🏽,waving hand: medium skin tone,People & Body,hand-fingers-open
SOS_button,0.2467976769716543,0.41132946161942385,0.2961572123659852,0.2961572123659852,0.1480786061829926,0.016453178464776952,SOS_button,26,🆘,SOS button,Symbols,alphanum
level_slider,0.0752574989159953,0.0752574989159953,0.0752574989159953,0.0,0.0,0.0752574989159953,level_slider,2,🎚️,level slider,Objects,music
face_with_symbols_on_mouth,0.8645191281876495,0.7331035320686727,0.2519703991702697,0.4648419432968769,0.3518896953929629,0.23676528887551207,face_with_symbols_on_mouth,800,🤬,face with symbols on mouth,Smileys & Emotion,face-negative
radio,0.03521241833392737,0.24648692833749158,0.1056372550017821,0.24648692833749158,0.1056372550017821,0.1056372550017821,radio,7,📻,radio,Objects,music
trumpet,0.21217968615368318,0.42435937230736637,0.053044921538420796,0.21217968615368318,0.10608984307684159,0.10608984307684159,trumpet,13,🎺,trumpet,Objects,musical-instrument
star_and_crescent,,,,,,,star_and_crescent,1,☪️,star and crescent,Symbols,religion
clinking_glasses,0.21912702353149166,0.7012064753007733,0.21912702353149166,0.21912702353149166,0.13147621411889499,0.15338891647204417,clinking_glasses,44,🥂,clinking glasses,Food & Drink,drink
scorpion,0.047531051946944396,0.28518631168166636,0.14259315584083318,0.09506210389388879,0.33271736362861076,0.0,scorpion,8,🦂,scorpion,Animals & Nature,animal-bug
taxi,0.1986621928508946,0.32091584998990663,0.06112682856950603,0.3667609714170362,0.09169024285425904,0.10697194999663555,taxi,14,🚕,taxi,Travel & Places,transport-ground
pig,0.1505149978319906,0.0,0.0,0.3010299956639812,0.0,0.1505149978319906,pig,4,🐖,pig,Animals & Nature,animal-mammal
lizard,,,,,,,lizard,1,🦎,lizard,Animals & Nature,animal-reptile
right_arrow,0.361917615925794,0.8613639259033897,0.22800809803325023,0.3148683258554408,0.34020255897024637,0.17010127948512319,right_arrow,189,➡️,right arrow,Symbols,arrow
woman_juggling,0.0,0.3010299956639812,0.0,0.0,0.0,0.3010299956639812,woman_juggling,4,🤹‍♀️,woman juggling,People & Body,person-sport
snowman,0.18342992751066725,0.957911843666818,0.14266772139718564,0.16304882445392646,0.20381103056740807,0.08152441222696323,snowman,54,☃️,snowman,Travel & Places,sky & weather
woman_in_tuxedo,0.0,0.0,0.0,0.0,0.0,0.0,woman_in_tuxedo,1,🤵‍♀️,woman in tuxedo,People & Body,person-role
oncoming_automobile,0.14464223700240902,0.5654196537366898,0.1972394140941941,0.18409011982124784,0.4470760052801733,0.052597177091785095,oncoming_automobile,39,🚘,oncoming automobile,Travel & Places,transport-ground
tiger,0.0896685093467178,0.2690055280401534,0.03842936114859334,0.11528808344578004,0.06404893524765558,0.02561957409906223,tiger,4,🐅,tiger,Animals & Nature,animal-mammal
vulcan_salute_dark_skin_tone,,,,,,,vulcan_salute_dark_skin_tone,1,🖖🏿,vulcan salute: dark skin tone,People & Body,hand-fingers-open
card_index,0.0,0.0,0.0,0.0,0.0,0.0,card_index,1,📇,card index,Objects,office
bookmark,0.0,0.0,0.0,0.0,0.0,0.0,bookmark,1,🔖,bookmark,Objects,book-paper
pushpin,0.299815191362765,1.2742145632917512,0.11867684658109447,0.26858444226247696,0.34353824010316825,0.12492299640115209,pushpin,269,📌,pushpin,Objects,office
prayer_beads,0.10460604209194216,0.41842416836776863,0.26151510522985544,0.3138181262758265,0.15690906313791325,0.0,prayer_beads,18,📿,prayer beads,Objects,clothing
woman_running,0.3171220075395326,0.7495611087298044,0.23063418730147828,0.1729756404761087,0.05765854682536957,0.14414636706342393,woman_running,47,🏃‍♀️,woman running,People & Body,person-activity
ice_cream,0.2952665994207004,0.44289989913105055,0.358538013582279,0.31635707080789327,0.06327141416157864,0.04218094277438576,ice_cream,33,🍨,ice cream,Food & Drink,food-sweet
full_moon_face,0.235867483813674,0.7257461040420738,0.235867483813674,0.27215478901577767,0.29029844161682955,0.07257461040420739,full_moon_face,68,🌝,full moon face,Travel & Places,sky & weather
wavy_dash,0.15904041823988746,0.0,0.0,0.15904041823988746,0.07952020911994373,0.07952020911994373,wavy_dash,3,〰️,wavy dash,Symbols,punctuation
magnifying_glass_tilted_right,0.30445220612875473,0.48435578247756433,0.37364588933983534,0.23525852291767407,0.16606483970659347,0.15222610306437737,magnifying_glass_tilted_right,52,🔎,magnifying glass tilted right,Objects,light & video
horizontal_traffic_light,0.0,0.1806179973983887,0.06020599913279624,0.0,0.0,0.06020599913279624,horizontal_traffic_light,2,🚥,horizontal traffic light,Travel & Places,transport-ground
guitar,0.2874389771160694,0.45990236338571105,0.08623169313482082,0.25869507940446246,0.2012072839812486,0.02874389771160694,guitar,21,🎸,guitar,Objects,musical-instrument
2nd_place_medal,0.13379110918399165,0.3344777729599791,0.06689555459199582,0.0,0.0,0.06689555459199582,2nd_place_medal,4,🥈,2nd place medal,Activities,award-medal
woman_in_lotus_position_medium_skin_tone,,,,,,,woman_in_lotus_position_medium_skin_tone,1,🧘🏽‍♀️,woman in lotus position: medium skin tone,People & Body,person-resting
potato,0.17473621212656262,0.34947242425312525,0.19657823864238297,0.06552607954746098,0.2184202651582033,0.10921013257910164,potato,13,🥔,potato,Food & Drink,food-vegetable
raised_fist_medium-light_skin_tone,,,,,,,raised_fist_medium-light_skin_tone,2,✊🏼,raised fist: medium-light skin tone,People & Body,hand-fingers-closed
microphone,0.2579449357046783,0.7242300117862122,0.30754973103250105,0.34723356729475924,0.1190515087867746,0.1190515087867746,microphone,75,🎤,microphone,Objects,music
goblin,0.2282696470154499,0.5732104469499075,0.08623519998361441,0.3347954822893265,0.17754305878979434,0.09130785880617996,goblin,31,👺,goblin,Smileys & Emotion,face-costume
backhand_index_pointing_left_light_skin_tone,0.3482498430808628,0.7351941131707104,0.2192684197175803,0.18057399270859556,0.2966572737355498,0.07738885401796952,backhand_index_pointing_left_light_skin_tone,72,👈🏻,backhand index pointing left: light skin tone,People & Body,hand-single-finger
face_without_mouth,0.3570446655324613,0.7552867924725143,0.17165608919829872,0.46003831905144055,0.25405101201348207,0.19225481990209453,face_without_mouth,155,😶,face without mouth,Smileys & Emotion,face-neutral-skeptical
victory_hand_light_skin_tone,0.36015089605377554,1.000419155704932,0.21008802269803575,0.3451446087182016,0.2551068847047577,0.14506077757721514,victory_hand_light_skin_tone,207,✌🏻,victory hand: light skin tone,People & Body,hand-fingers-partial
party_popper,0.2927599136575169,1.6756922330676756,0.25079083512619454,0.2159872090270492,0.40843078863408827,0.15763995350789375,party_popper,1003,🎉,party popper,Activities,event
goggles,,,,,,,goggles,5,🥽,goggles,Objects,clothing
man_in_lotus_position,0.17474250108400471,0.17474250108400471,0.1164950007226698,0.0582475003613349,0.1164950007226698,0.0582475003613349,man_in_lotus_position,5,🧘‍♂️,man in lotus position,People & Body,person-resting
heart_with_arrow,0.2755147848846363,1.5008305387136767,0.1595085596700526,0.2755147848846363,0.19576050504961,0.05075272353138037,heart_with_arrow,287,💘,heart with arrow,Smileys & Emotion,emotion
pinching_hand,0.050171665943996864,0.10034333188799373,0.0,0.050171665943996864,0.050171665943996864,0.050171665943996864,pinching_hand,2,🤏,pinching hand,People & Body,hand-fingers-partial
small_blue_diamond,0.16021425925511157,0.4806427777653347,0.0,0.0,0.16021425925511157,0.24032138888266735,small_blue_diamond,11,🔹,small blue diamond,Symbols,geometric
amphora,0.0,0.0,0.0,0.0,0.0,0.3010299956639812,amphora,2,🏺,amphora,Food & Drink,dishware
movie_camera,0.3107823010959188,0.6853148178012569,0.19921942377943516,0.5657831635335957,0.23109453158414478,0.07968776951177406,movie_camera,118,🎥,movie camera,Objects,light & video
spoon,0.0,0.0,0.0,0.0,0.0,0.0,spoon,1,🥄,spoon,Food & Drink,dishware
Taurus,0.0,0.10034333188799373,0.10034333188799373,0.0,0.0,0.10034333188799373,Taurus,2,♉,Taurus,Symbols,zodiac
open_file_folder,0.0,0.0,0.0,0.0,0.0,0.0,open_file_folder,1,📂,open file folder,Objects,office
spider_web,0.14084967333570947,0.5633986933428379,0.0,0.14084967333570947,0.0,0.0,spider_web,7,🕸️,spider web,Animals & Nature,animal-bug
tomato,0.10751071273713614,0.43004285094854455,0.21502142547427228,0.10751071273713614,0.28669523396569635,0.3583690424571205,tomato,32,🍅,tomato,Food & Drink,food-fruit
old_man,0.0,0.28169934667141894,0.2112745100035642,0.07042483666785473,0.07042483666785473,0.2112745100035642,old_man,7,👴,old man,People & Body,person
sushi,0.021502142547427227,0.10751071273713614,0.021502142547427227,0.08600857018970891,0.021502142547427227,0.043004285094854454,sushi,2,🍣,sushi,Food & Drink,food-asian
steaming_bowl,0.12041199826559248,0.06020599913279624,0.12041199826559248,0.0,0.12041199826559248,0.1806179973983887,steaming_bowl,4,🍜,steaming bowl,Food & Drink,food-asian
keycap_5,,,,,,,keycap_5,1,5️⃣,keycap: 5,Symbols,keycap
anchor,0.0,0.45154499349597177,0.0,0.0,0.0,0.45154499349597177,anchor,8,⚓,anchor,Travel & Places,transport-water
pot_of_food,0.061194792577942275,0.9056829301535456,0.2203012532805922,0.02447791703117691,0.3304518799208883,0.04895583406235382,pot_of_food,39,🍲,pot of food,Food & Drink,food-prepared
old_woman_medium-light_skin_tone,,,,,,,old_woman_medium-light_skin_tone,3,👵🏼,old woman: medium-light skin tone,People & Body,person
exploding_head,0.4515254813548391,0.7120209513672464,0.2489178935674113,0.4573142695773371,0.22576274067741955,0.2547066817899093,exploding_head,224,🤯,exploding head,Smileys & Emotion,face-unwell
lipstick,0.35060793143724456,1.1089881309591105,0.2362792581424909,0.28582168323688417,0.3010655063428513,0.1943587446010812,lipstick,300,💄,lipstick,Objects,clothing
railway_car,0.0,0.0,0.0,0.0,0.23856062735983122,0.23856062735983122,railway_car,3,🚃,railway car,Travel & Places,transport-ground
double_exclamation_mark,0.6967024154292524,0.7344547630633498,0.20248986458288618,0.33977112870687676,0.20248986458288618,0.20248986458288618,double_exclamation_mark,239,‼️,double exclamation mark,Symbols,punctuation
woman_judge_medium-light_skin_tone,,,,,,,woman_judge_medium-light_skin_tone,1,👩🏼‍⚖️,woman judge: medium-light skin tone,People & Body,person-role
stop_button,0.0,0.0,0.0,0.0,0.0,0.0,stop_button,1,⏹️,stop button,Symbols,av-symbol
pregnant_woman_medium-light_skin_tone,,,,,,,pregnant_woman_medium-light_skin_tone,6,🤰🏼,pregnant woman: medium-light skin tone,People & Body,person-role
drum,0.10372201189557878,0.33191043806585213,0.08297760951646303,0.1452108166538103,0.10372201189557878,0.18669962141204183,drum,9,🥁,drum,Objects,musical-instrument
red_heart,0.2894959258667949,1.7049179374815564,0.3825412065640227,0.36436219163788364,0.6233642860156712,0.71953713917331,red_heart,12140,❤️,red heart,Smileys & Emotion,emotion
OK_hand_medium_skin_tone,0.24970117905367378,0.6034445160463783,0.08323372635122459,0.3121264738170922,0.04161686317561229,0.12485058952683689,OK_hand_medium_skin_tone,26,👌🏽,OK hand: medium skin tone,People & Body,hand-fingers-partial
UP!_button,,,,,,,UP!_button,2,🆙,UP! button,Symbols,alphanum
ambulance,0.0,0.46689075023018617,0.0,0.15563025007672873,0.0,0.15563025007672873,ambulance,6,🚑,ambulance,Travel & Places,transport-ground
balance_scale,0.24608978427565478,0.49217956855130957,0.21532856124119792,0.15380611517228424,0.0,0.12304489213782739,balance_scale,17,⚖️,balance scale,Objects,tool
man_frowning_medium-dark_skin_tone,,,,,,,man_frowning_medium-dark_skin_tone,1,🙍🏾‍♂️,man frowning: medium-dark skin tone,People & Body,person-gesture
speaking_head,0.3170207628877191,0.851993300260745,0.17832417912434198,0.21795177448530687,0.05944139304144733,0.1386965837633771,speaking_head,58,🗣️,speaking head,People & Body,person-symbol
black_small_square,0.043478260869565216,0.21739130434782608,0.08695652173913043,0.17391304347826086,0.43478260869565216,0.043478260869565216,black_small_square,10,▪️,black small square,Symbols,geometric
water_closet,0.0,0.0,0.0,0.0,0.0,0.0,water_closet,1,🚾,water closet,Symbols,transport-sign
United_States,0.08646125004262707,0.3458450001705083,0.17292250008525414,0.08646125004262707,0.08646125004262707,0.0,United_States,6,🇺🇸,flag: United States,Flags,country-flag
man_cartwheeling_dark_skin_tone,0.05473272648436022,0.19156454269526077,0.02736636324218011,0.02736636324218011,0.0,0.0,man_cartwheeling_dark_skin_tone,2,🤸🏿‍♂️,man cartwheeling: dark skin tone,People & Body,person-sport
bullseye,0.29827233876685455,0.6507760118549553,0.10846266864249254,0.05423133432124627,0.29827233876685455,0.08134700148186941,bullseye,31,🎯,bullseye,Activities,game
man_scientist_medium_skin_tone,,,,,,,man_scientist_medium_skin_tone,1,👨🏽‍🔬,man scientist: medium skin tone,People & Body,person-role
woman_facepalming_light_skin_tone,0.4879323878092429,0.8088009689229299,0.29965412946980685,0.5966564524841287,0.30760954883626185,0.17236741960652607,woman_facepalming_light_skin_tone,471,🤦🏻‍♀️,woman facepalming: light skin tone,People & Body,person-gesture
raising_hands_medium-dark_skin_tone,,,,,,,raising_hands_medium-dark_skin_tone,2,🙌🏾,raising hands: medium-dark skin tone,People & Body,hands
woman_vampire,0.0,0.0,0.0,0.0,0.0,0.3010299956639812,woman_vampire,2,🧛‍♀️,woman vampire,People & Body,person-fantasy
woman_shrugging_medium-dark_skin_tone,,,,,,,woman_shrugging_medium-dark_skin_tone,4,🤷🏾‍♀️,woman shrugging: medium-dark skin tone,People & Body,person-gesture
kitchen_knife,0.5026156908604004,0.5178464693713215,0.274154013196582,0.38076946277303053,0.137077006598291,0.10661544957644854,kitchen_knife,83,🔪,kitchen knife,Food & Drink,dishware
closed_mailbox_with_raised_flag,0.043004285094854454,0.12901285528456335,0.08600857018970891,0.0,0.0,0.043004285094854454,closed_mailbox_with_raised_flag,2,📫,closed mailbox with raised flag,Objects,mail
woman_mechanic,0.1505149978319906,0.0752574989159953,0.0,0.0,0.0752574989159953,0.0,woman_mechanic,2,👩‍🔧,woman mechanic,People & Body,person-role
otter,0.44081847526086076,0.3526547802086886,0.08816369505217216,0.2644910851565165,0.0,0.0,otter,14,🦦,otter,Animals & Nature,animal-mammal
toolbox,0.0752574989159953,0.1505149978319906,0.0,0.0,0.0752574989159953,0.0,toolbox,2,🧰,toolbox,Objects,tool
white_flag,0.07692307692307693,0.6153846153846154,0.07692307692307693,0.07692307692307693,0.07692307692307693,0.07692307692307693,white_flag,10,🏳️,white flag,Flags,flag
egg,0.066718266316915,0.3780701757958517,0.0,0.0,0.11119711052819169,0.28911248737329837,egg,7,🥚,egg,Food & Drink,food-prepared
vertical_traffic_light,0.0,0.33447777295997905,0.06689555459199581,0.33447777295997905,0.10034333188799371,0.06689555459199581,vertical_traffic_light,8,🚦,vertical traffic light,Travel & Places,transport-ground
bus,0.1164950007226698,0.34948500216800943,0.1164950007226698,0.0,0.0,0.1164950007226698,bus,5,🚌,bus,Travel & Places,transport-ground
chequered_flag,0.2486170267622481,1.077340449303075,0.15653664647993396,0.22099291267755383,0.06445626619761986,0.10128841831054551,chequered_flag,74,🏁,chequered flag,Flags,flag
P_button,0.0,0.0,0.0,0.0,0.0,0.0,P_button,1,🅿️,P button,Symbols,alphanum
woman_cook_medium_skin_tone,0.0,0.0,0.0,0.0,0.0,0.0,woman_cook_medium_skin_tone,1,👩🏽‍🍳,woman cook: medium skin tone,People & Body,person-role
man_dancing_medium-light_skin_tone,,,,,,,man_dancing_medium-light_skin_tone,9,🕺🏼,man dancing: medium-light skin tone,People & Body,person-activity
smiling_face_with_horns,0.566604457891404,0.8813847122755174,0.22664178315656158,0.42390407590393925,0.4155099357870296,0.11332089157828079,smiling_face_with_horns,424,😈,smiling face with horns,Smileys & Emotion,face-negative
sign_of_the_horns_light_skin_tone,0.42379364381179524,0.6962324148336635,0.09081292367395612,0.27243877102186836,0.21189682190589762,0.07567743639496342,sign_of_the_horns_light_skin_tone,59,🤘🏻,sign of the horns: light skin tone,People & Body,hand-fingers-partial
man_tipping_hand_dark_skin_tone,0.0,0.0,0.0,0.0,0.0,0.0,man_tipping_hand_dark_skin_tone,1,💁🏿‍♂️,man tipping hand: dark skin tone,People & Body,person-gesture
red_circle,0.14158083369466823,0.7550977797048972,0.3775488898524486,0.11798402807889019,0.21237125054200234,0.09438722246311215,red_circle,50,🔴,red circle,Symbols,geometric
woman_student,0.3333333333333333,0.3333333333333333,0.0,0.0,0.3333333333333333,0.0,woman_student,10,👩‍🎓,woman student,People & Body,person-role
woman_detective_light_skin_tone,0.24032138888266735,0.08010712962755578,0.4005356481377789,0.08010712962755578,0.24032138888266735,0.0,woman_detective_light_skin_tone,11,🕵🏻‍♀️,woman detective: light skin tone,People & Body,person-role
office_building,0.16419817945308066,0.0,0.08209908972654033,0.08209908972654033,0.4925945383592419,0.08209908972654033,office_building,8,🏢,office building,Travel & Places,place-building
cut_of_meat,0.15904041823988746,0.15904041823988746,0.0,0.0,0.0,0.15904041823988746,cut_of_meat,3,🥩,cut of meat,Food & Drink,food-prepared
palms_up_together_light_skin_tone,0.1670749297252607,0.5608944069348037,0.22674454748428235,0.7757050308672818,0.179008853277065,0.19094277682886937,palms_up_together_light_skin_tone,126,🤲🏻,palms up together: light skin tone,People & Body,hands
person_in_tuxedo_medium_skin_tone,0.0,0.0,0.0,0.0,0.0,0.0,person_in_tuxedo_medium_skin_tone,1,🤵🏽,person in tuxedo: medium skin tone,People & Body,person-role
red_question_mark,0.5402378542354155,0.5993263695424141,0.22791284475556592,0.32920744242470634,0.2870013600625645,0.10973581414156879,red_question_mark,124,❓,red question mark,Symbols,punctuation
Santa_Claus_medium_skin_tone,0.0,0.0,0.0,0.0,0.0,0.0,Santa_Claus_medium_skin_tone,1,🎅🏽,Santa Claus: medium skin tone,People & Body,person-fantasy
man_dancing_light_skin_tone,0.23547816218435882,0.47095632436871765,0.21585498200232894,0.21585498200232894,0.31397088291247843,0.039246360364059804,man_dancing_light_skin_tone,31,🕺🏻,man dancing: light skin tone,People & Body,person-activity
person_with_skullcap,0.0,0.0,0.10034333188799373,0.10034333188799373,0.10034333188799373,0.0,person_with_skullcap,2,👲,person with skullcap,People & Body,person-role
blossom,0.1797148321295072,1.1474100820576227,0.21427537676979702,0.18662694105756517,0.2695722481942608,0.2695722481942608,blossom,185,🌼,blossom,Animals & Nature,plant-flower
shamrock,0.1914246068581977,0.730893953458573,0.1914246068581977,0.2784357917937421,0.1044134219226533,0.15662013288397994,shamrock,45,☘️,shamrock,Animals & Nature,plant-other
dress,0.1604933375710792,0.1604933375710792,0.3209866751421584,0.05349777919035973,0.48148001271323765,0.05349777919035973,dress,17,👗,dress,Objects,clothing
man_artist,0.0,0.0,0.0,0.0,0.0,0.0,man_artist,1,👨‍🎨,man artist,People & Body,person-role
man_fairy_dark_skin_tone,0.0,0.0,0.0,0.0,0.0,0.0,man_fairy_dark_skin_tone,1,🧚🏿‍♂️,man fairy: dark skin tone,People & Body,person-fantasy
woman_teacher,0.15904041823988746,0.3180808364797749,0.0,0.0,0.0,0.0,woman_teacher,3,👩‍🏫,woman teacher,People & Body,person-role
ghost,0.2973324004427707,0.7027856737738217,0.23426189125794056,0.44149356429381104,0.23426189125794056,0.0810906546662102,ghost,98,👻,ghost,Smileys & Emotion,face-costume
white_exclamation_mark,0.08202992809188492,0.6015528060071561,0.21874647491169313,0.27343309363961643,0.0,0.054686618727923283,white_exclamation_mark,17,❕,white exclamation mark,Symbols,punctuation
olive,0.0,0.0,0.0,0.0,0.0,0.0,olive,1,🫒,olive,Food & Drink,food-fruit
fairy_light_skin_tone,0.04577360296374374,0.5035096326011812,0.13732080889123124,0.04577360296374374,0.0,0.04577360296374374,fairy_light_skin_tone,6,🧚🏻,fairy: light skin tone,People & Body,person-fantasy
woman_police_officer_light_skin_tone,0.0752574989159953,0.0752574989159953,0.22577249674798588,0.1505149978319906,0.0752574989159953,0.0,woman_police_officer_light_skin_tone,4,👮🏻‍♀️,woman police officer: light skin tone,People & Body,person-role
house,0.321252316960805,0.6245950970875581,0.1746179841320055,0.49475095504068217,0.2137950959564939,0.07947356970110506,house,81,🏠,house,Travel & Places,place-building
Azerbaijan,0.09319600057813585,0.4659800028906792,0.0,0.04659800028906792,0.04659800028906792,0.04659800028906792,Azerbaijan,5,🇦🇿,flag: Azerbaijan,Flags,country-flag
breast-feeding_light_skin_tone,,,,,,,breast-feeding_light_skin_tone,1,🤱🏻,breast-feeding: light skin tone,People & Body,person-role
check_mark_button,0.4027827294688169,0.7900738154965253,0.2044896934226301,0.5019292474919103,0.3098328688221668,0.28504623931639345,check_mark_button,312,✅,check mark button,Symbols,other-symbol
man_raising_hand,0.4045843141723907,0.5924270314667149,0.15894383771058204,0.30343823562929306,0.23119103666993754,0.11559551833496877,man_raising_hand,64,🙋‍♂️,man raising hand,People & Body,person-gesture
TOP_arrow,0.0,0.4659800028906792,0.0,0.0,0.0,0.2329900014453396,TOP_arrow,5,🔝,TOP arrow,Symbols,arrow
woman_farmer_light_skin_tone,0.0,0.0,0.0,0.0,0.0,0.0,woman_farmer_light_skin_tone,1,👩🏻‍🌾,woman farmer: light skin tone,People & Body,person-role
woman_astronaut_light_skin_tone,0.0,0.0,0.0,0.7243697485836487,0.1207282914306081,0.0,woman_astronaut_light_skin_tone,7,👩🏻‍🚀,woman astronaut: light skin tone,People & Body,person-role
Capricorn,0.0,0.0,0.0,0.0,0.0,0.0,Capricorn,1,♑,Capricorn,Symbols,zodiac
couple_with_heart_woman_man,0.10034333188799373,0.20068666377598746,0.0,0.0,0.0,0.0,couple_with_heart_woman_man,2,👩‍❤️‍👨,"couple with heart: woman, man",People & Body,family
man_getting_massage,0.0,0.0,0.0,0.0,0.0,0.0,man_getting_massage,1,💆‍♂️,man getting massage,People & Body,person-activity
weary_face,0.43254848456746375,0.9262179506498952,0.24448392605987082,0.43254848456746375,0.31030652153752836,0.12224196302993541,weary_face,294,😩,weary face,Smileys & Emotion,face-concerned
oncoming_taxi,0.23344537511509308,0.15563025007672873,0.07781512503836437,0.15563025007672873,0.07781512503836437,0.07781512503836437,oncoming_taxi,6,🚖,oncoming taxi,Travel & Places,transport-ground
hibiscus,0.32508047863823597,1.0836015954607867,0.18285776923400773,0.2099478091205274,0.243810358978677,0.14222270940422826,hibiscus,154,🌺,hibiscus,Animals & Nature,plant-flower
woman_pilot,0.0,0.0,0.0,0.0,0.0,0.0,woman_pilot,1,👩‍✈️,woman pilot,People & Body,person-role
multiply,0.2352182518111363,0.09408730072445451,0.2352182518111363,0.5174801539844998,0.0,0.09408730072445451,multiply,15,✖️,multiply,Symbols,math
woman_teacher_medium_skin_tone,0.0,0.0,0.0,0.0,0.0,0.0,woman_teacher_medium_skin_tone,1,👩🏽‍🏫,woman teacher: medium skin tone,People & Body,person-role
Santa_Claus,0.18175395964617733,0.7497350835404815,0.09087697982308866,0.0681577348673165,0.0681577348673165,0.04543848991154433,Santa_Claus,16,🎅,Santa Claus,People & Body,person-fantasy
factory,0.17040044811416516,0.3067208066054973,0.08520022405708258,0.17040044811416516,0.17040044811416516,0.051120134434249544,factory,9,🏭,factory,Travel & Places,place-building
baby_bottle,0.12121212121212122,0.3333333333333333,0.21212121212121213,0.030303030303030304,0.18181818181818182,0.12121212121212122,baby_bottle,10,🍼,baby bottle,Food & Drink,drink
woman_facepalming_dark_skin_tone,0.0,0.3612359947967774,0.0,0.12041199826559248,0.12041199826559248,0.0,woman_facepalming_dark_skin_tone,4,🤦🏿‍♀️,woman facepalming: dark skin tone,People & Body,person-gesture
rocket,0.29672054913525764,0.9543174418133962,0.16038948601905817,0.22454528042668145,0.4009737150476455,0.11227264021334073,rocket,141,🚀,rocket,Travel & Places,transport-air
open_book,0.20260000125681707,0.7091000043988598,0.18234000113113535,0.08104000050272682,0.20260000125681707,0.020260000125681705,open_book,25,📖,open book,Objects,book-paper
hundred_points,0.2050038552584241,0.9461716396542651,0.189234327930853,0.5755877474563446,0.29962101922385065,0.07884763663785543,hundred_points,197,💯,hundred points,Smileys & Emotion,emotion
Austria,0.0,0.0,0.0,0.0,0.0,0.0,Austria,1,🇦🇹,flag: Austria,Flags,country-flag
man_raising_hand_medium-dark_skin_tone,,,,,,,man_raising_hand_medium-dark_skin_tone,1,🙋🏾‍♂️,man raising hand: medium-dark skin tone,People & Body,person-gesture
woman_office_worker_light_skin_tone,0.20068666377598746,0.0,0.10034333188799373,0.0,0.0,0.0,woman_office_worker_light_skin_tone,2,👩🏻‍💼,woman office worker: light skin tone,People & Body,person-role
locked_with_pen,0.0,0.0,0.0,0.0,0.0,0.0,locked_with_pen,1,🔏,locked with pen,Objects,lock
oncoming_fist_medium-light_skin_tone,,,,,,,oncoming_fist_medium-light_skin_tone,58,👊🏼,oncoming fist: medium-light skin tone,People & Body,hand-fingers-closed
boy_medium_skin_tone,0.3180808364797749,0.15904041823988746,0.0,0.0,0.0,0.0,boy_medium_skin_tone,3,👦🏽,boy: medium skin tone,People & Body,person
raised_fist,0.2201015986980204,0.6327920962568088,0.13756349918626276,0.33015239804703067,0.19258889886076785,0.1100507993490102,raised_fist,42,✊,raised fist,People & Body,hand-fingers-closed
middle_finger,0.47341938839758335,0.5917742354969793,0.05917742354969792,0.17753227064909377,0.14794355887424482,0.11835484709939584,middle_finger,37,🖕,middle finger,People & Body,hand-single-finger
baguette_bread,0.1207282914306081,0.36218487429182433,0.040242763810202704,0.08048552762040541,0.08048552762040541,0.16097105524081082,baguette_bread,7,🥖,baguette bread,Food & Drink,food-prepared
woman_technologist_medium-light_skin_tone,,,,,,,woman_technologist_medium-light_skin_tone,4,👩🏼‍💻,woman technologist: medium-light skin tone,People & Body,person-role
cat,0.38552287548995695,0.4970377568300272,0.16567925227667574,0.3090555282853374,0.23258818108071783,0.22302976268014038,cat,65,🐈,cat,Animals & Nature,animal-mammal
Leo,0.0,0.0,0.0,0.0,0.0,0.0,Leo,1,♌,Leo,Symbols,zodiac
man_swimming_medium-light_skin_tone,,,,,,,man_swimming_medium-light_skin_tone,2,🏊🏼‍♂️,man swimming: medium-light skin tone,People & Body,person-sport
cold_face,0.5227339080223317,0.3097682417910113,0.11616309067162925,0.2323261813432585,0.2323261813432585,0.15488412089550566,cold_face,37,🥶,cold face,Smileys & Emotion,face-unwell
woman_running_medium_skin_tone,0.2593837501278812,0.0,0.3890756251918218,0.0,0.0648459375319703,0.0648459375319703,woman_running_medium_skin_tone,6,🏃🏽‍♀️,woman running: medium skin tone,People & Body,person-activity
ice,0.16419817945308063,0.21893090593744088,0.10946545296872044,0.05473272648436022,0.0,0.05473272648436022,ice,4,🧊,ice,Food & Drink,drink
brown_heart,0.2268857654877415,0.4821322516614507,0.31196792754564456,0.14180360342983844,0.2836072068596769,0.08508216205790306,brown_heart,34,🤎,brown heart,Smileys & Emotion,emotion
videocassette,0.0,0.19084850188786498,0.09542425094393249,0.09542425094393249,0.0,0.09542425094393249,videocassette,3,📼,videocassette,Objects,light & video
skis,0.27182166835289623,0.2329900014453396,0.0776633338151132,0.0,0.0388316669075566,0.0776633338151132,skis,5,🎿,skis,Activities,sport
family_man_woman_boy_boy,,,,,,,family_man_woman_boy_boy,1,👨‍👩‍👦‍👦,"family: man, woman, boy, boy",People & Body,family
woman_walking_medium-light_skin_tone,,,,,,,woman_walking_medium-light_skin_tone,1,🚶🏼‍♀️,woman walking: medium-light skin tone,People & Body,person-activity
cyclone,0.09986258819713865,0.6990381173799706,0.033287529399046216,0.1664376469952311,0.23301270579332353,0.1997251763942773,cyclone,27,🌀,cyclone,Travel & Places,sky & weather
breast-feeding_medium-light_skin_tone,,,,,,,breast-feeding_medium-light_skin_tone,2,🤱🏼,breast-feeding: medium-light skin tone,People & Body,person-role
bathtub,0.157673749433616,0.5016892027433236,0.04300193166371346,0.21500965831856728,0.18634170387609167,0.25801158998228074,bathtub,23,🛁,bathtub,Objects,household
backhand_index_pointing_right_medium-light_skin_tone,,,,,,,backhand_index_pointing_right_medium-light_skin_tone,154,👉🏼,backhand index pointing right: medium-light skin tone,People & Body,hand-single-finger
woman_raising_hand_dark_skin_tone,,,,,,,woman_raising_hand_dark_skin_tone,1,🙋🏿‍♀️,woman raising hand: dark skin tone,People & Body,person-gesture
health_worker,,,,,,,health_worker,1,🧑‍⚕️,health worker,People & Body,person-role
ear_light_skin_tone,0.0,0.3383266306015842,0.23682864142110896,0.10149798918047526,0.06766532612031684,0.03383266306015842,ear_light_skin_tone,6,👂🏻,ear: light skin tone,People & Body,body-parts
pound_banknote,0.0,0.3010299956639812,0.0,0.0,0.3010299956639812,0.0,pound_banknote,4,💷,pound banknote,Objects,money
ribbon,0.13795557904527544,0.8595693771282545,0.18040344952074477,0.22285131999621416,0.2334632876150815,0.1061196761886734,ribbon,55,🎀,ribbon,Activities,event
woman_facepalming_medium_skin_tone,0.36010569606987686,0.5892638662961621,0.2455266109567342,0.21278972949583633,0.18005284803493843,0.0654737629217958,woman_facepalming_medium_skin_tone,45,🤦🏽‍♀️,woman facepalming: medium skin tone,People & Body,person-gesture
infinity,0.18565722538447277,0.43320019256376985,0.0,0.12377148358964851,0.12377148358964851,0.24754296717929702,infinity,13,♾️,infinity,Symbols,math
backhand_index_pointing_down_light_skin_tone,0.27939341386222255,1.2406092872414285,0.21787559796595338,0.1922431746758412,0.3178420487973908,0.13585184343759446,backhand_index_pointing_down_light_skin_tone,242,👇🏻,backhand index pointing down: light skin tone,People & Body,hand-single-finger
luggage,0.07074102276214943,0.4244461365728965,0.0,0.21222306828644824,0.0,0.07074102276214943,luggage,6,🧳,luggage,Travel & Places,hotel
dog_face,0.02431566025143792,1.4663079969806505,0.025789336630312947,0.03242088033525056,0.7206277492698875,0.7471539240896379,dog_face,1039,🐶,dog face,Animals & Nature,animal-mammal
gear,0.1806179973983887,0.4176791189837739,0.05966844556911056,0.09675964146342252,0.10482294491870774,0.04354183865854014,gear,8,⚙️,gear,Objects,tool
dragon,0.2777047160421934,0.20827853703164503,0.0,0.20827853703164503,0.20827853703164503,0.1388523580210967,dragon,11,🐉,dragon,Animals & Nature,animal-reptile
woman_gesturing_OK,0.23070917275842634,0.30761223034456847,0.4614183455168527,0.1922576439653553,0.03845152879307106,0.0,woman_gesturing_OK,17,🙆‍♀️,woman gesturing OK,People & Body,person-gesture
family_woman_girl,0.1207282914306081,0.27595038041281855,0.18971588653381274,0.1724689877580116,0.0862344938790058,0.0,family_woman_girl,7,👩‍👧,"family: woman, girl",People & Body,family
bento_box,0.0,0.0,0.0752574989159953,0.0,0.0752574989159953,0.1505149978319906,bento_box,2,🍱,bento box,Food & Drink,food-asian
eggplant,0.06276362525516531,0.6903998778068183,0.12552725051033062,0.12552725051033062,0.06276362525516531,0.18829087576549589,eggplant,18,🍆,eggplant,Food & Drink,food-vegetable
trident_emblem,0.125,0.25,0.0,0.5,0.0,0.125,trident_emblem,10,🔱,trident emblem,Symbols,other-symbol
ID_button,0.0,0.0,0.0,0.0,0.0,0.0,ID_button,1,🆔,ID button,Symbols,alphanum
loudly_crying_face,0.492757038889035,1.2016232362622612,0.4779743277223639,0.5075397500557061,0.5469603131668288,0.18795161340481764,loudly_crying_face,2599,😭,loudly crying face,Smileys & Emotion,face-concerned
thumbs_down_medium-light_skin_tone,,,,,,,thumbs_down_medium-light_skin_tone,78,👎🏼,thumbs down: medium-light skin tone,People & Body,hand-fingers-closed
pleading_face,0.48320693719491853,1.4580310589093506,0.370815450220784,0.5856590409672588,0.4388619967561443,0.15520729153570959,pleading_face,3103,🥺,pleading face,Smileys & Emotion,face-concerned
old_man_medium-light_skin_tone,,,,,,,old_man_medium-light_skin_tone,6,👴🏼,old man: medium-light skin tone,People & Body,person
airplane_departure,0.10626455971002298,0.573828622434124,0.04250582388400918,0.06375873582601378,0.06375873582601378,0.19127620747804136,airplane_departure,11,🛫,airplane departure,Travel & Places,transport-air
baseball,0.03344777729599791,0.06689555459199582,0.03344777729599791,0.13379110918399165,0.0,0.03344777729599791,baseball,2,⚾,baseball,Activities,sport
bell,0.2595230256528315,0.7556699864597152,0.1679266636577145,0.1679266636577145,0.20609181448901323,0.0763303016625975,bell,43,🔔,bell,Objects,sound
man,0.20290304937844406,0.3838706339592185,0.0749461713920379,0.2577417113726181,0.16817189678213382,0.05849457279378567,man,14,👨,man,People & Body,person
cup_with_straw,0.1173747277797579,0.9389978222380632,0.14084967333570947,0.1173747277797579,0.28169934667141894,0.09389978222380631,cup_with_straw,49,🥤,cup with straw,Food & Drink,drink
grinning_cat_with_smiling_eyes,0.334183005692051,0.2970515606151565,0.18565722538447277,0.07426289015378912,0.03713144507689456,0.18565722538447277,grinning_cat_with_smiling_eyes,13,😸,grinning cat with smiling eyes,Smileys & Emotion,cat-face
clapping_hands,0.8223697074229378,1.5049001074088528,0.3609260337201367,0.43305915878541656,0.4062370942304569,0.19530629530310428,clapping_hands,5282,👏,clapping hands,People & Body,hands
person_swimming_medium-light_skin_tone,,,,,,,person_swimming_medium-light_skin_tone,1,🏊🏼,person swimming: medium-light skin tone,People & Body,person-sport
prohibited,0.6516606358017056,0.09836386955497443,0.45493289669175674,0.252057415734622,0.3258303179008528,0.09221612770778853,prohibited,75,🚫,prohibited,Symbols,warning
clockwise_vertical_arrows,0.0,0.0,0.0,0.0,0.0,0.0,clockwise_vertical_arrows,1,🔃,clockwise vertical arrows,Symbols,arrow
Canada,0.03344777729599791,0.20068666377598746,0.03344777729599791,0.03344777729599791,0.0,0.0,Canada,2,🇨🇦,flag: Canada,Flags,country-flag
woman_gesturing_NO_medium-dark_skin_tone,,,,,,,woman_gesturing_NO_medium-dark_skin_tone,2,🙅🏾‍♀️,woman gesturing NO: medium-dark skin tone,People & Body,person-gesture
man_dark_skin_tone_bald,,,,,,,man_dark_skin_tone_bald,1,👨🏿‍🦲,"man: dark skin tone, bald",People & Body,person
doughnut,0.09293071397599866,0.7899110687959886,0.0,0.13939607096399798,0.13939607096399798,0.13939607096399798,doughnut,20,🍩,doughnut,Food & Drink,food-sweet
woman_getting_haircut_light_skin_tone,0.0,0.0,0.0,0.0,0.0,0.0,woman_getting_haircut_light_skin_tone,1,💇🏻‍♀️,woman getting haircut: light skin tone,People & Body,person-activity
person_rowing_boat,0.14148204552429886,0.4244461365728965,0.0,0.07074102276214943,0.0,0.14148204552429886,person_rowing_boat,6,🚣,person rowing boat,People & Body,person-sport
minus,0.0,0.24082399653118497,0.0,0.12041199826559248,0.0,0.24082399653118497,minus,4,➖,minus,Symbols,math
person_light_skin_tone,,,,,,,person_light_skin_tone,1,🧑🏻,person: light skin tone,People & Body,person
footprints,0.5273445446901532,0.35156302979343546,0.20089315988196313,0.2511164498524539,0.02511164498524539,0.07533493495573618,footprints,27,👣,footprints,People & Body,person-symbol
waving_hand_dark_skin_tone,0.12901285528456335,0.043004285094854454,0.08600857018970891,0.0,0.043004285094854454,0.0,waving_hand_dark_skin_tone,2,👋🏿,waving hand: dark skin tone,People & Body,hand-fingers-open
Santa_Claus_medium-light_skin_tone,,,,,,,Santa_Claus_medium-light_skin_tone,2,🎅🏼,Santa Claus: medium-light skin tone,People & Body,person-fantasy
man_climbing,0.0,0.0,0.0,0.0,0.0,0.0,man_climbing,1,🧗‍♂️,man climbing,People & Body,person-activity
Israel,0.0,0.0,0.3010299956639812,0.0,0.0,0.0,Israel,2,🇮🇱,flag: Israel,Flags,country-flag
person_raising_hand_medium_skin_tone,0.0,0.0,0.0,0.0,0.0,0.0,person_raising_hand_medium_skin_tone,1,🙋🏽,person raising hand: medium skin tone,People & Body,person-gesture
woman_blond_hair,0.0,0.11928031367991561,0.11928031367991561,0.11928031367991561,0.0,0.11928031367991561,woman_blond_hair,3,👱‍♀️,woman: blond hair,People & Body,person
woman_frowning,0.0,0.0,0.0,0.0,0.0,0.0,woman_frowning,1,🙍‍♀️,woman frowning,People & Body,person-gesture
Brazil,0.0,1.0133108764291667,0.1447586966327381,0.036189674158184526,0.036189674158184526,0.0,Brazil,17,🇧🇷,flag: Brazil,Flags,country-flag
funeral_urn,0.0,0.23856062735983122,0.0,0.0,0.0,0.23856062735983122,funeral_urn,3,⚱️,funeral urn,Objects,other-object
zzz,0.15220004528955877,0.2905637228255213,0.15220004528955877,0.3459091938399063,0.15220004528955877,0.0830182065215775,zzz,15,💤,zzz,Smileys & Emotion,emotion
woman_vampire_light_skin_tone,0.0,0.0,0.0,0.0,0.0,0.0,woman_vampire_light_skin_tone,1,🧛🏻‍♀️,woman vampire: light skin tone,People & Body,person-fantasy
cat_face,0.02649452206052569,1.4623504259517932,0.03606198836015997,0.02428664522214855,0.7227116850954508,0.7366949050718394,cat_face,1020,🐱,cat face,Animals & Nature,animal-mammal
bell_pepper,,,,,,,bell_pepper,1,🫑,bell pepper,Food & Drink,food-vegetable
man_police_officer_medium_skin_tone,0.0,0.0,0.0,0.0,0.0,0.0,man_police_officer_medium_skin_tone,1,👮🏽‍♂️,man police officer: medium skin tone,People & Body,person-role
left_arrow,0.22719605179949998,0.17039703884962498,0.11359802589974999,0.22719605179949998,0.17039703884962498,0.17039703884962498,left_arrow,12,⬅️,left arrow,Symbols,arrow
bird,0.3933388096712156,0.43677888780499763,0.1198565659457634,0.1980169985003419,0.18041901064322588,0.08656307540527358,bird,26,🐦,bird,Animals & Nature,animal-bird
stethoscope,0.022720059748555354,0.13632035849133212,0.20448053773699817,0.04544011949711071,0.06816017924566606,0.0,stethoscope,3,🩺,stethoscope,Objects,medical
man_playing_handball,0.0,0.27264071698266423,0.06816017924566606,0.0,0.06816017924566606,0.06816017924566606,man_playing_handball,3,🤾‍♂️,man playing handball,People & Body,person-sport
mouse_face,0.0,0.45154499349597177,0.0,0.0,0.0,0.45154499349597177,mouse_face,8,🐭,mouse face,Animals & Nature,animal-mammal
chart_decreasing,0.1505149978319906,0.0,0.0,0.0,0.0752574989159953,0.0752574989159953,chart_decreasing,2,📉,chart decreasing,Objects,office
dumpling,0.0,0.0,0.0,0.0,0.0,0.3010299956639812,dumpling,2,🥟,dumpling,Food & Drink,food-asian
Statue_of_Liberty,0.056131912319960287,0.5613191231996029,0.056131912319960287,0.056131912319960287,0.0,0.22452764927984115,Statue_of_Liberty,9,🗽,Statue of Liberty,Travel & Places,place-building
men_holding_hands,0.08737125054200236,0.2621137516260071,0.08737125054200236,0.08737125054200236,0.08737125054200236,0.08737125054200236,men_holding_hands,5,👬,men holding hands,People & Body,family
man_medium-light_skin_tone,,,,,,,man_medium-light_skin_tone,3,👨🏼,man: medium-light skin tone,People & Body,person
ox,0.0,0.13379110918399165,0.2675822183679833,0.13379110918399165,0.0,0.06689555459199582,ox,4,🐂,ox,Animals & Nature,animal-mammal
printer,0.13474120565513617,0.31439614652865105,0.07017771127871675,0.0757919281810141,0.07017771127871675,0.03368530141378404,printer,5,🖨️,printer,Objects,computer
honey_pot,0.20161564440954538,0.33602607401590895,0.16801303700795447,0.03360260740159089,0.10080782220477269,0.33602607401590895,honey_pot,15,🍯,honey pot,Food & Drink,food-sweet
woman_getting_massage_medium-light_skin_tone,,,,,,,woman_getting_massage_medium-light_skin_tone,7,💆🏼‍♀️,woman getting massage: medium-light skin tone,People & Body,person-activity
keycap_4,0.08978668273657427,0.44893341368287126,0.029928894245524758,0.11971557698209903,0.029928894245524758,0.059857788491049516,keycap_4,6,4️⃣,keycap: 4,Symbols,keycap
magic_wand,0.12041199826559248,0.12041199826559248,0.12041199826559248,0.12041199826559248,0.12041199826559248,0.0,magic_wand,4,🪄,magic wand,Activities,game
raising_hands,0.31904527620992845,1.0767778072085086,0.14456739078262382,0.2741795342429073,0.3439706884138291,0.15952263810496423,raising_hands,208,🙌,raising hands,People & Body,hands
canned_food,0.0,0.12041199826559248,0.0,0.0,0.06020599913279624,0.12041199826559248,canned_food,2,🥫,canned food,Food & Drink,food-prepared
palm_tree,0.20174894848507044,0.8607955135363007,0.14794922888905165,0.06724964949502349,0.16139915878805638,0.24209873818208452,palm_tree,48,🌴,palm tree,Animals & Nature,plant-other
peanuts,0.031771363833455406,0.28594227450109866,0.12708545533382162,0.0953140915003662,0.031771363833455406,0.12708545533382162,peanuts,5,🥜,peanuts,Food & Drink,food-vegetable
BACK_arrow,0.0,0.2621137516260071,0.17474250108400471,0.08737125054200236,0.08737125054200236,0.08737125054200236,BACK_arrow,5,🔙,BACK arrow,Symbols,arrow
Japanese_free_of_charge_button,0.0,0.0,0.0,0.0,0.0,0.0,Japanese_free_of_charge_button,1,🈚,Japanese “free of charge” button,Symbols,alphanum
house_with_garden,0.12569795409393164,0.5027918163757266,0.14664761310958693,0.31424488523482913,0.20949659015655275,0.06284897704696582,house_with_garden,23,🏡,house with garden,Travel & Places,place-building
woman_dancing_dark_skin_tone,0.0776633338151132,0.38831666907556606,0.0,0.0776633338151132,0.1553266676302264,0.0,woman_dancing_dark_skin_tone,5,💃🏿,woman dancing: dark skin tone,People & Body,person-activity
up-left_arrow,,,,,,,up-left_arrow,2,↖️,up-left arrow,Symbols,arrow
woman_gesturing_NO_medium-light_skin_tone,,,,,,,woman_gesturing_NO_medium-light_skin_tone,7,🙅🏼‍♀️,woman gesturing NO: medium-light skin tone,People & Body,person-gesture
oncoming_fist_dark_skin_tone,0.12334764782400334,0.37004294347201,0.0,0.08223176521600221,0.0,0.12334764782400334,oncoming_fist_dark_skin_tone,5,👊🏿,oncoming fist: dark skin tone,People & Body,hand-fingers-closed
wrapped_gift,0.3182730885116308,1.4803779040002518,0.18606734405295336,0.20565338026905372,0.35744516094383144,0.11588404761192708,wrapped_gift,461,🎁,wrapped gift,Activities,event
person_getting_haircut_light_skin_tone,,,,,,,person_getting_haircut_light_skin_tone,1,💇🏻,person getting haircut: light skin tone,People & Body,person-activity
seven-thirty,,,,,,,seven-thirty,1,🕢,seven-thirty,Travel & Places,time
stop_sign,0.06020599913279624,0.12041199826559248,0.0,0.03010299956639812,0.06020599913279624,0.03010299956639812,stop_sign,2,🛑,stop sign,Travel & Places,transport-ground
person_gesturing_OK_medium-light_skin_tone,,,,,,,person_gesturing_OK_medium-light_skin_tone,15,🙆🏼,person gesturing OK: medium-light skin tone,People & Body,person-gesture
small_airplane,0.0,0.11928031367991561,0.0,0.11928031367991561,0.0,0.23856062735983122,small_airplane,3,🛩️,small airplane,Travel & Places,transport-air
white_flower,0.043004285094854454,0.47304713604339904,0.08600857018970891,0.08600857018970891,0.08600857018970891,0.12901285528456335,white_flower,8,💮,white flower,Animals & Nature,plant-flower
ticket,0.0,0.15904041823988746,0.15904041823988746,0.0,0.0,0.15904041823988746,ticket,3,🎫,ticket,Activities,event
Paraguay,0.0,0.0,0.0,0.0,0.0,0.0,Paraguay,1,🇵🇾,flag: Paraguay,Flags,country-flag
peach,0.11249215368453509,0.5785310760918947,0.17677338436141227,0.16070307669219297,0.30533584571516664,0.1285624613537544,peach,29,🍑,peach,Food & Drink,food-fruit
thumbs_up_medium-dark_skin_tone,,,,,,,thumbs_up_medium-dark_skin_tone,19,👍🏾,thumbs up: medium-dark skin tone,People & Body,hand-fingers-closed
loudspeaker,0.31611724276014463,0.6178655199402827,0.1149517246400526,0.2730103460201249,0.31611724276014463,0.08621379348003945,loudspeaker,53,📢,loudspeaker,Objects,sound
glowing_star,0.3021634364819257,1.2353152256172841,0.26217121694755313,0.2777237467664758,0.28883269663713484,0.27328016681821216,glowing_star,436,🌟,glowing star,Travel & Places,sky & weather
sports_medal,0.08785340877532857,0.7028272702026286,0.24159687413215358,0.04392670438766429,0.08785340877532857,0.1976701697444893,sports_medal,23,🏅,sports medal,Activities,award-medal
hotel,0.11641656673665782,0.3018207285765203,0.06036414571530405,0.14228691490035955,0.1767807124519619,0.047428971633453186,hotel,7,🏨,hotel,Travel & Places,place-building
biohazard,0.20068666377598746,0.0,0.0,0.0,0.0,0.4013733275519749,biohazard,4,☣️,biohazard,Symbols,warning
vampire,0.0,0.0,0.3010299956639812,0.0,0.0,0.0,vampire,2,🧛,vampire,People & Body,person-fantasy
woman_police_officer,,,,,,,woman_police_officer,1,👮‍♀️,woman police officer,People & Body,person-role
person_running_medium_skin_tone,0.0,0.0,0.0,0.0,0.0,0.0,person_running_medium_skin_tone,1,🏃🏽,person running: medium skin tone,People & Body,person-activity
partying_face,0.35895801782369013,1.3151986390753236,0.15888305706950218,0.49528360382776915,0.7247813529281611,0.09611444193093342,partying_face,1410,🥳,partying face,Smileys & Emotion,face-hat
face_savoring_food,0.4146187069730993,1.2033584797730883,0.2661273561036637,0.3721926067246891,0.3934056568488943,0.19477436932224668,face_savoring_food,699,😋,face savoring food,Smileys & Emotion,face-tongue
motorway,0.0,0.47712125471966244,0.0,0.0,0.0,0.0,motorway,3,🛣️,motorway,Travel & Places,transport-ground
black_nib,0.0,0.0,0.1505149978319906,0.0,0.0,0.1505149978319906,black_nib,2,✒️,black nib,Objects,writing
woman_health_worker,0.007592935148826545,0.751700579733828,0.05315054604178582,0.5163195901202051,0.3872396925901538,0.0,woman_health_worker,52,👩‍⚕️,woman health worker,People & Body,person-role
Aquarius,0.10034333188799373,0.0,0.0,0.10034333188799373,0.0,0.10034333188799373,Aquarius,2,♒,Aquarius,Symbols,zodiac
man_mechanic_light_skin_tone,0.0,0.1505149978319906,0.0,0.0,0.1505149978319906,0.0,man_mechanic_light_skin_tone,2,👨🏻‍🔧,man mechanic: light skin tone,People & Body,person-role
persevering_face,0.3399762983032042,0.7959445101451487,0.39597239449432015,0.4799665387809942,0.22398438476446395,0.12399135585175682,persevering_face,229,😣,persevering face,Smileys & Emotion,face-concerned
man_shrugging_medium_skin_tone,0.060205999132796235,0.24082399653118494,0.1806179973983887,0.30102999566398114,0.12041199826559247,0.0,man_shrugging_medium_skin_tone,8,🤷🏽‍♂️,man shrugging: medium skin tone,People & Body,person-gesture
swan,0.0,0.0,0.0,0.0,0.0,0.0,swan,1,🦢,swan,Animals & Nature,animal-bird
woman_lifting_weights,0.0,0.0,0.0,0.0,0.0,0.3010299956639812,woman_lifting_weights,2,🏋️‍♀️,woman lifting weights,People & Body,person-sport
call_me_hand_medium-light_skin_tone,,,,,,,call_me_hand_medium-light_skin_tone,14,🤙🏼,call me hand: medium-light skin tone,People & Body,hand-fingers-partial
writing_hand_dark_skin_tone,0.0,0.0,0.0,0.0,0.0,0.0,writing_hand_dark_skin_tone,1,✍🏿,writing hand: dark skin tone,People & Body,hand-prop
waxing_gibbous_moon,0.0,0.0,0.0,0.0,0.0,0.0,waxing_gibbous_moon,1,🌔,waxing gibbous moon,Travel & Places,sky & weather
flexed_biceps_medium-light_skin_tone,,,,,,,flexed_biceps_medium-light_skin_tone,84,💪🏼,flexed biceps: medium-light skin tone,People & Body,body-parts
beating_heart,0.32226474239834085,1.0786003623128144,0.2499195961456521,0.29595741648827223,0.21045860728054913,0.2301891017131006,beating_heart,244,💓,beating heart,Smileys & Emotion,emotion
pig_face,0.19351928292684503,0.2580257105691267,0.19351928292684503,0.12901285528456335,0.06450642764228168,0.06450642764228168,pig_face,8,🐷,pig face,Animals & Nature,animal-mammal
rat,0.0,0.23856062735983122,0.0,0.0,0.0,0.23856062735983122,rat,3,🐀,rat,Animals & Nature,animal-mammal
thumbs_up_light_skin_tone,0.45290416015138124,1.2082722873968668,0.27237592848264885,0.5320832091288955,0.2992968051350037,0.15519093599592784,thumbs_up_light_skin_tone,832,👍🏻,thumbs up: light skin tone,People & Body,hand-fingers-closed
Aries,0.0,0.0,0.0,0.0,0.0,0.0,Aries,1,♈,Aries,Symbols,zodiac
cook_medium-light_skin_tone,,,,,,,cook_medium-light_skin_tone,1,🧑🏼‍🍳,cook: medium-light skin tone,People & Body,person-role
squid,0.09542425094393249,0.09542425094393249,0.0,0.09542425094393249,0.09542425094393249,0.09542425094393249,squid,3,🦑,squid,Food & Drink,food-marine
man_medium-dark_skin_tone,,,,,,,man_medium-dark_skin_tone,4,👨🏾,man: medium-dark skin tone,People & Body,person
kissing_cat,0.22995118169285553,0.48864626109731796,0.2012072839812486,0.17246338626964164,0.17246338626964164,0.05748779542321388,kissing_cat,21,😽,kissing cat,Smileys & Emotion,cat-face
chess_pawn,0.0,0.1505149978319906,0.0,0.1505149978319906,0.0,0.0,chess_pawn,2,♟️,chess pawn,Activities,game
baby_chick,0.0,0.13979400086720378,0.0,0.4193820026016113,0.0,0.13979400086720378,baby_chick,5,🐤,baby chick,Animals & Nature,animal-bird
light_bulb,0.20408638903544116,0.37106616188262026,0.1298731566589171,0.3154062376002273,0.18553308094131013,0.24119300522370318,light_bulb,28,💡,light bulb,Objects,light & video
frog,0.18309441185497496,0.4119624266736937,0.04577360296374374,0.0,0.04577360296374374,0.09154720592748748,frog,6,🐸,frog,Animals & Nature,animal-amphibian
cigarette,0.46980592038430213,0.6295399333149649,0.3194680258613255,0.3852408547151278,0.26309131541520925,0.1503378945229767,cigarette,165,🚬,cigarette,Objects,other-object
curry_rice,0.0,0.12041199826559248,0.0,0.0,0.0,0.48164799306236994,curry_rice,4,🍛,curry rice,Food & Drink,food-asian
Pisces,0.0,0.0,0.0,0.0,0.0,0.0,Pisces,1,♓,Pisces,Symbols,zodiac
guide_dog,0.0,0.1505149978319906,0.3010299956639812,0.0,0.0,0.1505149978319906,guide_dog,4,🦮,guide dog,Animals & Nature,animal-mammal
cupcake,0.05187675002557624,0.41501400020460993,0.05187675002557624,0.02593837501278812,0.18156862508951685,0.05187675002557624,cupcake,6,🧁,cupcake,Food & Drink,food-sweet
man_walking,0.03182695292305247,0.5728851526149445,0.06365390584610495,0.2546156233844198,0.06365390584610495,0.1273078116922099,man_walking,13,🚶‍♂️,man walking,People & Body,person-activity
pizza,0.3035309962903037,0.6335841184700515,0.24459293875820592,0.18270797834950323,0.162079658213269,0.1267168236940103,pizza,45,🍕,pizza,Food & Drink,food-prepared
two-hump_camel,,,,,,,two-hump_camel,2,🐫,two-hump camel,Animals & Nature,animal-mammal
spiral_shell,0.10375350005115248,0.3631372501790337,0.05187675002557624,0.05187675002557624,0.10375350005115248,0.10375350005115248,spiral_shell,6,🐚,spiral shell,Animals & Nature,animal-marine
victory_hand_medium_skin_tone,0.26020599913279624,0.48788624837399297,0.1951544993495972,0.1951544993495972,0.16262874945799766,0.0,victory_hand_medium_skin_tone,20,✌🏽,victory hand: medium skin tone,People & Body,hand-fingers-partial
North_Macedonia,,,,,,,North_Macedonia,1,🇲🇰,flag: North Macedonia,Flags,country-flag
flamingo,0.0,0.0,0.0,0.0,0.0,0.0,flamingo,1,🦩,flamingo,Animals & Nature,animal-bird
grimacing_face,0.5913397838947464,0.908057363065492,0.34478116213524196,0.5572625760092864,0.3127084958901032,0.1643724145063363,grimacing_face,756,😬,grimacing face,Smileys & Emotion,face-neutral-skeptical
backpack,0.06508704282238907,0.6834139496350853,0.06508704282238907,0.0,0.0976305642335836,0.13017408564477814,backpack,11,🎒,backpack,Objects,clothing
sparkler,0.12723233459190997,0.6361616729595498,0.12723233459190997,0.0,0.0,0.06361616729595498,sparkler,9,🎇,sparkler,Activities,event
tent,0.1505149978319906,0.0,0.0,0.0,0.0,0.1505149978319906,tent,2,⛺,tent,Travel & Places,place-other
raised_hand_medium-light_skin_tone,,,,,,,raised_hand_medium-light_skin_tone,23,✋🏼,raised hand: medium-light skin tone,People & Body,hand-fingers-open
person_in_bed,0.0,0.08646125004262707,0.0,0.2593837501278812,0.08646125004262707,0.3458450001705083,person_in_bed,6,🛌,person in bed,People & Body,person-resting
Japanese_monthly_amount_button,0.0,0.0,0.0,0.0,0.0,0.0,Japanese_monthly_amount_button,1,🈷️,Japanese “monthly amount” button,Symbols,alphanum
film_frames,0.19452543832620947,0.4538926894278221,0.08105226596925394,0.43768223623397134,0.19452543832620947,0.12968362555080631,film_frames,31,🎞️,film frames,Objects,light & video
alembic,0.29402281476392034,0.4410342221458805,0.08400651850397724,0.0,0.1890146666339488,0.16801303700795447,alembic,15,⚗️,alembic,Objects,science
crossed_flags,0.0,0.0,0.0,0.0,0.0,0.0,crossed_flags,1,🎌,crossed flags,Flags,flag
coconut,0.07896604004836506,0.5527622803385555,0.13819057008463886,0.03948302002418253,0.17767359010882142,0.35534718021764283,coconut,22,🥥,coconut,Food & Drink,food-fruit
inbox_tray,0.03762874945799765,0.0752574989159953,0.03762874945799765,0.03762874945799765,0.0752574989159953,0.03762874945799765,inbox_tray,2,📥,inbox tray,Objects,mail
umbrella,0.16391161636886145,0.49380967969353196,0.08091839289095691,0.21993204221644702,0.2531293316076088,0.04357144232589988,umbrella,18,☂️,umbrella,Travel & Places,sky & weather
small_orange_diamond,0.08949484538814707,0.6935850517581399,0.04474742269407354,0.24611082481740446,0.11186855673518384,0.1566159794292574,small_orange_diamond,22,🔸,small orange diamond,Symbols,geometric
rice_cracker,0.0,0.0,0.0,0.0,0.0,0.0,rice_cracker,1,🍘,rice cracker,Food & Drink,food-asian
woman_detective,0.15051499783199057,0.6020599913279623,0.0,0.0,0.15051499783199057,0.0,woman_detective,8,🕵️‍♀️,woman detective,People & Body,person-role
woman_mage_medium-light_skin_tone,,,,,,,woman_mage_medium-light_skin_tone,1,🧙🏼‍♀️,woman mage: medium-light skin tone,People & Body,person-fantasy
man_surfing,0.0,0.0,0.0,0.0,0.0,0.3010299956639812,man_surfing,2,🏄‍♂️,man surfing,People & Body,person-sport
metro,0.11687408256821702,0.14299887749523024,0.05362457906071134,0.07424941716098493,0.04124967620054719,0.048124622233971716,metro,3,🚇,metro,Travel & Places,transport-ground
neutral_face,0.43292652145081767,0.7231840756053431,0.31485565196423104,0.4526049996985821,0.3542126084597599,0.11315124992464552,neutral_face,246,😐,neutral face,Smileys & Emotion,face-neutral-skeptical
woman_shrugging,0.3694853103886371,0.6835478242189786,0.2771139827914778,0.4741728149987509,0.25863971727204593,0.0800551505842047,woman_shrugging,139,🤷‍♀️,woman shrugging,People & Body,person-gesture
skateboard,,,,,,,skateboard,1,🛹,skateboard,Travel & Places,transport-ground
woman_scientist,0.14084967333570947,0.2112745100035642,0.0,0.14084967333570947,0.24648692833749158,0.1056372550017821,woman_scientist,7,👩‍🔬,woman scientist,People & Body,person-role
raised_back_of_hand_medium-light_skin_tone,,,,,,,raised_back_of_hand_medium-light_skin_tone,7,🤚🏼,raised back of hand: medium-light skin tone,People & Body,hand-fingers-open
skull,0.23153370959294706,0.6946011287788412,0.13892022575576823,0.4399140482265994,0.11576685479647353,0.06946011287788412,skull,49,💀,skull,Smileys & Emotion,face-negative
oden,0.26340124620598354,0.22577249674798588,0.03762874945799765,0.0,0.03762874945799765,0.03762874945799765,oden,4,🍢,oden,Food & Drink,food-asian
fast_reverse_button,0.0,0.5,0.25,0.0,0.16666666666666666,0.08333333333333333,fast_reverse_button,10,⏪,fast reverse button,Symbols,av-symbol
woman_genie,0.0,0.0,0.0,0.0,0.0,0.0,woman_genie,1,🧞‍♀️,woman genie,People & Body,person-fantasy
chestnut,0.3920304196852271,0.3920304196852271,0.07840608393704543,0.15681216787409086,0.0,0.15681216787409086,chestnut,15,🌰,chestnut,Food & Drink,food-vegetable
balloon,0.2136211359489288,1.224761179440525,0.3133109993917622,0.3218558448297194,0.3446420993309384,0.11962783613140011,balloon,345,🎈,balloon,Activities,event
three-thirty,,,,,,,three-thirty,5,🕞,three-thirty,Travel & Places,time
broom,0.12041199826559248,0.0,0.0,0.0,0.24082399653118497,0.24082399653118497,broom,4,🧹,broom,Objects,household
man_facepalming,0.5132039832979209,0.6859168622924134,0.19738614742227725,0.4194455632723392,0.28620991376230204,0.1579089179378218,man_facepalming,182,🤦‍♂️,man facepalming,People & Body,person-gesture
onion,0.10034333188799373,0.20068666377598746,0.20068666377598746,0.0,0.0,0.10034333188799373,onion,4,🧅,onion,Food & Drink,food-vegetable
Germany,0.09188758986690222,0.6125839324460148,0.12251678648920296,0.12251678648920296,0.06125839324460148,0.03062919662230074,Germany,11,🇩🇪,flag: Germany,Flags,country-flag
woman_light_skin_tone_bald,,,,,,,woman_light_skin_tone_bald,1,👩🏻‍🦲,"woman: light skin tone, bald",People & Body,person
gorilla,0.17832632821291833,0.2593837501278812,0.0648459375319703,0.08105742191496289,0.08105742191496289,0.11348039068094803,gorilla,6,🦍,gorilla,Animals & Nature,animal-mammal
leaf_fluttering_in_wind,0.3998823681722422,1.2155716236032317,0.24771474134563676,0.1804778829803925,0.2512535233648601,0.24417595932641337,leaf_fluttering_in_wind,346,🍃,leaf fluttering in wind,Animals & Nature,plant-other
Chile,0.0,0.23048128364025183,0.6146167563740049,0.0,0.0,0.0,Chile,7,🇨🇱,flag: Chile,Flags,country-flag
person_lifting_weights,0.15563025007672873,0.31126050015345746,0.12450420006138298,0.06225210003069149,0.09337815004603724,0.031126050015345744,person_lifting_weights,6,🏋️,person lifting weights,People & Body,person-sport
woman_tipping_hand_medium_skin_tone,0.0,0.20068666377598746,0.0,0.20068666377598746,0.20068666377598746,0.0,woman_tipping_hand_medium_skin_tone,4,💁🏽‍♀️,woman tipping hand: medium skin tone,People & Body,person-gesture
woman_singer_light_skin_tone,0.158436839823148,0.22181157575240718,0.0316873679646296,0.0633747359292592,0.0633747359292592,0.0633747359292592,woman_singer_light_skin_tone,4,👩🏻‍🎤,woman singer: light skin tone,People & Body,person-role
cinema,0.07297696864581363,0.12770969513017386,0.009122121080726703,0.02736636324218011,0.02736636324218011,0.036488484322906814,cinema,2,🎦,cinema,Symbols,av-symbol
synagogue,0.0,0.0,0.0,0.0,0.0,0.0,synagogue,1,🕍,synagogue,Travel & Places,place-religious
woman_fairy,0.1829568678078161,0.9147843390390805,0.20909356320893266,0.15682017240669952,0.07841008620334976,0.026136695401116582,woman_fairy,37,🧚‍♀️,woman fairy,People & Body,person-fantasy
lobster,0.1590909090909091,0.4318181818181818,0.11363636363636363,0.20454545454545456,0.09090909090909091,0.0,lobster,10,🦞,lobster,Food & Drink,food-marine
man_facepalming_dark_skin_tone,0.12041199826559248,0.1806179973983887,0.0,0.1806179973983887,0.06020599913279624,0.06020599913279624,man_facepalming_dark_skin_tone,4,🤦🏿‍♂️,man facepalming: dark skin tone,People & Body,person-gesture
backhand_index_pointing_down_medium-dark_skin_tone,,,,,,,backhand_index_pointing_down_medium-dark_skin_tone,10,👇🏾,backhand index pointing down: medium-dark skin tone,People & Body,hand-single-finger
closed_book,0.06125839324460148,0.5513255392014134,0.3062919662230074,0.06125839324460148,0.06125839324460148,0.0,closed_book,11,📕,closed book,Objects,book-paper
woman_elf_light_skin_tone,0.0,0.0,0.0,0.0,0.0,0.0,woman_elf_light_skin_tone,1,🧝🏻‍♀️,woman elf: light skin tone,People & Body,person-fantasy
paw_prints,0.26821962396433924,0.6016818591632475,0.2899671610425289,0.18122947565158054,0.1594819385733909,0.3189638771467818,paw_prints,66,🐾,paw prints,Animals & Nature,animal-mammal
no_mobile_phones,0.24408329136164397,0.7707893411420337,0.25692978038067793,0.051385956076135574,0.012846489019033893,0.025692978038067787,no_mobile_phones,23,📵,no mobile phones,Symbols,warning
woman_dancing_medium-light_skin_tone,,,,,,,woman_dancing_medium-light_skin_tone,71,💃🏼,woman dancing: medium-light skin tone,People & Body,person-activity
Andorra,,,,,,,Andorra,1,🇦🇩,flag: Andorra,Flags,country-flag
person_facepalming_medium_skin_tone,0.0,0.0,0.0,0.0,0.0,0.0,person_facepalming_medium_skin_tone,1,🤦🏽,person facepalming: medium skin tone,People & Body,person-gesture
left-facing_fist,,,,,,,left-facing_fist,20,🤛,left-facing fist,People & Body,hand-fingers-closed
passport_control,0.0,0.0,0.0,0.0,0.0,0.0,passport_control,1,🛂,passport control,Symbols,transport-sign
kiss_mark,0.29642499937691213,1.0349754215532865,0.3064733044405363,0.29642499937691213,0.34666652469503284,0.17082118608161037,kiss_mark,283,💋,kiss mark,Smileys & Emotion,emotion
person_medium-light_skin_tone_blond_hair,,,,,,,person_medium-light_skin_tone_blond_hair,1,👱🏼,"person: medium-light skin tone, blond hair",People & Body,person
nazar_amulet,0.5258947276619227,0.8974507852491508,0.14862242303489123,0.24579862271155084,0.2743798579105684,0.12004118783587367,nazar_amulet,163,🧿,nazar amulet,Activities,game
family_man_girl_boy,0.047712125471966245,0.23856062735983122,0.14313637641589871,0.0,0.047712125471966245,0.0,family_man_girl_boy,3,👨‍👧‍👦,"family: man, girl, boy",People & Body,family
woman_light_skin_tone_white_hair,0.0,0.22577249674798588,0.0,0.0,0.0752574989159953,0.0,woman_light_skin_tone_white_hair,2,👩🏻‍🦳,"woman: light skin tone, white hair",People & Body,person
man_artist_light_skin_tone,0.0,0.0,0.0,0.0,0.0,0.0,man_artist_light_skin_tone,1,👨🏻‍🎨,man artist: light skin tone,People & Body,person-role
medical_symbol,0.0,0.0,0.0,0.0,0.0,0.0,medical_symbol,1,⚕️,medical symbol,Symbols,other-symbol
derelict_house,0.0,0.34948500216800943,0.0,0.0,0.0,0.34948500216800943,derelict_house,5,🏚️,derelict house,Travel & Places,place-building
woman_farmer_medium-light_skin_tone,,,,,,,woman_farmer_medium-light_skin_tone,1,👩🏼‍🌾,woman farmer: medium-light skin tone,People & Body,person-role
man_office_worker,0.12041199826559248,0.1505149978319906,0.0,0.0,0.1806179973983887,0.1505149978319906,man_office_worker,4,👨‍💼,man office worker,People & Body,person-role
newspaper,0.15281707142376505,0.2292256071356476,0.6876768214069428,0.0,0.07640853571188252,0.0,newspaper,14,📰,newspaper,Objects,book-paper
pregnant_woman,0.1468065399137423,0.2446775665229038,0.19574205321832305,0.09787102660916153,0.17127429656603266,0.09787102660916153,pregnant_woman,9,🤰,pregnant woman,People & Body,person-role
triangular_ruler,0.1505149978319906,0.0,0.0,0.0,0.0,0.1505149978319906,triangular_ruler,2,📐,triangular ruler,Objects,office
two_hearts,0.34328668707958765,1.2086128923807968,0.39000617703716467,0.337192840563382,0.4346943848226732,0.2518789893365022,two_hearts,924,💕,two hearts,Smileys & Emotion,emotion
camel,0.05473272648436022,0.16419817945308063,0.0,0.02736636324218011,0.02736636324218011,0.02736636324218011,camel,2,🐪,camel,Animals & Nature,animal-mammal
dolphin,0.06354272766691081,0.3812563660014648,0.0953140915003662,0.06354272766691081,0.0,0.0953140915003662,dolphin,5,🐬,dolphin,Animals & Nature,animal-marine
microscope,0.2444126885159782,0.5062834262116691,0.19203854097684,0.034916098359425454,0.2967868360551164,0.08729024589856364,microscope,23,🔬,microscope,Objects,science
rabbit,0.07682709454675062,0.30730837818700246,0.10243612606233417,0.15365418909350123,0.10243612606233417,0.10243612606233417,rabbit,7,🐇,rabbit,Animals & Nature,animal-mammal
woman_gesturing_OK_light_skin_tone,0.2227490449837099,0.5727832585295397,0.2227490449837099,0.1909277528431799,0.31821292140529983,0.06364258428105997,woman_gesturing_OK_light_skin_tone,39,🙆🏻‍♀️,woman gesturing OK: light skin tone,People & Body,person-gesture
man_frowning_light_skin_tone,0.039760104559971865,0.11928031367991561,0.039760104559971865,0.11928031367991561,0.039760104559971865,0.11928031367991561,man_frowning_light_skin_tone,3,🙍🏻‍♂️,man frowning: light skin tone,People & Body,person-gesture
peacock,0.0,0.0,0.23856062735983122,0.11928031367991561,0.11928031367991561,0.0,peacock,3,🦚,peacock,Animals & Nature,animal-bird
basketball,0.10611153414322412,0.7899414208440019,0.1296918750639406,0.17685255690537355,0.23580340920716475,0.11790170460358237,basketball,36,🏀,basketball,Activities,sport
fork_and_knife_with_plate,0.1945929392754305,0.44478386120098395,0.055597982650122994,0.22239193060049198,0.08339697397518449,0.27798991325061495,fork_and_knife_with_plate,19,🍽️,fork and knife with plate,Food & Drink,dishware
man_cook,0.13964524528380362,0.3025646981149079,0.023274207547300606,0.2560162830203067,0.18619366037840485,0.04654841509460121,man_cook,9,👨‍🍳,man cook,People & Body,person-role
nerd_face,0.4728427758800587,0.7247309835918656,0.22979275089498183,0.5302909636038042,0.43307095360977343,0.14583001499104614,nerd_face,344,🤓,nerd face,Smileys & Emotion,face-glasses
family_man_woman_girl,0.07952020911994373,0.17892047051987342,0.13916036595990156,0.07952020911994373,0.0,0.0,family_man_woman_girl,3,👨‍👩‍👧,"family: man, woman, girl",People & Body,family
deciduous_tree,0.22350651931613047,0.9041854645061642,0.20318774483284588,0.17270958310791898,0.1422314213829921,0.19302835759120357,deciduous_tree,69,🌳,deciduous tree,Animals & Nature,plant-other
index_pointing_up_light_skin_tone,0.16373257652546255,0.5321308737077534,0.16373257652546255,0.16373257652546255,0.08186628826273128,0.04093314413136564,index_pointing_up_light_skin_tone,14,☝🏻,index pointing up: light skin tone,People & Body,hand-single-finger
flexed_biceps_dark_skin_tone,0.058423010781999477,0.6134416132109946,0.11684602156399895,0.5842301078199948,0.058423010781999477,0.0,flexed_biceps_dark_skin_tone,27,💪🏿,flexed biceps: dark skin tone,People & Body,body-parts
Mexico,0.0,0.28627275283179743,0.0,0.0,0.19084850188786498,0.0,Mexico,3,🇲🇽,flag: Mexico,Flags,country-flag
person_with_skullcap_medium-light_skin_tone,,,,,,,person_with_skullcap_medium-light_skin_tone,1,👲🏼,person with skullcap: medium-light skin tone,People & Body,person-role
input_latin_letters,0.0,0.0,0.0,0.0,0.0,0.0,input_latin_letters,1,🔤,input latin letters,Symbols,alphanum
orange_heart,0.26756361984776844,1.1220409864583838,0.25461699308094093,0.4056609720272618,0.28914133112581425,0.1380973521794934,orange_heart,300,🧡,orange heart,Smileys & Emotion,emotion
baby_medium-light_skin_tone,,,,,,,baby_medium-light_skin_tone,7,👶🏼,baby: medium-light skin tone,People & Body,person
woman_playing_water_polo,0.0,0.0,0.0,0.0,0.0,0.0,woman_playing_water_polo,1,🤽‍♀️,woman playing water polo,People & Body,person-sport
giraffe,0.1267494718585184,0.2534989437170368,0.0,0.09506210389388879,0.0316873679646296,0.09506210389388879,giraffe,4,🦒,giraffe,Animals & Nature,animal-mammal
oncoming_fist_medium_skin_tone,0.3675503594676089,0.18377517973380444,0.09188758986690222,0.18377517973380444,0.12251678648920296,0.09188758986690222,oncoming_fist_medium_skin_tone,11,👊🏽,oncoming fist: medium skin tone,People & Body,hand-fingers-closed
glasses,0.3797920639754168,0.3127699350385786,0.8489469665332846,0.022340709645612754,0.04468141929122551,0.04468141929122551,glasses,45,👓,glasses,Objects,clothing
timer_clock,0.5021090020413225,0.035864928717237315,0.0,0.10759478615171195,0.573838859475797,0.035864928717237315,timer_clock,18,⏲️,timer clock,Travel & Places,time
ferry,0.0,0.0,0.1945378125959109,0.1945378125959109,0.1945378125959109,0.1945378125959109,ferry,6,⛴️,ferry,Travel & Places,transport-water
left_luggage,0.0,0.0,0.0,0.0,0.0,0.0,left_luggage,1,🛅,left luggage,Symbols,transport-sign
shield,0.09345831789881508,0.32042851851022314,0.20026782406888946,0.10680950617007437,0.20026782406888946,0.12016069444133368,shield,11,🛡️,shield,Objects,tool
military_medal,0.06508704282238907,0.7159574710462798,0.0976305642335836,0.032543521411194536,0.032543521411194536,0.0976305642335836,military_medal,11,🎖️,military medal,Activities,award-medal
pancakes,0.06020599913279624,0.06020599913279624,0.06020599913279624,0.0,0.0,0.12041199826559248,pancakes,2,🥞,pancakes,Food & Drink,food-prepared
green_heart,0.311799048615011,1.362543819381204,0.3190082751725835,0.2649390759907897,0.3190082751725835,0.21086987680899588,green_heart,614,💚,green heart,Smileys & Emotion,emotion
face_with_monocle,0.46634330365647475,0.9211243766437808,0.23124461338337593,0.4432188423181372,0.2967639205086658,0.14645492180947142,face_with_monocle,320,🧐,face with monocle,Smileys & Emotion,face-glasses
convenience_store,0.0,0.0,0.0,0.0,0.0,0.3010299956639812,convenience_store,2,🏪,convenience store,Travel & Places,place-building
man_frowning_medium-light_skin_tone,,,,,,,man_frowning_medium-light_skin_tone,1,🙍🏼‍♂️,man frowning: medium-light skin tone,People & Body,person-gesture
new_moon_face,0.1997251763942773,0.3661628233895084,0.1664376469952311,0.3994503527885546,0.1997251763942773,0.09986258819713865,new_moon_face,27,🌚,new moon face,Travel & Places,sky & weather
popcorn,0.3415400328560915,0.9358734758576367,0.17480395382398387,0.7099729816851038,0.3388507412587995,0.07530016472417767,popcorn,377,🍿,popcorn,Food & Drink,food-prepared
bowling,0.0,0.0,0.0,0.0,0.0,0.0,bowling,1,🎳,bowling,Activities,sport
petri_dish,0.0,0.0,0.0,0.0,0.0,0.0,petri_dish,1,🧫,petri dish,Objects,science
left-facing_fist_medium-light_skin_tone,,,,,,,left-facing_fist_medium-light_skin_tone,3,🤛🏼,left-facing fist: medium-light skin tone,People & Body,hand-fingers-closed
smiling_face_with_smiling_eyes,0.19978172520217582,2.358869519308838,0.20859562484344826,1.0980848481005123,0.1707196777363585,0.057965285929089165,smiling_face_with_smiling_eyes,12417,😊,smiling face with smiling eyes,Smileys & Emotion,face-smiling
broccoli,0.27510457386217985,0.5212507715283408,0.14479188098009466,0.15927106907810412,0.1737502571761136,0.18822944527412305,broccoli,29,🥦,broccoli,Food & Drink,food-vegetable
headphone,0.3432985695702776,0.553092139863225,0.1716492847851388,0.2860821413085647,0.1525771420312345,0.09536071376952156,headphone,40,🎧,headphone,Objects,music
woman_cook_light_skin_tone,0.05473272648436022,0.246297269179621,0.02736636324218011,0.10946545296872044,0.05473272648436022,0.10946545296872044,woman_cook_light_skin_tone,4,👩🏻‍🍳,woman cook: light skin tone,People & Body,person-role
person_lifting_weights_light_skin_tone,0.0,0.3010299956639812,0.0,0.0,0.0,0.0,person_lifting_weights_light_skin_tone,2,🏋🏻,person lifting weights: light skin tone,People & Body,person-sport
man_police_officer,0.6020599913279624,0.0,0.0,0.0,0.0,0.0,man_police_officer,4,👮‍♂️,man police officer,People & Body,person-role
incoming_envelope,0.13379110918399165,0.13379110918399165,0.0,0.06689555459199582,0.13379110918399165,0.13379110918399165,incoming_envelope,4,📨,incoming envelope,Objects,mail
ring,0.3350501674171281,0.559363415094697,0.19591916569306647,0.2811014116465736,0.16468567551011384,0.07666402135815643,ring,41,💍,ring,Objects,clothing
baby_angel_light_skin_tone,0.13012397855990793,0.17349863807987725,0.043374659519969314,0.13012397855990793,0.0,0.0,baby_angel_light_skin_tone,3,👼🏻,baby angel: light skin tone,People & Body,person-fantasy
fax_machine,0.0,0.0,0.0,0.0,0.0,0.0,fax_machine,1,📠,fax machine,Objects,phone
scroll,0.15904041823988746,0.0,0.15904041823988746,0.0,0.0,0.15904041823988746,scroll,3,📜,scroll,Objects,book-paper
oncoming_fist_medium-dark_skin_tone,,,,,,,oncoming_fist_medium-dark_skin_tone,5,👊🏾,oncoming fist: medium-dark skin tone,People & Body,hand-fingers-closed
heavy_dollar_sign,0.0,0.37559912889522523,0.0,0.0,0.28169934667141894,0.18779956444761262,heavy_dollar_sign,7,💲,heavy dollar sign,Symbols,currency
kick_scooter,0.0,0.0,0.0,0.0,0.0,0.0,kick_scooter,1,🛴,kick scooter,Travel & Places,transport-ground
grinning_face_with_sweat,0.6355694041313444,1.0976356663302818,0.3333086673964666,0.6547460671870315,0.3497458071584841,0.2072905958876655,grinning_face_with_sweat,1898,😅,grinning face with sweat,Smileys & Emotion,face-smiling
Japanese_no_vacancy_button,0.0,0.0,0.0,0.0,0.0,0.0,Japanese_no_vacancy_button,1,🈵,Japanese “no vacancy” button,Symbols,alphanum
flexed_biceps,0.23062372263153472,1.8368620727657037,0.48156671597950423,0.18084150937626953,0.18896921766284341,0.09143671822395649,flexed_biceps,1024,💪,flexed biceps,People & Body,body-parts
writing_hand_medium_skin_tone,0.0,0.0,0.0,0.3890756251918218,0.3890756251918218,0.0,writing_hand_medium_skin_tone,6,✍🏽,writing hand: medium skin tone,People & Body,hand-prop
person_bowing_light_skin_tone,0.0,0.0,0.0,0.0,0.0,0.0,person_bowing_light_skin_tone,1,🙇🏻,person bowing: light skin tone,People & Body,person-gesture
triangular_flag,0.0,0.15904041823988746,0.15904041823988746,0.0,0.0,0.15904041823988746,triangular_flag,3,🚩,triangular flag,Flags,flag
hatching_chick,0.24905796709103162,0.7340655872156722,0.20973302491876347,0.49811593418206324,0.1572997686890726,0.06554157028711358,hatching_chick,82,🐣,hatching chick,Animals & Nature,animal-bird
left-facing_fist_dark_skin_tone,,,,,,,left-facing_fist_dark_skin_tone,1,🤛🏿,left-facing fist: dark skin tone,People & Body,hand-fingers-closed
fireworks,0.20195522937339108,0.8699609880699924,0.17088519408517708,0.06214007057642802,0.10874512350874906,0.07767508822053504,fireworks,31,🎆,fireworks,Activities,event
old_key,0.1806179973983887,0.27092699609758303,0.1806179973983887,0.09030899869919436,0.09030899869919436,0.09030899869919436,old_key,8,🗝️,old key,Objects,lock
man_tipping_hand,0.043004285094854454,0.12901285528456335,0.12901285528456335,0.17201714037941782,0.08600857018970891,0.043004285094854454,man_tipping_hand,4,💁‍♂️,man tipping hand,People & Body,person-gesture
closed_mailbox_with_lowered_flag,0.0,0.0,0.0,0.0,0.0,0.0,closed_mailbox_with_lowered_flag,1,📪,closed mailbox with lowered flag,Objects,mail
wilted_flower,0.16248866643321733,0.45496826601300855,0.19498639971986081,0.16248866643321733,0.29247959957979125,0.19498639971986081,wilted_flower,29,🥀,wilted flower,Animals & Nature,plant-flower
woman_construction_worker,0.0,0.6020599913279624,0.0,0.0,0.0,0.0,woman_construction_worker,4,👷‍♀️,woman construction worker,People & Body,person-role
man_medium-light_skin_tone_blond_hair,,,,,,,man_medium-light_skin_tone_blond_hair,3,👱🏼‍♂️,"man: medium-light skin tone, blond hair",People & Body,person
hot_dog,0.11288624837399294,0.45154499349597177,0.0,0.22577249674798588,0.0,0.11288624837399294,hot_dog,8,🌭,hot dog,Food & Drink,food-prepared
last_track_button,0.0,0.0,0.0,0.0,0.0,0.0,last_track_button,1,⏮️,last track button,Symbols,av-symbol
backhand_index_pointing_left_medium-dark_skin_tone,,,,,,,backhand_index_pointing_left_medium-dark_skin_tone,5,👈🏾,backhand index pointing left: medium-dark skin tone,People & Body,hand-single-finger
love-you_gesture_light_skin_tone,,,,,,,love-you_gesture_light_skin_tone,34,🤟🏻,love-you gesture: light skin tone,People & Body,hand-fingers-partial
man_scientist,0.0,0.12041199826559248,0.06020599913279624,0.1806179973983887,0.24082399653118497,0.0,man_scientist,4,👨‍🔬,man scientist,People & Body,person-role
fountain,0.0,0.0752574989159953,0.0752574989159953,0.0,0.0752574989159953,0.0752574989159953,fountain,2,⛲,fountain,Travel & Places,place-other
thumbs_down_medium_skin_tone,0.36254400016897786,0.36254400016897786,0.1919350589129883,0.2772395295409831,0.08530447062799479,0.042652235313997394,thumbs_down_medium_skin_tone,21,👎🏽,thumbs down: medium skin tone,People & Body,hand-fingers-closed
credit_card,0.0,0.3010299956639812,0.0,0.0,0.3010299956639812,0.0,credit_card,4,💳,credit card,Objects,money
face_blowing_a_kiss,0.40515760376534987,1.2094556191609207,0.4031518730536402,0.3991404116302209,0.2968481453330286,0.1624641876484819,face_blowing_a_kiss,752,😘,face blowing a kiss,Smileys & Emotion,face-affection
kissing_face_with_smiling_eyes,0.28489305877831395,0.7027362116531743,0.3228787999487558,0.2089215764374302,0.13295009409654648,0.13295009409654648,kissing_face_with_smiling_eyes,61,😙,kissing face with smiling eyes,Smileys & Emotion,face-affection
man_detective,0.1079181246047625,0.5395906230238124,0.1079181246047625,0.0,0.215836249209525,0.1079181246047625,man_detective,12,🕵️‍♂️,man detective,People & Body,person-role
map_of_Japan,0.0,0.0,0.0,0.0,0.0,0.0,map_of_Japan,1,🗾,map of Japan,Travel & Places,place-map
face_with_crossed-out_eyes,,,,,,,face_with_crossed-out_eyes,62,😵,knocked-out face,Smileys & Emotion,face-unwell
middle_finger_medium-light_skin_tone,,,,,,,middle_finger_medium-light_skin_tone,8,🖕🏼,middle finger: medium-light skin tone,People & Body,hand-single-finger
star,0.33275928360725215,1.0002391039667895,0.22096785434037572,0.38113686118473095,0.36675433812115615,0.1327114628138943,star,272,⭐,star,Travel & Places,sky & weather
waving_hand,0.5035526073042569,0.8014878999592755,0.318916651292696,0.3315054664753024,0.29373902092748316,0.10490679318838685,waving_hand,226,👋,waving hand,People & Body,hand-fingers-open
man_golfing,0.0,0.0,0.0,0.0,0.0,0.0,man_golfing,1,🏌️‍♂️,man golfing,People & Body,person-sport
sign_of_the_horns_medium-light_skin_tone,,,,,,,sign_of_the_horns_medium-light_skin_tone,15,🤘🏼,sign of the horns: medium-light skin tone,People & Body,hand-fingers-partial
yin_yang,0.0,0.0,0.1505149978319906,0.0,0.0,0.1505149978319906,yin_yang,2,☯️,yin yang,Symbols,religion
pause_button,0.0,0.0,0.0,0.0,0.0,0.0,pause_button,1,⏸️,pause button,Symbols,av-symbol
droplet,0.18711612737102992,0.8108365519411296,0.17325567349169438,0.5128367935354153,0.22869748900903658,0.26334862370737544,droplet,150,💧,droplet,Travel & Places,sky & weather
family,0.22397299508112534,0.3416814304522277,0.07520261148709319,0.20762460127958335,0.16838845615588255,0.024522590702312996,family,11,👪,family,People & Body,family
cross_mark,0.5350565369033075,0.6955734979742997,0.13376413422582686,0.47486267650168534,0.20733440805003164,0.19395799462744895,cross_mark,174,❌,cross mark,Symbols,other-symbol
cookie,0.1294057225579675,0.9446617746731628,0.19410858383695126,0.10352457804637401,0.10352457804637401,0.16822743932535777,cookie,44,🍪,cookie,Food & Drink,food-sweet
divide,0.059640156839957804,0.298200784199789,0.0,0.0,0.0,0.11928031367991561,divide,3,➗,divide,Symbols,math
woman_climbing,0.0,0.0,0.0,0.0,0.0,0.0,woman_climbing,1,🧗‍♀️,woman climbing,People & Body,person-activity
restroom,0.0,0.0,0.0,0.0,0.0,0.0,restroom,1,🚻,restroom,Symbols,transport-sign
index_pointing_up_medium-light_skin_tone,,,,,,,index_pointing_up_medium-light_skin_tone,9,☝🏼,index pointing up: medium-light skin tone,People & Body,hand-single-finger
cowboy_hat_face,0.19528390854436997,0.8787775884496649,0.214812299398807,0.27339747196211794,0.09764195427218499,0.03905678170887399,cowboy_hat_face,50,🤠,cowboy hat face,Smileys & Emotion,face-hat
victory_hand_dark_skin_tone,0.15365418909350123,0.3841354727337531,0.0,0.07682709454675062,0.11524064182012592,0.11524064182012592,victory_hand_dark_skin_tone,7,✌🏿,victory hand: dark skin tone,People & Body,hand-fingers-partial
person_shrugging_medium_skin_tone,,,,,,,person_shrugging_medium_skin_tone,1,🤷🏽,person shrugging: medium skin tone,People & Body,person-gesture
zipper-mouth_face,,,,,,,zipper-mouth_face,66,🤐,zipper-mouth face,Smileys & Emotion,face-neutral-skeptical
woman_bowing_medium-light_skin_tone,,,,,,,woman_bowing_medium-light_skin_tone,4,🙇🏼‍♀️,woman bowing: medium-light skin tone,People & Body,person-gesture
shooting_star,0.2655163256457105,0.531032651291421,0.10620653025828418,0.10620653025828418,0.15930979538742626,0.13275816282285524,shooting_star,20,🌠,shooting star,Travel & Places,sky & weather
man_facepalming_medium-light_skin_tone,,,,,,,man_facepalming_medium-light_skin_tone,53,🤦🏼‍♂️,man facepalming: medium-light skin tone,People & Body,person-gesture
man_tipping_hand_light_skin_tone,0.05558223217026026,0.3890756251918218,0.11116446434052052,0.22232892868104104,0.0,0.0,man_tipping_hand_light_skin_tone,6,💁🏻‍♂️,man tipping hand: light skin tone,People & Body,person-gesture
woman_wearing_turban_light_skin_tone,,,,,,,woman_wearing_turban_light_skin_tone,1,👳🏻‍♀️,woman wearing turban: light skin tone,People & Body,person-role
straight_ruler,0.0752574989159953,0.3010299956639812,0.0,0.0,0.1505149978319906,0.0752574989159953,straight_ruler,4,📏,straight ruler,Objects,office
woman_elf,0.0,0.0,0.0,0.0,0.0,0.0,woman_elf,1,🧝‍♀️,woman elf,People & Body,person-fantasy
hollow_red_circle,0.05785514917545695,0.6942617901054834,0.0,0.0,0.17356544752637085,0.1157102983509139,hollow_red_circle,11,⭕,hollow red circle,Symbols,other-symbol
scarf,0.3010299956639812,0.0,0.0,0.0,0.0,0.0,scarf,2,🧣,scarf,Objects,clothing
four_leaf_clover,0.2582782034850724,1.1935583645901073,0.20349191789732976,0.37567738688737806,0.30915118295940486,0.125225795629126,four_leaf_clover,292,🍀,four leaf clover,Animals & Nature,plant-other
foggy,0.0,0.0,0.0,0.0,0.0,0.0,foggy,1,🌁,foggy,Travel & Places,place-other
person_medium-light_skin_tone_beard,,,,,,,person_medium-light_skin_tone_beard,1,🧔🏼,"person: medium-light skin tone, beard",People & Body,person
family_woman_girl_boy,0.10611153414322412,0.3537051138107471,0.2829640910485977,0.035370511381074714,0.0,0.0,family_woman_girl_boy,6,👩‍👧‍👦,"family: woman, girl, boy",People & Body,family
woman_surfing,0.0,0.0,0.0,0.0,0.0,0.47712125471966244,woman_surfing,3,🏄‍♀️,woman surfing,People & Body,person-sport
woman_shrugging_medium-light_skin_tone,,,,,,,woman_shrugging_medium-light_skin_tone,84,🤷🏼‍♀️,woman shrugging: medium-light skin tone,People & Body,person-gesture
flexed_biceps_medium_skin_tone,0.292894049835225,0.39052539978029993,0.0,0.32543783315025,0.162718916575125,0.032543783315025,flexed_biceps_medium_skin_tone,16,💪🏽,flexed biceps: medium skin tone,People & Body,body-parts
folded_hands_light_skin_tone,0.5109865193638518,1.2524657646460042,0.30976271102247815,0.3829350049647958,0.39634992552088744,0.16951581429970264,folded_hands_light_skin_tone,1052,🙏🏻,folded hands: light skin tone,People & Body,hands
woman_technologist,0.29843663106481705,0.5183373065862612,0.06282876443469833,0.1727791021954204,0.29843663106481705,0.04712157332602374,woman_technologist,25,👩‍💻,woman technologist,People & Body,person-role
elephant,0.05633986933428379,0.3943790853399865,0.05633986933428379,0.11267973866856758,0.0,0.22535947733713516,elephant,7,🐘,elephant,Animals & Nature,animal-mammal
girl_medium-light_skin_tone,,,,,,,girl_medium-light_skin_tone,6,👧🏼,girl: medium-light skin tone,People & Body,person
person_surfing,0.0,0.3950700024507932,0.0,0.06078000037704512,0.03039000018852256,0.2127300013196579,person_surfing,5,🏄,person surfing,People & Body,person-sport
flag_in_hole,0.05633986933428379,0.33803921600570275,0.16901960800285137,0.16901960800285137,0.05633986933428379,0.05633986933428379,flag_in_hole,7,⛳,flag in hole,Activities,sport
fairy,0.2684862123489562,0.28475810400646867,0.016271891657512496,0.11390324160258747,0.09763134994507498,0.12203918743134373,fairy,8,🧚,fairy,People & Body,person-fantasy
person_standing,0.0,0.0,0.0,0.0,0.0,0.0,person_standing,1,🧍,person standing,People & Body,person-activity
necktie,0.09282861269223638,0.37131445076894554,0.3249001444228274,0.0,0.3249001444228274,0.0,necktie,13,👔,necktie,Objects,clothing
church,0.16054933102078997,0.0,0.0,0.06020599913279624,0.06020599913279624,0.020068666377598746,church,2,⛪,church,Travel & Places,place-religious
woman_gesturing_NO_light_skin_tone,0.12723233459190997,0.15904041823988746,0.12723233459190997,0.38169700377572996,0.06361616729595498,0.09542425094393249,woman_gesturing_NO_light_skin_tone,9,🙅🏻‍♀️,woman gesturing NO: light skin tone,People & Body,person-gesture
love_hotel,0.0,0.0,0.1505149978319906,0.0,0.3762874945799765,0.0752574989159953,love_hotel,4,🏩,love hotel,Travel & Places,place-building
passenger_ship,0.1945378125959109,0.29180671889386633,0.0,0.09726890629795545,0.09726890629795545,0.09726890629795545,passenger_ship,6,🛳️,passenger ship,Travel & Places,transport-water
down-left_arrow,,,,,,,down-left_arrow,2,↙️,down-left arrow,Symbols,arrow
person_golfing,0.0,0.4013733275519749,0.20068666377598746,0.0,0.0,0.0,person_golfing,4,🏌️,person golfing,People & Body,person-sport
black_square_button,0.0,0.0,0.0,0.0,0.0,0.0,black_square_button,1,🔲,black square button,Symbols,geometric
curling_stone,0.0,0.0,0.0,0.0,0.0,0.3010299956639812,curling_stone,2,🥌,curling stone,Activities,sport
woman_raising_hand,0.21551144352886392,0.851783324423605,0.1641991950696106,0.3078734907555199,0.2565612422962666,0.12314939630220796,woman_raising_hand,83,🙋‍♀️,woman raising hand,People & Body,person-gesture
bowl_with_spoon,0.0,0.2779111608513013,0.05558223217026026,0.0,0.11116446434052052,0.33349339302156156,bowl_with_spoon,6,🥣,bowl with spoon,Food & Drink,food-prepared
person_walking,0.08450980400142569,0.16901960800285137,0.08450980400142569,0.25352941200427703,0.16901960800285137,0.08450980400142569,person_walking,7,🚶,person walking,People & Body,person-activity
woman_health_worker_light_skin_tone,0.06689555459199582,0.20068666377598746,0.20068666377598746,0.0,0.06689555459199582,0.06689555459199582,woman_health_worker_light_skin_tone,4,👩🏻‍⚕️,woman health worker: light skin tone,People & Body,person-role
person_walking_light_skin_tone,0.17474250108400471,0.0,0.17474250108400471,0.0,0.34948500216800943,0.0,person_walking_light_skin_tone,5,🚶🏻,person walking: light skin tone,People & Body,person-activity
man_cartwheeling_medium-light_skin_tone,,,,,,,man_cartwheeling_medium-light_skin_tone,3,🤸🏼‍♂️,man cartwheeling: medium-light skin tone,People & Body,person-sport
grinning_face_with_big_eyes,0.5763404567969593,1.0880273367096442,0.24383634710640587,0.4451860579745743,0.3417403349597355,0.2327528767833874,grinning_face_with_big_eyes,847,😃,grinning face with big eyes,Smileys & Emotion,face-smiling
file_cabinet,0.23856062735983122,0.0,0.0,0.0,0.0,0.23856062735983122,file_cabinet,3,🗄️,file cabinet,Objects,office
Greece,1.0791812460476249,0.0,0.0,0.0,0.0,0.0,Greece,12,🇬🇷,flag: Greece,Flags,country-flag
fog,0.04013733275519749,0.10034333188799373,0.04013733275519749,0.020068666377598746,0.08027466551039499,0.020068666377598746,fog,2,🌫️,fog,Travel & Places,sky & weather
VS_button,0.2777047160421934,0.20827853703164503,0.0,0.2777047160421934,0.20827853703164503,0.06942617901054834,VS_button,11,🆚,VS button,Symbols,alphanum
woman_mage_medium-dark_skin_tone,,,,,,,woman_mage_medium-dark_skin_tone,1,🧙🏾‍♀️,woman mage: medium-dark skin tone,People & Body,person-fantasy
parrot,0.08387640052032226,0.1957116012140853,0.22367040138752603,0.027958800173440754,0.05591760034688151,0.11183520069376301,parrot,5,🦜,parrot,Animals & Nature,animal-bird
Libra,0.0,0.0,0.0,0.0,0.0,0.0,Libra,1,♎,Libra,Symbols,zodiac
man_teacher_medium-light_skin_tone,,,,,,,man_teacher_medium-light_skin_tone,1,👨🏼‍🏫,man teacher: medium-light skin tone,People & Body,person-role
person_medium_skin_tone_beard,,,,,,,person_medium_skin_tone_beard,1,🧔🏽,"person: medium skin tone, beard",People & Body,person
raised_back_of_hand_medium_skin_tone,0.10034333188799373,0.0,0.10034333188799373,0.050171665943996864,0.0,0.050171665943996864,raised_back_of_hand_medium_skin_tone,2,🤚🏽,raised back of hand: medium skin tone,People & Body,hand-fingers-open
Japanese_here_button,0.0,0.0,0.0,0.0,0.0,0.0,Japanese_here_button,1,🈁,Japanese “here” button,Symbols,alphanum
thumbs_down,0.675324528930603,0.8191436415732314,0.31765264879328364,0.5002403918004467,0.36642608699382717,0.20259735867918088,thumbs_down,761,👎,thumbs down,People & Body,hand-fingers-closed
hushed_face,0.2803420238535192,0.6703831005192851,0.23158688927029847,0.2925308074993244,0.40222986031157104,0.10969905281224665,hushed_face,97,😯,hushed face,Smileys & Emotion,face-concerned
princess_medium_skin_tone,0.0,0.0,0.1505149978319906,0.0,0.1505149978319906,0.0,princess_medium_skin_tone,2,👸🏽,princess: medium skin tone,People & Body,person-role
comet,0.11909913253944215,0.5954956626972108,0.05954956626972108,0.1488739156743027,0.5061713132926291,0.08932434940458162,comet,33,☄️,comet,Travel & Places,sky & weather
smirking_face,0.6427694405055021,1.0476945314661548,0.25651807946779215,0.6299926779266466,0.4963280847940039,0.16020094618103492,smirking_face,1712,😏,smirking face,Smileys & Emotion,face-neutral-skeptical
spiral_calendar,0.2062356150883143,0.8061937680725015,0.03749738456151169,0.18748692280755846,0.2062356150883143,0.018748692280755846,spiral_calendar,29,🗓️,spiral calendar,Objects,office
OK_hand_dark_skin_tone,0.0922478577721339,0.6457350044049373,0.0922478577721339,0.30749285924044634,0.15374642962022317,0.030749285924044634,OK_hand_dark_skin_tone,21,👌🏿,OK hand: dark skin tone,People & Body,hand-fingers-partial
billed_cap,0.0,0.3612359947967774,0.0,0.1806179973983887,0.0,0.06020599913279624,billed_cap,4,🧢,billed cap,Objects,clothing
angry_face,0.8555634149009319,0.8638297280883807,0.24385623902973422,0.41848210511458633,0.361651201950877,0.2283569018032681,angry_face,937,😠,angry face,Smileys & Emotion,face-negative
Japanese_symbol_for_beginner,0.0,0.1505149978319906,0.0,0.0,0.0,0.1505149978319906,Japanese_symbol_for_beginner,2,🔰,Japanese symbol for beginner,Symbols,other-symbol
thumbs_up,0.4714410356533007,1.5986246923265046,0.27342773496401873,0.5718591861046881,0.5045104667256451,0.15808801195559785,thumbs_up,3784,👍,thumbs up,People & Body,hand-fingers-closed
Ophiuchus,0.0,0.0,0.0,0.0,0.0,0.0,Ophiuchus,1,⛎,Ophiuchus,Symbols,zodiac
waving_hand_medium-light_skin_tone,,,,,,,waving_hand_medium-light_skin_tone,27,👋🏼,waving hand: medium-light skin tone,People & Body,hand-fingers-open
face_with_spiral_eyes,0.0,0.0,0.0,0.0,0.0,0.0,face_with_spiral_eyes,1,😵‍💫,face with spiral eyes,Smileys & Emotion,face-unwell
water_pistol,0.3704007376746648,0.565348494345541,0.23393730800505144,0.2534320836721391,0.23393730800505144,0.1754529810037886,water_pistol,68,🔫,water pistol,Objects,tool
muted_speaker,0.041655707406329005,0.37490136665696105,0.08331141481265801,0.37490136665696105,0.08331141481265801,0.08331141481265801,muted_speaker,11,🔇,muted speaker,Objects,sound
waning_crescent_moon,0.28169934667141894,0.28169934667141894,0.0,0.28169934667141894,0.0,0.0,waning_crescent_moon,7,🌘,waning crescent moon,Travel & Places,sky & weather
United_Kingdom,0.28627275283179743,0.5725455056635949,0.0,0.09542425094393249,0.0,0.0,United_Kingdom,9,🇬🇧,flag: United Kingdom,Flags,country-flag
pinching_hand_medium-light_skin_tone,,,,,,,pinching_hand_medium-light_skin_tone,1,🤏🏼,pinching hand: medium-light skin tone,People & Body,hand-fingers-partial
zany_face,0.5079134572458207,0.8538834933408,0.27972045471508966,0.5447187802346484,0.32756737460056556,0.15458235655307587,zany_face,466,🤪,zany face,Smileys & Emotion,face-tongue
twelve-thirty,,,,,,,twelve-thirty,2,🕧,twelve-thirty,Travel & Places,time
package,0.269529320989759,0.664838991774739,0.2066391460921486,0.12578034979522087,0.4042939814846386,0.044921553498293174,package,52,📦,package,Objects,mail
man_rowing_boat,0.0,0.0,0.0,0.0,0.0,0.0,man_rowing_boat,1,🚣‍♂️,man rowing boat,People & Body,person-sport
kiwi_fruit,0.12696249953501468,0.4443687483725514,0.12696249953501468,0.0,0.19044374930252206,0.19044374930252206,kiwi_fruit,12,🥝,kiwi fruit,Food & Drink,food-fruit
breast-feeding,,,,,,,breast-feeding,2,🤱,breast-feeding,People & Body,person-role
no_pedestrians,0.0,0.43004285094854455,0.0,0.0,0.08600857018970891,0.08600857018970891,no_pedestrians,4,🚷,no pedestrians,Symbols,warning
man_technologist_light_skin_tone,0.24629726917962094,0.16419817945308066,0.24629726917962094,0.08209908972654033,0.16419817945308066,0.0,man_technologist_light_skin_tone,8,👨🏻‍💻,man technologist: light skin tone,People & Body,person-role
drooling_face,0.3386822866816795,1.002128409907435,0.2319741689600544,0.5242616218497229,0.2412531357184566,0.25053210247685875,drooling_face,388,🤤,drooling face,Smileys & Emotion,face-sleepy
Japanese_application_button,0.0,0.0,0.0,0.0,0.0,0.0,Japanese_application_button,1,🈸,Japanese “application” button,Symbols,alphanum
ballot_box_with_ballot,0.11288624837399294,0.26340124620598354,0.0,0.0,0.18814374728998826,0.03762874945799765,ballot_box_with_ballot,4,🗳️,ballot box with ballot,Objects,mail
love_letter,0.07778421217045649,0.7778421217045649,0.0622273697363652,0.1244547394727304,0.5289326427591042,0.0622273697363652,love_letter,43,💌,love letter,Smileys & Emotion,emotion
shopping_bags,0.17077941928474044,0.9506721006850551,0.29032501278405876,0.18216471390372313,0.38710001704541164,0.1650867719752491,shopping_bags,140,🛍️,shopping bags,Objects,clothing
palms_up_together_medium-light_skin_tone,,,,,,,palms_up_together_medium-light_skin_tone,7,🤲🏼,palms up together: medium-light skin tone,People & Body,hands
man_light_skin_tone_red_hair,0.10034333188799373,0.20068666377598746,0.0,0.0,0.0,0.0,man_light_skin_tone_red_hair,2,👨🏻‍🦰,"man: light skin tone, red hair",People & Body,person
beach_with_umbrella,0.1498476425970996,1.12711487692601,0.11075695322394317,0.1303022979105214,0.16939298728367783,0.17590810217920386,beach_with_umbrella,73,🏖️,beach with umbrella,Travel & Places,place-geographic
vulcan_salute,0.23305548051404995,0.427268380942425,0.03884258008567499,0.15537032034269996,0.34958322077107495,0.0,vulcan_salute,16,🖖,vulcan salute,People & Body,hand-fingers-open
horse_racing_light_skin_tone,0.0,0.0,0.0,0.0,0.0,0.0,horse_racing_light_skin_tone,1,🏇🏻,horse racing: light skin tone,People & Body,person-sport
light_rail,0.0,0.0,0.0,0.0,0.0,0.0,light_rail,1,🚈,light rail,Travel & Places,transport-ground
scientist_medium_skin_tone,0.0,0.0,0.0,0.0,0.0,0.0,scientist_medium_skin_tone,1,🧑🏽‍🔬,scientist: medium skin tone,People & Body,person-role
man_teacher_light_skin_tone,0.0,0.0,0.0,0.0,0.0,0.0,man_teacher_light_skin_tone,1,👨🏻‍🏫,man teacher: light skin tone,People & Body,person-role
woman_standing_light_skin_tone,0.0,0.0,0.0,0.0,0.0,0.0,woman_standing_light_skin_tone,1,🧍🏻‍♀️,woman standing: light skin tone,People & Body,person-activity
shark,0.050171665943996864,0.0752574989159953,0.0,0.10034333188799373,0.025085832971998432,0.050171665943996864,shark,2,🦈,shark,Animals & Nature,animal-marine
mahjong_red_dragon,0.0,0.0,0.0,0.0,0.0,0.0,mahjong_red_dragon,1,🀄,mahjong red dragon,Activities,game
fire_engine,0.05633986933428379,0.3943790853399865,0.0,0.05633986933428379,0.28169934667141894,0.05633986933428379,fire_engine,7,🚒,fire engine,Travel & Places,transport-ground
name_badge,0.0,0.1806179973983887,0.0,0.0,0.06020599913279624,0.06020599913279624,name_badge,2,📛,name badge,Symbols,other-symbol
umbrella_with_rain_drops,0.17966828263013496,0.5030711913643778,0.10780096957808097,0.07186731305205397,0.10780096957808097,0.14373462610410795,umbrella_with_rain_drops,13,☔,umbrella with rain drops,Travel & Places,sky & weather
joker,0.07706367888997918,0.20229215708619538,0.048164799306236995,0.17820975743307685,0.07706367888997918,0.019265919722494796,joker,4,🃏,joker,Activities,game
menorah,0.0,0.0,0.0,0.0,0.0,0.0,menorah,1,🕎,menorah,Symbols,religion
alien_monster,0.30500509280117183,0.5591760034688151,0.0,0.17791963746735023,0.30500509280117183,0.050834182133528645,alien_monster,25,👾,alien monster,Smileys & Emotion,face-costume
woman_medium-light_skin_tone,,,,,,,woman_medium-light_skin_tone,13,👩🏼,woman: medium-light skin tone,People & Body,person
person_running_dark_skin_tone,0.10034333188799373,0.0,0.0,0.0,0.20068666377598746,0.0,person_running_dark_skin_tone,2,🏃🏿,person running: dark skin tone,People & Body,person-activity
joystick,0.17852446031283858,0.35704892062567717,0.059508153437612864,0.11901630687522573,0.26778669046925785,0.059508153437612864,joystick,11,🕹️,joystick,Activities,game
collision,0.38968806680854934,1.140942381171423,0.15667870727354047,0.18078312377716207,0.44593170531699977,0.11248727701690085,collision,267,💥,collision,Smileys & Emotion,emotion
pregnant_woman_light_skin_tone,0.07074102276214943,0.31833460242967243,0.21222306828644824,0.07074102276214943,0.10611153414322412,0.0,pregnant_woman_light_skin_tone,6,🤰🏻,pregnant woman: light skin tone,People & Body,person-role
sauropod,0.0,0.0752574989159953,0.0,0.1505149978319906,0.0,0.0752574989159953,sauropod,2,🦕,sauropod,Animals & Nature,animal-reptile
french_fries,0.2553371688847946,0.9319806664295003,0.37023889488295214,0.21065316432995557,0.26172059810691445,0.16596915977511648,french_fries,157,🍟,french fries,Food & Drink,food-prepared
vulcan_salute_medium-light_skin_tone,,,,,,,vulcan_salute_medium-light_skin_tone,8,🖖🏼,vulcan salute: medium-light skin tone,People & Body,hand-fingers-open
bullet_train,0.043230625021313536,0.2593837501278812,0.1296918750639406,0.30261437514919476,0.0,0.043230625021313536,bullet_train,6,🚅,bullet train,Travel & Places,transport-ground
downwards_button,0.0,0.0,0.0,0.0,0.0,0.3010299956639812,downwards_button,2,🔽,downwards button,Symbols,av-symbol
princess,0.1519500009426128,0.48624000301636094,0.1519500009426128,0.3039000018852256,0.3039000018852256,0.0,princess,25,👸,princess,People & Body,person-role
up-right_arrow,,,,,,,up-right_arrow,2,↗️,up-right arrow,Symbols,arrow
face_vomiting,0.6324437583356274,0.5436173877828708,0.2558199471919392,0.721270128888384,0.12080386395174905,0.21318328932661598,face_vomiting,307,🤮,face vomiting,Smileys & Emotion,face-unwell
door,0.08600857018970891,0.08600857018970891,0.004778253899428273,0.057339046793139274,0.047782538994282725,0.01911301559771309,door,2,🚪,door,Objects,household
yawning_face,0.26290354851899767,0.2336920431279979,0.3505380646919969,0.1460575269549987,0.40896107547399635,0.029211505390999738,yawning_face,27,🥱,yawning face,Smileys & Emotion,face-concerned
backhand_index_pointing_down_medium_skin_tone,0.07952020911994373,0.07952020911994373,0.07952020911994373,0.15904041823988746,0.07952020911994373,0.0,backhand_index_pointing_down_medium_skin_tone,3,👇🏽,backhand index pointing down: medium skin tone,People & Body,hand-single-finger
merman_medium_skin_tone,0.0,0.3010299956639812,0.0,0.0,0.0,0.0,merman_medium_skin_tone,2,🧜🏽‍♂️,merman: medium skin tone,People & Body,person-fantasy
backhand_index_pointing_up_dark_skin_tone,0.27264071698266423,0.27264071698266423,0.13632035849133212,0.27264071698266423,0.0,0.0,backhand_index_pointing_up_dark_skin_tone,9,👆🏿,backhand index pointing up: dark skin tone,People & Body,hand-single-finger
chipmunk,0.0,0.13632035849133212,0.13632035849133212,0.0,0.13632035849133212,0.06816017924566606,chipmunk,3,🐿️,chipmunk,Animals & Nature,animal-mammal
handshake,0.28354354997520176,0.9563587533061889,0.12014557202339056,0.27393190421333047,0.41810659064139916,0.1297572177852618,handshake,152,🤝,handshake,People & Body,hands
mouth,0.2300552314652851,0.7536292065242098,0.13485996327275335,0.3252504996578169,0.29351874359363955,0.09519526819253177,mouth,68,👄,mouth,People & Body,body-parts
star_of_David,0.0,0.0,0.0,0.0,0.0,0.0,star_of_David,1,✡️,star of David,Symbols,religion
oncoming_fist,0.5292479682707667,0.9780254852255102,0.20736616300667465,0.39925723922180645,0.3497369614888692,0.1857010414985146,oncoming_fist,446,👊,oncoming fist,People & Body,hand-fingers-closed
computer_disk,0.0,0.0,0.0,0.0,0.0,0.0,computer_disk,1,💽,computer disk,Objects,computer
police_car,0.36218487429182433,0.1207282914306081,0.1207282914306081,0.0,0.0,0.2414565828612162,police_car,7,🚓,police car,Travel & Places,transport-ground
railway_track,0.0776633338151132,0.3106533352604528,0.1553266676302264,0.0,0.0,0.1553266676302264,railway_track,5,🛤️,railway track,Travel & Places,transport-ground
North_Korea,,,,,,,North_Korea,1,🇰🇵,flag: North Korea,Flags,country-flag
cat_with_wry_smile,0.1505149978319906,0.45154499349597177,0.22577249674798588,0.22577249674798588,0.0752574989159953,0.0752574989159953,cat_with_wry_smile,16,😼,cat with wry smile,Smileys & Emotion,cat-face
woman_artist,0.2580257105691267,0.2580257105691267,0.0,0.08600857018970891,0.0,0.0,woman_artist,4,👩‍🎨,woman artist,People & Body,person-role
hot_springs,0.1906281830007324,0.0953140915003662,0.1906281830007324,0.1906281830007324,0.0,0.031771363833455406,hot_springs,5,♨️,hot springs,Travel & Places,place-other
kaaba,0.0,0.0,0.0,0.0,0.0,0.6020599913279624,kaaba,4,🕋,kaaba,Travel & Places,place-religious
ringed_planet,0.17474250108400471,0.17474250108400471,0.08737125054200236,0.08737125054200236,0.08737125054200236,0.08737125054200236,ringed_planet,5,🪐,ringed planet,Travel & Places,sky & weather
keycap_1,0.17947418960741457,0.5832911162240974,0.1121713685046341,0.13460564220556093,0.1121713685046341,0.15703991590648775,keycap_1,19,1️⃣,keycap: 1,Symbols,keycap
man_artist_medium-light_skin_tone,,,,,,,man_artist_medium-light_skin_tone,1,👨🏼‍🎨,man artist: medium-light skin tone,People & Body,person-role
crossed_fingers_dark_skin_tone,0.08600857018970891,0.08600857018970891,0.043004285094854454,0.0,0.08600857018970891,0.0,crossed_fingers_dark_skin_tone,2,🤞🏿,crossed fingers: dark skin tone,People & Body,hand-fingers-partial
woman_zombie,0.19258761512254965,0.41727316609885756,0.32097935853758275,0.1283917434150331,0.1283917434150331,0.19258761512254965,woman_zombie,24,🧟‍♀️,woman zombie,People & Body,person-fantasy
globe_showing_Asia-Australia,,,,,,,globe_showing_Asia-Australia,21,🌏,globe showing Asia-Australia,Travel & Places,place-map
person_shrugging,0.2995952921873669,0.5070074175478517,0.16132054194704373,0.16132054194704373,0.32264108389408747,0.09218316682688213,person_shrugging,35,🤷,person shrugging,People & Body,person-gesture
Spain,0.15365418909350123,0.15365418909350123,0.07682709454675062,0.23048128364025183,0.0,0.23048128364025183,Spain,7,🇪🇸,flag: Spain,Flags,country-flag
clapper_board,0.23938722751745156,0.6360860616892284,0.1025945260789078,0.766039128055845,0.3556610237402137,0.08207562086312625,clapper_board,152,🎬,clapper board,Objects,light & video
butterfly,0.17071543691886953,0.8923761475304544,0.20951439985497625,0.25607315537830433,0.18623502209331222,0.3103917034888537,butterfly,106,🦋,butterfly,Animals & Nature,animal-bug
person_facepalming,0.3620114060806676,0.6448328170811892,0.2149442723603964,0.40726283184075107,0.19231855948035467,0.11312856440020863,person_facepalming,86,🤦,person facepalming,People & Body,person-gesture
eight-spoked_asterisk,,,,,,,eight-spoked_asterisk,1,✳️,eight-spoked asterisk,Symbols,other-symbol
takeout_box,0.0,0.20068666377598746,0.0,0.050171665943996864,0.0,0.050171665943996864,takeout_box,2,🥡,takeout box,Food & Drink,food-asian
woman_surfing_medium_skin_tone,0.0,0.0,0.0,0.0,0.0,0.0,woman_surfing_medium_skin_tone,1,🏄🏽‍♀️,woman surfing: medium skin tone,People & Body,person-sport
man_tipping_hand_medium_skin_tone,,,,,,,man_tipping_hand_medium_skin_tone,1,💁🏽‍♂️,man tipping hand: medium skin tone,People & Body,person-gesture
man_juggling_light_skin_tone,,,,,,,man_juggling_light_skin_tone,1,🤹🏻‍♂️,man juggling: light skin tone,People & Body,person-sport
tractor,0.0,0.0,0.0,0.0,0.0,0.0,tractor,1,🚜,tractor,Travel & Places,transport-ground
circus_tent,0.0,0.0,0.0,0.0,0.0,0.0,circus_tent,1,🎪,circus tent,Travel & Places,place-other
woman_mage_light_skin_tone,0.13979400086720378,0.27958800173440757,0.13979400086720378,0.13979400086720378,0.0,0.0,woman_mage_light_skin_tone,5,🧙🏻‍♀️,woman mage: light skin tone,People & Body,person-fantasy
no_bicycles,0.0,0.1806179973983887,0.0,0.0,0.06020599913279624,0.06020599913279624,no_bicycles,2,🚳,no bicycles,Symbols,warning
ewe,0.07194541640317499,0.0,0.07194541640317499,0.6475087476285749,0.07194541640317499,0.215836249209525,ewe,12,🐑,ewe,Animals & Nature,animal-mammal
speaker_high_volume,0.26469737903147583,0.7940921370944274,0.0441162298385793,0.15440680443502758,0.24263926411218617,0.0441162298385793,speaker_high_volume,35,🔊,speaker high volume,Objects,sound
face_with_hand_over_mouth,0.5168697470568093,1.0489415454976423,0.23563179645236892,0.5016676956727855,0.36738290844724186,0.1444194881482261,face_with_hand_over_mouth,653,🤭,face with hand over mouth,Smileys & Emotion,face-hand
white_large_square,0.0,0.5677681940268807,0.0,0.0,0.5677681940268807,0.04055487100192005,white_large_square,15,⬜,white large square,Symbols,geometric
person_beard,0.0,0.0,0.0,0.0,0.0,0.0,person_beard,1,🧔,person: beard,People & Body,person
handbag,0.04544011949711071,0.36352095597688566,0.04544011949711071,0.06816017924566606,0.13632035849133212,0.29536077673121963,handbag,9,👜,handbag,Objects,clothing
jack-o-lantern,,,,,,,jack-o-lantern,29,🎃,jack-o-lantern,Activities,event
police_officer,0.0,0.10034333188799373,0.0,0.10034333188799373,0.10034333188799373,0.0,police_officer,2,👮,police officer,People & Body,person-role
lemon,0.22232624499366818,1.0481094406844356,0.19056535285171558,0.12704356856781038,0.24614691410013262,0.23026646802915632,lemon,116,🍋,lemon,Food & Drink,food-fruit
zebra,0.047712125471966245,0.19084850188786498,0.0,0.047712125471966245,0.0,0.19084850188786498,zebra,3,🦓,zebra,Animals & Nature,animal-mammal
sloth,0.0,0.23856062735983122,0.23856062735983122,0.0,0.0,0.0,sloth,3,🦥,sloth,Animals & Nature,animal-mammal
man_in_lotus_position_light_skin_tone,0.0,0.0,0.0,0.0,0.0,0.0,man_in_lotus_position_light_skin_tone,1,🧘🏻‍♂️,man in lotus position: light skin tone,People & Body,person-resting
white_question_mark,0.2603481712895563,0.32543521411194537,0.13017408564477814,0.0,0.2603481712895563,0.06508704282238907,white_question_mark,11,❔,white question mark,Symbols,punctuation
sun_behind_large_cloud,0.0,0.0,0.0,0.0,0.0,0.0,sun_behind_large_cloud,1,🌥️,sun behind large cloud,Travel & Places,sky & weather
person_swimming,0.0840083708829715,0.5320530155921528,0.19601953206026684,0.11201116117729533,0.168016741765943,0.11201116117729533,person_swimming,16,🏊,person swimming,People & Body,person-sport
saxophone,0.21224593253300703,0.5093902380792168,0.042449186506601407,0.16979674602640563,0.1273475595198042,0.08489837301320281,saxophone,14,🎷,saxophone,Objects,musical-instrument
revolving_hearts,0.20106115668791313,1.1845124665744446,0.16609399900305866,0.5594745229576713,0.3671551556909718,0.10490147305456336,revolving_hearts,383,💞,revolving hearts,Smileys & Emotion,emotion
trophy,0.12912372713016648,1.6068730487309604,0.08608248475344431,0.36505350015812493,0.2630298145244132,0.2949122162849481,trophy,556,🏆,trophy,Activities,award-medal
mage,0.12694010782747098,0.5885404999273655,0.08078006861748153,0.4269803626924024,0.25388021565494195,0.0,mage,30,🧙,mage,People & Body,person-fantasy
part_alternation_mark,0.0,0.0,0.0,0.1505149978319906,0.0,0.1505149978319906,part_alternation_mark,2,〽️,part alternation mark,Symbols,other-symbol
grinning_cat,0.2840161868613341,0.09467206228711138,0.18934412457422276,0.09467206228711138,0.18934412457422276,0.18934412457422276,grinning_cat,11,😺,grinning cat,Smileys & Emotion,cat-face
repeat_single_button,0.0,0.0,0.0,0.0,0.0,0.0,repeat_single_button,1,🔂,repeat single button,Symbols,av-symbol
first_quarter_moon_face,0.0,0.0,0.0,0.0,0.0,0.0,first_quarter_moon_face,1,🌛,first quarter moon face,Travel & Places,sky & weather
rice_ball,0.10034333188799373,0.10034333188799373,0.0,0.0,0.0,0.10034333188799373,rice_ball,2,🍙,rice ball,Food & Drink,food-asian
no_smoking,0.05473272648436022,0.21893090593744088,0.05473272648436022,0.0,0.10946545296872044,0.16419817945308063,no_smoking,4,🚭,no smoking,Symbols,warning
castle,0.1164950007226698,0.1906281830007324,0.0741331822780626,0.12708545533382162,0.13767590994497342,0.052952273055759,castle,5,🏰,castle,Travel & Places,place-building
train,0.02617652136208532,0.1308826068104266,0.02617652136208532,0.05235304272417064,0.05235304272417064,0.01308826068104266,train,2,🚆,train,Travel & Places,transport-ground
raccoon,0.0,0.0,0.0,0.0,0.0,0.0,raccoon,1,🦝,raccoon,Animals & Nature,animal-mammal
heart_suit,0.30655503833312525,1.3037200225740213,0.4667214347656008,0.3892215655240804,0.38233268825816746,0.18083302823021433,heart_suit,1070,♥️,heart suit,Activities,game
face_with_thermometer,0.38744164058220654,0.46008694819137025,0.09686041014555163,0.3390114355094307,0.12107551268193953,0.07264530760916373,face_with_thermometer,30,🤒,face with thermometer,Smileys & Emotion,face-unwell
woman_medium_skin_tone_curly_hair,0.0,0.0,0.0,0.0,0.0,0.0,woman_medium_skin_tone_curly_hair,1,👩🏽‍🦱,"woman: medium skin tone, curly hair",People & Body,person
tiger_face,0.08674931903993863,0.563870573759601,0.08674931903993863,0.043374659519969314,0.0,0.17349863807987725,tiger_face,9,🐯,tiger face,Animals & Nature,animal-mammal
red_triangle_pointed_up,0.0,0.3010299956639812,0.1505149978319906,0.0,0.0,0.1505149978319906,red_triangle_pointed_up,4,🔺,red triangle pointed up,Symbols,geometric
Poland,0.0,0.0,0.0,0.0,0.0,0.0,Poland,1,🇵🇱,flag: Poland,Flags,country-flag
zombie,0.0388316669075566,0.19415833453778303,0.14238277866104088,0.20710222350696855,0.0776633338151132,0.0388316669075566,zombie,5,🧟,zombie,People & Body,person-fantasy
smiling_face_with_tear,0.36142464494382,0.8046812849692596,0.23185731939792226,0.44325664002543963,0.3000506486326053,0.17048332308670752,smiling_face_with_tear,205,🥲,smiling face with tear,Smileys & Emotion,face-affection
pager,0.0,0.0,0.0,0.0,0.0,0.0,pager,1,📟,pager,Objects,phone
carrot,0.3984927912391618,0.3355728768329784,0.14681313361442805,0.1677864384164892,0.2097330480206115,0.18875974321855032,carrot,28,🥕,carrot,Food & Drink,food-vegetable
hammer_and_wrench,0.2329900014453396,0.2912375018066745,0.0582475003613349,0.0582475003613349,0.0,0.0582475003613349,hammer_and_wrench,5,🛠️,hammer and wrench,Objects,tool
fallen_leaf,0.20665156422191797,0.7232804747767129,0.21956728698578784,0.20665156422191797,0.16790439593030834,0.12915722763869872,fallen_leaf,45,🍂,fallen leaf,Animals & Nature,plant-other
motor_boat,0.10034333188799373,0.20068666377598746,0.10034333188799373,0.10034333188799373,0.0,0.10034333188799373,motor_boat,4,🛥️,motor boat,Travel & Places,transport-water
person_taking_bath,0.12723233459190997,0.33928622557842664,0.06361616729595498,0.2332592800851683,0.06361616729595498,0.12723233459190997,person_taking_bath,9,🛀,person taking bath,People & Body,person-resting
ferris_wheel,0.0,0.3010299956639812,0.0,0.0,0.20068666377598746,0.10034333188799373,ferris_wheel,4,🎡,ferris wheel,Travel & Places,place-other
woman_elf_medium-light_skin_tone,,,,,,,woman_elf_medium-light_skin_tone,3,🧝🏼‍♀️,woman elf: medium-light skin tone,People & Body,person-fantasy
nose,0.0,0.0,0.15904041823988746,0.15904041823988746,0.0,0.15904041823988746,nose,3,👃,nose,People & Body,body-parts
Uzbekistan,,,,,,,Uzbekistan,1,🇺🇿,flag: Uzbekistan,Flags,country-flag
open_hands_medium-light_skin_tone,,,,,,,open_hands_medium-light_skin_tone,4,👐🏼,open hands: medium-light skin tone,People & Body,hands
bacon,0.0,0.0,0.0,0.0,0.0,0.0,bacon,1,🥓,bacon,Food & Drink,food-prepared
disguised_face,0.0,0.6020599913279623,0.10034333188799371,0.0,0.20068666377598743,0.0,disguised_face,8,🥸,disguised face,Smileys & Emotion,face-hat
litter_in_bin_sign,0.0,1.0309166638574727,0.03325537625346686,0.03325537625346686,0.06651075250693372,0.06651075250693372,litter_in_bin_sign,17,🚮,litter in bin sign,Symbols,transport-sign
kissing_face_with_closed_eyes,0.3373076961075858,0.6956971232218957,0.21081731006724114,0.3373076961075858,0.23189904107396525,0.12649038604034468,kissing_face_with_closed_eyes,87,😚,kissing face with closed eyes,Smileys & Emotion,face-affection
person_bowing,0.19156454269526077,0.6567927178123225,0.16419817945308063,0.13683181621090054,0.0,0.05473272648436022,person_bowing,16,🙇,person bowing,People & Body,person-gesture
man_lifting_weights,0.0,0.0,0.0,0.0,0.0,0.3010299956639812,man_lifting_weights,2,🏋️‍♂️,man lifting weights,People & Body,person-sport
gloves,0.02736636324218011,0.21893090593744088,0.0,0.0,0.05473272648436022,0.0,gloves,2,🧤,gloves,Objects,clothing
rooster,0.1348976557559531,0.4046929672678593,0.2697953115119062,0.1348976557559531,0.0,0.1348976557559531,rooster,12,🐓,rooster,Animals & Nature,animal-bird
woman_kneeling_light_skin_tone,,,,,,,woman_kneeling_light_skin_tone,1,🧎🏻‍♀️,woman kneeling: light skin tone,People & Body,person-activity
heart_on_fire,0.0,0.3887654668086138,0.07068463032883887,0.24739620615093608,0.2120538909865166,0.035342315164419436,heart_on_fire,9,❤️‍🔥,heart on fire,Smileys & Emotion,emotion
winking_face,0.5559067362281862,1.3255676374365017,0.28926118230246173,0.6609599777201269,0.5996789201831615,0.13788237945817217,winking_face,3709,😉,winking face,Smileys & Emotion,face-smiling
heart_with_ribbon,0.1910466518646878,0.9552332593234389,0.2247607668996327,0.37085526538439395,0.23599880524461436,0.06742823006988981,heart_with_ribbon,111,💝,heart with ribbon,Smileys & Emotion,emotion
right_arrow_curving_up,0.2593837501278812,0.2593837501278812,0.0,0.0,0.0,0.2593837501278812,right_arrow_curving_up,6,⤴️,right arrow curving up,Symbols,arrow
woman_mountain_biking,0.0,0.0,0.0,0.0,0.0,0.47712125471966244,woman_mountain_biking,3,🚵‍♀️,woman mountain biking,People & Body,person-sport
person,0.11698242750393621,0.19302100538149475,0.07018945650236172,0.13160523094192822,0.14037891300472344,0.04679297100157448,person,5,🧑,person,People & Body,person
woman_fairy_medium-light_skin_tone,,,,,,,woman_fairy_medium-light_skin_tone,12,🧚🏼‍♀️,woman fairy: medium-light skin tone,People & Body,person-fantasy
sunglasses,0.0573064017839119,0.5157576160552071,0.3438384107034714,0.0573064017839119,0.0573064017839119,0.1146128035678238,sunglasses,14,🕶️,sunglasses,Objects,clothing
compass,0.1505149978319906,0.0,0.0,0.0,0.1505149978319906,0.0,compass,2,🧭,compass,Travel & Places,place-map
crossed_swords,0.19507808342583371,0.4180244644839294,0.3622878692194055,0.22294638105809567,0.3344195715871435,0.13934148816130978,crossed_swords,47,⚔️,crossed swords,Objects,tool
sandwich,0.10224026886849909,0.14768038836560982,0.03408008962283303,0.06816017924566606,0.11360029874277676,0.011360029874277677,sandwich,3,🥪,sandwich,Food & Drink,food-prepared
family_man_girl,0.0,0.0,0.0,0.0,0.0,0.0,family_man_girl,1,👨‍👧,"family: man, girl",People & Body,family
pear,0.13067680656174235,0.3920304196852271,0.3920304196852271,0.0,0.13067680656174235,0.13067680656174235,pear,15,🍐,pear,Food & Drink,food-fruit
seat,0.03612359947967774,0.10837079843903323,0.0,0.048164799306236995,0.06020599913279624,0.048164799306236995,seat,2,💺,seat,Travel & Places,transport-air
desert_island,0.1512588936137697,0.49159140424475156,0.05672208510516364,0.1323515319120485,0.22688834042065456,0.2836104255258182,desert_island,22,🏝️,desert island,Travel & Places,place-geographic
monkey,0.27849838607680644,0.38293528085560885,0.1044368947788024,0.2088737895576048,0.034812298259600805,0.06962459651920161,monkey,12,🐒,monkey,Animals & Nature,animal-mammal
white_heart,0.2781667012016474,1.1967637144722039,0.18760079848483197,0.3105116664576529,0.18113180543363086,0.10350388881921763,white_heart,181,🤍,white heart,Smileys & Emotion,emotion
woman_superhero_light_skin_tone,0.2511164498524539,0.10044657994098156,0.05022328997049078,0.15066986991147233,0.35156302979343546,0.05022328997049078,woman_superhero_light_skin_tone,9,🦸🏻‍♀️,woman superhero: light skin tone,People & Body,person-fantasy
man_gesturing_NO,0.4225490200071284,0.14084967333570947,0.07042483666785473,0.14084967333570947,0.0,0.07042483666785473,man_gesturing_NO,7,🙅‍♂️,man gesturing NO,People & Body,person-gesture
man_facepalming_medium-dark_skin_tone,,,,,,,man_facepalming_medium-dark_skin_tone,3,🤦🏾‍♂️,man facepalming: medium-dark skin tone,People & Body,person-gesture
person_raising_hand,0.3549978677165853,0.8068133357195122,0.17749893385829266,0.2823846675018293,0.2501121340730488,0.14522640042951218,person_raising_hand,104,🙋,person raising hand,People & Body,person-gesture
high-speed_train,,,,,,,high-speed_train,10,🚄,high-speed train,Travel & Places,transport-ground
open_mailbox_with_lowered_flag,0.0,0.0,0.0,0.0,0.0,0.3010299956639812,open_mailbox_with_lowered_flag,2,📭,open mailbox with lowered flag,Objects,mail
envelope_with_arrow,0.07781512503836437,0.46689075023018617,0.0,0.0,0.07781512503836437,0.15563025007672873,envelope_with_arrow,6,📩,envelope with arrow,Objects,mail
carousel_horse,0.0,0.0,0.0,0.0,0.0,0.6020599913279624,carousel_horse,4,🎠,carousel horse,Travel & Places,place-other
man_office_worker_light_skin_tone,0.0,0.1505149978319906,0.1505149978319906,0.0,0.0,0.0,man_office_worker_light_skin_tone,2,👨🏻‍💼,man office worker: light skin tone,People & Body,person-role
camera,0.12644605034392414,1.566526068149727,0.08429736689594944,0.10537170861993679,0.09132214747061189,0.11239648919459924,camera,122,📷,camera,Objects,light & video
woman_playing_water_polo_medium-light_skin_tone,,,,,,,woman_playing_water_polo_medium-light_skin_tone,1,🤽🏼‍♀️,woman playing water polo: medium-light skin tone,People & Body,person-sport
blue_circle,0.08010712962755578,0.6408570370204463,0.0,0.16021425925511157,0.08010712962755578,0.08010712962755578,blue_circle,11,🔵,blue circle,Symbols,geometric
sake,0.0,0.05301347274662915,0.15904041823988746,0.15904041823988746,0.05301347274662915,0.05301347274662915,sake,3,🍶,sake,Food & Drink,drink
person_medium-dark_skin_tone_beard,,,,,,,person_medium-dark_skin_tone_beard,1,🧔🏾,"person: medium-dark skin tone, beard",People & Body,person
upside-down_face,,,,,,,upside-down_face,815,🙃,upside-down face,Smileys & Emotion,face-smiling
mount_fuji,0.0,0.0,0.0,0.0,0.0,0.8450980400142568,mount_fuji,7,🗻,mount fuji,Travel & Places,place-geographic
woman_getting_massage_medium_skin_tone,0.0,0.0,0.0,0.0,0.0,0.0,woman_getting_massage_medium_skin_tone,1,💆🏽‍♀️,woman getting massage: medium skin tone,People & Body,person-activity
person_bouncing_ball_light_skin_tone,0.0,0.0,0.0,0.0,0.0,0.0,person_bouncing_ball_light_skin_tone,1,⛹🏻,person bouncing ball: light skin tone,People & Body,person-sport
locomotive,0.17295459691995316,0.13836367753596251,0.41509103260788754,0.10377275815197189,0.27672735507192503,0.06918183876798126,locomotive,15,🚂,locomotive,Travel & Places,transport-ground
upwards_button,0.23856062735983122,0.11928031367991561,0.0,0.0,0.0,0.11928031367991561,upwards_button,3,🔼,upwards button,Symbols,av-symbol
anger_symbol,0.0,0.3976010455997187,0.0,0.0,0.07952020911994373,0.0,anger_symbol,3,💢,anger symbol,Smileys & Emotion,emotion
family_woman_boy,0.1553266676302264,0.2329900014453396,0.3106533352604528,0.0,0.0,0.0,family_woman_boy,5,👩‍👦,"family: woman, boy",People & Body,family
dvd,0.13379110918399165,0.16946873829972275,0.02675822183679833,0.16500903466025638,0.06689555459199582,0.04013733275519749,dvd,4,📀,dvd,Objects,computer
T-Rex,,,,,,,T-Rex,4,🦖,T-Rex,Animals & Nature,animal-reptile
love-you_gesture,,,,,,,love-you_gesture,50,🤟,love-you gesture,People & Body,hand-fingers-partial
man_guard,0.0,0.0,0.11928031367991561,0.11928031367991561,0.23856062735983122,0.0,man_guard,3,💂‍♂️,man guard,People & Body,person-role
woman_medium-light_skin_tone_blond_hair,,,,,,,woman_medium-light_skin_tone_blond_hair,4,👱🏼‍♀️,"woman: medium-light skin tone, blond hair",People & Body,person
princess_dark_skin_tone,0.0,0.0,0.0,0.0,0.0,0.0,princess_dark_skin_tone,1,👸🏿,princess: dark skin tone,People & Body,person-role
input_symbols,0.0,0.0,0.0,0.0,0.0,0.0,input_symbols,1,🔣,input symbols,Symbols,alphanum
teacup_without_handle,0.05022328997049078,0.20089315988196313,0.15066986991147233,0.05022328997049078,0.10044657994098156,0.40178631976392626,teacup_without_handle,9,🍵,teacup without handle,Food & Drink,drink
woman_cartwheeling,0.0,0.6363636363636364,0.09090909090909091,0.0,0.22727272727272727,0.045454545454545456,woman_cartwheeling,10,🤸‍♀️,woman cartwheeling,People & Body,person-sport
nauseated_face,0.5589593919290589,0.4347461937226013,0.26912859611399126,0.3519373949182963,0.16561759760861003,0.36573886138568046,nauseated_face,140,🤢,nauseated face,Smileys & Emotion,face-unwell
wolf,0.27917639822408713,0.5345931029822945,0.09503877386351901,0.24947678139173746,0.1366182374288086,0.04751938693175951,wolf,22,🐺,wolf,Animals & Nature,animal-mammal
man_fairy_light_skin_tone,0.08600857018970891,0.14334761698284817,0.2580257105691267,0.028669523396569637,0.0,0.08600857018970891,man_fairy_light_skin_tone,4,🧚🏻‍♂️,man fairy: light skin tone,People & Body,person-fantasy
woozy_face,0.2966058767153755,0.8304964548030515,0.2966058767153755,0.44490881507306324,0.2372847013723004,0.04943431278589592,woozy_face,143,🥴,woozy face,Smileys & Emotion,face-unwell
rosette,0.13333333333333333,0.3333333333333333,0.06666666666666667,0.0,0.06666666666666667,0.4,rosette,10,🏵️,rosette,Animals & Nature,plant-flower
backhand_index_pointing_left_dark_skin_tone,0.27586206896551724,0.27586206896551724,0.13793103448275862,0.29310344827586204,0.0,0.017241379310344827,backhand_index_pointing_left_dark_skin_tone,10,👈🏿,backhand index pointing left: dark skin tone,People & Body,hand-single-finger
COOL_button,0.043004285094854454,0.17201714037941782,0.0,0.0,0.043004285094854454,0.043004285094854454,COOL_button,2,🆒,COOL button,Symbols,alphanum
woman_red_hair,0.2120538909865166,0.05301347274662915,0.15904041823988746,0.0,0.05301347274662915,0.0,woman_red_hair,3,👩‍🦰,woman: red hair,People & Body,person
woman_fairy_light_skin_tone,0.2521914337326253,0.46835551978916123,0.1441093907043573,0.3602734767608933,0.2521914337326253,0.0,woman_fairy_light_skin_tone,30,🧚🏻‍♀️,woman fairy: light skin tone,People & Body,person-fantasy
China,0.043004285094854454,0.17201714037941782,0.0,0.0,0.043004285094854454,0.043004285094854454,China,2,🇨🇳,flag: China,Flags,country-flag
carp_streamer,0.0,0.0,0.0,0.0,0.0,0.3010299956639812,carp_streamer,2,🎏,carp streamer,Activities,event
leopard,0.18779956444761262,0.09389978222380631,0.18779956444761262,0.09389978222380631,0.18779956444761262,0.09389978222380631,leopard,7,🐆,leopard,Animals & Nature,animal-mammal
man_scientist_medium-light_skin_tone,,,,,,,man_scientist_medium-light_skin_tone,5,👨🏼‍🔬,man scientist: medium-light skin tone,People & Body,person-role
person_pouting_light_skin_tone,0.0,0.0,0.0,0.0,0.0,0.0,person_pouting_light_skin_tone,1,🙎🏻,person pouting: light skin tone,People & Body,person-gesture
teapot,0.0,0.23856062735983122,0.0,0.0,0.23856062735983122,0.0,teapot,3,🫖,teapot,Food & Drink,drink
open_hands,0.12042630835749586,0.3913855021618616,0.0903197312681219,0.21074603962561778,0.15053288544686982,0.15053288544686982,open_hands,13,👐,open hands,People & Body,hands
woman_frowning_light_skin_tone,0.08600857018970891,0.17201714037941782,0.08600857018970891,0.08600857018970891,0.17201714037941782,0.0,woman_frowning_light_skin_tone,4,🙍🏻‍♀️,woman frowning: light skin tone,People & Body,person-gesture
mobile_phone,0.3107836348163039,0.8391158140040206,0.20718908987753593,0.20718908987753593,0.1968296353836591,0.11395399943264475,mobile_phone,75,📱,mobile phone,Objects,phone
man_juggling,0.0,0.0,0.0,0.0,0.0,0.0,man_juggling,1,🤹‍♂️,man juggling,People & Body,person-sport
sparkle,0.0,0.0,0.0,0.0,0.0,0.0,sparkle,1,❇️,sparkle,Symbols,other-symbol
artist_palette,0.36208411425365683,0.9353839618219469,0.11315128570426777,0.06789077142256067,0.3017367618780474,0.12823812379817015,artist_palette,81,🎨,artist palette,Activities,arts & crafts
keycap_3,0.15707858570786473,0.7330333999700355,0.07853929285393237,0.1047190571385765,0.07853929285393237,0.07853929285393237,keycap_3,17,3️⃣,keycap: 3,Symbols,keycap
woman_dancing_medium_skin_tone,0.10302936499674849,0.7555486766428222,0.06868624333116566,0.27474497332466263,0.3777743383214111,0.0,woman_dancing_medium_skin_tone,38,💃🏽,woman dancing: medium skin tone,People & Body,person-activity
white_medium_square,0.0,0.15904041823988746,0.0,0.15904041823988746,0.0,0.15904041823988746,white_medium_square,3,◻️,white medium square,Symbols,geometric
octopus,0.12041199826559248,0.04013733275519749,0.04013733275519749,0.28096132928638246,0.08027466551039499,0.04013733275519749,octopus,4,🐙,octopus,Animals & Nature,animal-marine
woman_teacher_medium-light_skin_tone,,,,,,,woman_teacher_medium-light_skin_tone,1,👩🏼‍🏫,woman teacher: medium-light skin tone,People & Body,person-role
potable_water,0.05017166594399686,0.35120166160797806,0.15051499783199057,0.0,0.15051499783199057,0.20068666377598743,potable_water,8,🚰,potable water,Symbols,transport-sign
eject_button,0.0,0.0,0.0,0.0,0.0,0.0,eject_button,1,⏏️,eject button,Symbols,av-symbol
page_with_curl,0.1505149978319906,0.0,0.1505149978319906,0.0,0.0,0.0,page_with_curl,2,📃,page with curl,Objects,book-paper
oncoming_police_car,0.2603481712895563,0.0,0.0,0.0,0.2603481712895563,0.5206963425791126,oncoming_police_car,11,🚔,oncoming police car,Travel & Places,transport-ground
dim_button,0.1553266676302264,0.2329900014453396,0.0,0.0776633338151132,0.1553266676302264,0.0776633338151132,dim_button,5,🔅,dim button,Symbols,av-symbol
milky_way,0.3323918368911949,0.7407589507860914,0.0759752770037017,0.12345982513101525,0.26591346951295597,0.09496909625462711,milky_way,43,🌌,milky way,Travel & Places,sky & weather
hot_beverage,0.22846365067146016,1.0805713207433927,0.1975901843645061,0.2469877304556326,0.24081303719424177,0.1728914113189428,hot_beverage,147,☕,hot beverage,Food & Drink,drink
sheaf_of_rice,0.13634752527548485,0.8180851516529091,0.09089835018365656,0.20906620542241008,0.12725769025711917,0.3817730707713576,sheaf_of_rice,58,🌾,sheaf of rice,Animals & Nature,plant-other
NEW_button,0.0,0.1806179973983887,0.06020599913279624,0.0,0.0,0.06020599913279624,NEW_button,2,🆕,NEW button,Symbols,alphanum
hammer_and_pick,0.1505149978319906,0.3010299956639812,0.0,0.0,0.0,0.1505149978319906,hammer_and_pick,4,⚒️,hammer and pick,Objects,tool
right_anger_bubble,0.08646125004262707,0.17292250008525414,0.17292250008525414,0.08646125004262707,0.2593837501278812,0.0,right_anger_bubble,6,🗯️,right anger bubble,Smileys & Emotion,emotion
green_book,0.0,0.0,0.0,0.10034333188799373,0.0,0.20068666377598746,green_book,2,📗,green book,Objects,book-paper
black_heart,0.38234163501477897,1.1146230715685082,0.3013370513252071,0.37910145166719605,0.45362566866160214,0.12636715055573203,black_heart,572,🖤,black heart,Smileys & Emotion,emotion
folded_hands_dark_skin_tone,0.12147798436483606,0.3644339530945082,0.20246330727472678,0.3644339530945082,0.1619706458197814,0.04049266145494535,folded_hands_dark_skin_tone,18,🙏🏿,folded hands: dark skin tone,People & Body,hands
family_man_boy,0.02736636324218011,0.16419817945308063,0.05473272648436022,0.0,0.02736636324218011,0.02736636324218011,family_man_boy,2,👨‍👦,"family: man, boy",People & Body,family
man_gesturing_OK_light_skin_tone,0.07692307692307693,0.23076923076923078,0.07692307692307693,0.3076923076923077,0.3076923076923077,0.0,man_gesturing_OK_light_skin_tone,10,🙆🏻‍♂️,man gesturing OK: light skin tone,People & Body,person-gesture
last_quarter_moon,0.1505149978319906,0.12041199826559248,0.09030899869919436,0.1806179973983887,0.06020599913279624,0.0,last_quarter_moon,4,🌗,last quarter moon,Travel & Places,sky & weather
avocado,0.13280735102822702,0.5976330796270215,0.088538234018818,0.13280735102822702,0.1549419095329315,0.39842205308468104,avocado,32,🥑,avocado,Food & Drink,food-vegetable
baby,0.19981649150587355,0.5047995574885226,0.11042490320061432,0.17352484788667966,0.1630081904390021,0.07887493085758165,baby,17,👶,baby,People & Body,person
man_frowning,0.0,0.0,0.0,0.0,0.0,0.0,man_frowning,1,🙍‍♂️,man frowning,People & Body,person-gesture
woman_cartwheeling_medium-light_skin_tone,,,,,,,woman_cartwheeling_medium-light_skin_tone,7,🤸🏼‍♀️,woman cartwheeling: medium-light skin tone,People & Body,person-sport
television,0.3520423922152141,1.0450392272845332,0.20512706318051843,0.41025412636103686,0.40471015168048236,0.13305539233330926,television,355,📺,television,Objects,light & video
women_wrestling,0.0,0.0,0.0,0.1505149978319906,0.0,0.1505149978319906,women_wrestling,2,🤼‍♀️,women wrestling,People & Body,person-sport
cooking,0.11535458637921317,0.4614183455168527,0.1922576439653553,0.11535458637921317,0.23070917275842634,0.11535458637921317,cooking,17,🍳,cooking,Food & Drink,food-prepared
white_circle,0.16012233811913895,0.38429361148593344,0.3202446762382779,0.16012233811913895,0.2561957409906223,0.22417127336679452,white_circle,32,⚪,white circle,Symbols,geometric
woman_health_worker_medium_skin_tone,,,,,,,woman_health_worker_medium_skin_tone,1,👩🏽‍⚕️,woman health worker: medium skin tone,People & Body,person-role
woman_frowning_medium-light_skin_tone,,,,,,,woman_frowning_medium-light_skin_tone,2,🙍🏼‍♀️,woman frowning: medium-light skin tone,People & Body,person-gesture
call_me_hand,0.31813980045238166,0.9376752013333354,0.15069780021428605,0.23441880033333384,0.1674420002380956,0.0837210001190478,call_me_hand,78,🤙,call me hand,People & Body,hand-fingers-partial
ten-thirty,,,,,,,ten-thirty,3,🕥,ten-thirty,Travel & Places,time
reverse_button,0.0,0.0,0.0,0.0,0.0,0.0,reverse_button,1,◀️,reverse button,Symbols,av-symbol
woman_gesturing_NO,0.21057195044831706,0.36850091328455487,0.21057195044831706,0.10528597522415853,0.13160746903019815,0.052642987612079264,woman_gesturing_NO,12,🙅‍♀️,woman gesturing NO,People & Body,person-gesture
woman_scientist_medium-dark_skin_tone,,,,,,,woman_scientist_medium-dark_skin_tone,1,👩🏾‍🔬,woman scientist: medium-dark skin tone,People & Body,person-role
woman_bowing_light_skin_tone,0.26898696537927985,0.4034804480689198,0.13449348268963993,0.22415580448273323,0.17932464358618655,0.04483116089654664,woman_bowing_light_skin_tone,18,🙇🏻‍♀️,woman bowing: light skin tone,People & Body,person-gesture
down_arrow,0.6505742037188907,0.6853377107878392,0.17878375064030586,0.2483107647782026,0.20361482711812612,0.1539526741624856,down_arrow,132,⬇️,down arrow,Symbols,arrow
sign_of_the_horns_dark_skin_tone,0.08600857018970891,0.12901285528456335,0.0,0.08600857018970891,0.0,0.0,sign_of_the_horns_dark_skin_tone,2,🤘🏿,sign of the horns: dark skin tone,People & Body,hand-fingers-partial
woman_kneeling_medium-light_skin_tone,,,,,,,woman_kneeling_medium-light_skin_tone,2,🧎🏼‍♀️,woman kneeling: medium-light skin tone,People & Body,person-activity
copyright,0.0,0.0,0.0,0.0,0.0,0.0,copyright,1,©️,copyright,Symbols,other-symbol
honeybee,0.25075721603394197,0.6408239965311849,0.2786191289266021,0.2089643466949516,0.09751669512431076,0.12537860801697098,honeybee,40,🐝,honeybee,Animals & Nature,animal-bug
hand_with_fingers_splayed_medium-light_skin_tone,,,,,,,hand_with_fingers_splayed_medium-light_skin_tone,11,🖐🏼,hand with fingers splayed: medium-light skin tone,People & Body,hand-fingers-open
sad_but_relieved_face,0.4773796861512831,0.9051118849428329,0.30170396164761093,0.4621035361944421,0.244418399309457,0.18331379948209275,sad_but_relieved_face,375,😥,sad but relieved face,Smileys & Emotion,face-concerned
writing_hand_light_skin_tone,0.1818733772968625,0.43649610551247003,0.25462272821560755,0.47287078097184254,0.07274935091874501,0.07274935091874501,writing_hand_light_skin_tone,31,✍🏻,writing hand: light skin tone,People & Body,hand-prop
night_with_stars,0.13632035849133212,0.27264071698266423,0.04544011949711071,0.36352095597688566,0.04544011949711071,0.09088023899422142,night_with_stars,9,🌃,night with stars,Travel & Places,place-other
ogre,0.5523809523809524,0.8,0.17142857142857143,0.26666666666666666,0.08571428571428572,0.12380952380952381,ogre,100,👹,ogre,Smileys & Emotion,face-costume
left_arrow_curving_right,0.19084850188786498,0.0,0.0,0.19084850188786498,0.0,0.09542425094393249,left_arrow_curving_right,3,↪️,left arrow curving right,Symbols,arrow
confounded_face,0.25352335257591246,0.8345143688957118,0.22183293350392339,0.3063407176958942,0.20070598745593068,0.13732514931195258,confounded_face,90,😖,confounded face,Smileys & Emotion,face-concerned
left-right_arrow,,,,,,,left-right_arrow,2,↔️,left-right arrow,Symbols,arrow
watch,0.2367113201709953,0.3683819920161115,0.10504064832587917,0.09912286532160429,0.1139173228322915,0.031068360772443133,watch,9,⌚,watch,Travel & Places,time
cricket_game,0.0,0.0,0.0,0.0,0.0,0.0,cricket_game,1,🏏,cricket game,Activities,sport
man_judge,0.0,0.0,0.0,0.0,0.0,0.0,man_judge,1,👨‍⚖️,man judge,People & Body,person-role
hot_pepper,0.2778738421513673,0.6483722983531902,0.0,0.0,0.09262461405045576,0.18524922810091152,hot_pepper,16,🌶️,hot pepper,Food & Drink,food-vegetable
woman_rowing_boat,0.0,0.0,0.0,0.0,0.0,0.0,woman_rowing_boat,1,🚣‍♀️,woman rowing boat,People & Body,person-sport
firecracker,0.27264071698266423,0.27264071698266423,0.0,0.27264071698266423,0.13632035849133212,0.0,firecracker,9,🧨,firecracker,Activities,event
family_man_woman_girl_boy,0.11859748639790592,0.4595652597918854,0.23719497279581184,0.1482468579973824,0.1927209153965971,0.0741234289986912,family_man_woman_girl_boy,17,👨‍👩‍👧‍👦,"family: man, woman, girl, boy",People & Body,family
Bulgaria,0.0,0.0,0.0,0.0,0.0,0.0,Bulgaria,1,🇧🇬,flag: Bulgaria,Flags,country-flag
woman_in_lotus_position_medium-light_skin_tone,,,,,,,woman_in_lotus_position_medium-light_skin_tone,4,🧘🏼‍♀️,woman in lotus position: medium-light skin tone,People & Body,person-resting
man_supervillain,0.0,0.22577249674798588,0.0,0.0,0.0752574989159953,0.0,man_supervillain,2,🦹‍♂️,man supervillain,People & Body,person-fantasy
pensive_face,0.5769358174485232,1.1350956171694317,0.4856160948642156,0.5402372373445491,0.3721065331472724,0.16300997208974546,pensive_face,1875,😔,pensive face,Smileys & Emotion,face-sleepy
woman_playing_water_polo_medium_skin_tone,0.0,0.0,0.0,0.0,0.0,0.0,woman_playing_water_polo_medium_skin_tone,1,🤽🏽‍♀️,woman playing water polo: medium skin tone,People & Body,person-sport
fast-forward_button,,,,,,,fast-forward_button,8,⏩,fast-forward button,Symbols,av-symbol
telescope,0.28169934667141894,0.07042483666785473,0.2112745100035642,0.14084967333570947,0.07042483666785473,0.07042483666785473,telescope,7,🔭,telescope,Objects,science
tornado,0.12304489213782739,0.3281197123675397,0.16405985618376984,0.12304489213782739,0.45116460450536705,0.04101496404594246,tornado,17,🌪️,tornado,Travel & Places,sky & weather
check_box_with_check,0.057339046793139274,0.6880685615176713,0.0,0.2293561871725571,0.11467809358627855,0.11467809358627855,check_box_with_check,16,☑️,check box with check,Symbols,other-symbol
plus,0.21737255129006242,0.2941964008502311,0.060538609561238875,0.078593984342661,0.085320496516132,0.04212920782331829,plus,6,➕,plus,Symbols,math
waving_hand_medium-dark_skin_tone,,,,,,,waving_hand_medium-dark_skin_tone,1,👋🏾,waving hand: medium-dark skin tone,People & Body,hand-fingers-open
input_latin_uppercase,0.0,0.0,0.0,0.0,0.0,0.0,input_latin_uppercase,1,🔠,input latin uppercase,Symbols,alphanum
flying_saucer,0.0,0.5652854145963749,0.05138958314512499,0.256947915725625,0.20555833258049996,0.0,flying_saucer,12,🛸,flying saucer,Travel & Places,transport-air
recycling_symbol,0.3203474783895365,0.640694956779073,0.11046464772052982,0.2430222249851656,0.23197576021311261,0.0662787886323179,recycling_symbol,41,♻️,recycling symbol,Symbols,other-symbol
woman_bald,,,,,,,woman_bald,1,👩‍🦲,woman: bald,People & Body,person
kiss,0.15867745413283277,0.4666983945083317,0.16801142202299943,0.17734538991316603,0.21468126147383257,0.09333967890166633,kiss,19,💏,kiss,People & Body,family
beaming_face_with_smiling_eyes,0.6667307899212277,1.2803208495985021,0.32255187427143733,0.6154438060811332,0.39052257574626126,0.18352089398202467,beaming_face_with_smiling_eyes,2878,😁,beaming face with smiling eyes,Smileys & Emotion,face-smiling
wedding,0.0,0.0,0.0,0.0,0.0,0.0,wedding,1,💒,wedding,Travel & Places,place-building
woman_scientist_dark_skin_tone,,,,,,,woman_scientist_dark_skin_tone,1,👩🏿‍🔬,woman scientist: dark skin tone,People & Body,person-role
flexed_biceps_light_skin_tone,0.358403099414538,1.0602758357680082,0.19413501218287477,0.21404629548368242,0.2688023245609035,0.12444552063004793,flexed_biceps_light_skin_tone,166,💪🏻,flexed biceps: light skin tone,People & Body,body-parts
hole,0.03125,0.3125,0.0,0.25,0.34375,0.0625,hole,10,🕳️,hole,Smileys & Emotion,emotion
herb,0.5187246636042505,1.2167252732700267,0.25128021947967943,0.23511599483478776,0.2542191694151143,0.2674444441245711,herb,554,🌿,herb,Animals & Nature,plant-other
customs,0.0,0.0,0.0,0.0,0.0,0.0,customs,1,🛃,customs,Symbols,transport-sign
woman_golfing,0.0,0.0,0.0,0.0,0.0,0.0,woman_golfing,1,🏌️‍♀️,woman golfing,People & Body,person-sport
woman_health_worker_medium-light_skin_tone,,,,,,,woman_health_worker_medium-light_skin_tone,3,👩🏼‍⚕️,woman health worker: medium-light skin tone,People & Body,person-role
thumbs_down_medium-dark_skin_tone,,,,,,,thumbs_down_medium-dark_skin_tone,11,👎🏾,thumbs down: medium-dark skin tone,People & Body,hand-fingers-closed
left-facing_fist_light_skin_tone,,,,,,,left-facing_fist_light_skin_tone,27,🤛🏻,left-facing fist: light skin tone,People & Body,hand-fingers-closed
person_fencing,0.09030899869919436,0.45154499349597177,0.27092699609758303,0.0,0.0,0.09030899869919436,person_fencing,8,🤺,person fencing,People & Body,person-sport
bagel,0.0,0.0,0.0,0.0,0.0,0.0,bagel,1,🥯,bagel,Food & Drink,food-prepared
alarm_clock,0.22792791782990343,0.6448692309333852,0.18345417776553202,0.6726653184736173,0.444737400643714,0.016677652524139275,alarm_clock,155,⏰,alarm clock,Travel & Places,time
envelope,0.16674669651078078,0.11116446434052052,0.0,0.11116446434052052,0.33349339302156156,0.05558223217026026,envelope,6,✉️,envelope,Objects,mail
mechanical_arm,0.09234604930057982,0.6233358327789138,0.09234604930057982,0.4617302465028991,0.11543256162572478,0.04617302465028991,mechanical_arm,27,🦾,mechanical arm,People & Body,body-parts
woman,0.12337353407158443,0.5944361187085432,0.09533409450986069,0.21870762858144513,0.15141297363330816,0.11776564615923968,woman,20,👩,woman,People & Body,person
shopping_cart,0.17998310874200493,1.1230945985501106,0.23757770353944646,0.050395270447761376,0.2231790548400861,0.11518918959488314,shopping_cart,85,🛒,shopping cart,Objects,household
wind_chime,0.06816017924566606,0.06816017924566606,0.13632035849133212,0.0,0.06816017924566606,0.13632035849133212,wind_chime,3,🎐,wind chime,Activities,event
croissant,0.11241471312996093,0.4046929672678593,0.06744882787797656,0.1348976557559531,0.08993177050396874,0.2697953115119062,croissant,12,🥐,croissant,Food & Drink,food-prepared
poultry_leg,0.3446068262481996,0.9971601780798968,0.1649713529911594,0.35193888638114,0.4619197883752463,0.10264884186116584,poultry_leg,265,🍗,poultry leg,Food & Drink,food-prepared
birthday_cake,0.18718797983135296,1.3477534547857415,0.17970046063809886,0.059900153546032946,0.13477534547857414,0.044925115159524714,birthday_cake,90,🎂,birthday cake,Food & Drink,food-sweet
tooth,,,,,,,tooth,1,🦷,tooth,People & Body,body-parts
man_mechanic,0.059857788491049516,0.3292178367007723,0.23943115396419806,0.0,0.14964447122762378,0.0,man_mechanic,6,👨‍🔧,man mechanic,People & Body,person-role
smiling_cat_with_heart-eyes,,,,,,,smiling_cat_with_heart-eyes,419,😻,smiling cat with heart-eyes,Smileys & Emotion,cat-face
girl,0.2724774535999994,0.4874318892177768,0.18467916299555517,0.24522970823999948,0.18467916299555517,0.07266065429333318,girl,28,👧,girl,People & Body,person
banana,0.1757784173397534,0.4570238850833589,0.07031136693590136,0.0,0.24608978427565478,0.2812454677436054,banana,17,🍌,banana,Food & Drink,food-fruit
backhand_index_pointing_right,0.442605163533022,1.1754273092949332,0.22712633391826126,0.5396676993955267,0.5241376936575259,0.16694756168350827,backhand_index_pointing_right,1191,👉,backhand index pointing right,People & Body,hand-single-finger
fried_shrimp,0.2593837501278812,0.2593837501278812,0.0,0.0,0.0,0.2593837501278812,fried_shrimp,6,🍤,fried shrimp,Food & Drink,food-asian
woman_fairy_dark_skin_tone,,,,,,,woman_fairy_dark_skin_tone,1,🧚🏿‍♀️,woman fairy: dark skin tone,People & Body,person-fantasy
dove,0.30448793563928994,0.39404321082731636,0.2865768806016846,0.2149326604512635,0.12537738526323702,0.08955527518802646,dove,26,🕊️,dove,Animals & Nature,animal-bird
waxing_crescent_moon,0.0,0.15904041823988746,0.0,0.15904041823988746,0.15904041823988746,0.0,waxing_crescent_moon,3,🌒,waxing crescent moon,Travel & Places,sky & weather
nail_polish_medium-light_skin_tone,,,,,,,nail_polish_medium-light_skin_tone,9,💅🏼,nail polish: medium-light skin tone,People & Body,hand-prop
man_cook_medium-light_skin_tone,,,,,,,man_cook_medium-light_skin_tone,15,👨🏼‍🍳,man cook: medium-light skin tone,People & Body,person-role
man_gesturing_OK,0.050171665943996864,0.20068666377598746,0.20068666377598746,0.050171665943996864,0.10034333188799373,0.0,man_gesturing_OK,4,🙆‍♂️,man gesturing OK,People & Body,person-gesture
alien,0.3853701430471378,0.4594797859408182,0.044465785736208206,0.29643857157472137,0.3260824287321935,0.044465785736208206,alien,36,👽,alien,Smileys & Emotion,face-costume
custard,0.0,0.5242275032520142,0.0,0.0,0.0,0.17474250108400471,custard,5,🍮,custard,Food & Drink,food-sweet
thought_balloon,0.2603481712895563,0.3471308950527417,0.0,0.3471308950527417,0.08678272376318542,0.0,thought_balloon,11,💭,thought balloon,Smileys & Emotion,emotion
bomb,0.3635322857596153,0.6122649023319836,0.1674161842314018,0.3204824098143977,0.2869991729681174,0.1243663082861842,bomb,75,💣,bomb,Smileys & Emotion,emotion
weary_cat,0.31785411485782655,0.31785411485782655,0.37564577210470407,0.2311666289875102,0.17337497174063266,0.1155833144937551,weary_cat,34,🙀,weary cat,Smileys & Emotion,cat-face
skier,0.3018207285765203,0.36218487429182433,0.0,0.0,0.06036414571530405,0.1207282914306081,skier,7,⛷️,skier,People & Body,person-sport
woman_construction_worker_medium-light_skin_tone,,,,,,,woman_construction_worker_medium-light_skin_tone,1,👷🏼‍♀️,woman construction worker: medium-light skin tone,People & Body,person-role
raised_hand_dark_skin_tone,0.0,0.0,0.0,0.0,0.0,0.0,raised_hand_dark_skin_tone,1,✋🏿,raised hand: dark skin tone,People & Body,hand-fingers-open
sweat_droplets,0.17307668283295954,0.6558695349459519,0.19129528102590265,0.20951387921884576,0.30971616928003287,0.40991845934121995,sweat_droplets,89,💦,sweat droplets,Smileys & Emotion,emotion
studio_microphone,0.17932464358618655,0.6916807681181482,0.05123561245319616,0.10247122490639232,0.12808903113299042,0.10247122490639232,studio_microphone,18,🎙️,studio microphone,Objects,music
clown_face,0.3780701757958517,0.5782249747465967,0.28911248737329837,0.3113519094789367,0.08895768842255335,0.04447884421127667,clown_face,49,🤡,clown face,Smileys & Emotion,face-costume
spouting_whale,0.09262461405045576,0.13893692107568364,0.0,0.13893692107568364,0.09262461405045576,0.13893692107568364,spouting_whale,4,🐳,spouting whale,Animals & Nature,animal-marine
man_mage,0.15206844105163417,0.675859738007263,0.03379298690036315,0.20275792140217888,0.21965441485236048,0.016896493450181575,man_mage,20,🧙‍♂️,man mage,People & Body,person-fantasy
om,0.0796844106169362,0.0973920574206998,0.0354152936075272,0.0354152936075272,0.0177076468037636,0.0354152936075272,om,2,🕉️,om,Symbols,religion
grinning_face,0.6715538176941971,1.1952266133572886,0.34186612740132055,0.5228029072982027,0.36796277834798624,0.2052936541137701,grinning_face,2017,😀,grinning face,Smileys & Emotion,face-smiling
page_facing_up,0.0,0.1505149978319906,0.0752574989159953,0.22577249674798588,0.0752574989159953,0.0752574989159953,page_facing_up,4,📄,page facing up,Objects,book-paper
globe_showing_Americas,0.2151807421167269,0.8349012794129003,0.14632290463937428,0.14632290463937428,0.30986026864808675,0.10328675621602891,globe_showing_Americas,57,🌎,globe showing Americas,Travel & Places,place-map
oil_drum,0.0,0.0,0.0,0.0,0.0,0.0,oil_drum,1,🛢️,oil drum,Travel & Places,transport-ground
man_singer,0.0,0.0,0.0,0.0,0.0,0.0,man_singer,1,👨‍🎤,man singer,People & Body,person-role
first_quarter_moon,0.1505149978319906,0.1505149978319906,0.1505149978319906,0.0752574989159953,0.0752574989159953,0.0,first_quarter_moon,4,🌓,first quarter moon,Travel & Places,sky & weather
sleeping_face,0.5659898136211186,0.6013641769724384,0.10612309005395973,0.3065778157114392,0.17687181675659955,0.09433163560351976,sleeping_face,71,😴,sleeping face,Smileys & Emotion,face-sleepy
person_getting_massage_light_skin_tone,0.17474250108400471,0.21842812635500589,0.17474250108400471,0.0,0.04368562527100118,0.08737125054200236,person_getting_massage_light_skin_tone,5,💆🏻,person getting massage: light skin tone,People & Body,person-activity
person_frowning_medium-light_skin_tone,,,,,,,person_frowning_medium-light_skin_tone,3,🙍🏼,person frowning: medium-light skin tone,People & Body,person-gesture
nut_and_bolt,0.268834617052315,0.10753384682092598,0.10753384682092598,0.05376692341046299,0.10753384682092598,0.05376692341046299,nut_and_bolt,5,🔩,nut and bolt,Objects,tool
cloud_with_lightning_and_rain,0.05555555555555555,0.5,0.1111111111111111,0.16666666666666666,0.05555555555555555,0.1111111111111111,cloud_with_lightning_and_rain,10,⛈️,cloud with lightning and rain,Travel & Places,sky & weather
red_triangle_pointed_down,0.1952611284671672,0.5857833854015017,0.0,0.0,0.22780464987836174,0.032543521411194536,red_triangle_pointed_down,11,🔻,red triangle pointed down,Symbols,geometric
dagger,0.17176365169907848,0.6870546067963139,0.057254550566359495,0.17176365169907848,0.22901820226543798,0.11450910113271899,dagger,27,🗡️,dagger,Objects,tool
orthodox_cross,0.0,0.0,0.0,0.0,0.0,0.0,orthodox_cross,1,☦️,orthodox cross,Symbols,religion
children_crossing,0.0,0.0,0.0,0.0,0.0,0.0,children_crossing,1,🚸,children crossing,Symbols,warning
monorail,0.0,0.0,0.0,0.0,0.0,0.0,monorail,1,🚝,monorail,Travel & Places,transport-ground
Japanese_open_for_business_button,0.0,0.0,0.0,0.0,0.0,0.0,Japanese_open_for_business_button,1,🈺,Japanese “open for business” button,Symbols,alphanum
man_mountain_biking,0.0,0.0,0.0,0.0,0.0,0.3010299956639812,man_mountain_biking,2,🚵‍♂️,man mountain biking,People & Body,person-sport
Japanese_vacancy_button,0.0,0.0,0.0,0.0,0.0,0.0,Japanese_vacancy_button,1,🈳,Japanese “vacancy” button,Symbols,alphanum
high-heeled_shoe,,,,,,,high-heeled_shoe,44,👠,high-heeled shoe,Objects,clothing
exclamation_question_mark,0.6034515964076774,0.5387960682211405,0.25143816516986556,0.3304615885089662,0.15086289910191936,0.12931105637307372,exclamation_question_mark,101,⁉️,exclamation question mark,Symbols,punctuation
spade_suit,0.0,0.1997057155245768,0.1997057155245768,0.1997057155245768,0.0,0.0998528577622884,spade_suit,5,♠️,spade suit,Activities,game
electric_plug,0.24904182601099037,0.24904182601099037,0.08301394200366345,0.3320557680146538,0.0,0.1660278840073269,electric_plug,12,🔌,electric plug,Objects,computer
person_with_veil_medium-light_skin_tone,,,,,,,person_with_veil_medium-light_skin_tone,4,👰🏼,person with veil: medium-light skin tone,People & Body,person-role
woman_medium_skin_tone,0.3180808364797749,0.0,0.0,0.0,0.15904041823988746,0.0,woman_medium_skin_tone,3,👩🏽,woman: medium skin tone,People & Body,person
1st_place_medal,0.1744287769838106,1.1696988574208473,0.08208413034532262,0.1744287769838106,0.1436472281043146,0.04104206517266131,1st_place_medal,61,🥇,1st place medal,Activities,award-medal
tear-off_calendar,,,,,,,tear-off_calendar,7,📆,tear-off calendar,Objects,office
woman_dancing_medium-dark_skin_tone,,,,,,,woman_dancing_medium-dark_skin_tone,5,💃🏾,woman dancing: medium-dark skin tone,People & Body,person-activity
person_with_veil_light_skin_tone,0.14913494823781004,0.19884659765041338,0.049711649412603344,0.2485582470630167,0.19884659765041338,0.0,person_with_veil_light_skin_tone,7,👰🏻,person with veil: light skin tone,People & Body,person-role
cloud_with_rain,0.17526491958242613,0.5038866437994751,0.21908114947803267,0.15335680463462287,0.24098926442583593,0.08763245979121306,cloud_with_rain,24,🌧️,cloud with rain,Travel & Places,sky & weather
Ukraine,0.1060269454932583,0.15904041823988746,0.05301347274662915,0.1060269454932583,0.05301347274662915,0.0,Ukraine,3,🇺🇦,flag: Ukraine,Flags,country-flag
candy,0.5568302604538269,0.6928004403320869,0.2395665074045534,0.08417201611511335,0.08417201611511335,0.09064678658550669,candy,56,🍬,candy,Food & Drink,food-sweet
yellow_circle,0.05473272648436022,0.21893090593744088,0.16419817945308063,0.05473272648436022,0.05473272648436022,0.05473272648436022,yellow_circle,4,🟡,yellow circle,Symbols,geometric
slightly_smiling_face,0.20799724062402866,1.1985289244273283,0.12404166320454198,1.0097189563251352,1.6952360637954071,0.017475731780451084,slightly_smiling_face,17906,🙂,slightly smiling face,Smileys & Emotion,face-smiling
yellow_heart,0.4276581948568984,1.2006705546171035,0.4567066760169896,0.3130780747254275,0.31791948825210936,0.2097945861562143,yellow_heart,843,💛,yellow heart,Smileys & Emotion,emotion
woman_in_steamy_room_light_skin_tone,0.0,0.0,0.0,0.0,0.0,0.0,woman_in_steamy_room_light_skin_tone,1,🧖🏻‍♀️,woman in steamy room: light skin tone,People & Body,person-activity
raising_hands_light_skin_tone,0.1847594009189544,1.0793838685265231,0.22365611690189216,0.17503522192321996,0.14586268493601665,0.07779343196587554,raising_hands_light_skin_tone,77,🙌🏻,raising hands: light skin tone,People & Body,hands
South_Korea,0.31740624883753676,0.31740624883753676,0.0,0.31740624883753676,0.06348124976750734,0.06348124976750734,South_Korea,12,🇰🇷,flag: South Korea,Flags,country-flag
woman_bouncing_ball,0.0,0.24082399653118497,0.0,0.0,0.12041199826559248,0.24082399653118497,woman_bouncing_ball,4,⛹️‍♀️,woman bouncing ball,People & Body,person-sport
backhand_index_pointing_up_medium-light_skin_tone,,,,,,,backhand_index_pointing_up_medium-light_skin_tone,6,👆🏼,backhand index pointing up: medium-light skin tone,People & Body,hand-single-finger
Sudan,0.0,0.2650673637331458,0.05301347274662915,0.0,0.05301347274662915,0.1060269454932583,Sudan,3,🇸🇩,flag: Sudan,Flags,country-flag
woman_running_light_skin_tone,0.14313637641589871,0.28627275283179743,0.047712125471966245,0.23856062735983122,0.047712125471966245,0.19084850188786498,woman_running_light_skin_tone,9,🏃🏻‍♀️,woman running: light skin tone,People & Body,person-activity
play_button,0.37046328332803463,0.598440688452979,0.15673446602339927,0.4274576346092708,0.24222599294525343,0.08549152692185416,play_button,76,▶️,play button,Symbols,av-symbol
cross_mark_button,0.11928031367991561,0.0,0.0,0.23856062735983122,0.0,0.11928031367991561,cross_mark_button,3,❎,cross mark button,Symbols,other-symbol
sneezing_face,0.37245966336674363,0.9225539354160881,0.3036978793605756,0.31515817669493695,0.2578566900231302,0.08595223000771007,sneezing_face,181,🤧,sneezing face,Smileys & Emotion,face-unwell
detective_medium-light_skin_tone,,,,,,,detective_medium-light_skin_tone,4,🕵🏼,detective: medium-light skin tone,People & Body,person-role
right-facing_fist_medium_skin_tone,,,,,,,right-facing_fist_medium_skin_tone,1,🤜🏽,right-facing fist: medium skin tone,People & Body,hand-fingers-closed
diving_mask,0.0,0.0,0.0,0.0,0.0,0.0,diving_mask,1,🤿,diving mask,Activities,sport
books,0.2869076784662533,0.9998297885945192,0.38254357128833777,0.07824754867261453,0.17388344149469898,0.06085920452314464,books,96,📚,books,Objects,book-paper
leafy_green,0.1556260384020106,0.46687811520603184,0.11671952880150796,0.19453254800251324,0.19453254800251324,0.23343905760301592,leafy_green,23,🥬,leafy green,Food & Drink,food-vegetable
floppy_disk,0.0,0.4659800028906792,0.1164950007226698,0.0,0.0,0.1164950007226698,floppy_disk,5,💾,floppy disk,Objects,computer
flashlight,0.09228366910337053,0.43065712248239585,0.09228366910337053,0.21532856124119792,0.15380611517228424,0.24608978427565478,flashlight,17,🔦,flashlight,Objects,light & video
stuffed_flatbread,0.18524922810091152,0.18524922810091152,0.0,0.0,0.0,0.2315615351261394,stuffed_flatbread,4,🥙,stuffed flatbread,Food & Drink,food-prepared
Egypt,0.0,0.0,0.0,0.0,0.0,0.0,Egypt,1,🇪🇬,flag: Egypt,Flags,country-flag
unamused_face,0.7299178517678675,1.00957572692745,0.26346147312331314,0.5236836658393724,0.4340635745720159,0.19219730416372843,unamused_face,1422,😒,unamused face,Smileys & Emotion,face-neutral-skeptical
person_mountain_biking,0.0,0.3180808364797749,0.0,0.0,0.0,0.15904041823988746,person_mountain_biking,3,🚵,person mountain biking,People & Body,person-sport
kissing_face,0.10550866105140445,0.7033910736760297,0.07033910736760296,0.28135642947041184,0.2110173221028089,0.10550866105140445,kissing_face,30,😗,kissing face,Smileys & Emotion,face-affection
eye_in_speech_bubble,,,,,,,eye_in_speech_bubble,1,👁️‍🗨️,eye in speech bubble,Smileys & Emotion,emotion
cherries,0.26689893542079396,0.840731646575501,0.14679441448143668,0.22686409510767486,0.12010452093935729,0.14679441448143668,cherries,56,🍒,cherries,Food & Drink,food-fruit
pinched_fingers_medium-dark_skin_tone,,,,,,,pinched_fingers_medium-dark_skin_tone,1,🤌🏾,pinched fingers: medium-dark skin tone,People & Body,hand-fingers-partial
man_dancing_medium-dark_skin_tone,,,,,,,man_dancing_medium-dark_skin_tone,2,🕺🏾,man dancing: medium-dark skin tone,People & Body,person-activity
roller_coaster,0.0,0.0,0.0,0.23856062735983122,0.0,0.23856062735983122,roller_coaster,3,🎢,roller coaster,Travel & Places,place-other
penguin,0.14004755142021477,0.4668251714007159,0.09336503428014317,0.3734601371205727,0.14004755142021477,0.23341258570035794,penguin,28,🐧,penguin,Animals & Nature,animal-bird
burrito,0.0,0.24082399653118497,0.0,0.0,0.0,0.06020599913279624,burrito,2,🌯,burrito,Food & Drink,food-prepared
pie,0.1421142332467424,0.2987299188656014,0.04930493806519635,0.09570958565596939,0.0986098761303927,0.014501452372116573,pie,5,🥧,pie,Food & Drink,food-sweet
OK_hand_medium-dark_skin_tone,,,,,,,OK_hand_medium-dark_skin_tone,8,👌🏾,OK hand: medium-dark skin tone,People & Body,hand-fingers-partial
pinched_fingers_medium_skin_tone,0.12041199826559248,0.0,0.12041199826559248,0.06020599913279624,0.0,0.0,pinched_fingers_medium_skin_tone,2,🤌🏽,pinched fingers: medium skin tone,People & Body,hand-fingers-partial
foot,0.1553266676302264,0.1164950007226698,0.0776633338151132,0.1553266676302264,0.1164950007226698,0.0776633338151132,foot,5,🦶,foot,People & Body,body-parts
strawberry,0.26668429146070816,0.7515648213892685,0.12122013248214007,0.21819623846785213,0.24244026496428014,0.2060742252196381,strawberry,64,🍓,strawberry,Food & Drink,food-fruit
family_woman_boy_boy,0.0,0.23856062735983122,0.23856062735983122,0.0,0.0,0.0,family_woman_boy_boy,3,👩‍👦‍👦,"family: woman, boy, boy",People & Body,family
man_farmer_light_skin_tone,0.0,0.0,0.0,0.0,0.0,0.0,man_farmer_light_skin_tone,1,👨🏻‍🌾,man farmer: light skin tone,People & Body,person-role
man_pilot,0.0,0.0,0.0,0.0,0.0,0.0,man_pilot,1,👨‍✈️,man pilot,People & Body,person-role
grapes,0.12740190295296855,0.5605683729930617,0.15288228354356226,0.22932342531534342,0.3312449476777183,0.17836266413415597,grapes,38,🍇,grapes,Food & Drink,food-fruit
writing_hand_medium-dark_skin_tone,,,,,,,writing_hand_medium-dark_skin_tone,2,✍🏾,writing hand: medium-dark skin tone,People & Body,hand-prop
Finland,0.0,0.0,0.0,0.0,0.0,0.0,Finland,1,🇫🇮,flag: Finland,Flags,country-flag
sun_with_face,0.2646012954138748,1.241590693865105,0.17046429608393857,0.19845097156040611,0.31803040314167647,0.2366146199374073,sun_with_face,269,🌞,sun with face,Travel & Places,sky & weather
pile_of_poo,0.33418290426073394,0.4962109790538171,0.33418290426073394,0.30380264023703085,0.2126618481659216,0.1822815841422185,pile_of_poo,73,💩,pile of poo,Smileys & Emotion,face-costume
horse_face,0.48979846660528314,0.32653231107018876,0.0,0.32653231107018876,0.10884410369006292,0.16326615553509438,horse_face,26,🐴,horse face,Animals & Nature,animal-mammal
bookmark_tabs,0.1296918750639406,0.2593837501278812,0.3890756251918218,0.0,0.0,0.0,bookmark_tabs,6,📑,bookmark tabs,Objects,book-paper
France,0.06361616729595498,0.38169700377572996,0.0,0.0,0.0,0.03180808364797749,France,3,🇫🇷,flag: France,Flags,country-flag
butter,0.02202658504858399,0.10279073022672529,0.0,0.051395365113362644,0.05873756012955731,0.06607975514575197,butter,2,🧈,butter,Food & Drink,food-prepared
snowflake,0.24283194185235543,1.160197055516809,0.20043271390988066,0.20814166444487606,0.2621043181898439,0.15417901069990822,snowflake,169,❄️,snowflake,Travel & Places,sky & weather
green_salad,0.22780464987836174,0.3579787355231399,0.0976305642335836,0.1952611284671672,0.06508704282238907,0.0976305642335836,green_salad,11,🥗,green salad,Food & Drink,food-prepared
right-facing_fist,,,,,,,right-facing_fist,19,🤜,right-facing fist,People & Body,hand-fingers-closed
female_sign,0.192090395480226,0.3333333333333333,0.12429378531073447,0.062146892655367235,0.1751412429378531,0.11299435028248588,female_sign,10,♀️,female sign,Symbols,gender
down-right_arrow,,,,,,,down-right_arrow,4,↘️,down-right arrow,Symbols,arrow
performing_arts,0.3450528104279015,0.6408123622232457,0.1971730345302294,0.0,0.14787977589767207,0.04929325863255735,performing_arts,24,🎭,performing arts,Activities,arts & crafts
prince_light_skin_tone,0.050171665943996864,0.3010299956639812,0.20068666377598746,0.050171665943996864,0.0,0.0,prince_light_skin_tone,4,🤴🏻,prince: light skin tone,People & Body,person-role
unlocked,0.0,0.10034333188799373,0.0,0.0,0.10034333188799373,0.10034333188799373,unlocked,2,🔓,unlocked,Objects,lock
girl_medium_skin_tone,0.14313637641589871,0.14313637641589871,0.19084850188786498,0.0,0.0,0.0,girl_medium_skin_tone,3,👧🏽,girl: medium skin tone,People & Body,person
postbox,0.0,0.0,0.0,0.0,0.0,0.0,postbox,1,📮,postbox,Objects,mail
kiss_man_man,0.0,0.0,0.1505149978319906,0.0,0.0,0.1505149978319906,kiss_man_man,2,👨‍❤️‍💋‍👨,"kiss: man, man",People & Body,family
right_arrow_curving_down,0.6808639180087964,0.09284507972847224,0.0,0.09284507972847224,0.09284507972847224,0.40232867882337975,right_arrow_curving_down,23,⤵️,right arrow curving down,Symbols,arrow
speedboat,0.0,0.1505149978319906,0.0,0.0,0.0,0.1505149978319906,speedboat,2,🚤,speedboat,Travel & Places,transport-water
fast_up_button,0.0,0.0,0.0,0.0,0.0,0.0,fast_up_button,1,⏫,fast up button,Symbols,av-symbol
family_man_woman_girl_girl,0.0,0.0,0.0,0.0,0.0,0.0,family_man_woman_girl_girl,1,👨‍👩‍👧‍👧,"family: man, woman, girl, girl",People & Body,family
man_surfing_light_skin_tone,0.0,0.0,0.0,0.0,0.0,0.0,man_surfing_light_skin_tone,1,🏄🏻‍♂️,man surfing: light skin tone,People & Body,person-sport
man_police_officer_medium-light_skin_tone,,,,,,,man_police_officer_medium-light_skin_tone,1,👮🏼‍♂️,man police officer: medium-light skin tone,People & Body,person-role
writing_hand_medium-light_skin_tone,,,,,,,writing_hand_medium-light_skin_tone,16,✍🏼,writing hand: medium-light skin tone,People & Body,hand-prop
Sagittarius,0.0,0.1505149978319906,0.0,0.0,0.0,0.1505149978319906,Sagittarius,2,♐,Sagittarius,Symbols,zodiac
woman_singer,0.0,0.0,0.0,0.0,0.0,0.0,woman_singer,1,👩‍🎤,woman singer,People & Body,person-role
shower,0.17800666570310691,0.590232628383986,0.14990035006577423,0.32790701576888115,0.17800666570310691,0.17800666570310691,shower,40,🚿,shower,Objects,household
woman_bowing_medium-dark_skin_tone,,,,,,,woman_bowing_medium-dark_skin_tone,1,🙇🏾‍♀️,woman bowing: medium-dark skin tone,People & Body,person-gesture
raised_hand,0.4418716614942483,0.5822308951453624,0.11956527311020834,0.6134218359567212,0.31710789824881347,0.1663516843272464,raised_hand,174,✋,raised hand,People & Body,hand-fingers-open
rainbow_flag,0.1951859678398619,0.3903719356797238,0.32530994639976984,0.1951859678398619,0.22771696247983889,0.09759298391993095,rainbow_flag,27,🏳️‍🌈,rainbow flag,Flags,flag
spaghetti,0.0,0.3181818181818182,0.22727272727272727,0.045454545454545456,0.09090909090909091,0.3181818181818182,spaghetti,10,🍝,spaghetti,Food & Drink,food-asian
woman_mechanic_light_skin_tone,0.0752574989159953,0.0,0.0752574989159953,0.0,0.0752574989159953,0.0752574989159953,woman_mechanic_light_skin_tone,2,👩🏻‍🔧,woman mechanic: light skin tone,People & Body,person-role
battery,0.2259148791436385,0.7781512503836436,0.07530495971454615,0.17571157266727436,0.1506099194290923,0.1506099194290923,battery,36,🔋,battery,Objects,computer
keycap_10,0.0,0.0,0.0,0.0,0.0,0.0,keycap_10,1,🔟,keycap: 10,Symbols,keycap
woman_facepalming_medium-light_skin_tone,,,,,,,woman_facepalming_medium-light_skin_tone,199,🤦🏼‍♀️,woman facepalming: medium-light skin tone,People & Body,person-gesture
backhand_index_pointing_right_light_skin_tone,0.45602279042390303,1.1908217772578902,0.1772465940138189,0.242638541319888,0.35277234730905704,0.20478004551111115,backhand_index_pointing_right_light_skin_tone,421,👉🏻,backhand index pointing right: light skin tone,People & Body,hand-single-finger
person_pouting,0.0,0.0,0.0,0.0,0.0,0.0,person_pouting,1,🙎,person pouting,People & Body,person-gesture
girl_medium-dark_skin_tone,,,,,,,girl_medium-dark_skin_tone,2,👧🏾,girl: medium-dark skin tone,People & Body,person
scientist,,,,,,,scientist,1,🧑‍🔬,scientist,People & Body,person-role
llama,,,,,,,llama,1,🦙,llama,Animals & Nature,animal-mammal
woman_running_medium-light_skin_tone,,,,,,,woman_running_medium-light_skin_tone,6,🏃🏼‍♀️,woman running: medium-light skin tone,People & Body,person-activity
moon_viewing_ceremony,0.0,0.0,0.0,0.0,0.0,0.0,moon_viewing_ceremony,1,🎑,moon viewing ceremony,Activities,event
downcast_face_with_sweat,0.4915972454231017,0.6510341898846481,0.27237144678847525,0.318873888923093,0.2657282407692442,0.21258259261539533,downcast_face_with_sweat,163,😓,downcast face with sweat,Smileys & Emotion,face-concerned
man_technologist,0.2841674668784064,0.473612444797344,0.0473612444797344,0.118403111199336,0.2841674668784064,0.0710418667196016,man_technologist,19,👨‍💻,man technologist,People & Body,person-role
woman_teacher_light_skin_tone,0.0,0.1505149978319906,0.0752574989159953,0.0,0.0752574989159953,0.0,woman_teacher_light_skin_tone,2,👩🏻‍🏫,woman teacher: light skin tone,People & Body,person-role
Albania,0.0,0.0,0.0,0.0,0.0,0.0,Albania,1,🇦🇱,flag: Albania,Flags,country-flag
sponge,0.039760104559971865,0.07952020911994373,0.039760104559971865,0.039760104559971865,0.07952020911994373,0.19880052279985935,sponge,3,🧽,sponge,Objects,household
selfie_light_skin_tone,0.47740429384578714,0.3447919899997352,0.026522460769210398,0.132612303846052,0.10608984307684159,0.026522460769210398,selfie_light_skin_tone,13,🤳🏻,selfie: light skin tone,People & Body,hand-prop
diamond_suit,0.0,0.10034333188799373,0.0,0.10034333188799373,0.20068666377598746,0.20068666377598746,diamond_suit,4,♦️,diamond suit,Activities,game
person_running_light_skin_tone,0.17201714037941782,0.17201714037941782,0.0,0.043004285094854454,0.17201714037941782,0.043004285094854454,person_running_light_skin_tone,4,🏃🏻,person running: light skin tone,People & Body,person-activity
notebook_with_decorative_cover,0.17474250108400471,0.2621137516260071,0.2621137516260071,0.0,0.0,0.0,notebook_with_decorative_cover,5,📔,notebook with decorative cover,Objects,book-paper
Colombia,0.0,0.22577249674798588,0.0752574989159953,0.0,0.0,0.0,Colombia,2,🇨🇴,flag: Colombia,Flags,country-flag
lady_beetle,0.031412941006430634,0.9109752891864883,0.031412941006430634,0.15706470503215317,0.06282588201286127,0.4083682330835982,lady_beetle,40,🐞,lady beetle,Animals & Nature,animal-bug
woman_superhero,0.0,0.0,0.0,0.0,0.0,0.0,woman_superhero,1,🦸‍♀️,woman superhero,People & Body,person-fantasy
radio_button,0.3972590674272759,0.25538082906039167,0.25538082906039167,0.3972590674272759,0.11350259069350739,0.028375647673376848,radio_button,28,🔘,radio button,Symbols,geometric
raised_back_of_hand_medium-dark_skin_tone,,,,,,,raised_back_of_hand_medium-dark_skin_tone,1,🤚🏾,raised back of hand: medium-dark skin tone,People & Body,hand-fingers-open
woman_mage,0.1207282914306081,0.2414565828612162,0.0,0.18109243714591217,0.2414565828612162,0.06036414571530405,woman_mage,7,🧙‍♀️,woman mage,People & Body,person-fantasy
Gemini,0.0752574989159953,0.1505149978319906,0.0,0.0,0.0,0.0752574989159953,Gemini,2,♊,Gemini,Symbols,zodiac
male_sign,0.06607975514575197,0.11013292524291995,0.04405317009716798,0.0,0.03671097508097332,0.04405317009716798,male_sign,2,♂️,male sign,Symbols,gender
man_pouting_light_skin_tone,0.12041199826559248,0.24082399653118497,0.24082399653118497,0.0,0.0,0.0,man_pouting_light_skin_tone,4,🙎🏻‍♂️,man pouting: light skin tone,People & Body,person-gesture
ON!_arrow,,,,,,,ON!_arrow,1,🔛,ON! arrow,Symbols,arrow
lotion_bottle,0.0,0.8673533304426542,0.0,0.0,0.289117776814218,0.144558888407109,lotion_bottle,20,🧴,lotion bottle,Objects,household
man_student_dark_skin_tone,0.0,0.0,0.0,0.0,0.0,0.0,man_student_dark_skin_tone,1,👨🏿‍🎓,man student: dark skin tone,People & Body,person-role
princess_medium-light_skin_tone,,,,,,,princess_medium-light_skin_tone,10,👸🏼,princess: medium-light skin tone,People & Body,person-role
sun_behind_rain_cloud,0.09542425094393249,0.19084850188786498,0.09542425094393249,0.0,0.0,0.09542425094393249,sun_behind_rain_cloud,3,🌦️,sun behind rain cloud,Travel & Places,sky & weather
key,0.11267605633802817,0.39906103286384975,0.09859154929577464,0.22535211267605634,0.1267605633802817,0.03755868544600939,key,10,🔑,key,Objects,lock
volcano,0.0625,0.5,0.0625,0.25,0.0625,0.0625,volcano,10,🌋,volcano,Travel & Places,place-geographic
man_shrugging_medium-dark_skin_tone,,,,,,,man_shrugging_medium-dark_skin_tone,3,🤷🏾‍♂️,man shrugging: medium-dark skin tone,People & Body,person-gesture
woman_judge_medium-dark_skin_tone,,,,,,,woman_judge_medium-dark_skin_tone,1,👩🏾‍⚖️,woman judge: medium-dark skin tone,People & Body,person-role
bellhop_bell,0.08010712962755578,0.6942617901054834,0.053404753085037185,0.08010712962755578,0.13351188271259296,0.0,bellhop_bell,11,🛎️,bellhop bell,Travel & Places,hotel
crossed_fingers_medium-light_skin_tone,,,,,,,crossed_fingers_medium-light_skin_tone,4,🤞🏼,crossed fingers: medium-light skin tone,People & Body,hand-fingers-partial
person_gesturing_OK,0.2954242509439325,0.4923737515732208,0.19694950062928832,0.2954242509439325,0.09847475031464416,0.09847475031464416,person_gesturing_OK,30,🙆,person gesturing OK,People & Body,person-gesture
Japanese_secret_button,0.0,0.0,0.0,0.0,0.0,0.0,Japanese_secret_button,1,㊙️,Japanese “secret” button,Symbols,alphanum
woman_construction_worker_light_skin_tone,0.0,0.12041199826559248,0.06020599913279624,0.0,0.06020599913279624,0.06020599913279624,woman_construction_worker_light_skin_tone,2,👷🏻‍♀️,woman construction worker: light skin tone,People & Body,person-role
dotted_six-pointed_star,,,,,,,dotted_six-pointed_star,1,🔯,dotted six-pointed star,Symbols,religion
woman_student_medium-dark_skin_tone,,,,,,,woman_student_medium-dark_skin_tone,1,👩🏾‍🎓,woman student: medium-dark skin tone,People & Body,person-role
people_with_bunny_ears,0.2865320089195595,0.2046657206568282,0.24559886478819384,0.16373257652546255,0.12279943239409692,0.12279943239409692,people_with_bunny_ears,14,👯,people with bunny ears,People & Body,person-activity
pill,0.24791611776260986,0.4682860002182631,0.1652774118417399,0.19282364714869657,0.19282364714869657,0.0550924706139133,pill,21,💊,pill,Objects,medical
woman_biking_light_skin_tone,0.0,0.0,0.0,0.0,0.0,0.0,woman_biking_light_skin_tone,1,🚴🏻‍♀️,woman biking: light skin tone,People & Body,person-sport
latin_cross,0.0,0.0,0.0,0.0,0.0,0.0,latin_cross,1,✝️,latin cross,Symbols,religion
lab_coat,,,,,,,lab_coat,1,🥼,lab coat,Objects,clothing
bubble_tea,0.0,0.6020599913279624,0.0,0.0,0.0,0.0,bubble_tea,4,🧋,bubble tea,Food & Drink,drink
speaker_low_volume,0.15904041823988746,0.15904041823988746,0.0,0.0,0.0,0.15904041823988746,speaker_low_volume,3,🔈,speaker low volume,Objects,sound
control_knobs,0.0752574989159953,0.0752574989159953,0.0752574989159953,0.0,0.0,0.0752574989159953,control_knobs,2,🎛️,control knobs,Objects,music
new_moon,0.18565722538447277,0.09282861269223638,0.18565722538447277,0.2784858380767092,0.37131445076894554,0.0,new_moon,13,🌑,new moon,Travel & Places,sky & weather
man_running_light_skin_tone,0.0,0.317713638334554,0.1906281830007324,0.0,0.12708545533382162,0.06354272766691081,man_running_light_skin_tone,5,🏃🏻‍♂️,man running: light skin tone,People & Body,person-activity
money_bag,0.4830874729902959,0.6389221416968429,0.23375200305982058,0.18700160244785646,0.21816853618916587,0.07791733435327353,money_bag,69,💰,money bag,Objects,money
helicopter,0.0,0.0,0.0,0.0,0.0,0.0,helicopter,1,🚁,helicopter,Travel & Places,transport-air
frowning_face,0.4333951069432482,0.9504803035031236,0.32280463137841936,0.38557219859088976,0.4035057892230242,0.12852406619696324,frowning_face,421,☹️,frowning face,Smileys & Emotion,face-concerned
raising_hands_dark_skin_tone,,,,,,,raising_hands_dark_skin_tone,1,🙌🏿,raising hands: dark skin tone,People & Body,hands
woman_dancing,0.33015228781123857,1.0399797066054015,0.26824873384663134,0.3012639626277552,0.47046701013101494,0.16507614390561928,woman_dancing,376,💃,woman dancing,People & Body,person-activity
call_me_hand_medium_skin_tone,0.625,0.25,0.0,0.125,0.0,0.0,call_me_hand_medium_skin_tone,10,🤙🏽,call me hand: medium skin tone,People & Body,hand-fingers-partial
person_with_veil,0.2593837501278812,0.1945378125959109,0.0648459375319703,0.1945378125959109,0.0648459375319703,0.0,person_with_veil,6,👰,person with veil,People & Body,person-role
person_dark_skin_tone_bald,0.0,0.0,0.0,0.0,0.0,0.0,person_dark_skin_tone_bald,1,🧑🏿‍🦲,"person: dark skin tone, bald",People & Body,person
hourglass_not_done,0.2071025617689932,0.8432032872023295,0.17751648151627988,0.2662747222744198,0.28106776240077647,0.04437912037906997,hourglass_not_done,66,⏳,hourglass not done,Travel & Places,time
Serbia,,,,,,,Serbia,1,🇷🇸,flag: Serbia,Flags,country-flag
writing_hand,0.3744290106852518,0.5946813699118705,0.24227759514928057,0.35240377476258994,0.19822712330395686,0.2202523592266187,writing_hand,96,✍️,writing hand,People & Body,hand-prop
prince_medium-light_skin_tone,,,,,,,prince_medium-light_skin_tone,2,🤴🏼,prince: medium-light skin tone,People & Body,person-role
tram_car,0.0,0.0,0.0,0.0,0.0,0.0,tram_car,1,🚋,tram car,Travel & Places,transport-ground
person_playing_handball,0.1806179973983887,0.0,0.0,0.06020599913279624,0.06020599913279624,0.0,person_playing_handball,2,🤾,person playing handball,People & Body,person-sport
man_swimming,0.0,0.1505149978319906,0.0,0.0,0.1505149978319906,0.3010299956639812,man_swimming,4,🏊‍♂️,man swimming,People & Body,person-sport
OK_hand_medium-light_skin_tone,,,,,,,OK_hand_medium-light_skin_tone,87,👌🏼,OK hand: medium-light skin tone,People & Body,hand-fingers-partial
skull_and_crossbones,0.22993599300473103,0.3553556255527661,0.20903272091339184,0.5016785301921404,0.29264580927874856,0.16722617673071347,skull_and_crossbones,57,☠️,skull and crossbones,Smileys & Emotion,face-negative
Sweden,0.0,0.1505149978319906,0.0,0.1505149978319906,0.0,0.0,Sweden,2,🇸🇪,flag: Sweden,Flags,country-flag
women_holding_hands,0.24126449438789685,0.5307818876533731,0.048252898877579366,0.21713804494910718,0.1447586966327381,0.048252898877579366,women_holding_hands,17,👭,women holding hands,People & Body,family
puzzle_piece,0.0,0.32260154046277795,0.10753384682092598,0.16130077023138897,0.10753384682092598,0.0,puzzle_piece,5,🧩,puzzle piece,Activities,game
dizzy,0.24608364346563572,0.9154311536921649,0.18210189616457045,0.44787223110745705,0.3691254651984536,0.25100531633494844,dizzy,258,💫,dizzy,Smileys & Emotion,emotion
turkey,0.0,0.0,0.0,0.0,0.0,0.0,turkey,1,🦃,turkey,Animals & Nature,animal-bird
raised_back_of_hand_light_skin_tone,0.3586492871723731,0.39451421588961044,0.14345971486894926,0.14345971486894926,0.14345971486894926,0.07172985743447463,raised_back_of_hand_light_skin_tone,18,🤚🏻,raised back of hand: light skin tone,People & Body,hand-fingers-open
man_gesturing_OK_medium_skin_tone,,,,,,,man_gesturing_OK_medium_skin_tone,1,🙆🏽‍♂️,man gesturing OK: medium skin tone,People & Body,person-gesture
duck,0.028065956159980143,0.2525936054398213,0.028065956159980143,0.028065956159980143,0.056131912319960287,0.08419786847994043,duck,3,🦆,duck,Animals & Nature,animal-bird
smiling_face_with_halo,0.4268041551351951,1.1399227643402503,0.2880928047162567,0.3876804409144689,0.4232474538424018,0.2116237269212009,smiling_face_with_halo,754,😇,smiling face with halo,Smileys & Emotion,face-smiling
fish,0.380356641892933,0.5242753712578266,0.1541986386052431,0.14391872936489358,0.26727764024908807,0.3495169141718844,fish,66,🐟,fish,Animals & Nature,animal-marine
pine_decoration,0.0,0.5418539921951661,0.1806179973983887,0.0,0.0,0.1806179973983887,pine_decoration,8,🎍,pine decoration,Activities,event
raised_back_of_hand,0.28823531162368515,0.4978609928045471,0.02620321014760774,0.10481284059043096,0.3406417319189006,0.15721926088564644,raised_back_of_hand,26,🤚,raised back of hand,People & Body,hand-fingers-open
man_dancing_medium_skin_tone,0.0,0.6989700043360189,0.0,0.0,0.0,0.0,man_dancing_medium_skin_tone,5,🕺🏽,man dancing: medium skin tone,People & Body,person-activity
Argentina,0.0,0.10034333188799373,0.20068666377598746,0.0,0.0,0.0,Argentina,2,🇦🇷,flag: Argentina,Flags,country-flag
red_envelope,0.0,0.0,0.0,0.0,0.0,0.0,red_envelope,1,🧧,red envelope,Activities,event
call_me_hand_dark_skin_tone,0.20448053773699817,0.13632035849133212,0.0,0.13632035849133212,0.0,0.0,call_me_hand_dark_skin_tone,3,🤙🏿,call me hand: dark skin tone,People & Body,hand-fingers-partial
woman_tipping_hand,0.24203491478448202,0.6143963221452237,0.14894456294429662,0.14894456294429662,0.1675626333123337,0.09309035184018538,woman_tipping_hand,26,💁‍♀️,woman tipping hand,People & Body,person-gesture
Cancer,0.0,0.0,0.1505149978319906,0.0,0.0,0.1505149978319906,Cancer,2,♋,Cancer,Symbols,zodiac
nesting_dolls,0.0,0.0,0.0,0.0,0.0,0.0,nesting_dolls,1,🪆,nesting dolls,Activities,game
information,0.0,0.0,0.0,0.0,0.0,0.0,information,1,ℹ️,information,Symbols,alphanum
person_taking_bath_light_skin_tone,0.0,0.1806179973983887,0.0,0.0,0.06020599913279624,0.06020599913279624,person_taking_bath_light_skin_tone,2,🛀🏻,person taking bath: light skin tone,People & Body,person-resting
record_button,0.27264071698266423,0.0,0.0,0.13632035849133212,0.0,0.06816017924566606,record_button,3,⏺️,record button,Symbols,av-symbol
woman_tipping_hand_medium-light_skin_tone,,,,,,,woman_tipping_hand_medium-light_skin_tone,66,💁🏼‍♀️,woman tipping hand: medium-light skin tone,People & Body,person-gesture
backhand_index_pointing_right_medium-dark_skin_tone,,,,,,,backhand_index_pointing_right_medium-dark_skin_tone,6,👉🏾,backhand index pointing right: medium-dark skin tone,People & Body,hand-single-finger
woman_gesturing_OK_medium-light_skin_tone,,,,,,,woman_gesturing_OK_medium-light_skin_tone,4,🙆🏼‍♀️,woman gesturing OK: medium-light skin tone,People & Body,person-gesture
poodle,0.0,0.11928031367991561,0.0,0.11928031367991561,0.0,0.23856062735983122,poodle,3,🐩,poodle,Animals & Nature,animal-mammal
bust_in_silhouette,0.3,0.4,0.2,0.1,0.0,0.0,bust_in_silhouette,10,👤,bust in silhouette,People & Body,person-symbol
woman_factory_worker_light_skin_tone,0.0,0.0,0.0,0.0,0.0,0.0,woman_factory_worker_light_skin_tone,1,👩🏻‍🏭,woman factory worker: light skin tone,People & Body,person-role
fortune_cookie,0.0,0.0,0.0,0.0,0.0,0.0,fortune_cookie,1,🥠,fortune cookie,Food & Drink,food-asian
blowfish,0.0,0.11928031367991561,0.0,0.0,0.0,0.35784094103974684,blowfish,3,🐡,blowfish,Animals & Nature,animal-marine
sport_utility_vehicle,0.1373518630336685,0.661786249162221,0.274703726067337,0.12486533003060774,0.36210945708876247,0.06243266501530387,sport_utility_vehicle,42,🚙,sport utility vehicle,Travel & Places,transport-ground
man_running_medium-light_skin_tone,,,,,,,man_running_medium-light_skin_tone,3,🏃🏼‍♂️,man running: medium-light skin tone,People & Body,person-activity
left-facing_fist_medium_skin_tone,,,,,,,left-facing_fist_medium_skin_tone,1,🤛🏽,left-facing fist: medium skin tone,People & Body,hand-fingers-closed
sparkles,0.2994302185566905,1.2863096962849543,0.27108179549806893,0.3224633122918205,0.4057368050265214,0.22855916091013653,sparkles,651,✨,sparkles,Activities,event
socks,0.0,0.0,0.0,0.0,0.0,0.0,socks,1,🧦,socks,Objects,clothing
woman_police_officer_medium-dark_skin_tone,,,,,,,woman_police_officer_medium-dark_skin_tone,1,👮🏾‍♀️,woman police officer: medium-dark skin tone,People & Body,person-role
motorcycle,0.0710418667196016,0.2841674668784064,0.1420837334392032,0.1420837334392032,0.4972930670372112,0.1420837334392032,motorcycle,19,🏍️,motorcycle,Travel & Places,transport-ground
black_circle,0.19809626871591454,0.7923850748636582,0.0,0.11319786783766544,0.16979680175649814,0.1414973347970818,black_circle,26,⚫,black circle,Symbols,geometric
shaved_ice,0.3550861175795887,0.33141370974094947,0.42610334109550646,0.284068894063671,0.047344815677278496,0.047344815677278496,shaved_ice,31,🍧,shaved ice,Food & Drink,food-sweet
Santa_Claus_light_skin_tone,0.050171665943996864,0.1505149978319906,0.10034333188799373,0.0,0.0,0.0,Santa_Claus_light_skin_tone,2,🎅🏻,Santa Claus: light skin tone,People & Body,person-fantasy
pig_nose,0.0,0.0,0.0,0.0,0.0,0.0,pig_nose,1,🐽,pig nose,Animals & Nature,animal-mammal
meat_on_bone,0.24559886478819384,0.3274651530509251,0.08186628826273128,0.12279943239409692,0.2865320089195595,0.08186628826273128,meat_on_bone,14,🍖,meat on bone,Food & Drink,food-prepared
man_raising_hand_dark_skin_tone,0.06816017924566606,0.06816017924566606,0.06816017924566606,0.06816017924566606,0.20448053773699817,0.0,man_raising_hand_dark_skin_tone,3,🙋🏿‍♂️,man raising hand: dark skin tone,People & Body,person-gesture
crying_face,0.5082967942425531,1.0284144441651657,0.48701925401844626,0.5165713932185947,0.4019090931220188,0.1796770063369025,crying_face,1324,😢,crying face,Smileys & Emotion,face-concerned
curly_loop,0.0,0.19084850188786498,0.09542425094393249,0.0,0.0,0.19084850188786498,curly_loop,3,➰,curly loop,Symbols,other-symbol
person_shrugging_light_skin_tone,0.22577249674798588,0.3762874945799765,0.15051499783199057,0.15051499783199057,0.0,0.0,person_shrugging_light_skin_tone,8,🤷🏻,person shrugging: light skin tone,People & Body,person-gesture
badminton,0.0,0.0,0.0,0.0,0.0,0.0,badminton,1,🏸,badminton,Activities,sport
slightly_frowning_face,0.31984968437532224,0.7463159302090853,0.3613116804980492,0.4620050996532432,0.28431083055584194,0.11846284606493415,slightly_frowning_face,196,🙁,slightly frowning face,Smileys & Emotion,face-concerned
palms_up_together,0.28501728979981444,0.9446287319079565,0.24430053411412667,0.43159761026829047,0.10586356478278823,0.10586356478278823,palms_up_together,131,🤲,palms up together,People & Body,hands
koala,0.023856062735983122,0.11928031367991561,0.047712125471966245,0.07156818820794936,0.09542425094393249,0.11928031367991561,koala,3,🐨,koala,Animals & Nature,animal-mammal
victory_hand,0.6218668272909326,1.0085606665962081,0.2020278017594908,0.5492630860336156,0.37880212829904525,0.1010139008797454,victory_hand,727,✌️,victory hand,People & Body,hand-fingers-partial
woman_gesturing_OK_medium_skin_tone,0.0,0.0,0.0,0.0,0.0,0.0,woman_gesturing_OK_medium_skin_tone,1,🙆🏽‍♀️,woman gesturing OK: medium skin tone,People & Body,person-gesture
repeat_button,0.06020599913279624,0.1806179973983887,0.06020599913279624,0.1806179973983887,0.0,0.12041199826559248,repeat_button,4,🔁,repeat button,Symbols,av-symbol
person_in_lotus_position_light_skin_tone,0.0,0.0,0.0,0.0,0.0,0.0,person_in_lotus_position_light_skin_tone,1,🧘🏻,person in lotus position: light skin tone,People & Body,person-resting
construction,0.0,0.0,0.0,0.0,0.0,1.0413926851582251,construction,11,🚧,construction,Travel & Places,transport-ground
expressionless_face,0.58699141793959,0.8667490298937776,0.23979223881787504,0.554519552266336,0.28225544777520706,0.18234201493442578,expressionless_face,516,😑,expressionless face,Smileys & Emotion,face-neutral-skeptical
reminder_ribbon,0.0,0.0,0.0,0.0,0.0,0.0,reminder_ribbon,1,🎗️,reminder ribbon,Activities,event
hand_with_fingers_splayed_light_skin_tone,0.47589447103728943,0.5651246843567812,0.08923021331949176,0.1784604266389835,0.08923021331949176,0.0,hand_with_fingers_splayed_light_skin_tone,25,🖐🏻,hand with fingers splayed: light skin tone,People & Body,hand-fingers-open
child,0.07952020911994373,0.23856062735983122,0.07952020911994373,0.0,0.039760104559971865,0.039760104559971865,child,3,🧒,child,People & Body,person
minibus,0.10034333188799373,0.10034333188799373,0.0,0.0,0.0,0.10034333188799373,minibus,2,🚐,minibus,Travel & Places,transport-ground
folded_hands,0.5643752496977411,1.4577330570082359,0.31338424669145926,0.5197073593322165,0.37152340557992003,0.14747493961951025,folded_hands,2367,🙏,folded hands,People & Body,hands
child_light_skin_tone,0.2112745100035642,0.3433210787557918,0.15845588250267315,0.026409313750445525,0.05281862750089105,0.05281862750089105,child_light_skin_tone,7,🧒🏻,child: light skin tone,People & Body,person
bicycle,0.12555822492622695,0.30133973982294465,0.17578151489671773,0.15066986991147233,0.02511164498524539,0.17578151489671773,bicycle,9,🚲,bicycle,Travel & Places,transport-ground
e-mail,,,,,,,e-mail,3,📧,e-mail,Objects,mail
owl,0.09800760492130678,0.4900380246065339,0.04900380246065339,0.04900380246065339,0.14701140738196017,0.3430266172245737,owl,15,🦉,owl,Animals & Nature,animal-bird
classical_building,0.3890756251918218,0.09726890629795545,0.0,0.0,0.09726890629795545,0.1945378125959109,classical_building,6,🏛️,classical building,Travel & Places,place-building
man_superhero_light_skin_tone,,,,,,,man_superhero_light_skin_tone,1,🦸🏻‍♂️,man superhero: light skin tone,People & Body,person-fantasy
man_health_worker_medium-light_skin_tone,,,,,,,man_health_worker_medium-light_skin_tone,1,👨🏼‍⚕️,man health worker: medium-light skin tone,People & Body,person-role
sign_of_the_horns,0.38540338958475895,0.8648076058975078,0.15040132276478396,0.3948034722575579,0.12220107474638697,0.131601157419186,sign_of_the_horns,112,🤘,sign of the horns,People & Body,hand-fingers-partial
running_shoe,0.4631751930452462,0.9347717532367696,0.04210683573138602,0.03368546858510881,0.3031692172659793,0.008421367146277203,running_shoe,61,👟,running shoe,Objects,clothing
rolling_on_the_floor_laughing,0.69105208756884,1.017769253969834,0.3364699176368445,0.6631870840378383,0.38662692399264736,0.260537783014865,rolling_on_the_floor_laughing,2268,🤣,rolling on the floor laughing,Smileys & Emotion,face-smiling
pen,0.14968434206163217,0.5773538908091527,0.17106781949900818,0.042766954874752044,0.17106781949900818,0.06415043231212807,pen,15,🖊️,pen,Objects,writing
clipboard,1.444396324798548,0.0,0.08253693284563131,0.0,0.0,0.041268466422815654,clipboard,37,📋,clipboard,Objects,office
trolleybus,0.0,0.0,0.0,0.0,0.0,0.0,trolleybus,1,🚎,trolleybus,Travel & Places,transport-ground
man_biking_light_skin_tone,0.23856062735983122,0.11928031367991561,0.0,0.11928031367991561,0.0,0.0,man_biking_light_skin_tone,3,🚴🏻‍♂️,man biking: light skin tone,People & Body,person-sport
woman_elf_medium_skin_tone,0.0,0.0,0.0752574989159953,0.0,0.1505149978319906,0.0752574989159953,woman_elf_medium_skin_tone,2,🧝🏽‍♀️,woman elf: medium skin tone,People & Body,person-fantasy
shinto_shrine,0.0,0.24082399653118497,0.0,0.1806179973983887,0.0,0.1806179973983887,shinto_shrine,4,⛩️,shinto shrine,Travel & Places,place-religious
pinched_fingers_light_skin_tone,0.23925395693466436,0.4101496404594246,0.2050748202297123,0.23925395693466436,0.13671654681980822,0.0,pinched_fingers_light_skin_tone,17,🤌🏻,pinched fingers: light skin tone,People & Body,hand-fingers-partial
hot_face,0.27803850466294555,0.513301854762361,0.10693788640882522,0.513301854762361,0.17110061825412035,0.1497130409723553,hot_face,54,🥵,hot face,Smileys & Emotion,face-unwell
barber_pole,0.0,0.26024795711981585,0.0,0.0,0.08674931903993863,0.13012397855990793,barber_pole,3,💈,barber pole,Travel & Places,place-other
grinning_squinting_face,0.5209856255827181,0.9410302862087847,0.34840913710844273,0.4135323403062826,0.24421201199189913,0.16932032831438343,grinning_squinting_face,434,😆,grinning squinting face,Smileys & Emotion,face-smiling
Scotland,0.10034333188799373,0.20068666377598746,0.0,0.0,0.0,0.0,Scotland,2,🏴󠁧󠁢󠁳󠁣󠁴󠁿,flag: Scotland,Flags,subdivision-flag
money-mouth_face,,,,,,,money-mouth_face,41,🤑,money-mouth face,Smileys & Emotion,face-tongue
american_football,0.0,0.0,0.0,0.0,0.0,0.0,american_football,1,🏈,american football,Activities,sport
service_dog,0.04013733275519749,0.14048066464319123,0.0,0.020068666377598746,0.08027466551039499,0.020068666377598746,service_dog,2,🐕‍🦺,service dog,Animals & Nature,animal-mammal
diamond_with_a_dot,0.0,0.0,0.0,0.0,0.0,0.0,diamond_with_a_dot,1,💠,diamond with a dot,Symbols,geometric
deer,0.17829051229669926,0.7865757895442614,0.09438909474531137,0.10487677193923486,0.1363398035210053,0.04195070877569394,deer,22,🦌,deer,Animals & Nature,animal-mammal
cityscape_at_dusk,0.09262461405045576,0.2778738421513673,0.0,0.13893692107568364,0.0,0.09262461405045576,cityscape_at_dusk,4,🌆,cityscape at dusk,Travel & Places,place-other
face_with_open_mouth,0.27505000081347003,0.6532437519319914,0.20628750061010254,0.3667333344179601,0.28651041751403133,0.22920833401122503,face_with_open_mouth,104,😮,face with open mouth,Smileys & Emotion,face-concerned
OK_button,0.050171665943996864,0.10034333188799373,0.0,0.0,0.10034333188799373,0.050171665943996864,OK_button,2,🆗,OK button,Symbols,alphanum
man_running,0.39496747511503727,0.49370934389379656,0.2633116500766915,0.23039769381710506,0.23039769381710506,0.0,man_running,41,🏃‍♂️,man running,People & Body,person-activity
woman_facepalming,0.5462033605160157,0.7834116770829711,0.259056450987596,0.4744166331339108,0.27466226128805366,0.15917926506466745,woman_facepalming,314,🤦‍♀️,woman facepalming,People & Body,person-gesture
speak-no-evil_monkey,,,,,,,speak-no-evil_monkey,102,🙊,speak-no-evil monkey,Smileys & Emotion,monkey-face
ant,0.043004285094854454,0.10411563759806867,0.0158436839823148,0.029423984538584625,0.024897217686494683,0.08374518676366394,ant,2,🐜,ant,Animals & Nature,animal-bug
man_student_light_skin_tone,0.1060269454932583,0.37109430922640413,0.0,0.0,0.0,0.0,man_student_light_skin_tone,3,👨🏻‍🎓,man student: light skin tone,People & Body,person-role
confetti_ball,0.26261244379289855,1.1889181546260315,0.21486472673964427,0.10981974922248486,0.4201799100686377,0.10027020581183399,confetti_ball,198,🎊,confetti ball,Activities,event
hourglass_done,0.21326637469359777,0.6397991240807933,0.121866499824913,0.21326637469359777,0.121866499824913,0.15233312478114128,hourglass_done,29,⌛,hourglass done,Travel & Places,time
shortcake,0.09843591371026192,0.7382693528269643,0.09843591371026192,0.04921795685513096,0.19687182742052384,0.04921795685513096,shortcake,17,🍰,shortcake,Food & Drink,food-sweet
framed_picture,0.0,0.4,0.28,0.16,0.04,0.12,framed_picture,10,🖼️,framed picture,Activities,arts & crafts
man_scientist_light_skin_tone,0.0,0.1505149978319906,0.0,0.1505149978319906,0.0,0.0,man_scientist_light_skin_tone,2,👨🏻‍🔬,man scientist: light skin tone,People & Body,person-role
couple_with_heart,0.11067608798167503,0.8731113607443253,0.13527077419982503,0.3197309208359501,0.17216280352705007,0.012297343109075005,couple_with_heart,42,💑,couple with heart,People & Body,family
bed,0.10149798918047526,0.29321641318803965,0.1127755435338614,0.15788576094740597,0.03383266306015842,0.07894288047370299,bed,6,🛏️,bed,Objects,household
woman_dark_skin_tone,0.4193820026016113,0.0,0.13979400086720378,0.0,0.13979400086720378,0.0,woman_dark_skin_tone,5,👩🏿,woman: dark skin tone,People & Body,person
woman_scientist_medium-light_skin_tone,,,,,,,woman_scientist_medium-light_skin_tone,7,👩🏼‍🔬,woman scientist: medium-light skin tone,People & Body,person-role
Oman,0.0,0.0752574989159953,0.0,0.0,0.22577249674798588,0.0,Oman,2,🇴🇲,flag: Oman,Flags,country-flag
rhinoceros,0.03762874945799765,0.11288624837399294,0.0,0.03762874945799765,0.0,0.11288624837399294,rhinoceros,2,🦏,rhinoceros,Animals & Nature,animal-mammal
oncoming_fist_light_skin_tone,0.2966058767153755,0.8700439050317681,0.19773725114358368,0.31637960182973385,0.27683215160101715,0.19773725114358368,oncoming_fist_light_skin_tone,143,👊🏻,oncoming fist: light skin tone,People & Body,hand-fingers-closed
woman_light_skin_tone_blond_hair,0.16901960800285137,0.0,0.5070588240085541,0.16901960800285137,0.0,0.0,woman_light_skin_tone_blond_hair,7,👱🏻‍♀️,"woman: light skin tone, blond hair",People & Body,person
snow-capped_mountain,,,,,,,snow-capped_mountain,23,🏔️,snow-capped mountain,Travel & Places,place-geographic
old_woman,0.07952020911994373,0.3976010455997187,0.2120538909865166,0.05301347274662915,0.05301347274662915,0.15904041823988746,old_woman,9,👵,old woman,People & Body,person
clapping_hands_medium_skin_tone,0.030801423617718985,1.8228842522850053,0.2639121978154559,0.012600582389066856,0.26181210075061134,0.25341171249123345,clapping_hands_medium_skin_tone,442,👏🏽,clapping hands: medium skin tone,People & Body,hands
woman_farmer,0.0,0.0,0.0,0.0,0.0,0.0,woman_farmer,1,👩‍🌾,woman farmer,People & Body,person-role
garlic,0.0,0.23856062735983122,0.23856062735983122,0.0,0.0,0.0,garlic,3,🧄,garlic,Food & Drink,food-vegetable
pineapple,0.033359743478563623,0.533755895657018,0.06671948695712725,0.033359743478563623,0.3335974347856362,0.3002376913070726,pineapple,20,🍍,pineapple,Food & Drink,food-fruit
last_quarter_moon_face,0.0,0.3284464661884076,0.09384184748240217,0.2346046187060054,0.18768369496480433,0.2346046187060054,last_quarter_moon_face,12,🌜,last quarter moon face,Travel & Places,sky & weather
woman_getting_haircut,0.0,0.0,0.0,0.0,0.0,0.0,woman_getting_haircut,1,💇‍♀️,woman getting haircut,People & Body,person-activity
canoe,0.0,0.0,0.0,0.0,0.0,0.0,canoe,1,🛶,canoe,Travel & Places,transport-water
middle_finger_medium-dark_skin_tone,,,,,,,middle_finger_medium-dark_skin_tone,2,🖕🏾,middle finger: medium-dark skin tone,People & Body,hand-single-finger
FREE_button,0.0,0.0,0.0,0.0,0.0,0.0,FREE_button,1,🆓,FREE button,Symbols,alphanum
man_construction_worker,0.0,0.47712125471966244,0.0,0.0,0.0,0.0,man_construction_worker,3,👷‍♂️,man construction worker,People & Body,person-role
red_square,0.0,0.0,0.0,0.0,0.0,0.0,red_square,1,🟥,red square,Symbols,geometric
lollipop,0.11995603663023878,1.066275881157678,0.27989741880389046,0.14661293365918074,0.10662758811576781,0.07997069108682586,lollipop,63,🍭,lollipop,Food & Drink,food-sweet
older_person,0.1505149978319906,0.1505149978319906,0.1505149978319906,0.0,0.0,0.1505149978319906,older_person,4,🧓,older person,People & Body,person
man_gesturing_NO_light_skin_tone,0.2995585732868652,0.0998528577622884,0.1997057155245768,0.0998528577622884,0.0,0.0,man_gesturing_NO_light_skin_tone,5,🙅🏻‍♂️,man gesturing NO: light skin tone,People & Body,person-gesture
nail_polish_medium_skin_tone,0.0,0.35784094103974684,0.0,0.11928031367991561,0.0,0.0,nail_polish_medium_skin_tone,3,💅🏽,nail polish: medium skin tone,People & Body,hand-prop
musical_score,0.15731203743852024,0.6292481497540809,0.33035527862089253,0.4247425010840047,0.14158083369466823,0.015731203743852024,musical_score,50,🎼,musical score,Objects,music
locked_with_key,0.0,0.15051499783199057,0.3762874945799765,0.07525749891599529,0.22577249674798588,0.07525749891599529,locked_with_key,8,🔐,locked with key,Objects,lock
backhand_index_pointing_down,0.5544266361180098,1.641462995127649,0.44187906788668363,0.3816228313566813,0.3781598292572559,0.04571162771241555,backhand_index_pointing_down,2775,👇,backhand index pointing down,People & Body,hand-single-finger
men_with_bunny_ears,0.08450980400142569,0.4225490200071284,0.08450980400142569,0.08450980400142569,0.08450980400142569,0.08450980400142569,men_with_bunny_ears,7,👯‍♂️,men with bunny ears,People & Body,person-activity
world_map,0.09130683215629809,0.6939319243878656,0.01826136643125962,0.01826136643125962,0.1095681985875577,0.18261366431259618,world_map,13,🗺️,world map,Travel & Places,place-map
turtle,0.29600959731999943,0.26311964206222166,0.3288995525777771,0.29600959731999943,0.13155982103111083,0.13155982103111083,turtle,28,🐢,turtle,Animals & Nature,animal-reptile
sunrise_over_mountains,0.09542425094393249,0.41350508742370745,0.0,0.15904041823988746,0.12723233459190997,0.15904041823988746,sunrise_over_mountains,9,🌄,sunrise over mountains,Travel & Places,place-other
motor_scooter,0.19041553043976567,0.7489677530630784,0.038083106087953136,0.0634718434799219,0.08886058087189065,0.3173592173996095,motor_scooter,28,🛵,motor scooter,Travel & Places,transport-ground
speech_balloon,0.27627562416533274,0.27627562416533274,0.11840383892799976,0.09209187472177757,0.5130833020213322,0.1710277673404441,speech_balloon,28,💬,speech balloon,Smileys & Emotion,emotion
yen_banknote,0.20477664483780095,0.20477664483780095,0.0,0.24573197380536113,0.0,0.12286598690268057,yen_banknote,6,💴,yen banknote,Objects,money
woman_juggling_light_skin_tone,,,,,,,woman_juggling_light_skin_tone,1,🤹🏻‍♀️,woman juggling: light skin tone,People & Body,person-sport
wrench,0.23125312415306246,0.30833749887074996,0.038542187358843745,0.2697953115119062,0.19271093679421875,0.038542187358843745,wrench,12,🔧,wrench,Objects,tool
3rd_place_medal,0.0,0.0,0.0,0.0,0.0,0.3010299956639812,3rd_place_medal,2,🥉,3rd place medal,Activities,award-medal
pirate_flag,0.25446466918381994,0.19084850188786498,0.0,0.5089293383676399,0.0,0.0,pirate_flag,9,🏴‍☠️,pirate flag,Flags,flag
drop_of_blood,0.0,0.0776633338151132,0.38831666907556606,0.0776633338151132,0.0776633338151132,0.0776633338151132,drop_of_blood,5,🩸,drop of blood,Objects,medical
boar,0.0,0.0,0.0,0.0,0.0,0.47712125471966244,boar,3,🐗,boar,Animals & Nature,animal-mammal
boy_light_skin_tone,0.1989172268148845,0.2557507201905658,0.5399181870689722,0.1420837334392032,0.056833493375681284,0.08525024006352193,boy_light_skin_tone,19,👦🏻,boy: light skin tone,People & Body,person
boy_dark_skin_tone,0.2580257105691267,0.6450642764228168,0.0,0.0,0.0,0.0,boy_dark_skin_tone,8,👦🏿,boy: dark skin tone,People & Body,person
person_raising_hand_light_skin_tone,0.2719591151902076,0.4150954916061063,0.14313637641589874,0.22901820226543798,0.24333183990702786,0.12882273877430886,person_raising_hand_light_skin_tone,27,🙋🏻,person raising hand: light skin tone,People & Body,person-gesture
Japanese_congratulations_button,0.0,0.0,0.0,0.0,0.0,0.0,Japanese_congratulations_button,1,㊗️,Japanese “congratulations” button,Symbols,alphanum
wine_glass,0.3339848783037637,0.4294091292476962,0.2862727528317975,0.09542425094393249,0.047712125471966245,0.23856062735983122,wine_glass,27,🍷,wine glass,Food & Drink,drink
man_superhero,,,,,,,man_superhero,1,🦸‍♂️,man superhero,People & Body,person-fantasy
folded_hands_medium_skin_tone,0.46686098488747435,0.5312556034926432,0.20928251046679885,0.28977578372325996,0.20928251046679885,0.06439461860516887,folded_hands_medium_skin_tone,59,🙏🏽,folded hands: medium skin tone,People & Body,hands
man_tipping_hand_medium-light_skin_tone,,,,,,,man_tipping_hand_medium-light_skin_tone,4,💁🏼‍♂️,man tipping hand: medium-light skin tone,People & Body,person-gesture
musical_note,0.28603408665644925,0.5720681733128985,0.19664843457630887,0.17877130416028078,0.19664843457630887,0.16089417374425272,musical_note,39,🎵,musical note,Objects,music
person_getting_massage,0.3283963589061613,0.0,0.0,0.08209908972654033,0.08209908972654033,0.4104954486327016,person_getting_massage,8,💆,person getting massage,People & Body,person-activity
victory_hand_medium-light_skin_tone,,,,,,,victory_hand_medium-light_skin_tone,74,✌🏼,victory hand: medium-light skin tone,People & Body,hand-fingers-partial
eleven-thirty,,,,,,,eleven-thirty,2,🕦,eleven-thirty,Travel & Places,time
sailboat,0.16419817945308063,0.6385484756508691,0.07297696864581363,0.05473272648436022,0.16419817945308063,0.10946545296872044,sailboat,16,⛵,sailboat,Travel & Places,transport-water
camping,0.0,0.3890756251918218,0.15563025007672873,0.07781512503836437,0.07781512503836437,0.07781512503836437,camping,6,🏕️,camping,Travel & Places,place-geographic
snail,0.0,0.0,0.0,0.0,0.0,0.0,snail,1,🐌,snail,Animals & Nature,animal-bug
man_pouting_medium-light_skin_tone,,,,,,,man_pouting_medium-light_skin_tone,2,🙎🏼‍♂️,man pouting: medium-light skin tone,People & Body,person-gesture
fearful_face,0.36102062213132313,0.4043430967870819,0.23105319816404682,0.30325732259031146,0.31769814747556435,0.20217154839354096,fearful_face,66,😨,fearful face,Smileys & Emotion,face-concerned
person_raising_hand_medium-light_skin_tone,,,,,,,person_raising_hand_medium-light_skin_tone,87,🙋🏼,person raising hand: medium-light skin tone,People & Body,person-gesture
woman_bowing_medium_skin_tone,0.03344777729599791,0.2341344410719854,0.0,0.0,0.03344777729599791,0.0,woman_bowing_medium_skin_tone,2,🙇🏽‍♀️,woman bowing: medium skin tone,People & Body,person-gesture
crystal_ball,0.3659069734645512,0.20124883540550317,0.03659069734645512,0.1280674407125929,0.6586325522361922,0.1280674407125929,crystal_ball,33,🔮,crystal ball,Activities,game
middle_finger_light_skin_tone,0.06533840328087118,0.19601520984261356,0.06533840328087118,0.32669201640435597,0.3920304196852271,0.13067680656174235,middle_finger_light_skin_tone,15,🖕🏻,middle finger: light skin tone,People & Body,hand-single-finger
END_arrow,0.11928031367991561,0.0,0.11928031367991561,0.0,0.11928031367991561,0.11928031367991561,END_arrow,3,🔚,END arrow,Symbols,arrow
moon_cake,0.0,0.0,0.0,0.0,0.0,0.0,moon_cake,1,🥮,moon cake,Food & Drink,food-asian
superhero_light_skin_tone,,,,,,,superhero_light_skin_tone,1,🦸🏻,superhero: light skin tone,People & Body,person-fantasy
monkey_face,0.0,0.752574989159953,0.0,0.0,0.0,0.15051499783199057,monkey_face,8,🐵,monkey face,Animals & Nature,animal-mammal
old_man_light_skin_tone,0.0,0.3180808364797749,0.1060269454932583,0.0,0.05301347274662915,0.0,old_man_light_skin_tone,3,👴🏻,old man: light skin tone,People & Body,person
bar_chart,0.0,0.5281862750089105,0.0,0.0,0.1056372550017821,0.2112745100035642,bar_chart,7,📊,bar chart,Objects,office
fish_cake_with_swirl,0.0,0.1505149978319906,0.0,0.0,0.0,0.1505149978319906,fish_cake_with_swirl,2,🍥,fish cake with swirl,Food & Drink,food-asian
film_projector,0.25253975884496804,0.7443277102799059,0.09304096378498823,0.4984337345624369,0.31235180699246046,0.19272771069747563,film_projector,124,📽️,film projector,Objects,light & video
telephone,0.3476169141528969,0.3271688603791971,0.22492859151069802,0.14313637641589874,0.3067208066054973,0.08179221509479928,telephone,27,☎️,telephone,Objects,phone
man_light_skin_tone_white_hair,0.06020599913279624,0.12041199826559248,0.06020599913279624,0.06020599913279624,0.0,0.0,man_light_skin_tone_white_hair,2,👨🏻‍🦳,"man: light skin tone, white hair",People & Body,person
satellite_antenna,0.0,0.31126050015345746,0.0,0.0,0.31126050015345746,0.15563025007672873,satellite_antenna,6,📡,satellite antenna,Objects,science
ninja_light_skin_tone,0.0,0.0,0.0,0.0,0.0,0.0,ninja_light_skin_tone,1,🥷🏻,ninja: light skin tone,People & Body,person-role
man_pouting_medium_skin_tone,,,,,,,man_pouting_medium_skin_tone,2,🙎🏽‍♂️,man pouting: medium skin tone,People & Body,person-gesture
Clipperton_Island,0.0,0.0,0.0,0.0,0.0,0.0,Clipperton_Island,1,🇨🇵,flag: Clipperton Island,Flags,country-flag
clapping_hands_light_skin_tone,0.684269977703782,1.2446117997572197,0.28050405123008004,0.3504634939359195,0.4070973285073133,0.23852838560657638,clapping_hands_light_skin_tone,1605,👏🏻,clapping hands: light skin tone,People & Body,hands
mango,0.09337815004603724,0.2956974751457846,0.08819047504347961,0.06225210003069149,0.09337815004603724,0.14525490007161349,mango,6,🥭,mango,Food & Drink,food-fruit
love-you_gesture_medium-light_skin_tone,,,,,,,love-you_gesture_medium-light_skin_tone,17,🤟🏼,love-you gesture: medium-light skin tone,People & Body,hand-fingers-partial
woman_in_lotus_position,0.2593837501278812,0.2593837501278812,0.043230625021313536,0.043230625021313536,0.1296918750639406,0.043230625021313536,woman_in_lotus_position,6,🧘‍♀️,woman in lotus position,People & Body,person-resting
backhand_index_pointing_down_dark_skin_tone,0.30438445401343267,0.31822011101404324,0.15219222700671634,0.30438445401343267,0.0,0.0,backhand_index_pointing_down_dark_skin_tone,12,👇🏿,backhand index pointing down: dark skin tone,People & Body,hand-single-finger
woman_and_man_holding_hands,0.11631485445890545,0.6591175086004643,0.2326297089178109,0.3101729452237479,0.07754323630593697,0.1357006635353897,woman_and_man_holding_hands,34,👫,woman and man holding hands,People & Body,family
spider,0.08568795017744898,0.4712837259759694,0.04284397508872449,0.2356418629879847,0.12853192526617346,0.14995391281053572,spider,13,🕷️,spider,Animals & Nature,animal-bug
horse_racing,0.09389978222380631,0.37559912889522523,0.09389978222380631,0.0,0.09389978222380631,0.18779956444761262,horse_racing,7,🏇,horse racing,People & Body,person-sport
rabbit_face,0.23451438995933405,0.35177158493900107,0.17588579246950053,0.0,0.05862859748983351,0.29314298744916756,rabbit_face,13,🐰,rabbit face,Animals & Nature,animal-mammal
man_biking,0.15789473684210525,0.5263157894736842,0.0,0.0,0.21052631578947367,0.10526315789473684,man_biking,10,🚴‍♂️,man biking,People & Body,person-sport
person_running_medium-dark_skin_tone,,,,,,,person_running_medium-dark_skin_tone,1,🏃🏾,person running: medium-dark skin tone,People & Body,person-activity
paperclip,0.0,0.15904041823988746,0.0,0.0,0.15904041823988746,0.15904041823988746,paperclip,3,📎,paperclip,Objects,office
musical_notes,0.30769582077615026,1.0056399996098568,0.3452197013586076,0.20262895514526966,0.20262895514526966,0.06003820893193175,musical_notes,133,🎶,musical notes,Objects,music
Virgo,0.0,0.0,0.0,0.1505149978319906,0.0,0.1505149978319906,Virgo,2,♍,Virgo,Symbols,zodiac
Christmas_tree,0.16861881418748204,1.2762129858111386,0.16531256292890395,0.2578875981690902,0.2347438393590436,0.0958812864987643,Christmas_tree,158,🎄,Christmas tree,Activities,event
watermelon,0.2123606501340722,0.6370819504022167,0.13068347700558292,0.08167717312848932,0.3103732578882594,0.19602521550837437,watermelon,37,🍉,watermelon,Food & Drink,food-fruit
top_hat,0.4513248003362926,0.3761040002802438,0.0,0.07522080005604875,0.2256624001681463,0.1504416001120975,top_hat,19,🎩,top hat,Objects,clothing
person_gesturing_NO,0.20039092698225824,0.2576454775486177,0.2576454775486177,0.45803640453087596,0.14313637641589874,0.11450910113271899,person_gesturing_NO,27,🙅,person gesturing NO,People & Body,person-gesture
woman_tipping_hand_light_skin_tone,0.2350688511029395,0.6738640398284266,0.15671256740195966,0.2820826213235274,0.2350688511029395,0.1880550808823516,woman_tipping_hand_light_skin_tone,59,💁🏻‍♀️,woman tipping hand: light skin tone,People & Body,person-gesture
sign_of_the_horns_medium_skin_tone,0.0,0.3762874945799765,0.0,0.0752574989159953,0.1505149978319906,0.0,sign_of_the_horns_medium_skin_tone,4,🤘🏽,sign of the horns: medium skin tone,People & Body,hand-fingers-partial
input_numbers,0.1505149978319906,0.0,0.0,0.0,0.0,0.1505149978319906,input_numbers,2,🔢,input numbers,Symbols,alphanum
building_construction,0.0,0.0,0.0,0.0,0.0,0.3010299956639812,building_construction,2,🏗️,building construction,Travel & Places,place-building
cloud,0.33864589932747524,0.5896422717701921,0.15537870675025334,0.13944242913484275,0.2709167194619802,0.13944242913484275,cloud,43,☁️,cloud,Travel & Places,sky & weather
woman_technologist_light_skin_tone,0.2580257105691267,0.2580257105691267,0.19351928292684503,0.0,0.12901285528456335,0.06450642764228168,woman_technologist_light_skin_tone,8,👩🏻‍💻,woman technologist: light skin tone,People & Body,person-role
cocktail_glass,0.0,0.6174510355195632,0.0,0.056131912319960287,0.11226382463992057,0.16839573695988086,cocktail_glass,9,🍸,cocktail glass,Food & Drink,drink
melon,0.18109243714591217,0.18109243714591217,0.18109243714591217,0.1207282914306081,0.0,0.18109243714591217,melon,7,🍈,melon,Food & Drink,food-fruit
person_gesturing_OK_light_skin_tone,0.2152333245741993,0.18212050540893787,0.13245127666104572,0.08278204791315358,0.08278204791315358,0.08278204791315358,person_gesturing_OK_light_skin_tone,6,🙆🏻,person gesturing OK: light skin tone,People & Body,person-gesture
woman_swimming_medium-light_skin_tone,,,,,,,woman_swimming_medium-light_skin_tone,3,🏊🏼‍♀️,woman swimming: medium-light skin tone,People & Body,person-sport
man_vampire,0.15365418909350123,0.30730837818700246,0.0,0.15365418909350123,0.0,0.23048128364025183,man_vampire,7,🧛‍♂️,man vampire,People & Body,person-fantasy
volleyball,0.10239897502982447,1.2287877003578935,0.025599743757456116,0.05119948751491223,0.10239897502982447,0.10239897502982447,volleyball,41,🏐,volleyball,Activities,sport
baby_light_skin_tone,0.11226382463992057,0.392923386239722,0.056131912319960287,0.11226382463992057,0.11226382463992057,0.16839573695988086,baby_light_skin_tone,9,👶🏻,baby: light skin tone,People & Body,person
satellite,0.024102413942621338,0.3615362091393201,0.07230724182786402,0.12051206971310671,0.09640965577048535,0.024102413942621338,satellite,5,🛰️,satellite,Travel & Places,transport-air
man_zombie,0.13528451696826171,0.4960432288836263,0.315663872925944,0.13528451696826171,0.18037935595768229,0.13528451696826171,man_zombie,25,🧟‍♂️,man zombie,People & Body,person-fantasy
Japanese_castle,0.0,0.0,0.0,0.1505149978319906,0.0,0.1505149978319906,Japanese_castle,2,🏯,Japanese castle,Travel & Places,place-building
no_entry,0.2538814609524326,0.32312185939400506,0.18464106251086004,0.18464106251086004,0.23080132813857504,0.18464106251086004,no_entry,23,⛔,no entry,Symbols,warning
rugby_football,0.0,0.0,0.0,0.0,0.0,0.0,rugby_football,1,🏉,rugby football,Activities,sport
crescent_moon,0.16846566427339402,0.3556497356882763,0.05615522142446467,0.5241153999616703,0.33693132854678803,0.1497472571319058,crescent_moon,39,🌙,crescent moon,Travel & Places,sky & weather
airplane_arrival,,,,,,,airplane_arrival,1,🛬,airplane arrival,Travel & Places,transport-air
hammer,0.13695052585936643,0.8217031551561986,0.04565017528645548,0.09130035057291096,0.1141254382161387,0.09130035057291096,hammer,20,🔨,hammer,Objects,tool
woman_student_light_skin_tone,0.1060269454932583,0.3180808364797749,0.05301347274662915,0.0,0.0,0.0,woman_student_light_skin_tone,3,👩🏻‍🎓,woman student: light skin tone,People & Body,person-role
call_me_hand_light_skin_tone,0.3081473768411601,0.6368379121383977,0.10271579228038671,0.16434526764861876,0.3492336937533148,0.08217263382430938,call_me_hand_light_skin_tone,44,🤙🏻,call me hand: light skin tone,People & Body,hand-fingers-partial
woman_in_lotus_position_light_skin_tone,0.0,0.3010299956639812,0.0,0.0,0.3010299956639812,0.0,woman_in_lotus_position_light_skin_tone,4,🧘🏻‍♀️,woman in lotus position: light skin tone,People & Body,person-resting
ear_of_corn,0.19084850188786498,0.23856062735983122,0.09542425094393249,0.047712125471966245,0.23856062735983122,0.14313637641589871,ear_of_corn,9,🌽,ear of corn,Food & Drink,food-vegetable
large_orange_diamond,0.0,0.7243697485836487,0.0,0.0,0.0,0.1207282914306081,large_orange_diamond,7,🔶,large orange diamond,Symbols,geometric
folded_hands_medium-dark_skin_tone,,,,,,,folded_hands_medium-dark_skin_tone,16,🙏🏾,folded hands: medium-dark skin tone,People & Body,hands
one-thirty,,,,,,,one-thirty,1,🕜,one-thirty,Travel & Places,time
whale,0.0,0.09030899869919436,0.0,0.06020599913279624,0.12041199826559248,0.03010299956639812,whale,2,🐋,whale,Animals & Nature,animal-marine
softball,0.0,0.0,0.0,0.0,0.0,0.0,softball,1,🥎,softball,Activities,sport
man_elf_light_skin_tone,0.0,0.0,0.0,0.0,0.0,0.0,man_elf_light_skin_tone,1,🧝🏻‍♂️,man elf: light skin tone,People & Body,person-fantasy
beer_mug,0.2140094631071643,0.4636871700655227,0.14267297540477622,0.2140094631071643,0.14267297540477622,0.28534595080955244,beer_mug,29,🍺,beer mug,Food & Drink,drink
thumbs_up_medium-light_skin_tone,,,,,,,thumbs_up_medium-light_skin_tone,298,👍🏼,thumbs up: medium-light skin tone,People & Body,hand-fingers-closed
Japanese_not_free_of_charge_button,0.0,0.0,0.0,0.0,0.0,0.0,Japanese_not_free_of_charge_button,1,🈶,Japanese “not free of charge” button,Symbols,alphanum
astonished_face,0.4410191511995403,0.8057080646914678,0.13569820036908933,0.3731700510149957,0.16962275046136166,0.16114161293829357,astonished_face,122,😲,astonished face,Smileys & Emotion,face-concerned
nail_polish_light_skin_tone,0.3509911089451178,0.48975503573737367,0.11427617500538718,0.13060134286329964,0.538730539311111,0.24487751786868683,nail_polish_light_skin_tone,74,💅🏻,nail polish: light skin tone,People & Body,hand-prop
man_playing_water_polo,0.0,0.0,0.0,0.0,0.0,0.0,man_playing_water_polo,1,🤽‍♂️,man playing water polo,People & Body,person-sport
rainbow,0.33653533904178956,0.9696780955441394,0.2281595518927387,0.23386354069005713,0.25667949587933103,0.16541567512223554,rainbow,155,🌈,rainbow,Travel & Places,sky & weather
blue_heart,1.1937981524243937,3.0047032388989874,0.01142585191572364,0.010575383973776572,0.011684689985011876,0.010279569037447157,blue_heart,17477,💙,blue heart,Smileys & Emotion,emotion
closed_umbrella,0.21831010203395007,0.38204267855941265,0.10915505101697504,0.0,0.21831010203395007,0.21831010203395007,closed_umbrella,14,🌂,closed umbrella,Travel & Places,sky & weather
ledger,0.15845588250267315,0.2112745100035642,0.15845588250267315,0.15845588250267315,0.15845588250267315,0.0,ledger,7,📒,ledger,Objects,book-paper
clapping_hands_medium-light_skin_tone,,,,,,,clapping_hands_medium-light_skin_tone,568,👏🏼,clapping hands: medium-light skin tone,People & Body,hands
baby_angel_medium-light_skin_tone,,,,,,,baby_angel_medium-light_skin_tone,5,👼🏼,baby angel: medium-light skin tone,People & Body,person-fantasy
man_light_skin_tone_blond_hair,0.0,0.3010299956639812,0.0,0.0,0.0,0.0,man_light_skin_tone_blond_hair,2,👱🏻‍♂️,"man: light skin tone, blond hair",People & Body,person
memo,0.35784094103974684,0.616281620679564,0.17892047051987342,0.019880052279985936,0.09940026139992968,0.1590404182398875,memo,27,📝,memo,Objects,writing
axe,0.0,0.11467809358627855,0.08600857018970891,0.028669523396569637,0.028669523396569637,0.043004285094854454,axe,2,🪓,axe,Objects,tool
OK_hand_light_skin_tone,0.35565208566153145,0.9389215061464429,0.17545502892635548,0.5690433370584502,0.25132747386748217,0.2133912513969188,OK_hand_light_skin_tone,319,👌🏻,OK hand: light skin tone,People & Body,hand-fingers-partial
soap,0.08742393517388863,0.320554428970925,0.029141311724629543,0.08742393517388863,0.05828262344925909,0.2622718055216659,soap,7,🧼,soap,Objects,household
middle_finger_dark_skin_tone,0.4444444444444444,0.05555555555555555,0.0,0.2777777777777778,0.16666666666666666,0.05555555555555555,middle_finger_dark_skin_tone,10,🖕🏿,middle finger: dark skin tone,People & Body,hand-single-finger
rolled-up_newspaper,,,,,,,rolled-up_newspaper,5,🗞️,rolled-up newspaper,Objects,book-paper
winking_face_with_tongue,0.5226730787045883,0.869791840897712,0.215453024809525,0.3630782455123477,0.3471187621931236,0.2393922497883611,winking_face_with_tongue,361,😜,winking face with tongue,Smileys & Emotion,face-tongue
anxious_face_with_sweat,0.2005183688351605,0.6111036002595368,0.16232439381893946,0.4869731814568184,0.2673578251135474,0.2673578251135474,anxious_face_with_sweat,99,😰,anxious face with sweat,Smileys & Emotion,face-concerned
pretzel,0.10034333188799373,0.10034333188799373,0.10034333188799373,0.0,0.10034333188799373,0.20068666377598746,pretzel,4,🥨,pretzel,Food & Drink,food-prepared
optical_disk,0.0,0.0,0.0,0.0,0.0,0.3010299956639812,optical_disk,2,💿,optical disk,Objects,computer
waffle,0.0,0.0,0.0,0.0,0.0,0.0,waffle,1,🧇,waffle,Food & Drink,food-prepared
thumbs_down_light_skin_tone,0.5678621068442609,0.6146960950376019,0.3366192901396391,0.3307650416154715,0.39516177538131547,0.1405019645800233,thumbs_down_light_skin_tone,243,👎🏻,thumbs down: light skin tone,People & Body,hand-fingers-closed
face_with_head-bandage,,,,,,,face_with_head-bandage,29,🤕,face with head-bandage,Smileys & Emotion,face-unwell
love-you_gesture_medium_skin_tone,,,,,,,love-you_gesture_medium_skin_tone,3,🤟🏽,love-you gesture: medium skin tone,People & Body,hand-fingers-partial
raised_fist_dark_skin_tone,0.0,0.22577249674798588,0.0,0.0,0.0,0.0752574989159953,raised_fist_dark_skin_tone,2,✊🏿,raised fist: dark skin tone,People & Body,hand-fingers-closed
frowning_face_with_open_mouth,0.23500002098132627,0.29909093579441526,0.23500002098132627,0.29909093579441526,0.23500002098132627,0.12818182962617797,frowning_face_with_open_mouth,27,😦,frowning face with open mouth,Smileys & Emotion,face-concerned
man_shrugging_medium-light_skin_tone,,,,,,,man_shrugging_medium-light_skin_tone,21,🤷🏼‍♂️,man shrugging: medium-light skin tone,People & Body,person-gesture
backhand_index_pointing_right_dark_skin_tone,0.2580257105691267,0.2580257105691267,0.12901285528456335,0.2580257105691267,0.0,0.0,backhand_index_pointing_right_dark_skin_tone,8,👉🏿,backhand index pointing right: dark skin tone,People & Body,hand-single-finger
person_in_suit_levitating,0.0,0.0,0.0,0.3010299956639812,0.0,0.0,person_in_suit_levitating,2,🕴️,person in suit levitating,People & Body,person-activity
kite,0.0,0.08600857018970891,0.08600857018970891,0.0,0.0,0.12901285528456335,kite,2,🪁,kite,Activities,game
backhand_index_pointing_left,0.41847607177081597,0.712959233387316,0.28673360473185544,0.4727229699633292,0.21698759277005272,0.08524512573109215,backhand_index_pointing_left,156,👈,backhand index pointing left,People & Body,hand-single-finger
cactus,0.20827853703164503,0.624835611094935,0.0,0.10413926851582252,0.0,0.10413926851582252,cactus,11,🌵,cactus,Animals & Nature,plant-other
NG_button,0.0,0.0,0.0,0.0,0.0,0.0,NG_button,1,🆖,NG button,Symbols,alphanum
green_apple,0.20246852531705167,0.6327141416157865,0.30370278797557754,0.1771599596524202,0.10123426265852584,0.10123426265852584,green_apple,33,🍏,green apple,Food & Drink,food-fruit
outbox_tray,0.0,0.0,0.0,0.0,0.0,0.0,outbox_tray,1,📤,outbox tray,Objects,mail
man_light_skin_tone,0.16780283510277577,0.40272680424666185,0.5034085053083273,0.16780283510277577,0.05034085053083273,0.05034085053083273,man_light_skin_tone,22,👨🏻,man: light skin tone,People & Body,person
Scorpio,0.0,0.1505149978319906,0.0,0.0,0.0,0.1505149978319906,Scorpio,2,♏,Scorpio,Symbols,zodiac
glass_of_milk,0.14025311590679765,0.520940144796677,0.16028927532205448,0.04007231883051362,0.18032543473731127,0.3005423912288521,glass_of_milk,22,🥛,glass of milk,Food & Drink,drink
woman_detective_medium_skin_tone,0.09542425094393249,0.28627275283179743,0.09542425094393249,0.0,0.0,0.0,woman_detective_medium_skin_tone,3,🕵🏽‍♀️,woman detective: medium skin tone,People & Body,person-role
man_health_worker_light_skin_tone,0.0633747359292592,0.158436839823148,0.2534989437170368,0.0633747359292592,0.0633747359292592,0.0,man_health_worker_light_skin_tone,4,👨🏻‍⚕️,man health worker: light skin tone,People & Body,person-role
purse,0.030303030303030304,0.42424242424242425,0.09090909090909091,0.030303030303030304,0.18181818181818182,0.24242424242424243,purse,10,👛,purse,Objects,clothing
tennis,0.17474250108400471,0.2912375018066745,0.0,0.0582475003613349,0.14561875090333726,0.02912375018066745,tennis,5,🎾,tennis,Activities,sport
relieved_face,0.5117343749722988,1.1627481364049481,0.23787041283116028,0.3865394208506355,0.43505246557278004,0.20657167430074447,relieved_face,872,😌,relieved face,Smileys & Emotion,face-sleepy
woman_light_skin_tone_curly_hair,0.0,0.0,0.0,0.0,0.0,0.0,woman_light_skin_tone_curly_hair,1,👩🏻‍🦱,"woman: light skin tone, curly hair",People & Body,person
smiling_face_with_open_hands,,,,,,,smiling_face_with_open_hands,2237,🤗,hugging face,Smileys & Emotion,face-hand
person_swimming_light_skin_tone,0.0,0.0,0.0,0.0,0.0,0.0,person_swimming_light_skin_tone,1,🏊🏻,person swimming: light skin tone,People & Body,person-sport
keyboard,0.12041199826559248,0.16054933102078997,0.04013733275519749,0.12041199826559248,0.12041199826559248,0.04013733275519749,keyboard,4,⌨️,keyboard,Objects,computer
rose,0.36373732532104347,1.0209445381170197,0.2810697513844427,0.24800272180980235,0.2604028579002925,0.18186866266052173,rose,227,🌹,rose,Animals & Nature,plant-flower
girl_light_skin_tone,0.2608695652173913,0.08695652173913043,0.30434782608695654,0.13043478260869565,0.08695652173913043,0.13043478260869565,girl_light_skin_tone,10,👧🏻,girl: light skin tone,People & Body,person
tropical_fish,0.04408184752608608,0.7493914079434633,0.0,0.13224554257825824,0.1763273901043443,0.04408184752608608,tropical_fish,14,🐠,tropical fish,Animals & Nature,animal-marine
wastebasket,0.2007960686192627,0.4015921372385254,0.172110915959368,0.11474061063957867,0.05737030531978934,0.22948122127915735,wastebasket,15,🗑️,wastebasket,Objects,office
desktop_computer,0.22367040138752603,0.5591760034688151,0.4193820026016113,0.05591760034688151,0.08387640052032226,0.05591760034688151,desktop_computer,25,🖥️,desktop computer,Objects,computer
man_teacher,0.06020599913279624,0.24082399653118497,0.0,0.1806179973983887,0.06020599913279624,0.06020599913279624,man_teacher,4,👨‍🏫,man teacher,People & Body,person-role
index_pointing_up,0.4740793883006807,0.5359158302529433,0.1752032521980776,0.2267336204916299,0.13397895756323583,0.1442850312219463,index_pointing_up,49,☝️,index pointing up,People & Body,hand-single-finger
woman_office_worker_medium-light_skin_tone,,,,,,,woman_office_worker_medium-light_skin_tone,2,👩🏼‍💼,woman office worker: medium-light skin tone,People & Body,person-role
man_health_worker,0.0,0.37684265193313854,0.0,0.4291819091460744,0.8374281154069745,0.0,man_health_worker,44,👨‍⚕️,man health worker,People & Body,person-role
growing_heart,0.29610951306901445,1.085734881253053,0.2790917249615998,0.34035576214829244,0.37439133836312166,0.17698499631711206,growing_heart,357,💗,growing heart,Smileys & Emotion,emotion
mantelpiece_clock,0.09467206228711138,0.47336031143555685,0.22090147866992654,0.12622941638281518,0.12622941638281518,0.0,mantelpiece_clock,11,🕰️,mantelpiece clock,Travel & Places,time
microbe,0.24037133076446285,0.4006188846074381,0.16024755384297523,0.13353962820247936,0.2937871820454546,0.026707925640495872,microbe,18,🦠,microbe,Animals & Nature,animal-bug
syringe,0.2823159358046467,0.3450528104279015,0.3450528104279015,0.12547374924650964,0.09410531193488221,0.18821062386976442,syringe,24,💉,syringe,Objects,medical
warning,0.25996226680613244,0.49456236124093483,0.36141095629145237,0.19021629278497493,0.4248163872197773,0.11412977567098496,warning,70,⚠️,warning,Symbols,warning
right_arrow_curving_left,0.0,0.0,0.0,0.0,0.0,0.6020599913279624,right_arrow_curving_left,4,↩️,right arrow curving left,Symbols,arrow
man_cartwheeling_medium_skin_tone,0.0,0.0,0.0,0.0,0.0,0.0,man_cartwheeling_medium_skin_tone,1,🤸🏽‍♂️,man cartwheeling: medium skin tone,People & Body,person-sport
radioactive,0.17137590035489797,0.34275180070979594,0.11425060023659864,0.37131445076894554,0.08568795017744898,0.02856265005914966,radioactive,13,☢️,radioactive,Symbols,warning
atom_symbol,0.10904490838893637,0.43617963355574546,0.16356736258340454,0.0,0.08178368129170227,0.05452245419446818,atom_symbol,7,⚛️,atom symbol,Symbols,religion
thumbs_up_dark_skin_tone,0.18156371146901237,0.6354729901415433,0.21182433004718113,0.15130309289084365,0.12104247431267492,0.06052123715633746,thumbs_up_dark_skin_tone,23,👍🏿,thumbs up: dark skin tone,People & Body,hand-fingers-closed
man_dancing,0.3448808766713346,0.582729757134324,0.2378488804629894,0.1546017723009431,0.3329884326481851,0.16649421632409256,man_dancing,66,🕺,man dancing,People & Body,person-activity
man_wearing_turban_light_skin_tone,0.0,0.0,0.0,0.0,0.0,0.0,man_wearing_turban_light_skin_tone,1,👳🏻‍♂️,man wearing turban: light skin tone,People & Body,person-role
mobile_phone_off,0.0,0.0,0.0,0.0,0.0,0.3010299956639812,mobile_phone_off,2,📴,mobile phone off,Symbols,av-symbol
flushed_face,0.5754444192925036,0.8476606415925502,0.21019227291522583,0.4341676456937452,0.31701129685575047,0.19985494801775575,flushed_face,384,😳,flushed face,Smileys & Emotion,face-concerned
horse,0.25352941200427703,0.7847338942989528,0.1207282914306081,0.2173109245750946,0.25352941200427703,0.06036414571530405,horse,49,🐎,horse,Animals & Nature,animal-mammal
jeans,0.07074102276214943,0.5659281820971954,0.0,0.0,0.07074102276214943,0.07074102276214943,jeans,6,👖,jeans,Objects,clothing
woman_in_steamy_room,0.0,0.4446578573620821,0.11116446434052052,0.0,0.05558223217026026,0.16674669651078078,woman_in_steamy_room,6,🧖‍♀️,woman in steamy room,People & Body,person-activity
backhand_index_pointing_left_medium-light_skin_tone,,,,,,,backhand_index_pointing_left_medium-light_skin_tone,20,👈🏼,backhand index pointing left: medium-light skin tone,People & Body,hand-single-finger
man_shrugging_light_skin_tone,0.33900125163743394,0.6082081279377491,0.1794712508668768,0.48856062735983125,0.2592362512521554,0.07976500038527856,man_shrugging_light_skin_tone,90,🤷🏻‍♂️,man shrugging: light skin tone,People & Body,person-gesture
soccer_ball,0.27505782452414546,1.287129563478373,0.16573997118762612,0.3596910013008056,0.2186357066730387,0.0916859415080485,soccer_ball,250,⚽,soccer ball,Activities,sport
bridge_at_night,0.0,0.4168107632270509,0.0,0.0,0.27787384215136723,0.20840538161352545,bridge_at_night,8,🌉,bridge at night,Travel & Places,place-other
video_camera,0.2485582470630167,0.14913494823781004,0.09942329882520669,0.09942329882520669,0.19884659765041338,0.049711649412603344,video_camera,7,📹,video camera,Objects,light & video
person_dark_skin_tone_beard,,,,,,,person_dark_skin_tone_beard,1,🧔🏿,"person: dark skin tone, beard",People & Body,person
police_car_light,0.24882652109974276,0.6531696178868247,0.2177232059622749,0.27992983623721057,0.2177232059622749,0.20217154839354096,police_car_light,66,🚨,police car light,Travel & Places,transport-ground
white_medium-small_square,,,,,,,white_medium-small_square,2,◽,white medium-small square,Symbols,geometric
crab,0.0,0.23856062735983122,0.0,0.11928031367991561,0.11928031367991561,0.0,crab,3,🦀,crab,Food & Drink,food-marine
postal_horn,0.0,0.0,0.0,0.0,0.0,0.0,postal_horn,1,📯,postal horn,Objects,sound
open_hands_dark_skin_tone,0.0,0.0,0.0,0.0,0.0,0.0,open_hands_dark_skin_tone,1,👐🏿,open hands: dark skin tone,People & Body,hands
deaf_man_light_skin_tone,,,,,,,deaf_man_light_skin_tone,1,🧏🏻‍♂️,deaf man: light skin tone,People & Body,person-gesture
bottle_with_popping_cork,0.29025355261020674,0.5079437170678618,0.07256338815255169,0.21769016445765507,0.07256338815255169,0.18140847038137922,bottle_with_popping_cork,22,🍾,bottle with popping cork,Food & Drink,drink
person_in_tuxedo,0.1505149978319906,0.1505149978319906,0.0,0.0,0.0,0.0,person_in_tuxedo,2,🤵,person in tuxedo,People & Body,person-role
musical_keyboard,0.05185173704838899,0.6481467131048624,0.155555211145167,0.2851845537661395,0.12962934262097248,0.05185173704838899,musical_keyboard,21,🎹,musical keyboard,Objects,musical-instrument
backhand_index_pointing_up,0.39510186930897534,0.6208743660569612,0.01881437472899883,0.31984437039298,0.11288624837399294,0.03762874945799766,backhand_index_pointing_up,32,👆,backhand index pointing up,People & Body,hand-single-finger
cloud_with_snow,0.2184202651582033,0.48052458334804726,0.1528941856107423,0.10921013257910164,0.021842026515820328,0.13105215909492196,cloud_with_snow,13,🌨️,cloud with snow,Travel & Places,sky & weather
baggage_claim,0.047712125471966245,0.14313637641589871,0.0,0.14313637641589871,0.047712125471966245,0.09542425094393249,baggage_claim,3,🛄,baggage claim,Symbols,transport-sign
couple_with_heart_woman_woman,0.0,0.0,0.0,0.0,0.0,0.0,couple_with_heart_woman_woman,1,👩‍❤️‍👩,"couple with heart: woman, woman",People & Body,family
umbrella_on_ground,0.2125502577968493,0.6600244847375847,0.11186855673518384,0.08949484538814707,0.11186855673518384,0.1566159794292574,umbrella_on_ground,22,⛱️,umbrella on ground,Travel & Places,sky & weather
robot,0.459408942771236,0.5188087897089245,0.15639453370935694,0.190229889559939,0.2150424838503658,0.14135659777576493,robot,48,🤖,robot,Smileys & Emotion,face-costume
megaphone,0.3568233517174462,0.8312362170690509,0.21085016237849097,0.23112421645334588,0.4460291896468078,0.17435686504375214,megaphone,178,📣,megaphone,Objects,sound
bread,0.06354272766691081,0.12708545533382162,0.06354272766691081,0.12708545533382162,0.12708545533382162,0.1906281830007324,bread,5,🍞,bread,Food & Drink,food-prepared
eyes,0.3477044467702591,1.2297279618236894,0.2856886454974777,0.39705238619768574,0.41955202141555453,0.16846365528673238,eyes,705,👀,eyes,People & Body,body-parts
orange_book,0.11928031367991561,0.0,0.23856062735983122,0.0,0.0,0.11928031367991561,orange_book,3,📙,orange book,Objects,book-paper
backhand_index_pointing_up_medium-dark_skin_tone,,,,,,,backhand_index_pointing_up_medium-dark_skin_tone,9,👆🏾,backhand index pointing up: medium-dark skin tone,People & Body,hand-single-finger
person_light_skin_tone_blond_hair,0.0752574989159953,0.0752574989159953,0.1505149978319906,0.0,0.0,0.0,person_light_skin_tone_blond_hair,2,👱🏻,"person: light skin tone, blond hair",People & Body,person
Japanese_service_charge_button,0.0,0.0,0.0,0.0,0.0,0.0,Japanese_service_charge_button,1,🈂️,Japanese “service charge” button,Symbols,alphanum
deaf_person_light_skin_tone,0.0,0.0,0.0,0.0,0.0,0.0,deaf_person_light_skin_tone,1,🧏🏻,deaf person: light skin tone,People & Body,person-gesture
post_office,0.12041199826559248,0.3010299956639812,0.06020599913279624,0.06020599913279624,0.0,0.06020599913279624,post_office,4,🏤,post office,Travel & Places,place-building
ship,0.08993177050396874,0.35972708201587494,0.16701614522165623,0.17986354100793747,0.17986354100793747,0.10277916629024998,ship,12,🚢,ship,Travel & Places,transport-water
baby_symbol,0.0,0.0,0.0,0.0,0.0,0.3010299956639812,baby_symbol,2,🚼,baby symbol,Symbols,transport-sign
circled_M,,,,,,,circled_M,2,Ⓜ️,circled M,Symbols,alphanum
nail_polish_dark_skin_tone,0.0,0.0,0.0,0.0,0.0,0.0,nail_polish_dark_skin_tone,1,💅🏿,nail polish: dark skin tone,People & Body,hand-prop
Japanese_reserved_button,0.0,0.0,0.0,0.0,0.0,0.0,Japanese_reserved_button,1,🈯,Japanese “reserved” button,Symbols,alphanum
woman_supervillain,0.06020599913279624,0.12041199826559248,0.0,0.0,0.12041199826559248,0.0,woman_supervillain,2,🦹‍♀️,woman supervillain,People & Body,person-fantasy
man_detective_medium-light_skin_tone,,,,,,,man_detective_medium-light_skin_tone,3,🕵🏼‍♂️,man detective: medium-light skin tone,People & Body,person-role
cityscape,0.1157102983509139,0.1446378729386424,0.2314205967018278,0.028927574587728475,0.40498604422819867,0.1157102983509139,cityscape,11,🏙️,cityscape,Travel & Places,place-other
squinting_face_with_tongue,0.4706621290277685,0.6509157103575521,0.2203099327364023,0.4406198654728046,0.11015496636820114,0.25035219629136624,squinting_face_with_tongue,139,😝,squinting face with tongue,Smileys & Emotion,face-tongue
face_with_steam_from_nose,0.7477128980487475,0.7615168284742629,0.21856223173732622,0.3681048113470757,0.3427976055669642,0.20475830131181086,face_with_steam_from_nose,440,😤,face with steam from nose,Smileys & Emotion,face-negative
woman_walking_light_skin_tone,0.030833749887074997,0.43167249841905,0.030833749887074997,0.33917124875782495,0.061667499774149995,0.18500249932244997,woman_walking_light_skin_tone,12,🚶🏻‍♀️,woman walking: light skin tone,People & Body,person-activity
label,0.0,0.0,0.0,0.0,0.0,0.0,label,1,🏷️,label,Objects,book-paper
smiling_face_with_hearts,0.3804133579693707,1.5427875073202255,0.3369710917815104,0.4320744312738531,0.3710204355503739,0.15263498930869812,smiling_face_with_hearts,1644,🥰,smiling face with hearts,Smileys & Emotion,face-affection
man_shrugging_dark_skin_tone,0.0,0.0,0.0,0.3010299956639812,0.0,0.0,man_shrugging_dark_skin_tone,2,🤷🏿‍♂️,man shrugging: dark skin tone,People & Body,person-gesture
white_small_square,0.0,0.10034333188799373,0.0,0.0,0.10034333188799373,0.10034333188799373,white_small_square,2,▫️,white small square,Symbols,geometric
fire_extinguisher,0.0,0.0,0.0,0.0,0.0,0.0,fire_extinguisher,1,🧯,fire extinguisher,Objects,household
desert,0.13012397855990793,0.26024795711981585,0.13012397855990793,0.08674931903993863,0.21687329759984655,0.13012397855990793,desert,9,🏜️,desert,Travel & Places,place-geographic
computer_mouse,0.0,0.0,0.1505149978319906,0.0,0.0,0.1505149978319906,computer_mouse,2,🖱️,computer mouse,Objects,computer
man_bowing_light_skin_tone,0.0,0.3344777729599791,0.06689555459199582,0.06689555459199582,0.06689555459199582,0.06689555459199582,man_bowing_light_skin_tone,4,🙇🏻‍♂️,man bowing: light skin tone,People & Body,person-gesture
dragon_face,0.0,0.37559912889522523,0.37559912889522523,0.09389978222380631,0.0,0.0,dragon_face,7,🐲,dragon face,Animals & Nature,animal-reptile
right-facing_fist_medium-light_skin_tone,,,,,,,right-facing_fist_medium-light_skin_tone,2,🤜🏼,right-facing fist: medium-light skin tone,People & Body,hand-fingers-closed
anguished_face,0.3537433369927045,0.43235296743552776,0.0,0.2751337065498813,0.2751337065498813,0.07860963044282322,anguished_face,26,😧,anguished face,Smileys & Emotion,face-concerned
roasted_sweet_potato,0.0752574989159953,0.1505149978319906,0.0752574989159953,0.1505149978319906,0.0,0.1505149978319906,roasted_sweet_potato,4,🍠,roasted sweet potato,Food & Drink,food-asian
evergreen_tree,0.10879074236078627,0.7479363537304056,0.09519189956568798,0.1631861135411794,0.21758148472157254,0.25837801310686737,evergreen_tree,39,🌲,evergreen tree,Animals & Nature,plant-other
person_gesturing_NO_medium-light_skin_tone,,,,,,,person_gesturing_NO_medium-light_skin_tone,4,🙅🏼,person gesturing NO: medium-light skin tone,People & Body,person-gesture
cherry_blossom,0.31241058972939517,1.2024175023305792,0.4104929841793216,0.299696205263664,0.3796151933339744,0.26518573314239363,cherry_blossom,741,🌸,cherry blossom,Animals & Nature,plant-flower
counterclockwise_arrows_button,0.10946545296872044,0.05473272648436022,0.0,0.32839635890616126,0.05473272648436022,0.05473272648436022,counterclockwise_arrows_button,4,🔄,counterclockwise arrows button,Symbols,arrow
eye,0.29798136377192597,0.7043195870972795,0.2618624105874501,0.29798136377192597,0.2618624105874501,0.1444758127379035,eye,93,👁️,eye,People & Body,body-parts
telephone_receiver,0.5993768584831978,0.27068632318596025,0.3286905352972375,0.019334737370425733,0.40602948477894046,0.019334737370425733,telephone_receiver,44,📞,telephone receiver,Objects,phone
fishing_pole,0.0,0.0,0.0,0.0,0.0,0.0,fishing_pole,1,🎣,fishing pole,Activities,sport
laptop,0.37004273657773396,0.7383106878481406,0.19788856176698963,0.11802322293726286,0.13488368335687184,0.09406362128834485,laptop,45,💻,laptop,Objects,computer
man_walking_light_skin_tone,0.0,0.0,0.0,0.0,0.47712125471966244,0.47712125471966244,man_walking_light_skin_tone,9,🚶🏻‍♂️,man walking: light skin tone,People & Body,person-activity
sign_of_the_horns_medium-dark_skin_tone,,,,,,,sign_of_the_horns_medium-dark_skin_tone,4,🤘🏾,sign of the horns: medium-dark skin tone,People & Body,hand-fingers-partial
woman_raising_hand_medium-light_skin_tone,,,,,,,woman_raising_hand_medium-light_skin_tone,53,🙋🏼‍♀️,woman raising hand: medium-light skin tone,People & Body,person-gesture
school,0.16493080410062405,0.37698469508714066,0.07068463032883887,0.1531500323791509,0.14136926065767774,0.04712308688589258,school,9,🏫,school,Travel & Places,place-building
tram,0.0,0.0,0.0,0.0,0.0,0.0,tram,1,🚊,tram,Travel & Places,transport-ground
fork_and_knife,0.20838691557786146,0.6251607467335842,0.10419345778893073,0.052096728894465365,0.0,0.15629018668339606,fork_and_knife,14,🍴,fork and knife,Food & Drink,dishware
man_farmer,0.0,0.0,0.0,0.0,0.0,0.0,man_farmer,1,👨‍🌾,man farmer,People & Body,person-role
Iran,0.0,0.0,0.0,0.0,0.0,0.0,Iran,1,🇮🇷,flag: Iran,Flags,country-flag
coin,0.0,0.0,0.0,0.0,0.0,0.0,coin,1,🪙,coin,Objects,money
hamburger,0.4858700432229084,0.9009966221140686,0.3655078990473648,0.21026529676380665,0.5123988423473139,0.2613577987811802,hamburger,545,🍔,hamburger,Food & Drink,food-prepared
man_running_medium-dark_skin_tone,,,,,,,man_running_medium-dark_skin_tone,1,🏃🏾‍♂️,man running: medium-dark skin tone,People & Body,person-activity
keycap_2,0.14334761698284817,0.8314161785005195,0.08600857018970891,0.057339046793139274,0.028669523396569637,0.057339046793139274,keycap_2,16,2️⃣,keycap: 2,Symbols,keycap
woman_raising_hand_light_skin_tone,0.26512234216713454,0.7659089884828331,0.07855476804952136,0.28476103417951487,0.5106059923218887,0.16692888210523285,woman_raising_hand_light_skin_tone,118,🙋🏻‍♀️,woman raising hand: light skin tone,People & Body,person-gesture
sun_behind_cloud,0.25417091066764325,0.12708545533382162,0.0,0.06354272766691081,0.06354272766691081,0.1906281830007324,sun_behind_cloud,5,⛅,sun behind cloud,Travel & Places,sky & weather
bat,0.3073674125025299,0.3512168101709292,0.094866485340287,0.16274872596155904,0.10076928887257153,0.09697462945896004,bat,13,🦇,bat,Animals & Nature,animal-mammal
pinching_hand_medium_skin_tone,0.0,0.0,0.0,0.0,0.0,0.0,pinching_hand_medium_skin_tone,1,🤏🏽,pinching hand: medium skin tone,People & Body,hand-fingers-partial
boxing_glove,0.0,0.1945378125959109,0.0,0.0,0.3890756251918218,0.1945378125959109,boxing_glove,6,🥊,boxing glove,Activities,sport
clamp,0.0,0.0,0.0,0.0,0.0,0.0,clamp,1,🗜️,clamp,Objects,tool
pencil,0.24256685965214023,0.5862032441593389,0.18192514473910515,0.12128342982607011,0.20213904971011684,0.08085561988404674,pencil,26,✏️,pencil,Objects,writing
pouting_face,1.0823964822514112,1.0252230786270868,0.3066573467122845,0.4966939439863168,0.44114478478313807,0.21017722809623737,pouting_face,3650,😡,pouting face,Smileys & Emotion,face-negative
polar_bear,0.0,0.1505149978319906,0.0,0.0,0.1505149978319906,0.0,polar_bear,2,🐻‍❄️,polar bear,Animals & Nature,animal-mammal
man_facepalming_light_skin_tone,0.4849912913919411,0.594800640386343,0.2562218143202708,0.4895666809333745,0.2882495411103046,0.15098785486730243,man_facepalming_light_skin_tone,184,🤦🏻‍♂️,man facepalming: light skin tone,People & Body,person-gesture
white_square_button,0.0,0.1505149978319906,0.0,0.0,0.0,0.1505149978319906,white_square_button,2,🔳,white square button,Symbols,geometric
four-thirty,,,,,,,four-thirty,2,🕟,four-thirty,Travel & Places,time
money_with_wings,0.333748650301874,0.5369000026595365,0.39179189383263474,0.18864054147497228,0.2321729741230428,0.1160864870615214,money_with_wings,63,💸,money with wings,Objects,money
tangerine,0.19498654414516262,0.7286339281213972,0.18472409445331192,0.2257738932207146,0.37971063859847454,0.20524899383701325,tangerine,83,🍊,tangerine,Food & Drink,food-fruit
princess_light_skin_tone,0.14701140738196017,0.4900380246065339,0.19601520984261356,0.09800760492130678,0.19601520984261356,0.04900380246065339,princess_light_skin_tone,15,👸🏻,princess: light skin tone,People & Body,person-role
woman_light_skin_tone,0.27207523424528274,0.40811285136792413,0.24486771082075445,0.1088300936981131,0.16324514054716963,0.08162257027358481,woman_light_skin_tone,19,👩🏻,woman: light skin tone,People & Body,person
crocodile,0.1060269454932583,0.15904041823988746,0.0,0.2120538909865166,0.0,0.0,crocodile,3,🐊,crocodile,Animals & Nature,animal-reptile
person_juggling,0.06816017924566606,0.27264071698266423,0.0,0.13632035849133212,0.0,0.0,person_juggling,3,🤹,person juggling,People & Body,person-sport
mobile_phone_with_arrow,0.23864416079530726,0.7613885130135994,0.17046011485379092,0.15909610719687153,0.3863762603352594,0.15909610719687153,mobile_phone_with_arrow,75,📲,mobile phone with arrow,Objects,phone
face_with_tongue,0.3624199687361102,0.8574326089610412,0.1944692515169372,0.3712594801686983,0.2475063201124655,0.07071609146070443,face_with_tongue,127,😛,face with tongue,Smileys & Emotion,face-tongue
man_facepalming_medium_skin_tone,0.30978984942050913,0.36142149099059395,0.07744746235512728,0.36142149099059395,0.025815820785042427,0.2065265662803394,man_facepalming_medium_skin_tone,22,🤦🏽‍♂️,man facepalming: medium skin tone,People & Body,person-gesture
selfie,0.04818020080134507,0.12614452573443072,0.02365209857520576,0.6149545629553498,0.6140785593044162,0.020148083971471574,selfie,28,🤳,selfie,People & Body,hand-prop
shallow_pan_of_food,0.041733236543913914,0.9911643679179556,0.20866618271956958,0.041733236543913914,0.28169934667141894,0.12519970963174173,shallow_pan_of_food,49,🥘,shallow pan of food,Food & Drink,food-prepared
card_index_dividers,0.0,0.652372004046951,0.0,0.0,0.0,0.04659800028906792,card_index_dividers,5,🗂️,card index dividers,Objects,office
person_wearing_turban_light_skin_tone,0.0,0.0,0.0,0.0,0.0,0.0,person_wearing_turban_light_skin_tone,1,👳🏻,person wearing turban: light skin tone,People & Body,person-role
ram,0.11092309425011261,0.1701833774796248,0.056221294345947484,0.044065338811688566,0.0729357332055535,0.02279241662673547,ram,3,🐏,ram,Animals & Nature,animal-mammal
bow_and_arrow,0.0,0.38590182217385943,0.5145357628984792,0.2572678814492396,0.0,0.2572678814492396,bow_and_arrow,26,🏹,bow and arrow,Objects,tool
black_large_square,0.06666666666666667,0.5333333333333333,0.06666666666666667,0.06666666666666667,0.13333333333333333,0.13333333333333333,black_large_square,10,⬛,black large square,Symbols,geometric
black_medium-small_square,,,,,,,black_medium-small_square,2,◾,black medium-small square,Symbols,geometric
Uganda,,,,,,,Uganda,1,🇺🇬,flag: Uganda,Flags,country-flag
man_getting_massage_light_skin_tone,0.15904041823988746,0.23856062735983122,0.0,0.07952020911994373,0.0,0.0,man_getting_massage_light_skin_tone,3,💆🏻‍♂️,man getting massage: light skin tone,People & Body,person-activity
foot_light_skin_tone,0.0,0.0,0.0,0.0,0.0,0.0,foot_light_skin_tone,1,🦶🏻,foot: light skin tone,People & Body,body-parts
couch_and_lamp,0.07186731305205397,0.5030711913643778,0.10780096957808097,0.2874692522082159,0.10780096957808097,0.03593365652602699,couch_and_lamp,13,🛋️,couch and lamp,Objects,household
bone,0.0816694039610233,0.19342753569716045,0.03438711745727297,0.07737101427886418,0.04728228650375033,0.042983896821591205,bone,3,🦴,bone,People & Body,body-parts
merman,,,,,,,merman,1,🧜‍♂️,merman,People & Body,person-fantasy
woman_curly_hair,0.0,0.0,0.0,0.0,0.0,0.6020599913279624,woman_curly_hair,4,👩‍🦱,woman: curly hair,People & Body,person
mosquito,0.0,0.0,0.0,0.0,0.0,0.0,mosquito,1,🦟,mosquito,Animals & Nature,animal-bug
dog,0.11476181410711508,0.4173156876622367,0.22952362821423017,0.2921209813635657,0.11476181410711508,0.375584118896013,dog,35,🐕,dog,Animals & Nature,animal-mammal
field_hockey,0.0,0.0,0.0,0.0,0.0,0.0,field_hockey,1,🏑,field hockey,Activities,sport
lying_face,0.5349645070069114,0.31611539050408405,0.1215828425015708,0.09726627400125662,0.1702159795021991,0.1215828425015708,lying_face,23,🤥,lying face,Smileys & Emotion,face-neutral-skeptical
confused_face,0.2491922635524669,0.8542386307385702,0.8202578675268702,0.4398621015736726,0.46912331433930315,0.048139414549908374,confused_face,760,😕,confused face,Smileys & Emotion,face-concerned
person_getting_massage_medium-light_skin_tone,,,,,,,person_getting_massage_medium-light_skin_tone,4,💆🏼,person getting massage: medium-light skin tone,People & Body,person-activity
yellow_square,0.0,0.0,0.0,0.0,0.0,0.0,yellow_square,1,🟨,yellow square,Symbols,geometric
raised_hand_light_skin_tone,0.27543936118983187,0.5508787223796637,0.21283950637396096,0.3004793031161802,0.26291939022665767,0.08763979674221922,raised_hand_light_skin_tone,49,✋🏻,raised hand: light skin tone,People & Body,hand-fingers-open
man_bowing,0.125,0.5,0.0625,0.0625,0.125,0.125,man_bowing,10,🙇‍♂️,man bowing,People & Body,person-gesture
crying_cat,0.2752137603913426,0.8256412811740278,0.30961548044026044,0.12040602017121238,0.18920946026904806,0.17200860024458914,crying_cat,78,😿,crying cat,Smileys & Emotion,cat-face
deaf_woman,,,,,,,deaf_woman,1,🧏‍♀️,deaf woman,People & Body,person-gesture
man_student_medium-dark_skin_tone,,,,,,,man_student_medium-dark_skin_tone,1,👨🏾‍🎓,man student: medium-dark skin tone,People & Body,person-role
goat,0.0,0.5725455056635949,0.0,0.28627275283179743,0.0,0.09542425094393249,goat,9,🐐,goat,Animals & Nature,animal-mammal
bikini,0.1516842635923025,0.33948382803991517,0.0577844813684962,0.1516842635923025,0.07945366188168226,0.06500754153955822,bikini,7,👙,bikini,Objects,clothing
national_park,0.13583382849889894,0.18111177133186523,0.22638971416483156,0.13583382849889894,0.2716676569977979,0.09055588566593262,national_park,11,🏞️,national park,Travel & Places,place-geographic
old_woman_dark_skin_tone,0.0,0.0,0.0,0.0,0.0,0.0,old_woman_dark_skin_tone,1,👵🏿,old woman: dark skin tone,People & Body,person
man_genie,0.10946545296872044,0.16419817945308063,0.05473272648436022,0.10946545296872044,0.10946545296872044,0.05473272648436022,man_genie,4,🧞‍♂️,man genie,People & Body,person-fantasy
woman_raising_hand_medium_skin_tone,0.2857142857142857,0.35714285714285715,0.0,0.35714285714285715,0.0,0.0,woman_raising_hand_medium_skin_tone,10,🙋🏽‍♀️,woman raising hand: medium skin tone,People & Body,person-gesture
man_detective_light_skin_tone,0.043004285094854454,0.08600857018970891,0.043004285094854454,0.0,0.043004285094854454,0.08600857018970891,man_detective_light_skin_tone,2,🕵🏻‍♂️,man detective: light skin tone,People & Body,person-role
person_tipping_hand_light_skin_tone,0.12064505638718294,0.3920964332583446,0.15080632048397866,0.12064505638718294,0.12064505638718294,0.24129011277436588,person_tipping_hand_light_skin_tone,14,💁🏻,person tipping hand: light skin tone,People & Body,person-gesture
fox,0.1481021714613787,0.2943982188805454,0.03792860488645063,0.13726542720810705,0.04876534913972225,0.03251023275981483,fox,5,🦊,fox,Animals & Nature,animal-mammal
vulcan_salute_light_skin_tone,0.0,0.0,0.0,0.0,0.0,0.6020599913279624,vulcan_salute_light_skin_tone,4,🖖🏻,vulcan salute: light skin tone,People & Body,hand-fingers-open
mountain_railway,0.0,0.0,0.0,0.0,0.0,0.0,mountain_railway,1,🚞,mountain railway,Travel & Places,transport-ground
flower_playing_cards,0.0,0.0,0.0,0.0,0.0,0.0,flower_playing_cards,1,🎴,flower playing cards,Activities,game
boy,0.25183967003333646,0.3508126603564377,0.1493409243297685,0.14808172597960187,0.17427305166306886,0.10174322669346794,boy,15,👦,boy,People & Body,person
