idx,anger,happy,sad,fear,surprise,disgust,emoticon,cnt,emoji,name,group,sub_group
flat_shoe,0.0,0.6989700043360189,0.0,0.0,0.0,0.0,flat_shoe,5,🥿,flat shoe,Objects,clothing
boy_medium-dark_skin_tone,,,,,,,boy_medium-dark_skin_tone,5,👦🏾,boy: medium-dark skin tone,People & Body,person
crayon,0.0,1.146128035678238,0.0,0.0,0.0,0.0,crayon,14,🖍️,crayon,Objects,writing
Jamaica,,,,,,,Jamaica,125,🇯🇲,flag: Jamaica,Flags,country-flag
double_curly_loop,,,,,,,double_curly_loop,1,➿,double curly loop,Symbols,other-symbol
man_dark_skin_tone,,,,,,,man_dark_skin_tone,6,👨🏿,man: dark skin tone,People & Body,person
woman_getting_massage_medium-dark_skin_tone,,,,,,,woman_getting_massage_medium-dark_skin_tone,16,💆🏾‍♀️,woman getting massage: medium-dark skin tone,People & Body,person-activity
bank,0.12444527589203004,0.3167697931797128,0.2771735690322487,0.29838583196839025,0.19515281901250164,0.16828395262672244,bank,24,🏦,bank,Travel & Places,place-building
New_Zealand,,,,,,,New_Zealand,55,🇳🇿,flag: New Zealand,Flags,country-flag
non-potable_water,,,,,,,non-potable_water,4,🚱,non-potable water,Symbols,warning
Tokyo_tower,,,,,,,Tokyo_tower,56,🗼,Tokyo tower,Travel & Places,place-building
police_officer_medium-light_skin_tone,,,,,,,police_officer_medium-light_skin_tone,5,👮🏼,police officer: medium-light skin tone,People & Body,person-role
Netherlands,,,,,,,Netherlands,63,🇳🇱,flag: Netherlands,Flags,country-flag
hamster,0.0,0.5466331019407207,0.18221103398024024,0.5466331019407207,0.0,0.728844135920961,hamster,101,🐹,hamster,Animals & Nature,animal-mammal
man_with_white_cane_medium_skin_tone,,,,,,,man_with_white_cane_medium_skin_tone,3,👨🏽‍🦯,man with white cane: medium skin tone,People & Body,person-activity
nine-thirty,,,,,,,nine-thirty,5,🕤,nine-thirty,Travel & Places,time
Ascension_Island,,,,,,,Ascension_Island,1,🇦🇨,flag: Ascension Island,Flags,country-flag
dollar_banknote,0.5251572593650223,1.3420685517106126,0.11670161319222717,0.4668064527689087,0.23340322638445435,0.2917540329805679,dollar_banknote,946,💵,dollar banknote,Objects,money
vampire_medium-light_skin_tone,,,,,,,vampire_medium-light_skin_tone,2,🧛🏼,vampire: medium-light skin tone,People & Body,person-fantasy
person_bowing_medium_skin_tone,0.0,0.4336766652213271,0.0,0.8673533304426542,0.0,0.0,person_bowing_medium_skin_tone,20,🙇🏽,person bowing: medium skin tone,People & Body,person-gesture
Japanese_discount_button,,,,,,,Japanese_discount_button,1,🈹,Japanese “discount” button,Symbols,alphanum
eight-pointed_star,,,,,,,eight-pointed_star,19,✴️,eight-pointed star,Symbols,other-symbol
smiling_face,0.08934560975685951,3.2547329268570255,0.26803682927057854,0.17869121951371902,0.25527317073388434,0.012763658536694217,smiling_face,11451,☺️,smiling face,Smileys & Emotion,face-affection
woman_cartwheeling_light_skin_tone,0.0,1.204119982655925,0.0,0.0,0.30102999566398125,0.0,woman_cartwheeling_light_skin_tone,32,🤸🏻‍♀️,woman cartwheeling: light skin tone,People & Body,person-sport
raised_fist_light_skin_tone,0.3506025848401453,1.4024103393605811,0.2804820678721162,0.6310846527122616,0.07012051696802905,0.07012051696802905,raised_fist_light_skin_tone,638,✊🏻,raised fist: light skin tone,People & Body,hand-fingers-closed
woman_technologist_dark_skin_tone,,,,,,,woman_technologist_dark_skin_tone,1,👩🏿‍💻,woman technologist: dark skin tone,People & Body,person-role
transgender_symbol,,,,,,,transgender_symbol,3,⚧️,transgender symbol,Symbols,gender
clapping_hands_medium-dark_skin_tone,,,,,,,clapping_hands_medium-dark_skin_tone,3379,👏🏾,clapping hands: medium-dark skin tone,People & Body,hands
wheelchair_symbol,0.0,0.9030899869919435,0.6773174902439576,0.22577249674798588,0.0,0.0,wheelchair_symbol,64,♿,wheelchair symbol,Symbols,transport-sign
next_track_button,1.255272505103306,0.0,0.0,0.0,0.0,0.0,next_track_button,18,⏭️,next track button,Symbols,av-symbol
man_medium_skin_tone,,,,,,,man_medium_skin_tone,3,👨🏽,man: medium skin tone,People & Body,person
hospital,0.1494189444265261,0.4892737984162717,0.4804844487441231,0.3339952875416466,0.2548911404923092,0.1669976437708233,hospital,75,🏥,hospital,Travel & Places,place-building
man_singer_medium-dark_skin_tone,,,,,,,man_singer_medium-dark_skin_tone,3,👨🏾‍🎤,man singer: medium-dark skin tone,People & Body,person-role
Japanese_post_office,,,,,,,Japanese_post_office,7,🏣,Japanese post office,Travel & Places,place-building
person_getting_haircut_medium-light_skin_tone,,,,,,,person_getting_haircut_medium-light_skin_tone,3,💇🏼,person getting haircut: medium-light skin tone,People & Body,person-activity
parachute,0.09726890629795545,0.1945378125959109,0.29180671889386633,0.09726890629795545,0.09726890629795545,0.0,parachute,6,🪂,parachute,Travel & Places,transport-air
woman_scientist_medium_skin_tone,,,,,,,woman_scientist_medium_skin_tone,6,👩🏽‍🔬,woman scientist: medium skin tone,People & Body,person-role
tired_face,0.28709351722812154,1.4997422541767547,0.7198762820048421,0.8912753967678998,0.2185338713228985,0.398502941824109,tired_face,10352,😫,tired face,Smileys & Emotion,face-concerned
euro_banknote,0.18260748027008267,1.4608598421606613,0.09130374013504133,0.09130374013504133,0.0,0.0,euro_banknote,67,💶,euro banknote,Objects,money
person_tipping_hand,0.2310042438275376,1.8480339506203007,0.07700141460917918,0.385007073045896,0.0,0.07700141460917918,person_tipping_hand,415,💁,person tipping hand,People & Body,person-gesture
station,0.056004345669318153,0.35202731563571416,0.2880223491564934,0.19201489943766226,0.14667804818154756,0.14134430097494582,station,15,🚉,station,Travel & Places,transport-ground
angry_face_with_horns,0.3847617688008013,0.6022358120360368,0.3011179060180184,1.3550305770810829,0.0836438627827829,0.35130422368768816,angry_face_with_horns,1197,👿,angry face with horns,Smileys & Emotion,face-negative
person_facepalming_medium-dark_skin_tone,,,,,,,person_facepalming_medium-dark_skin_tone,59,🤦🏾,person facepalming: medium-dark skin tone,People & Body,person-gesture
woman_office_worker,0.0,1.0791812460476249,0.0,0.0,0.0,0.0,woman_office_worker,12,👩‍💼,woman office worker,People & Body,person-role
women_with_bunny_ears,,,,,,,women_with_bunny_ears,88,👯‍♀️,women with bunny ears,People & Body,person-activity
tulip,0.03392628392171097,2.2052084549112134,0.1357051356868439,0.10177885176513292,0.03392628392171097,0.0,tulip,324,🌷,tulip,Animals & Nature,plant-flower
man_bowing_dark_skin_tone,,,,,,,man_bowing_dark_skin_tone,10,🙇🏿‍♂️,man bowing: dark skin tone,People & Body,person-gesture
woman_bowing,0.0,2.173186268412274,0.0,0.0,0.0,0.0,woman_bowing,149,🙇‍♀️,woman bowing,People & Body,person-gesture
round_pushpin,0.0,0.7853419523977074,0.09816774404971343,1.2761806726462745,0.19633548809942686,0.0,round_pushpin,227,📍,round pushpin,Objects,office
smiling_face_with_heart-eyes,,,,,,,smiling_face_with_heart-eyes,66088,😍,smiling face with heart-eyes,Smileys & Emotion,face-affection
middle_finger_medium_skin_tone,0.511394899788189,0.3174175240064621,0.26451460333871846,0.7406408893484115,0.08817153444623947,1.1638642546903613,middle_finger_medium_skin_tone,1219,🖕🏽,middle finger: medium skin tone,People & Body,hand-single-finger
t-shirt,,,,,,,t-shirt,119,👕,t-shirt,Objects,clothing
seedling,0.10492954443174687,1.6526403248000132,0.2885562471873039,0.4984153360507977,0.26232386107936717,0.1573943166476203,seedling,921,🌱,seedling,Animals & Nature,plant-other
person_with_veil_medium_skin_tone,,,,,,,person_with_veil_medium_skin_tone,14,👰🏽,person with veil: medium skin tone,People & Body,person-role
pouting_cat,,,,,,,pouting_cat,385,😾,pouting cat,Smileys & Emotion,cat-face
person_frowning,0.0,0.0,0.0,0.6393768004764144,0.6393768004764144,0.0,person_frowning,19,🙍,person frowning,People & Body,person-gesture
person_running_medium-light_skin_tone,,,,,,,person_running_medium-light_skin_tone,10,🏃🏼,person running: medium-light skin tone,People & Body,person-activity
thumbs_down_dark_skin_tone,0.2972287305590646,0.445843095838597,0.0,0.9907624351968821,0.3963049740787528,0.1486143652795323,thumbs_down_dark_skin_tone,190,👎🏿,thumbs down: dark skin tone,People & Body,hand-fingers-closed
woman_dark_skin_tone_curly_hair,,,,,,,woman_dark_skin_tone_curly_hair,3,👩🏿‍🦱,"woman: dark skin tone, curly hair",People & Body,person
mx_claus_light_skin_tone,,,,,,,mx_claus_light_skin_tone,1,🧑🏻‍🎄,mx claus: light skin tone,People & Body,person-fantasy
test_tube,0.0,1.3010299956639813,0.0,0.0,0.0,0.0,test_tube,20,🧪,test tube,Objects,science
magnifying_glass_tilted_left,0.13379872053249975,2.1790077343864245,0.3153826983980352,0.33449680133124937,0.16246987493232112,0.0,magnifying_glass_tilted_left,1334,🔍,magnifying glass tilted left,Objects,light & video
person_cartwheeling_medium_skin_tone,,,,,,,person_cartwheeling_medium_skin_tone,1,🤸🏽,person cartwheeling: medium skin tone,People & Body,person-sport
raising_hands_medium_skin_tone,0.04027728309820203,2.1615475262701755,0.026851522065468012,0.5907334854402964,0.2550894596219462,0.26851522065468014,raising_hands_medium_skin_tone,2203,🙌🏽,raising hands: medium skin tone,People & Body,hands
teddy_bear,0.0,1.4166816093137156,0.0,0.3541704023284289,0.0,0.0,teddy_bear,59,🧸,teddy bear,Activities,game
person_blond_hair,,,,,,,person_blond_hair,17,👱,person: blond hair,People & Body,person
Nicaragua,,,,,,,Nicaragua,8,🇳🇮,flag: Nicaragua,Flags,country-flag
toothbrush,0.050171665943996864,0.10034333188799373,0.050171665943996864,0.0,0.050171665943996864,0.050171665943996864,toothbrush,2,🪥,toothbrush,Objects,household
prince_dark_skin_tone,0.0,0.45154499349597177,0.0,0.45154499349597177,0.0,0.0,prince_dark_skin_tone,8,🤴🏿,prince: dark skin tone,People & Body,person-role
Morocco,,,,,,,Morocco,122,🇲🇦,flag: Morocco,Flags,country-flag
oncoming_bus,1.0413926851582251,0.0,0.0,0.0,0.0,0.0,oncoming_bus,11,🚍,oncoming bus,Travel & Places,transport-ground
person_walking_medium-dark_skin_tone,,,,,,,person_walking_medium-dark_skin_tone,8,🚶🏾,person walking: medium-dark skin tone,People & Body,person-activity
man_raising_hand_medium_skin_tone,,,,,,,man_raising_hand_medium_skin_tone,45,🙋🏽‍♂️,man raising hand: medium skin tone,People & Body,person-gesture
Malta,,,,,,,Malta,5,🇲🇹,flag: Malta,Flags,country-flag
cow,0.2575784134395124,0.37606448362168804,0.32970036920257584,0.5924303509108784,0.10818293364459519,0.6078850557172492,cow,187,🐄,cow,Animals & Nature,animal-mammal
woman_guard_medium_skin_tone,,,,,,,woman_guard_medium_skin_tone,1,💂🏽‍♀️,woman guard: medium skin tone,People & Body,person-role
ice_hockey,0.0,1.5937553902354813,0.0,0.0,0.47812661707064436,0.0,ice_hockey,118,🏒,ice hockey,Activities,sport
man_cartwheeling,,,,,,,man_cartwheeling,18,🤸‍♂️,man cartwheeling,People & Body,person-sport
chopsticks,0.11139433523068368,0.7797603466147857,0.11139433523068368,0.11139433523068368,0.0,0.0,chopsticks,13,🥢,chopsticks,Food & Drink,dishware
stopwatch,0.0,0.9956130378462474,0.3318710126154158,0.3318710126154158,0.0,0.3318710126154158,stopwatch,98,⏱️,stopwatch,Travel & Places,time
Norway,,,,,,,Norway,25,🇳🇴,flag: Norway,Flags,country-flag
mosque,0.0,0.2603481712895563,0.13017408564477814,0.5206963425791126,0.13017408564477814,0.0,mosque,11,🕌,mosque,Travel & Places,place-religious
person_in_suit_levitating_medium_skin_tone,,,,,,,person_in_suit_levitating_medium_skin_tone,2,🕴🏽,person in suit levitating: medium skin tone,People & Body,person-activity
taco,0.20521068528564018,0.9327758422074554,0.26739574143280387,0.522354471636175,0.1803366628267747,0.522354471636175,taco,427,🌮,taco,Food & Drink,food-prepared
person_cartwheeling_medium-dark_skin_tone,,,,,,,person_cartwheeling_medium-dark_skin_tone,3,🤸🏾,person cartwheeling: medium-dark skin tone,People & Body,person-sport
selfie_medium-light_skin_tone,,,,,,,selfie_medium-light_skin_tone,3,🤳🏼,selfie: medium-light skin tone,People & Body,hand-prop
hedgehog,0.08949484538814707,0.8502010311873972,0.08949484538814707,0.13424226808222062,0.0,0.17898969077629415,hedgehog,22,🦔,hedgehog,Animals & Nature,animal-mammal
cheese_wedge,0.06185933216392152,1.8557799649176454,0.12371866432784304,0.24743732865568607,0.24743732865568607,0.18557799649176454,cheese_wedge,527,🧀,cheese wedge,Food & Drink,food-prepared
woman_scientist_light_skin_tone,0.0,0.0,0.0,0.0,0.0,0.6020599913279624,woman_scientist_light_skin_tone,4,👩🏻‍🔬,woman scientist: light skin tone,People & Body,person-role
person_facepalming_light_skin_tone,0.0,0.38381561847521484,0.19190780923760742,0.19190780923760742,0.7676312369504297,0.38381561847521484,person_facepalming_light_skin_tone,83,🤦🏻,person facepalming: light skin tone,People & Body,person-gesture
woman_golfing_medium-dark_skin_tone,,,,,,,woman_golfing_medium-dark_skin_tone,1,🏌🏾‍♀️,woman golfing: medium-dark skin tone,People & Body,person-sport
tanabata_tree,0.0,1.0,0.0,0.0,0.0,0.0,tanabata_tree,10,🎋,tanabata tree,Activities,event
broken_heart,0.5888485553797114,1.2713775627516495,1.1776971107594227,0.5372287144860353,0.13382921713175255,0.38236919180500734,broken_heart,12341,💔,broken heart,Smileys & Emotion,emotion
woman_surfing_medium-light_skin_tone,,,,,,,woman_surfing_medium-light_skin_tone,9,🏄🏼‍♀️,woman surfing: medium-light skin tone,People & Body,person-sport
fairy_medium-dark_skin_tone,,,,,,,fairy_medium-dark_skin_tone,1,🧚🏾,fairy: medium-dark skin tone,People & Body,person-fantasy
vampire_light_skin_tone,0.0,0.5242275032520142,0.0,0.17474250108400471,0.0,0.0,vampire_light_skin_tone,5,🧛🏻,vampire: light skin tone,People & Body,person-fantasy
worried_face,0.41300802683209376,1.5737029987912536,0.7476869451270662,0.2777122939043389,0.41300802683209376,0.12105407683009643,worried_face,3517,😟,worried face,Smileys & Emotion,face-concerned
toilet,0.12658161657904815,0.3577306555494839,0.3137022671741628,0.24215613606426603,0.13758871367287842,0.8475464762249312,toilet,106,🚽,toilet,Objects,household
Belgium,,,,,,,Belgium,95,🇧🇪,flag: Belgium,Flags,country-flag
man_police_officer_light_skin_tone,0.0,1.414973347970818,0.0,0.0,0.0,0.0,man_police_officer_light_skin_tone,26,👮🏻‍♂️,man police officer: light skin tone,People & Body,person-role
baby_angel_medium_skin_tone,,,,,,,baby_angel_medium_skin_tone,4,👼🏽,baby angel: medium skin tone,People & Body,person-fantasy
woman_firefighter_light_skin_tone,,,,,,,woman_firefighter_light_skin_tone,2,👩🏻‍🚒,woman firefighter: light skin tone,People & Body,person-role
martial_arts_uniform,0.0,1.2793853949173826,0.0,0.0,0.42646179830579417,0.21323089915289709,martial_arts_uniform,83,🥋,martial arts uniform,Activities,sport
Denmark,,,,,,,Denmark,49,🇩🇰,flag: Denmark,Flags,country-flag
hand_with_fingers_splayed_medium_skin_tone,0.0,0.0,0.0,1.380211241711606,0.0,0.0,hand_with_fingers_splayed_medium_skin_tone,24,🖐🏽,hand with fingers splayed: medium skin tone,People & Body,hand-fingers-open
waning_gibbous_moon,,,,,,,waning_gibbous_moon,13,🌖,waning gibbous moon,Travel & Places,sky & weather
guard,0.06257327930749672,0.4640851548639339,0.10950323878811925,0.16686207815332457,0.07821659913437089,0.0730021591920795,guard,9,💂,guard,People & Body,person-role
Croatia,,,,,,,Croatia,16,🇭🇷,flag: Croatia,Flags,country-flag
input_latin_lowercase,,,,,,,input_latin_lowercase,3,🔡,input latin lowercase,Symbols,alphanum
no_one_under_eighteen,0.0,0.896195844749127,0.4480979223745635,0.0,0.0,0.4480979223745635,no_one_under_eighteen,62,🔞,no one under eighteen,Symbols,warning
cat_with_tears_of_joy,,,,,,,cat_with_tears_of_joy,722,😹,cat with tears of joy,Smileys & Emotion,cat-face
see-no-evil_monkey,,,,,,,see-no-evil_monkey,4948,🙈,see-no-evil monkey,Smileys & Emotion,monkey-face
person_running,0.13537850880489682,2.166056140878349,0.13537850880489682,0.06768925440244841,0.13537850880489682,0.06768925440244841,person_running,510,🏃,person running,People & Body,person-activity
mountain,0.07458607827758648,0.5380852790025882,0.13851700251551774,0.3409649292689667,0.5167749709232777,0.15449973357500058,mountain,58,⛰️,mountain,Travel & Places,place-geographic
man_standing_light_skin_tone,,,,,,,man_standing_light_skin_tone,1,🧍🏻‍♂️,man standing: light skin tone,People & Body,person-activity
man_golfing_medium_skin_tone,0.0,0.0,0.0,0.0,0.0,0.6989700043360189,man_golfing_medium_skin_tone,5,🏌🏽‍♂️,man golfing: medium skin tone,People & Body,person-sport
Bermuda,,,,,,,Bermuda,5,🇧🇲,flag: Bermuda,Flags,country-flag
backhand_index_pointing_right_medium_skin_tone,0.0,1.7854907732988599,0.17854907732988598,0.35709815465977196,0.17854907732988598,0.0,backhand_index_pointing_right_medium_skin_tone,316,👉🏽,backhand index pointing right: medium skin tone,People & Body,hand-single-finger
guard_medium-dark_skin_tone,,,,,,,guard_medium-dark_skin_tone,3,💂🏾,guard: medium-dark skin tone,People & Body,person-role
Kazakhstan,,,,,,,Kazakhstan,14,🇰🇿,flag: Kazakhstan,Flags,country-flag
woman_getting_massage_light_skin_tone,0.0,0.7657394585211276,0.7657394585211276,0.0,0.0,0.0,woman_getting_massage_light_skin_tone,34,💆🏻‍♀️,woman getting massage: light skin tone,People & Body,person-activity
stadium,0.13612237129829885,0.8167342277897932,0.12251013416846898,0.2041835569474483,0.0952856599088092,0.25863250546676786,stadium,43,🏟️,stadium,Travel & Places,place-building
man_dancing_dark_skin_tone,,,,,,,man_dancing_dark_skin_tone,11,🕺🏿,man dancing: dark skin tone,People & Body,person-activity
fleur-de-lis,,,,,,,fleur-de-lis,38,⚜️,fleur-de-lis,Symbols,other-symbol
woman_and_man_holding_hands_light_skin_tone_dark_skin_tone,,,,,,,woman_and_man_holding_hands_light_skin_tone_dark_skin_tone,1,👩🏻‍🤝‍👨🏿,"woman and man holding hands: light skin tone, dark skin tone",People & Body,family
racing_car,0.04541810044902118,1.9983964197569317,0.09083620089804235,0.04541810044902118,0.4087629040411906,0.0,racing_car,388,🏎️,racing car,Travel & Places,transport-ground
man_light_skin_tone_bald,,,,,,,man_light_skin_tone_bald,4,👨🏻‍🦲,"man: light skin tone, bald",People & Body,person
eagle,0.09261318629781597,0.9261318629781597,0.37045274519126387,0.7409054903825277,0.09261318629781597,0.0,eagle,167,🦅,eagle,Animals & Nature,animal-bird
person_standing_medium_skin_tone,,,,,,,person_standing_medium_skin_tone,7,🧍🏽,person standing: medium skin tone,People & Body,person-activity
woman_mechanic_medium-dark_skin_tone,,,,,,,woman_mechanic_medium-dark_skin_tone,1,👩🏾‍🔧,woman mechanic: medium-dark skin tone,People & Body,person-role
blue_square,0.0,1.6532125137753437,0.0,0.0,0.0,0.0,blue_square,45,🟦,blue square,Symbols,geometric
backhand_index_pointing_left_medium_skin_tone,0.0,1.870615945513832,0.15588466212615268,0.31176932425230536,0.15588466212615268,0.0,backhand_index_pointing_left_medium_skin_tone,312,👈🏽,backhand index pointing left: medium skin tone,People & Body,hand-single-finger
Wales,,,,,,,Wales,74,🏴󠁧󠁢󠁷󠁬󠁳󠁿,flag: Wales,Flags,subdivision-flag
man_technologist_medium-dark_skin_tone,,,,,,,man_technologist_medium-dark_skin_tone,13,👨🏾‍💻,man technologist: medium-dark skin tone,People & Body,person-role
Japanese_prohibited_button,,,,,,,Japanese_prohibited_button,7,🈲,Japanese “prohibited” button,Symbols,alphanum
man_white_hair,,,,,,,man_white_hair,2,👨‍🦳,man: white hair,People & Body,person
baby_angel,0.0,0.9973751604005205,0.1813409382546401,0.8160342221458805,0.09067046912732005,0.09067046912732005,baby_angel,150,👼,baby angel,People & Body,person-fantasy
woman_detective_medium-light_skin_tone,,,,,,,woman_detective_medium-light_skin_tone,12,🕵🏼‍♀️,woman detective: medium-light skin tone,People & Body,person-role
spiral_notepad,,,,,,,spiral_notepad,17,🗒️,spiral notepad,Objects,office
person_wearing_turban_medium-light_skin_tone,,,,,,,person_wearing_turban_medium-light_skin_tone,1,👳🏼,person wearing turban: medium-light skin tone,People & Body,person-role
palms_up_together_medium_skin_tone,0.1532374242281046,0.766187121140523,0.1532374242281046,0.1532374242281046,0.6129496969124184,0.0,palms_up_together_medium_skin_tone,69,🤲🏽,palms up together: medium skin tone,People & Body,hands
placard,0.0,0.0,0.0,0.47712125471966244,0.0,0.0,placard,3,🪧,placard,Objects,other-object
person_dark_skin_tone,,,,,,,person_dark_skin_tone,1,🧑🏿,person: dark skin tone,People & Body,person
woman_facepalming_medium-dark_skin_tone,,,,,,,woman_facepalming_medium-dark_skin_tone,1250,🤦🏾‍♀️,woman facepalming: medium-dark skin tone,People & Body,person-gesture
shushing_face,0.048853594268708195,1.1969130595833506,0.07328039140306228,0.26869476847789503,0.26869476847789503,1.0014986825085177,shushing_face,721,🤫,shushing face,Smileys & Emotion,face-hand
brain,0.26320289538406805,0.43529709621211254,0.6917511994068455,0.4859130376321257,0.07086231798801833,0.3914299469814346,brain,218,🧠,brain,People & Body,body-parts
woman_police_officer_medium-light_skin_tone,,,,,,,woman_police_officer_medium-light_skin_tone,8,👮🏼‍♀️,woman police officer: medium-light skin tone,People & Body,person-role
paintbrush,0.0,1.0394799262779186,0.2969942646508339,0.0,0.2969942646508339,0.0,paintbrush,43,🖌️,paintbrush,Objects,writing
snowboarder,,,,,,,snowboarder,15,🏂,snowboarder,People & Body,person-sport
Turkey,,,,,,,Turkey,576,🇹🇷,flag: Turkey,Flags,country-flag
person_pouting_medium_skin_tone,,,,,,,person_pouting_medium_skin_tone,2,🙎🏽,person pouting: medium skin tone,People & Body,person-gesture
woman_getting_massage,,,,,,,woman_getting_massage,44,💆‍♀️,woman getting massage,People & Body,person-activity
headstone,0.0,0.3180808364797749,0.6361616729595498,0.0,0.0,0.0,headstone,9,🪦,headstone,Objects,other-object
man_health_worker_medium-dark_skin_tone,,,,,,,man_health_worker_medium-dark_skin_tone,2,👨🏾‍⚕️,man health worker: medium-dark skin tone,People & Body,person-role
globe_showing_Europe-Africa,,,,,,,globe_showing_Europe-Africa,1398,🌍,globe showing Europe-Africa,Travel & Places,place-map
person_cartwheeling,0.0,1.6492580214356127,0.0,0.0,0.0,0.18325089127062366,person_cartwheeling,68,🤸,person cartwheeling,People & Body,person-sport
Japanese_acceptable_button,,,,,,,Japanese_acceptable_button,1,🉑,Japanese “acceptable” button,Symbols,alphanum
candle,0.020890098500044627,2.193460342504686,0.31335147750066944,0.22979108350049093,0.1462306895003124,0.10445049250022315,candle,1019,🕯️,candle,Objects,light & video
victory_hand_medium-dark_skin_tone,,,,,,,victory_hand_medium-dark_skin_tone,322,✌🏾,victory hand: medium-dark skin tone,People & Body,hand-fingers-partial
man_shrugging,,,,,,,man_shrugging,2002,🤷‍♂️,man shrugging,People & Body,person-gesture
women_holding_hands_medium-dark_skin_tone,,,,,,,women_holding_hands_medium-dark_skin_tone,1,👭🏾,women holding hands: medium-dark skin tone,People & Body,family
tropical_drink,0.0,1.8569861985089706,0.24759815980119607,0.061899539950299017,0.18569861985089706,0.0,tropical_drink,225,🍹,tropical drink,Food & Drink,drink
fuel_pump,0.0,1.393270074292932,0.0,0.0,0.0,0.696635037146466,fuel_pump,123,⛽,fuel pump,Travel & Places,transport-ground
antenna_bars,0.0,2.058186960419284,0.0,0.07622914668219571,0.22868744004658714,0.07622914668219571,antenna_bars,275,📶,antenna bars,Symbols,av-symbol
flatbread,0.0,0.0,0.0,0.0,0.0,0.0,flatbread,1,🫓,flatbread,Food & Drink,food-prepared
face_with_medical_mask,0.3090880028023128,0.7418112067255507,0.3606026699360316,0.7212053398720631,0.17514986825464393,1.1024138766615823,face_with_medical_mask,2572,😷,face with medical mask,Smileys & Emotion,face-unwell
chair,0.05789038378153484,0.4399669167396648,0.12156980594122316,0.15630403621014408,0.034734230268920904,0.09262461405045574,chair,8,🪑,chair,Objects,household
woman_in_lotus_position_medium-dark_skin_tone,,,,,,,woman_in_lotus_position_medium-dark_skin_tone,3,🧘🏾‍♀️,woman in lotus position: medium-dark skin tone,People & Body,person-resting
chains,0.7554718343098886,0.3830561413402252,0.2660112092640453,0.29793255437573074,0.04256179348224724,0.22344941578179806,chains,93,⛓️,chains,Objects,tool
woman_frowning_medium_skin_tone,0.0,0.28169934667141894,0.0,0.28169934667141894,0.28169934667141894,0.0,woman_frowning_medium_skin_tone,7,🙍🏽‍♀️,woman frowning: medium skin tone,People & Body,person-gesture
woman_swimming_light_skin_tone,0.0,0.6989700043360189,0.0,0.0,0.0,0.0,woman_swimming_light_skin_tone,5,🏊🏻‍♀️,woman swimming: light skin tone,People & Body,person-sport
red_exclamation_mark,,,,,,,red_exclamation_mark,2380,❗,red exclamation mark,Symbols,punctuation
woman_singer_medium-dark_skin_tone,,,,,,,woman_singer_medium-dark_skin_tone,3,👩🏾‍🎤,woman singer: medium-dark skin tone,People & Body,person-role
woman_cartwheeling_medium_skin_tone,,,,,,,woman_cartwheeling_medium_skin_tone,26,🤸🏽‍♀️,woman cartwheeling: medium skin tone,People & Body,person-sport
sun_behind_small_cloud,0.0,1.5797835966168101,0.0,0.0,0.0,0.0,sun_behind_small_cloud,38,🌤️,sun behind small cloud,Travel & Places,sky & weather
crossed_fingers_light_skin_tone,0.0641612188087197,2.5022875335400685,0.2780319481711187,0.14970951055367931,0.1710965834899192,0.0213870729362399,crossed_fingers_light_skin_tone,1537,🤞🏻,crossed fingers: light skin tone,People & Body,hand-fingers-partial
man_supervillain_light_skin_tone,,,,,,,man_supervillain_light_skin_tone,5,🦹🏻‍♂️,man supervillain: light skin tone,People & Body,person-fantasy
coat,0.02464071961484813,0.8377844669048364,0.16262874945799766,0.16262874945799766,0.06406587099860514,0.04928143922969626,coat,20,🧥,coat,Objects,clothing
dashing_away,0.08402143795243772,1.4283644451914412,0.08402143795243772,0.5041286277146263,0.16804287590487543,0.588150065667064,dashing_away,719,💨,dashing away,Smileys & Emotion,emotion
chocolate_bar,0.025851987018208997,2.3783828056752276,0.10340794807283599,0.180963909127463,0.180963909127463,0.025851987018208997,chocolate_bar,786,🍫,chocolate bar,Food & Drink,food-sweet
bear,0.19028706945340537,1.7064453325176354,0.2455317025205231,0.3437443835287323,0.22097853226847078,0.14731902151231382,bear,715,🐻,bear,Animals & Nature,animal-mammal
person_wearing_turban,0.0,0.7781512503836436,0.0,0.0,0.0,0.0,person_wearing_turban,6,👳,person wearing turban,People & Body,person-role
British_Virgin_Islands,,,,,,,British_Virgin_Islands,1,🇻🇬,flag: British Virgin Islands,Flags,country-flag
India,,,,,,,India,503,🇮🇳,flag: India,Flags,country-flag
Lebanon,,,,,,,Lebanon,21,🇱🇧,flag: Lebanon,Flags,country-flag
face_with_tears_of_joy,0.2767678766537117,2.59552836653107,0.3579635301713027,0.8322554485553079,0.20455058866931583,0.7393488834726798,face_with_tears_of_joy,101488,😂,face with tears of joy,Smileys & Emotion,face-smiling
Moldova,,,,,,,Moldova,2,🇲🇩,flag: Moldova,Flags,country-flag
roll_of_paper,,,,,,,roll_of_paper,22,🧻,roll of paper,Objects,household
bug,0.27766150427543246,1.024475205430044,0.3829813852074931,0.5744720778112395,0.23936336575468314,0.31595964279618177,bug,653,🐛,bug,Animals & Nature,animal-bug
keycap_6,0.0,0.0,0.0,0.0,1.2304489213782739,0.0,keycap_6,17,6️⃣,keycap: 6,Symbols,keycap
mirror,0.01849548702172766,0.13201951081026295,0.03699097404345532,0.052935359407013646,0.020408813265354656,0.04017985111616698,mirror,2,🪞,mirror,Objects,household
man_farmer_medium-light_skin_tone,,,,,,,man_farmer_medium-light_skin_tone,3,👨🏼‍🌾,man farmer: medium-light skin tone,People & Body,person-role
sunflower,0.06125055206367415,2.4806473585788034,0.06125055206367415,0.10718846611142976,0.06125055206367415,0.0,sunflower,591,🌻,sunflower,Animals & Nature,plant-flower
snowman_without_snow,0.06272418456273761,2.289432736539923,0.031362092281368804,0.031362092281368804,0.12544836912547522,0.0,snowman_without_snow,347,⛄,snowman without snow,Travel & Places,sky & weather
game_die,0.284595029349656,0.284595029349656,0.0,0.284595029349656,0.284595029349656,0.569190058699312,game_die,51,🎲,game die,Activities,game
Belarus,,,,,,,Belarus,1,🇧🇾,flag: Belarus,Flags,country-flag
black_medium_square,,,,,,,black_medium_square,16,◼️,black medium square,Symbols,geometric
woman_shrugging_light_skin_tone,0.26304909459938425,1.1605107114678717,0.44873080843424373,0.41778385612843383,0.41778385612843383,0.6498859984220081,woman_shrugging_light_skin_tone,2279,🤷🏻‍♀️,woman shrugging: light skin tone,People & Body,person-gesture
up-down_arrow,,,,,,,up-down_arrow,10,↕️,up-down arrow,Symbols,arrow
police_officer_medium_skin_tone,,,,,,,police_officer_medium_skin_tone,9,👮🏽,police officer: medium skin tone,People & Body,person-role
person_tipping_hand_medium-light_skin_tone,,,,,,,person_tipping_hand_medium-light_skin_tone,116,💁🏼,person tipping hand: medium-light skin tone,People & Body,person-gesture
calendar,0.06314270246892054,1.1407781579384977,0.12207589143991304,0.18521859390883358,0.12207589143991304,0.02946659448549625,calendar,46,📅,calendar,Objects,office
red_apple,0.22464635055670432,2.0592582134364563,0.037441058426117384,0.18720529213058693,0.07488211685223477,0.14976423370446953,red_apple,541,🍎,red apple,Food & Drink,food-fruit
open_hands_light_skin_tone,0.2954242509439325,0.8862727528317974,0.0,0.2954242509439325,0.0,0.0,open_hands_light_skin_tone,30,👐🏻,open hands: light skin tone,People & Body,hands
man_pilot_medium-dark_skin_tone,,,,,,,man_pilot_medium-dark_skin_tone,1,👨🏾‍✈️,man pilot: medium-dark skin tone,People & Body,person-role
person_with_white_cane_medium_skin_tone,,,,,,,person_with_white_cane_medium_skin_tone,3,🧑🏽‍🦯,person with white cane: medium skin tone,People & Body,person-activity
man_astronaut_dark_skin_tone,,,,,,,man_astronaut_dark_skin_tone,1,👨🏿‍🚀,man astronaut: dark skin tone,People & Body,person-role
bell_with_slash,,,,,,,bell_with_slash,5,🔕,bell with slash,Objects,sound
Cyprus,,,,,,,Cyprus,4,🇨🇾,flag: Cyprus,Flags,country-flag
Lithuania,,,,,,,Lithuania,5,🇱🇹,flag: Lithuania,Flags,country-flag
SOON_arrow,,,,,,,SOON_arrow,98,🔜,SOON arrow,Symbols,arrow
busts_in_silhouette,0.1424044883630058,1.281640395267052,0.1424044883630058,0.0,0.1424044883630058,0.1424044883630058,busts_in_silhouette,71,👥,busts in silhouette,People & Body,person-symbol
slot_machine,0.0,0.1971730345302294,0.0,0.0,0.1971730345302294,0.9858651726511471,slot_machine,24,🎰,slot machine,Activities,game
man_with_white_cane_dark_skin_tone,,,,,,,man_with_white_cane_dark_skin_tone,1,👨🏿‍🦯,man with white cane: dark skin tone,People & Body,person-activity
woman_and_man_holding_hands_light_skin_tone_medium_skin_tone,,,,,,,woman_and_man_holding_hands_light_skin_tone_medium_skin_tone,1,👩🏻‍🤝‍👨🏽,"woman and man holding hands: light skin tone, medium skin tone",People & Body,family
judge_light_skin_tone,,,,,,,judge_light_skin_tone,1,🧑🏻‍⚖️,judge: light skin tone,People & Body,person-role
person_medium-dark_skin_tone_blond_hair,,,,,,,person_medium-dark_skin_tone_blond_hair,3,👱🏾,"person: medium-dark skin tone, blond hair",People & Body,person
ping_pong,,,,,,,ping_pong,53,🏓,ping pong,Activities,sport
cucumber,0.19062493234141223,1.310546409847209,0.1667968157987357,0.1667968157987357,0.07148434962802959,0.14296869925605918,cucumber,112,🥒,cucumber,Food & Drink,food-vegetable
Curaçao,,,,,,,Curaçao,6,🇨🇼,flag: Curaçao,Flags,country-flag
couple_with_heart_man_man,0.0,0.7662581707810431,0.0,0.43786181187488177,0.0,0.0,couple_with_heart_man_man,16,👨‍❤️‍👨,"couple with heart: man, man",People & Body,family
man_kneeling_medium_skin_tone,,,,,,,man_kneeling_medium_skin_tone,1,🧎🏽‍♂️,man kneeling: medium skin tone,People & Body,person-activity
globe_with_meridians,0.0,0.8995788244543054,0.12851126063632934,0.7710675638179761,0.38553378190898807,0.0,globe_with_meridians,153,🌐,globe with meridians,Travel & Places,place-map
water_wave,0.09479912993933659,1.8485830338170637,0.18959825987867318,0.5687947796360197,0.09479912993933659,0.0,water_wave,626,🌊,water wave,Travel & Places,sky & weather
sparkling_heart,0.06784384163563548,3.5132108263210156,0.1045161884657087,0.08801363239217576,0.14302215263728557,0.04400681619608788,sparkling_heart,9133,💖,sparkling heart,Smileys & Emotion,emotion
vulcan_salute_medium_skin_tone,0.365599499474739,1.0967984984242172,0.0,0.0,0.0,0.0,vulcan_salute_medium_skin_tone,29,🖖🏽,vulcan salute: medium skin tone,People & Body,hand-fingers-open
fast_down_button,1.4313637641589874,0.0,0.0,0.0,0.0,0.0,fast_down_button,27,⏬,fast down button,Symbols,av-symbol
face_with_raised_eyebrow,0.27331899281718725,0.9201739424845305,0.40997848922578095,0.8381782446393744,0.33709342447453094,0.8837314101089055,face_with_raised_eyebrow,4597,🤨,face with raised eyebrow,Smileys & Emotion,face-neutral-skeptical
bison,0.0,0.0,0.0,0.0,0.0,0.0,bison,1,🦬,bison,Animals & Nature,animal-mammal
gem_stone,0.1373607127391878,1.8955778358007913,0.247249282930538,0.1373607127391878,0.38460999566972576,0.1373607127391878,gem_stone,870,💎,gem stone,Objects,clothing
speaker_medium_volume,0.0,1.255272505103306,0.0,0.0,0.0,0.0,speaker_medium_volume,18,🔉,speaker medium volume,Objects,sound
one-piece_swimsuit,,,,,,,one-piece_swimsuit,1,🩱,one-piece swimsuit,Objects,clothing
family_man_woman_boy,0.0,1.5440680443502757,0.0,0.0,0.0,0.0,family_man_woman_boy,35,👨‍👩‍👦,"family: man, woman, boy",People & Body,family
person_light_skin_tone_beard,,,,,,,person_light_skin_tone_beard,15,🧔🏻,"person: light skin tone, beard",People & Body,person
trackball,0.0,0.6020599913279624,0.0,0.0,0.0,0.0,trackball,4,🖲️,trackball,Objects,computer
man_fairy,,,,,,,man_fairy,20,🧚‍♂️,man fairy,People & Body,person-fantasy
violin,0.1308708338820994,1.2432729218799443,0.1308708338820994,0.2617416677641988,0.0654354169410497,0.0654354169410497,violin,79,🎻,violin,Objects,musical-instrument
woman_cook,0.0,1.0531890644112067,0.0,0.0,0.0,0.5265945322056034,woman_cook,38,👩‍🍳,woman cook,People & Body,person-role
open_mailbox_with_raised_flag,0.40051499783199057,0.8010299956639811,0.0,0.40051499783199057,0.0,0.0,open_mailbox_with_raised_flag,40,📬,open mailbox with raised flag,Objects,mail
Afghanistan,,,,,,,Afghanistan,8,🇦🇫,flag: Afghanistan,Flags,country-flag
person_in_tuxedo_medium-light_skin_tone,,,,,,,person_in_tuxedo_medium-light_skin_tone,5,🤵🏼,person in tuxedo: medium-light skin tone,People & Body,person-role
unicorn,0.031446833409452986,0.9748518356930426,0.2201278338661709,0.12578733363781194,0.7547240018268717,0.37736200091343586,unicorn,305,🦄,unicorn,Animals & Nature,animal-mammal
wheel_of_dharma,,,,,,,wheel_of_dharma,8,☸️,wheel of dharma,Symbols,religion
person_gesturing_NO_light_skin_tone,,,,,,,person_gesturing_NO_light_skin_tone,34,🙅🏻,person gesturing NO: light skin tone,People & Body,person-gesture
horse_racing_medium_skin_tone,,,,,,,horse_racing_medium_skin_tone,1,🏇🏽,horse racing: medium skin tone,People & Body,person-sport
purple_circle,0.16666666666666666,0.6666666666666666,0.0,0.16666666666666666,0.0,0.0,purple_circle,10,🟣,purple circle,Symbols,geometric
ATM_sign,,,,,,,ATM_sign,11,🏧,ATM sign,Symbols,transport-sign
woman_standing_dark_skin_tone,,,,,,,woman_standing_dark_skin_tone,3,🧍🏿‍♀️,woman standing: dark skin tone,People & Body,person-activity
pinched_fingers_medium-light_skin_tone,,,,,,,pinched_fingers_medium-light_skin_tone,38,🤌🏼,pinched fingers: medium-light skin tone,People & Body,hand-fingers-partial
airplane,0.11516694022815496,1.554753693080092,0.5182512310266973,0.46066776091261985,0.2879173505703874,0.11516694022815496,airplane,1127,✈️,airplane,Travel & Places,transport-air
person_cartwheeling_light_skin_tone,0.0,0.3010299956639812,0.0,0.0,0.3010299956639812,0.0,person_cartwheeling_light_skin_tone,4,🤸🏻,person cartwheeling: light skin tone,People & Body,person-sport
keycap_9,0.0,0.0,0.0,0.9433155653138786,0.4716577826569393,0.0,keycap_9,26,9️⃣,keycap: 9,Symbols,keycap
sleepy_face,0.20364914005724008,1.0671214938999378,1.335938358775495,0.5865095233648514,0.12218948403434404,0.24437896806868808,sleepy_face,3629,😪,sleepy face,Smileys & Emotion,face-sleepy
Estonia,,,,,,,Estonia,3,🇪🇪,flag: Estonia,Flags,country-flag
baby_medium_skin_tone,0.0,1.380211241711606,0.0,0.0,0.0,0.0,baby_medium_skin_tone,24,👶🏽,baby: medium skin tone,People & Body,person
man_standing_medium-dark_skin_tone,,,,,,,man_standing_medium-dark_skin_tone,2,🧍🏾‍♂️,man standing: medium-dark skin tone,People & Body,person-activity
full_moon,0.0,2.0103642151582566,0.0,0.0,0.18276038319620513,0.0,full_moon,156,🌕,full moon,Travel & Places,sky & weather
Armenia,,,,,,,Armenia,58,🇦🇲,flag: Armenia,Flags,country-flag
dango,0.0,1.18169700377573,0.2954242509439325,0.0,0.0,0.0,dango,30,🍡,dango,Food & Drink,food-asian
person_bouncing_ball,,,,,,,person_bouncing_ball,13,⛹️,person bouncing ball,People & Body,person-sport
man_superhero_medium-light_skin_tone,,,,,,,man_superhero_medium-light_skin_tone,3,🦸🏼‍♂️,man superhero: medium-light skin tone,People & Body,person-fantasy
woman_medium-dark_skin_tone,,,,,,,woman_medium-dark_skin_tone,6,👩🏾,woman: medium-dark skin tone,People & Body,person
person_in_suit_levitating_light_skin_tone,,,,,,,person_in_suit_levitating_light_skin_tone,12,🕴🏻,person in suit levitating: light skin tone,People & Body,person-activity
purple_heart,0.06944724672113578,4.390848267249156,0.07374928855341854,0.08481168183643131,0.07313471114880671,0.023661230077555113,purple_heart,51958,💜,purple heart,Smileys & Emotion,emotion
woman_medium-light_skin_tone_white_hair,,,,,,,woman_medium-light_skin_tone_white_hair,3,👩🏼‍🦳,"woman: medium-light skin tone, white hair",People & Body,person
man_farmer_medium-dark_skin_tone,,,,,,,man_farmer_medium-dark_skin_tone,1,👨🏾‍🌾,man farmer: medium-dark skin tone,People & Body,person-role
foot_medium-light_skin_tone,,,,,,,foot_medium-light_skin_tone,3,🦶🏼,foot: medium-light skin tone,People & Body,body-parts
card_file_box,,,,,,,card_file_box,8,🗃️,card file box,Objects,office
panda,0.15270907605885303,0.5497526738118709,0.7330035650824946,0.21379270648239426,0.12216726084708242,0.06108363042354121,panda,68,🐼,panda,Animals & Nature,animal-mammal
woman_raising_hand_medium-dark_skin_tone,,,,,,,woman_raising_hand_medium-dark_skin_tone,74,🙋🏾‍♀️,woman raising hand: medium-dark skin tone,People & Body,person-gesture
moai,0.3557083542035478,0.2371389028023652,0.3557083542035478,1.3042639654130086,0.0,0.2371389028023652,moai,309,🗿,moai,Objects,other-object
cow_face,0.40523268647074395,0.729418835647339,0.16209307458829758,0.40523268647074395,0.08104653729414879,0.32418614917659516,cow_face,128,🐮,cow face,Animals & Nature,animal-mammal
black_flag,0.0,0.6989700043360189,0.0,0.34948500216800943,0.0,0.34948500216800943,black_flag,25,🏴,black flag,Flags,flag
delivery_truck,0.3392497637157291,1.4700823094348263,0.22616650914381942,0.22616650914381942,0.11308325457190971,0.0,delivery_truck,237,🚚,delivery truck,Travel & Places,transport-ground
men_wrestling,,,,,,,men_wrestling,10,🤼‍♂️,men wrestling,People & Body,person-sport
waving_hand_light_skin_tone,0.0,1.262116607569305,0.4732937278384894,0.3155291518923263,0.15776457594616314,0.42070553585643505,waving_hand_light_skin_tone,426,👋🏻,waving hand: light skin tone,People & Body,hand-fingers-open
badger,0.0,0.0,0.0,0.0,0.0,0.0,badger,1,🦡,badger,Animals & Nature,animal-mammal
woman_vampire_medium-light_skin_tone,,,,,,,woman_vampire_medium-light_skin_tone,5,🧛🏼‍♀️,woman vampire: medium-light skin tone,People & Body,person-fantasy
kiss_woman_woman,0.0,1.6434526764861874,0.0,0.0,0.0,0.0,kiss_woman_woman,44,👩‍❤️‍💋‍👩,"kiss: woman, woman",People & Body,family
face_screaming_in_fear,0.23148680765687615,1.2955138884656754,0.4020560343514165,1.2264739633750281,0.3695666578381707,0.37362782990232646,face_screaming_in_fear,7920,😱,face screaming in fear,Smileys & Emotion,face-concerned
clutch_bag,0.0,0.0,0.0,0.0,0.9542425094393249,0.0,clutch_bag,9,👝,clutch bag,Objects,clothing
technologist,0.0,0.4225490200071284,0.0,0.4225490200071284,0.0,0.0,technologist,7,🧑‍💻,technologist,People & Body,person-role
person_in_manual_wheelchair_medium-light_skin_tone,,,,,,,person_in_manual_wheelchair_medium-light_skin_tone,1,🧑🏼‍🦽,person in manual wheelchair: medium-light skin tone,People & Body,person-activity
clapping_hands_dark_skin_tone,0.0,1.9505587683331354,0.0,0.32509312805552254,0.0,0.45513037927773153,clapping_hands_dark_skin_tone,538,👏🏿,clapping hands: dark skin tone,People & Body,hands
person_biking,0.0,0.47020339807019784,0.0,0.6269378640935971,0.15673446602339927,0.6269378640935971,person_biking,76,🚴,person biking,People & Body,person-sport
woman_with_headscarf_light_skin_tone,0.0,0.8450980400142568,0.0,0.0,0.0,0.0,woman_with_headscarf_light_skin_tone,7,🧕🏻,woman with headscarf: light skin tone,People & Body,person-role
graduation_cap,0.0,1.5395257410464729,0.0,0.15395257410464727,0.4618577223139418,0.0,graduation_cap,143,🎓,graduation cap,Objects,clothing
person_biking_medium-dark_skin_tone,,,,,,,person_biking_medium-dark_skin_tone,1,🚴🏾,person biking: medium-dark skin tone,People & Body,person-sport
blue_book,0.0,1.376374586257841,0.0,0.08602341164111506,0.0,0.0,blue_book,29,📘,blue book,Objects,book-paper
Grenada,,,,,,,Grenada,1,🇬🇩,flag: Grenada,Flags,country-flag
prince_medium-dark_skin_tone,,,,,,,prince_medium-dark_skin_tone,37,🤴🏾,prince: medium-dark skin tone,People & Body,person-role
fire,0.28542448867045084,1.824531659635035,0.3100065020487672,1.261876686753572,0.26493947752185387,0.5647034739963225,fire,32470,🔥,fire,Travel & Places,sky & weather
mermaid_light_skin_tone,0.0,0.8450980400142568,0.0,0.0,0.0,0.0,mermaid_light_skin_tone,7,🧜🏻‍♀️,mermaid: light skin tone,People & Body,person-fantasy
woman_factory_worker,,,,,,,woman_factory_worker,3,👩‍🏭,woman factory worker,People & Body,person-role
woman_swimming,,,,,,,woman_swimming,14,🏊‍♀️,woman swimming,People & Body,person-sport
mouse,0.26777447641678487,0.6855026596269692,0.2142195811334279,0.5462599318902411,0.1820866439634137,0.4284391622668558,mouse,211,🐁,mouse,Animals & Nature,animal-mammal
deaf_woman_medium-light_skin_tone,,,,,,,deaf_woman_medium-light_skin_tone,3,🧏🏼‍♀️,deaf woman: medium-light skin tone,People & Body,person-gesture
high_voltage,0.15740334190958752,1.836372322278521,0.11805250643219065,0.20987112254611667,1.0100047772531866,0.10493556127305834,high_voltage,2733,⚡,high voltage,Travel & Places,sky & weather
Philippines,,,,,,,Philippines,168,🇵🇭,flag: Philippines,Flags,country-flag
dna,0.19889859308505645,0.464096717198465,0.44752183444137694,0.3149227723846727,0.04972464827126411,0.2651981241134086,dna,55,🧬,dna,Objects,science
beaver,0.0,0.0,0.0,0.0,0.0,0.0,beaver,1,🦫,beaver,Animals & Nature,animal-mammal
mouse_trap,,,,,,,mouse_trap,3,🪤,mouse trap,Objects,household
worm,0.0,0.0,0.0,0.0,0.0,0.0,worm,1,🪱,worm,Animals & Nature,animal-bug
cricket,0.17921034681232453,1.0553498201170224,0.01991226075692495,0.5774555619508235,0.05973678227077484,0.09956130378462474,cricket,98,🦗,cricket,Animals & Nature,animal-bug
place_of_worship,0.0,2.1511511753992534,0.0,0.1792625979499378,0.0,0.0,place_of_worship,214,🛐,place of worship,Symbols,religion
man_in_lotus_position_medium_skin_tone,,,,,,,man_in_lotus_position_medium_skin_tone,1,🧘🏽‍♂️,man in lotus position: medium skin tone,People & Body,person-resting
deaf_man,,,,,,,deaf_man,3,🧏‍♂️,deaf man,People & Body,person-gesture
woman_shrugging_medium_skin_tone,0.2537139698015798,1.3742840030918904,0.21142830816798316,0.5074279396031596,0.19028547735118484,0.6554277553207477,woman_shrugging_medium_skin_tone,1558,🤷🏽‍♀️,woman shrugging: medium skin tone,People & Body,person-gesture
vibration_mode,0.0,1.5797835966168101,0.0,0.0,0.0,0.0,vibration_mode,38,📳,vibration mode,Symbols,av-symbol
woman_in_steamy_room_medium-light_skin_tone,,,,,,,woman_in_steamy_room_medium-light_skin_tone,3,🧖🏼‍♀️,woman in steamy room: medium-light skin tone,People & Body,person-activity
woman_playing_handball,,,,,,,woman_playing_handball,2,🤾‍♀️,woman playing handball,People & Body,person-sport
department_store,0.0,1.4771212547196624,0.0,0.0,0.0,0.0,department_store,30,🏬,department store,Travel & Places,place-building
man_firefighter_dark_skin_tone,,,,,,,man_firefighter_dark_skin_tone,1,👨🏿‍🚒,man firefighter: dark skin tone,People & Body,person-role
camera_with_flash,0.08223708423843312,2.467112527152994,0.08223708423843312,0.05482472282562208,0.2741236141281104,0.05482472282562208,camera_with_flash,1036,📸,camera with flash,Objects,light & video
woman_lifting_weights_medium-light_skin_tone,,,,,,,woman_lifting_weights_medium-light_skin_tone,6,🏋🏼‍♀️,woman lifting weights: medium-light skin tone,People & Body,person-sport
shrimp,0.09835869752563044,0.7376902314422283,0.14753804628844566,0.34425544133970654,0.04917934876281522,0.2950760925768913,shrimp,47,🦐,shrimp,Food & Drink,food-marine
raised_back_of_hand_dark_skin_tone,,,,,,,raised_back_of_hand_dark_skin_tone,6,🤚🏿,raised back of hand: dark skin tone,People & Body,hand-fingers-open
Japanese_passing_grade_button,,,,,,,Japanese_passing_grade_button,1,🈴,Japanese “passing grade” button,Symbols,alphanum
girl_dark_skin_tone,,,,,,,girl_dark_skin_tone,2,👧🏿,girl: dark skin tone,People & Body,person
Qatar,,,,,,,Qatar,8,🇶🇦,flag: Qatar,Flags,country-flag
woman_fairy_medium-dark_skin_tone,,,,,,,woman_fairy_medium-dark_skin_tone,9,🧚🏾‍♀️,woman fairy: medium-dark skin tone,People & Body,person-fantasy
person_frowning_medium_skin_tone,0.0,0.5,0.5,0.0,0.0,0.0,person_frowning_medium_skin_tone,10,🙍🏽,person frowning: medium skin tone,People & Body,person-gesture
person_in_suit_levitating_medium-light_skin_tone,,,,,,,person_in_suit_levitating_medium-light_skin_tone,4,🕴🏼,person in suit levitating: medium-light skin tone,People & Body,person-activity
pinching_hand_light_skin_tone,,,,,,,pinching_hand_light_skin_tone,38,🤏🏻,pinching hand: light skin tone,People & Body,hand-fingers-partial
fountain_pen,0.0,1.4760784320114055,0.3690196080028514,0.0,0.0,0.0,fountain_pen,70,🖋️,fountain pen,Objects,writing
person_biking_medium-light_skin_tone,,,,,,,person_biking_medium-light_skin_tone,3,🚴🏼,person biking: medium-light skin tone,People & Body,person-sport
woman_and_man_holding_hands_medium_skin_tone_medium-dark_skin_tone,,,,,,,woman_and_man_holding_hands_medium_skin_tone_medium-dark_skin_tone,1,👩🏽‍🤝‍👨🏾,"woman and man holding hands: medium skin tone, medium-dark skin tone",People & Body,family
deaf_man_medium_skin_tone,,,,,,,deaf_man_medium_skin_tone,3,🧏🏽‍♂️,deaf man: medium skin tone,People & Body,person-gesture
tumbler_glass,0.11653133482581997,1.9227670246260296,0.23306266965163994,0.17479700223872996,0.0,0.0,tumbler_glass,280,🥃,tumbler glass,Food & Drink,drink
raising_hands_medium-light_skin_tone,,,,,,,raising_hands_medium-light_skin_tone,2830,🙌🏼,raising hands: medium-light skin tone,People & Body,hands
man_standing_dark_skin_tone,,,,,,,man_standing_dark_skin_tone,1,🧍🏿‍♂️,man standing: dark skin tone,People & Body,person-activity
Italy,,,,,,,Italy,285,🇮🇹,flag: Italy,Flags,country-flag
woman_with_headscarf_medium-dark_skin_tone,,,,,,,woman_with_headscarf_medium-dark_skin_tone,2,🧕🏾,woman with headscarf: medium-dark skin tone,People & Body,person-role
automobile,0.02215960443144881,2.459716091890818,0.24375564874593691,0.17727683545159048,0.17727683545159048,0.04431920886289762,automobile,1332,🚗,automobile,Travel & Places,transport-ground
man_bowing_medium-dark_skin_tone,,,,,,,man_bowing_medium-dark_skin_tone,30,🙇🏾‍♂️,man bowing: medium-dark skin tone,People & Body,person-gesture
woman_kneeling_medium-dark_skin_tone,,,,,,,woman_kneeling_medium-dark_skin_tone,5,🧎🏾‍♀️,woman kneeling: medium-dark skin tone,People & Body,person-activity
briefcase,0.0,0.7497252289389924,0.29989009157559693,0.5997801831511939,0.14994504578779846,0.0,briefcase,63,💼,briefcase,Objects,office
club_suit,0.0,0.6989700043360189,0.0,0.6989700043360189,0.0,0.0,club_suit,25,♣️,club suit,Activities,game
ear,0.19410113188022413,1.2015784354490064,0.22182986500597038,0.25880150917363215,0.18485822083830866,0.27728733125746297,ear,218,👂,ear,People & Body,body-parts
Japanese_bargain_button,,,,,,,Japanese_bargain_button,3,🉐,Japanese “bargain” button,Symbols,alphanum
salt,0.19611069816601853,0.5837713805872179,0.21435355380936907,0.32381068766947246,0.15506427296847977,0.2827642624719337,salt,57,🧂,salt,Food & Drink,food-prepared
thermometer,0.0,1.7160033436347992,0.0,0.0,0.0,0.0,thermometer,52,🌡️,thermometer,Travel & Places,sky & weather
clinking_beer_mugs,0.12596205221764076,1.8894307832646116,0.15745256527205095,0.2519241044352815,0.06298102610882038,0.18894307832646115,clinking_beer_mugs,475,🍻,clinking beer mugs,Food & Drink,drink
water_buffalo,0.5017166594399687,1.0034333188799374,0.0,0.0,0.0,0.0,water_buffalo,32,🐃,water buffalo,Animals & Nature,animal-mammal
Sri_Lanka,,,,,,,Sri_Lanka,116,🇱🇰,flag: Sri Lanka,Flags,country-flag
family_woman_woman_girl,0.0,0.3010299956639812,0.0,0.0,0.0,0.0,family_woman_woman_girl,2,👩‍👩‍👧,"family: woman, woman, girl",People & Body,family
running_shirt,,,,,,,running_shirt,7,🎽,running shirt,Activities,sport
pinched_fingers,,,,,,,pinched_fingers,110,🤌,pinched fingers,People & Body,hand-fingers-partial
detective_light_skin_tone,0.0,0.45154499349597177,0.0,0.0,0.45154499349597177,0.0,detective_light_skin_tone,8,🕵🏻,detective: light skin tone,People & Body,person-role
woman_biking,,,,,,,woman_biking,17,🚴‍♀️,woman biking,People & Body,person-sport
woman_dancing_light_skin_tone,0.0632632345918358,2.3407396798979248,0.0,0.1265264691836716,0.1265264691836716,0.0,woman_dancing_light_skin_tone,454,💃🏻,woman dancing: light skin tone,People & Body,person-activity
old_woman_light_skin_tone,0.0,1.226883226421989,0.0,0.20448053773699817,0.0,0.0,old_woman_light_skin_tone,27,👵🏻,old woman: light skin tone,People & Body,person
woman_light_skin_tone_red_hair,,,,,,,woman_light_skin_tone_red_hair,22,👩🏻‍🦰,"woman: light skin tone, red hair",People & Body,person
person_curly_hair,,,,,,,person_curly_hair,1,🧑‍🦱,person: curly hair,People & Body,person
nose_light_skin_tone,,,,,,,nose_light_skin_tone,4,👃🏻,nose: light skin tone,People & Body,body-parts
boy_medium-light_skin_tone,,,,,,,boy_medium-light_skin_tone,16,👦🏼,boy: medium-light skin tone,People & Body,person
woman_running_dark_skin_tone,,,,,,,woman_running_dark_skin_tone,6,🏃🏿‍♀️,woman running: dark skin tone,People & Body,person-activity
man_bouncing_ball,,,,,,,man_bouncing_ball,3,⛹️‍♂️,man bouncing ball,People & Body,person-sport
palms_up_together_medium-dark_skin_tone,,,,,,,palms_up_together_medium-dark_skin_tone,71,🤲🏾,palms up together: medium-dark skin tone,People & Body,hands
snake,0.25478414125048354,0.9701396147614567,0.15679024076952836,1.009337174953839,0.0881945104328597,0.2841823113947701,snake,580,🐍,snake,Animals & Nature,animal-reptile
person_medium-dark_skin_tone_bald,,,,,,,person_medium-dark_skin_tone_bald,1,🧑🏾‍🦲,"person: medium-dark skin tone, bald",People & Body,person
sunset,0.09676703140318413,0.9999259911662359,0.06451135426878941,0.1774062242391709,0.1774062242391709,0.09676703140318413,sunset,41,🌇,sunset,Travel & Places,place-other
woman_walking,,,,,,,woman_walking,83,🚶‍♀️,woman walking,People & Body,person-activity
woman_cartwheeling_dark_skin_tone,,,,,,,woman_cartwheeling_dark_skin_tone,2,🤸🏿‍♀️,woman cartwheeling: dark skin tone,People & Body,person-sport
disappointed_face,0.43634126536883855,1.7860409421453307,1.3404551584424065,0.22926405468532196,0.17009913734717436,0.08320066500677006,disappointed_face,11102,😞,disappointed face,Smileys & Emotion,face-concerned
nail_polish,0.13165707338224483,1.7115419539691827,0.26331414676448966,0.32914268345561204,0.06582853669112242,0.1974856100733672,nail_polish,500,💅,nail polish,People & Body,hand-prop
purple_square,,,,,,,purple_square,5,🟪,purple square,Symbols,geometric
chicken,0.16615411955368992,2.1147142878554863,0.2400471330598457,0.24845999987269074,0.10165547398854446,0.23037233622507386,chicken,1263,🐔,chicken,Animals & Nature,animal-bird
heart_decoration,0.10548185692162908,2.32060085227584,0.06328911415297744,0.10548185692162908,0.021096371384325817,0.0,heart_decoration,413,💟,heart decoration,Smileys & Emotion,emotion
bouquet,0.01037782824876478,1.5566742373147173,0.6434253514234164,0.18680090847776606,0.38397964520429684,0.051889141243823905,bouquet,681,💐,bouquet,Animals & Nature,plant-flower
mushroom,0.0284303739928417,1.1087845857208263,0.12793668296778765,0.284303739928417,0.12793668296778765,0.1421518699642085,mushroom,66,🍄,mushroom,Food & Drink,food-vegetable
older_person_light_skin_tone,,,,,,,older_person_light_skin_tone,2,🧓🏻,older person: light skin tone,People & Body,person
backhand_index_pointing_down_medium-light_skin_tone,,,,,,,backhand_index_pointing_down_medium-light_skin_tone,545,👇🏼,backhand index pointing down: medium-light skin tone,People & Body,hand-single-finger
admission_tickets,0.0,1.632068444291761,0.0,0.27201140738196017,0.0,0.27201140738196017,admission_tickets,150,🎟️,admission tickets,Activities,event
pilot,0.0,0.0,0.0,0.0,0.0,0.0,pilot,1,🧑‍✈️,pilot,People & Body,person-role
woman_in_manual_wheelchair_medium-dark_skin_tone,,,,,,,woman_in_manual_wheelchair_medium-dark_skin_tone,1,👩🏾‍🦽,woman in manual wheelchair: medium-dark skin tone,People & Body,person-activity
raised_hand_medium_skin_tone,0.4025674449410344,0.8051348898820688,0.4025674449410344,0.4025674449410344,0.0,0.0,raised_hand_medium_skin_tone,103,✋🏽,raised hand: medium skin tone,People & Body,hand-fingers-open
nail_polish_medium-dark_skin_tone,,,,,,,nail_polish_medium-dark_skin_tone,79,💅🏾,nail polish: medium-dark skin tone,People & Body,hand-prop
Kuwait,,,,,,,Kuwait,47,🇰🇼,flag: Kuwait,Flags,country-flag
woman_pouting_light_skin_tone,,,,,,,woman_pouting_light_skin_tone,15,🙎🏻‍♀️,woman pouting: light skin tone,People & Body,person-gesture
trade_mark,0.11493227781611993,1.580318819971649,0.24901993526825983,0.1628207269061699,1.1110120188891592,0.10535458799810993,trade_mark,2106,™️,trade mark,Symbols,other-symbol
no_littering,,,,,,,no_littering,5,🚯,no littering,Symbols,warning
deaf_man_medium-light_skin_tone,,,,,,,deaf_man_medium-light_skin_tone,2,🧏🏼‍♂️,deaf man: medium-light skin tone,People & Body,person-gesture
person_frowning_dark_skin_tone,,,,,,,person_frowning_dark_skin_tone,1,🙍🏿,person frowning: dark skin tone,People & Body,person-gesture
man_cartwheeling_light_skin_tone,0.0,0.9030899869919435,0.0,0.0,0.0,0.0,man_cartwheeling_light_skin_tone,8,🤸🏻‍♂️,man cartwheeling: light skin tone,People & Body,person-sport
nose_medium-dark_skin_tone,,,,,,,nose_medium-dark_skin_tone,1,👃🏾,nose: medium-dark skin tone,People & Body,body-parts
Niger,,,,,,,Niger,3,🇳🇪,flag: Niger,Flags,country-flag
woman_artist_light_skin_tone,,,,,,,woman_artist_light_skin_tone,2,👩🏻‍🎨,woman artist: light skin tone,People & Body,person-role
old_man_dark_skin_tone,0.0,0.0,0.0,0.0,0.0,0.0,old_man_dark_skin_tone,1,👴🏿,old man: dark skin tone,People & Body,person
hand_with_fingers_splayed,0.07272178930428783,1.9634883112157713,0.14544357860857565,0.2908871572171513,0.21816536791286345,0.07272178930428783,hand_with_fingers_splayed,580,🖐️,hand with fingers splayed,People & Body,hand-fingers-open
detective,0.10249489744149634,1.3665986325532846,0.1822131510071046,0.8655124672837469,0.13665986325532847,0.07971825356560827,detective,541,🕵️,detective,People & Body,person-role
tongue,0.1621202512006046,1.2766969782047612,0.2634454082009825,0.5066257850018894,0.2634454082009825,0.3242405024012092,tongue,626,👅,tongue,People & Body,body-parts
play_or_pause_button,1.0413926851582251,0.0,0.0,0.0,0.0,0.0,play_or_pause_button,11,⏯️,play or pause button,Symbols,av-symbol
person_biking_light_skin_tone,,,,,,,person_biking_light_skin_tone,2,🚴🏻,person biking: light skin tone,People & Body,person-sport
man_juggling_medium_skin_tone,,,,,,,man_juggling_medium_skin_tone,1,🤹🏽‍♂️,man juggling: medium skin tone,People & Body,person-sport
notebook,0.14520386333953655,0.5904957109141155,0.31944849934698044,0.183924893563413,0.15488412089550566,0.1742446360074439,notebook,37,📓,notebook,Objects,book-paper
person_taking_bath_medium-light_skin_tone,,,,,,,person_taking_bath_medium-light_skin_tone,6,🛀🏼,person taking bath: medium-light skin tone,People & Body,person-resting
lion,0.1769023523612779,1.5134979035353775,0.3538047047225558,0.314493070864494,0.13759071850321614,0.19655816929030875,lion,493,🦁,lion,Animals & Nature,animal-mammal
heart_exclamation,0.0,2.6881443442935575,0.12740020589068993,0.1783602882469659,0.10192016471255196,0.012740020589068994,heart_exclamation,1284,❣️,heart exclamation,Smileys & Emotion,emotion
up_arrow,0.0,0.0,2.823474229170301,0.0,0.0,0.0,up_arrow,666,⬆️,up arrow,Symbols,arrow
front-facing_baby_chick,,,,,,,front-facing_baby_chick,362,🐥,front-facing baby chick,Animals & Nature,animal-bird
scissors,0.6666666666666666,0.0,0.0,0.8888888888888888,0.2222222222222222,0.2222222222222222,scissors,100,✂️,scissors,Objects,office
cooked_rice,0.0,1.505149978319906,0.0,0.0,0.0,0.0,cooked_rice,32,🍚,cooked rice,Food & Drink,food-asian
man_raising_hand_medium-light_skin_tone,,,,,,,man_raising_hand_medium-light_skin_tone,30,🙋🏼‍♂️,man raising hand: medium-light skin tone,People & Body,person-gesture
woman_pouting,,,,,,,woman_pouting,5,🙎‍♀️,woman pouting,People & Body,person-gesture
locked,0.2508730497800701,0.42110833355940336,0.3897492023368946,0.44798758889298224,0.2195139185575613,0.30015168455829816,locked,107,🔒,locked,Objects,lock
person_bouncing_ball_medium-dark_skin_tone,,,,,,,person_bouncing_ball_medium-dark_skin_tone,2,⛹🏾,person bouncing ball: medium-dark skin tone,People & Body,person-sport
crossed_fingers_medium_skin_tone,0.09631727018491033,2.2152972142529377,0.04815863509245517,0.1444759052773655,0.24079317546227583,0.09631727018491033,crossed_fingers_medium_skin_tone,694,🤞🏽,crossed fingers: medium skin tone,People & Body,hand-fingers-partial
linked_paperclips,0.0,1.9731278535996986,0.0,0.0,0.0,0.0,linked_paperclips,94,🖇️,linked paperclips,Objects,office
sunrise,0.11311679540291471,1.4139599425364342,0.11311679540291471,0.33935038620874414,0.11311679540291471,0.056558397701457354,sunrise,141,🌅,sunrise,Travel & Places,place-other
woman_standing_medium_skin_tone,,,,,,,woman_standing_medium_skin_tone,66,🧍🏽‍♀️,woman standing: medium skin tone,People & Body,person-activity
man_astronaut,0.0,0.3920304196852271,0.0,0.3920304196852271,0.3920304196852271,0.0,man_astronaut,15,👨‍🚀,man astronaut,People & Body,person-role
six-thirty,,,,,,,six-thirty,2,🕡,six-thirty,Travel & Places,time
abacus,,,,,,,abacus,4,🧮,abacus,Objects,computer
man_medium-light_skin_tone_bald,,,,,,,man_medium-light_skin_tone_bald,2,👨🏼‍🦲,"man: medium-light skin tone, bald",People & Body,person
coffin,0.04524502035123947,0.2714701221074368,0.9049004070247894,0.3619601628099158,0.04524502035123947,0.6786753052685921,coffin,203,⚰️,coffin,Objects,other-object
call_me_hand_medium-dark_skin_tone,,,,,,,call_me_hand_medium-dark_skin_tone,144,🤙🏾,call me hand: medium-dark skin tone,People & Body,hand-fingers-partial
nose_medium-light_skin_tone,,,,,,,nose_medium-light_skin_tone,9,👃🏼,nose: medium-light skin tone,People & Body,body-parts
yarn,0.0,0.8489840087824908,0.0,0.5659893391883272,0.0,0.0,yarn,26,🧶,yarn,Activities,arts & crafts
prince,0.12787160954671636,1.1477999237883825,0.20703022498039791,0.4049267635646018,0.16440635513149246,0.2618323433575621,prince,206,🤴,prince,People & Body,person-role
Japan,,,,,,,Japan,208,🇯🇵,flag: Japan,Flags,country-flag
person_medium_skin_tone_blond_hair,,,,,,,person_medium_skin_tone_blond_hair,3,👱🏽,"person: medium skin tone, blond hair",People & Body,person
check_mark,0.2547739693964891,1.2738698469824457,0.28308218821832126,0.4246232823274819,0.1132328752873285,0.9341712211204601,check_mark,1922,✔️,check mark,Symbols,other-symbol
sun,0.36830981112409583,1.8194504669530334,0.38304220356905966,0.6482252675784086,0.3167464375667224,0.38304220356905966,sun,8295,☀️,sun,Travel & Places,sky & weather
banjo,0.059640156839957804,0.4174810978797046,0.1491003920998945,0.1491003920998945,0.0,0.17892047051987342,banjo,9,🪕,banjo,Objects,musical-instrument
peace_symbol,0.0,1.4368906916433746,0.7184453458216873,0.0,0.0,0.0,peace_symbol,143,☮️,peace symbol,Symbols,religion
star-struck,,,,,,,star-struck,7356,🤩,star-struck,Smileys & Emotion,face-affection
currency_exchange,0.0,1.2041199826559248,0.0,0.0,0.0,0.0,currency_exchange,16,💱,currency exchange,Symbols,currency
smiling_face_with_sunglasses,0.1201023795073628,3.220704625972953,0.1201023795073628,0.3652092764611644,0.27942186252733386,0.12745558641597685,smiling_face_with_sunglasses,17100,😎,smiling face with sunglasses,Smileys & Emotion,face-glasses
maple_leaf,0.0,1.796178551224169,0.0,0.39915078916092644,0.06652513152682107,0.06652513152682107,maple_leaf,213,🍁,maple leaf,Animals & Nature,plant-other
keycap_0,0.0,1.5913117512794623,0.0,0.0,0.4339941139853079,0.0,keycap_0,106,0️⃣,keycap: 0,Symbols,keycap
woman_student_medium-light_skin_tone,,,,,,,woman_student_medium-light_skin_tone,7,👩🏼‍🎓,woman student: medium-light skin tone,People & Body,person-role
thinking_face,0.3803092607317309,1.6546439563773212,0.48185780679098883,0.8940254349138596,0.457964031247634,0.7347335979581607,thinking_face,40136,🤔,thinking face,Smileys & Emotion,face-hand
CL_button,,,,,,,CL_button,4,🆑,CL button,Symbols,alphanum
man_with_white_cane_medium-dark_skin_tone,,,,,,,man_with_white_cane_medium-dark_skin_tone,2,👨🏾‍🦯,man with white cane: medium-dark skin tone,People & Body,person-activity
woman_detective_dark_skin_tone,,,,,,,woman_detective_dark_skin_tone,1,🕵🏿‍♀️,woman detective: dark skin tone,People & Body,person-role
goal_net,,,,,,,goal_net,25,🥅,goal net,Activities,sport
baby_angel_dark_skin_tone,,,,,,,baby_angel_dark_skin_tone,2,👼🏿,baby angel: dark skin tone,People & Body,person-fantasy
pick,0.1476113885348035,0.7922262595675233,0.17232613936746558,0.20956754473175085,0.11206277432344026,0.13440761754201144,pick,37,⛏️,pick,Objects,tool
woman_police_officer_medium_skin_tone,,,,,,,woman_police_officer_medium_skin_tone,3,👮🏽‍♀️,woman police officer: medium skin tone,People & Body,person-role
registered,0.1758298478665505,2.4239400455888753,0.4646931693615978,0.4270153448187655,0.5400488184472624,0.25118549695221504,registered,19174,®️,registered,Symbols,other-symbol
link,0.0722968608159046,0.44588235619079364,0.06640140864636732,0.05926480865166429,1.7130942856850184,0.023271521721857705,link,240,🔗,link,Objects,tool
flexed_biceps_medium-dark_skin_tone,,,,,,,flexed_biceps_medium-dark_skin_tone,516,💪🏾,flexed biceps: medium-dark skin tone,People & Body,body-parts
ice_skate,0.0,1.4524455396335356,0.0,0.2904891079267071,0.2904891079267071,0.0,ice_skate,108,⛸️,ice skate,Activities,sport
man_raising_hand_light_skin_tone,0.0,2.0873495249150156,0.1897590477195469,0.1897590477195469,0.0,0.0,man_raising_hand_light_skin_tone,293,🙋🏻‍♂️,man raising hand: light skin tone,People & Body,person-gesture
Togo,,,,,,,Togo,1,🇹🇬,flag: Togo,Flags,country-flag
person_facepalming_medium-light_skin_tone,,,,,,,person_facepalming_medium-light_skin_tone,26,🤦🏼,person facepalming: medium-light skin tone,People & Body,person-gesture
woman_dark_skin_tone_bald,,,,,,,woman_dark_skin_tone_bald,3,👩🏿‍🦲,"woman: dark skin tone, bald",People & Body,person
keycap_8,0.0,1.4471580313422192,0.0,0.0,0.0,0.0,keycap_8,28,8️⃣,keycap: 8,Symbols,keycap
shuffle_tracks_button,0.44085699839073433,1.3225709951722031,0.0,0.0,0.0,0.0,shuffle_tracks_button,58,🔀,shuffle tracks button,Symbols,av-symbol
man_in_lotus_position_medium-dark_skin_tone,,,,,,,man_in_lotus_position_medium-dark_skin_tone,4,🧘🏾‍♂️,man in lotus position: medium-dark skin tone,People & Body,person-resting
Iraq,,,,,,,Iraq,43,🇮🇶,flag: Iraq,Flags,country-flag
hear-no-evil_monkey,,,,,,,hear-no-evil_monkey,248,🙉,hear-no-evil monkey,Smileys & Emotion,monkey-face
face_with_rolling_eyes,0.5297456845947538,0.9442596794891381,0.3889069527387467,0.8290279897887687,0.3472955092358355,1.3587736743835226,face_with_rolling_eyes,25004,🙄,face with rolling eyes,Smileys & Emotion,face-neutral-skeptical
man_in_motorized_wheelchair,0.0,0.7781512503836436,0.0,0.0,0.0,0.0,man_in_motorized_wheelchair,6,👨‍🦼,man in motorized wheelchair,People & Body,person-activity
woman_medium_skin_tone_white_hair,,,,,,,woman_medium_skin_tone_white_hair,1,👩🏽‍🦳,"woman: medium skin tone, white hair",People & Body,person
orange_circle,0.0,1.0,0.0,0.0,0.0,0.0,orange_circle,10,🟠,orange circle,Symbols,geometric
person_walking_medium-light_skin_tone,,,,,,,person_walking_medium-light_skin_tone,5,🚶🏼,person walking: medium-light skin tone,People & Body,person-activity
grinning_face_with_smiling_eyes,0.05355462543772999,3.1954259844512234,0.11067955923797533,0.2534918937385886,0.18208572648828197,0.04998431707521466,grinning_face_with_smiling_eyes,7002,😄,grinning face with smiling eyes,Smileys & Emotion,face-smiling
backhand_index_pointing_up_light_skin_tone,0.0,0.9194245453686276,0.0,0.9194245453686276,0.0,0.0,backhand_index_pointing_up_light_skin_tone,69,👆🏻,backhand index pointing up: light skin tone,People & Body,hand-single-finger
Switzerland,,,,,,,Switzerland,49,🇨🇭,flag: Switzerland,Flags,country-flag
Hungary,,,,,,,Hungary,8,🇭🇺,flag: Hungary,Flags,country-flag
kimono,0.0,0.7042483666785474,0.14084967333570947,0.0,0.0,0.0,kimono,7,👘,kimono,Objects,clothing
woman_cook_medium-light_skin_tone,,,,,,,woman_cook_medium-light_skin_tone,4,👩🏼‍🍳,woman cook: medium-light skin tone,People & Body,person-role
woman_medium_skin_tone_blond_hair,,,,,,,woman_medium_skin_tone_blond_hair,3,👱🏽‍♀️,"woman: medium skin tone, blond hair",People & Body,person
crossed_fingers,0.04775184835113513,3.203047058629987,0.21304670802814132,0.12488944953373801,0.20202705071634092,0.08081082028653637,crossed_fingers,7440,🤞,crossed fingers,People & Body,hand-fingers-partial
person_biking_medium_skin_tone,0.0,0.47712125471966244,0.0,0.0,0.0,0.0,person_biking_medium_skin_tone,3,🚴🏽,person biking: medium skin tone,People & Body,person-sport
video_game,0.12902206369431937,1.9353309554147906,0.0,0.6967191439493245,0.15482647643318323,0.1032176509554555,video_game,1045,🎮,video game,Activities,game
cloud_with_lightning,0.0,2.0453229787866576,0.0,0.0,0.0,0.0,cloud_with_lightning,111,🌩️,cloud with lightning,Travel & Places,sky & weather
Japanese_dolls,,,,,,,Japanese_dolls,13,🎎,Japanese dolls,Activities,event
wind_face,0.0,0.9404067961403957,0.0,0.9404067961403957,0.0,0.0,wind_face,76,🌬️,wind face,Travel & Places,sky & weather
file_folder,0.0,0.0,0.0,1.6812412373755872,0.0,0.0,file_folder,48,📁,file folder,Objects,office
sled,0.0,0.38169700377572996,0.19084850188786498,0.0,0.0,0.38169700377572996,sled,9,🛷,sled,Activities,sport
two-thirty,,,,,,,two-thirty,1,🕝,two-thirty,Travel & Places,time
razor,0.16797346396647878,0.7638372256159877,0.09371151147603553,0.14498762152896064,0.06365310213466564,0.4190495890532155,razor,45,🪒,razor,Objects,household
person_getting_haircut,0.0,0.731198998949478,0.0,0.0,0.731198998949478,0.0,person_getting_haircut,29,💇,person getting haircut,People & Body,person-activity
right-facing_fist_light_skin_tone,,,,,,,right-facing_fist_light_skin_tone,16,🤜🏻,right-facing fist: light skin tone,People & Body,hand-fingers-closed
OK_hand,,,,,,,OK_hand,9965,👌,OK hand,People & Body,hand-fingers-partial
crown,0.10139080711304732,2.3700101162674816,0.22812931600435646,0.397113994526102,0.28727395348696744,0.20278161422609464,crown,3861,👑,crown,Objects,clothing
thumbs_up_medium_skin_tone,0.11375924161773517,2.346284358365788,0.19907867283103656,0.21329857803325344,0.17063886242660276,0.14219905202216898,thumbs_up_medium_skin_tone,1532,👍🏽,thumbs up: medium skin tone,People & Body,hand-fingers-closed
bright_button,0.0,1.505149978319906,0.0,0.0,0.0,0.0,bright_button,32,🔆,bright button,Symbols,av-symbol
large_blue_diamond,0.0,0.4600704139038686,0.4600704139038686,0.4600704139038686,0.0,0.0,large_blue_diamond,24,🔷,large blue diamond,Symbols,geometric
pool_8_ball,0.2829946695941636,0.5659893391883272,0.0,0.2829946695941636,0.0,0.2829946695941636,pool_8_ball,26,🎱,pool 8 ball,Activities,game
folded_hands_medium-light_skin_tone,,,,,,,folded_hands_medium-light_skin_tone,7871,🙏🏼,folded hands: medium-light skin tone,People & Body,hands
fly,0.01524202509691044,0.13641612461734842,0.03429455646804849,0.04420187278104028,0.023625138900211184,0.04725027780042237,fly,2,🪰,fly,Animals & Nature,animal-bug
window,0.10607621009268794,0.29351184346035014,0.11122554067971163,0.1627188465499485,0.11328527291452112,0.21318228630278063,window,10,🪟,window,Objects,household
woman_medium-light_skin_tone_red_hair,,,,,,,woman_medium-light_skin_tone_red_hair,2,👩🏼‍🦰,"woman: medium-light skin tone, red hair",People & Body,person
vampire_medium_skin_tone,,,,,,,vampire_medium_skin_tone,1,🧛🏽,vampire: medium skin tone,People & Body,person-fantasy
man_golfing_medium-light_skin_tone,,,,,,,man_golfing_medium-light_skin_tone,2,🏌🏼‍♂️,man golfing: medium-light skin tone,People & Body,person-sport
woman_astronaut,0.627636252551653,0.627636252551653,0.0,0.0,0.0,0.0,woman_astronaut,18,👩‍🚀,woman astronaut,People & Body,person-role
woman_pouting_medium-light_skin_tone,,,,,,,woman_pouting_medium-light_skin_tone,1,🙎🏼‍♀️,woman pouting: medium-light skin tone,People & Body,person-gesture
houses,0.13426678646524137,0.3021002695467931,0.32727529200902583,0.4111920335498017,0.10070008984893102,0.26853357293048274,houses,35,🏘️,houses,Travel & Places,place-building
Portugal,,,,,,,Portugal,63,🇵🇹,flag: Portugal,Flags,country-flag
fairy_medium-light_skin_tone,,,,,,,fairy_medium-light_skin_tone,6,🧚🏼,fairy: medium-light skin tone,People & Body,person-fantasy
soft_ice_cream,0.041537004378916824,2.5199115989876204,0.1799936856419729,0.13845668126305608,0.5676723931785299,0.06922834063152804,soft_ice_cream,3287,🍦,soft ice cream,Food & Drink,food-sweet
Russia,,,,,,,Russia,315,🇷🇺,flag: Russia,Flags,country-flag
chart_increasing,0.0,1.7987336970822598,0.14989447475685497,0.44968342427056496,0.29978894951370993,0.0,chart_increasing,499,📈,chart increasing,Objects,office
articulated_lorry,0.0,1.279553365233605,0.0,0.767732019140163,0.255910673046721,0.0,articulated_lorry,201,🚛,articulated lorry,Travel & Places,transport-ground
man_wearing_turban_medium-dark_skin_tone,,,,,,,man_wearing_turban_medium-dark_skin_tone,3,👳🏾‍♂️,man wearing turban: medium-dark skin tone,People & Body,person-role
waving_hand_medium_skin_tone,0.48481094779937767,0.8080182463322962,0.16160364926645923,0.48481094779937767,0.0,0.32320729853291846,waving_hand_medium_skin_tone,183,👋🏽,waving hand: medium skin tone,People & Body,hand-fingers-open
SOS_button,,,,,,,SOS_button,464,🆘,SOS button,Symbols,alphanum
man_technologist_medium_skin_tone,,,,,,,man_technologist_medium_skin_tone,8,👨🏽‍💻,man technologist: medium skin tone,People & Body,person-role
level_slider,0.0,0.0,0.0,0.0,2.406540180433955,0.0,level_slider,255,🎚️,level slider,Objects,music
face_with_symbols_on_mouth,0.8182480225801797,0.454773637812984,0.49956195062789915,1.066306370478171,0.18776638833945175,1.1782771525154587,face_with_symbols_on_mouth,16030,🤬,face with symbols on mouth,Smileys & Emotion,face-negative
radio,0.23647011833535883,0.6831358974132589,0.24303873273356325,0.334999334308425,0.20362704634433676,0.12480367356588383,radio,67,📻,radio,Objects,music
trumpet,0.3340535622971071,0.3340535622971071,0.3340535622971071,0.3340535622971071,0.3340535622971071,0.3340535622971071,trumpet,101,🎺,trumpet,Objects,musical-instrument
star_and_crescent,0.0,0.0,0.0,1.7853298350107671,0.0,0.0,star_and_crescent,61,☪️,star and crescent,Symbols,religion
lizard,0.2280530270181676,0.5017166594399687,0.13683181621090054,0.4104954486327016,0.09122121080726704,0.13683181621090054,lizard,32,🦎,lizard,Animals & Nature,animal-reptile
scorpion,0.10269615329025399,0.9858830715864384,0.1437746146063556,0.1232353839483048,0.20539230658050797,0.04107846131610159,scorpion,40,🦂,scorpion,Animals & Nature,animal-bug
taxi,0.04971205646114242,0.2485602823057121,0.09942411292228484,0.9072450304158491,0.13670815526814165,0.04971205646114242,taxi,31,🚕,taxi,Travel & Places,transport-ground
clinking_glasses,0.03078684306237902,2.539914552646269,0.07696710765594755,0.12314737224951608,0.1539342153118951,0.06157368612475804,clinking_glasses,969,🥂,clinking glasses,Food & Drink,drink
pig,0.15611814252978243,1.115785548080504,0.238768923869079,0.3306031253571863,0.17448498282740388,0.2938694447619434,pig,204,🐖,pig,Animals & Nature,animal-mammal
right_arrow,1.6193773621588599,0.09166286955616187,0.03055428985205396,0.01527714492602698,1.604100217232833,0.0,right_arrow,2296,➡️,right arrow,Symbols,arrow
vulcan_salute_medium-dark_skin_tone,,,,,,,vulcan_salute_medium-dark_skin_tone,26,🖖🏾,vulcan salute: medium-dark skin tone,People & Body,hand-fingers-open
snowman,0.06319669773235363,1.9590976297029628,0.06319669773235363,0.3791801863941218,0.06319669773235363,0.06319669773235363,snowman,390,☃️,snowman,Travel & Places,sky & weather
woman_in_tuxedo,,,,,,,woman_in_tuxedo,7,🤵‍♀️,woman in tuxedo,People & Body,person-role
person_raising_hand_dark_skin_tone,0.0,0.7781512503836436,0.0,0.0,0.0,0.0,person_raising_hand_dark_skin_tone,6,🙋🏿,person raising hand: dark skin tone,People & Body,person-gesture
woman_juggling,,,,,,,woman_juggling,2,🤹‍♀️,woman juggling,People & Body,person-sport
oncoming_automobile,0.06951532139680326,2.154974963300901,0.3128189462856147,0.06951532139680326,0.1042729820952049,0.03475766069840163,oncoming_automobile,557,🚘,oncoming automobile,Travel & Places,transport-ground
tiger,0.11157778769552412,0.7810445138686688,0.20827853703164503,0.550450419297919,0.08182371097671769,0.34961040144597555,tiger,121,🐅,tiger,Animals & Nature,animal-mammal
vulcan_salute_dark_skin_tone,0.0,0.34948500216800943,0.0,0.34948500216800943,0.0,0.0,vulcan_salute_dark_skin_tone,5,🖖🏿,vulcan salute: dark skin tone,People & Body,hand-fingers-open
Sint_Maarten,,,,,,,Sint_Maarten,1,🇸🇽,flag: Sint Maarten,Flags,country-flag
Palestinian_Territories,,,,,,,Palestinian_Territories,448,🇵🇸,flag: Palestinian Territories,Flags,country-flag
card_index,0.0,0.0,0.0,0.6020599913279624,0.0,0.0,card_index,4,📇,card index,Objects,office
bookmark,0.3612359947967774,0.5418539921951661,0.0,0.0,0.0,0.0,bookmark,8,🔖,bookmark,Objects,book-paper
pushpin,0.14389083280634998,0.14389083280634998,0.14389083280634998,1.1511266624507999,0.5755633312253999,0.0,pushpin,144,📌,pushpin,Objects,office
prayer_beads,0.0,0.5204119982655925,0.0,0.7806179973983888,0.0,0.0,prayer_beads,20,📿,prayer beads,Objects,clothing
man_gesturing_NO_dark_skin_tone,,,,,,,man_gesturing_NO_dark_skin_tone,12,🙅🏿‍♂️,man gesturing NO: dark skin tone,People & Body,person-gesture
woman_with_veil_medium-light_skin_tone,,,,,,,woman_with_veil_medium-light_skin_tone,1,👰🏼‍♀️,woman with veil: medium-light skin tone,People & Body,person-role
woman_running,,,,,,,woman_running,323,🏃‍♀️,woman running,People & Body,person-activity
ice_cream,0.0,1.5728994733329573,0.0,0.48396906871783296,0.12099226717945824,0.12099226717945824,ice_cream,199,🍨,ice cream,Food & Drink,food-sweet
full_moon_face,0.0,1.701778810741462,0.12155562933867586,0.48622251735470345,0.12155562933867586,0.12155562933867586,full_moon_face,357,🌝,full moon face,Travel & Places,sky & weather
wavy_dash,,,,,,,wavy_dash,26,〰️,wavy dash,Symbols,punctuation
magnifying_glass_tilted_right,0.09776428922001446,2.8973780259749735,0.035550650625459805,0.008887662656364951,0.2666298796909485,0.0,magnifying_glass_tilted_right,2024,🔎,magnifying glass tilted right,Objects,light & video
horizontal_traffic_light,,,,,,,horizontal_traffic_light,7,🚥,horizontal traffic light,Travel & Places,transport-ground
man_kneeling_light_skin_tone,,,,,,,man_kneeling_light_skin_tone,6,🧎🏻‍♂️,man kneeling: light skin tone,People & Body,person-activity
guitar,0.16186754442440873,1.8129164975533776,0.16186754442440873,0.19424105330929048,0.12949403553952696,0.09712052665464524,guitar,361,🎸,guitar,Objects,musical-instrument
2nd_place_medal,0.0,0.882068444291761,0.0,0.29402281476392034,0.0,0.0,2nd_place_medal,15,🥈,2nd place medal,Activities,award-medal
woman_in_lotus_position_medium_skin_tone,0.0,1.0,0.0,0.0,0.0,0.0,woman_in_lotus_position_medium_skin_tone,10,🧘🏽‍♀️,woman in lotus position: medium skin tone,People & Body,person-resting
potato,0.16635548271687922,0.9334390974669334,0.40664673553014924,0.3558158935888806,0.08779872698946405,0.3003640660165875,potato,178,🥔,potato,Food & Drink,food-vegetable
raised_fist_medium-light_skin_tone,,,,,,,raised_fist_medium-light_skin_tone,363,✊🏼,raised fist: medium-light skin tone,People & Body,hand-fingers-closed
microphone,0.2804170976422379,2.4302815128993944,0.09347236588074594,0.1635766402913054,0.25704900617205134,0.42062564646335676,microphone,4420,🎤,microphone,Objects,music
goblin,0.1650447458882953,0.7427013564973288,0.1650447458882953,0.7839625429694027,0.3713506782486644,0.24756711883244298,goblin,299,👺,goblin,Smileys & Emotion,face-costume
backhand_index_pointing_left_light_skin_tone,0.5399675451734492,1.0799350903468985,0.0,0.3599783634489661,0.3599783634489661,0.3599783634489661,backhand_index_pointing_left_light_skin_tone,501,👈🏻,backhand index pointing left: light skin tone,People & Body,hand-single-finger
Ecuador,,,,,,,Ecuador,38,🇪🇨,flag: Ecuador,Flags,country-flag
face_without_mouth,0.2041459159162564,1.156826856858786,0.544389109110017,0.6804863863875212,0.06804863863875213,0.37426751251313667,face_without_mouth,1067,😶,face without mouth,Smileys & Emotion,face-neutral-skeptical
victory_hand_light_skin_tone,0.13769225988916972,1.7670506685776783,0.20653838983375458,0.22948709981528287,0.13769225988916972,0.41307677966750916,victory_hand_light_skin_tone,779,✌🏻,victory hand: light skin tone,People & Body,hand-fingers-partial
party_popper,0.02593043368765092,3.492829417726579,0.0337095637939462,0.11409390822566405,0.1581756454946706,0.04408173726900657,party_popper,7393,🎉,party popper,Activities,event
mermaid_dark_skin_tone,0.0,0.0,0.0,0.0,0.0,0.0,mermaid_dark_skin_tone,1,🧜🏿‍♀️,mermaid: dark skin tone,People & Body,person-fantasy
person_with_skullcap_dark_skin_tone,,,,,,,person_with_skullcap_dark_skin_tone,1,👲🏿,person with skullcap: dark skin tone,People & Body,person-role
goggles,0.0,0.795673823076312,0.0,0.31826952923052476,0.0,0.0,goggles,13,🥽,goggles,Objects,clothing
man_in_lotus_position,,,,,,,man_in_lotus_position,5,🧘‍♂️,man in lotus position,People & Body,person-resting
woman_judge_dark_skin_tone,,,,,,,woman_judge_dark_skin_tone,1,👩🏿‍⚖️,woman judge: dark skin tone,People & Body,person-role
heart_with_arrow,0.05497077602990995,2.8506273855510442,0.0314118720170914,0.0785296800427285,0.08638264804700135,0.023558904012818547,heart_with_arrow,1335,💘,heart with arrow,Smileys & Emotion,emotion
pinching_hand,0.2217372438441722,0.6652117315325166,0.0,0.2217372438441722,0.8869489753766888,0.0,pinching_hand,99,🤏,pinching hand,People & Body,hand-fingers-partial
small_blue_diamond,0.0,0.0,0.0,0.4830973119605158,1.6103243732017194,0.0,small_blue_diamond,124,🔹,small blue diamond,Symbols,geometric
person_kneeling,,,,,,,person_kneeling,17,🧎,person kneeling,People & Body,person-activity
amphora,,,,,,,amphora,3,🏺,amphora,Food & Drink,dishware
movie_camera,0.042884526434594644,2.187110848164327,0.17153810573837858,0.37166589576648695,0.1572432635935137,0.18583294788324348,movie_camera,1307,🎥,movie camera,Objects,light & video
man_pilot_light_skin_tone,0.0,0.1505149978319906,0.0,0.1505149978319906,0.0,0.0,man_pilot_light_skin_tone,2,👨🏻‍✈️,man pilot: light skin tone,People & Body,person-role
Haiti,,,,,,,Haiti,45,🇭🇹,flag: Haiti,Flags,country-flag
left-facing_fist_medium-dark_skin_tone,,,,,,,left-facing_fist_medium-dark_skin_tone,19,🤛🏾,left-facing fist: medium-dark skin tone,People & Body,hand-fingers-closed
spoon,0.17800666570310691,0.5848790444530656,0.25429523671872417,0.20343618937497931,0.17800666570310691,0.20343618937497931,spoon,40,🥄,spoon,Food & Drink,dishware
Taurus,,,,,,,Taurus,6,♉,Taurus,Symbols,zodiac
open_file_folder,,,,,,,open_file_folder,22,📂,open file folder,Objects,office
man_elf_medium_skin_tone,,,,,,,man_elf_medium_skin_tone,1,🧝🏽‍♂️,man elf: medium skin tone,People & Body,person-fantasy
spider_web,0.0,1.2108019634349156,0.0,0.9081014725761867,0.15135024542936446,0.15135024542936446,spider_web,264,🕸️,spider web,Animals & Nature,animal-bug
tomato,0.16901151343585746,1.1386038799889346,0.48034851187033173,0.3380230268717149,0.11563945656137617,0.30244165562206077,tomato,350,🍅,tomato,Food & Drink,food-fruit
sushi,0.03119268893915743,1.0917441128705099,0.2807342004524168,0.03119268893915743,0.12477075575662971,0.09357806681747229,sushi,45,🍣,sushi,Food & Drink,food-asian
old_man,0.7592569699389438,0.3796284849694719,0.3796284849694719,0.0,0.0,0.0,old_man,33,👴,old man,People & Body,person
steaming_bowl,0.0,1.4760784320114055,0.3690196080028514,0.0,0.0,0.0,steaming_bowl,70,🍜,steaming bowl,Food & Drink,food-asian
keycap_5,0.29635854173060727,1.185434166922429,0.0,0.0,0.29635854173060727,0.0,keycap_5,60,5️⃣,keycap: 5,Symbols,keycap
anchor,0.07642005624434488,0.9934607311764834,0.2292601687330346,0.15284011248868976,0.0,0.2292601687330346,anchor,48,⚓,anchor,Travel & Places,transport-water
pot_of_food,0.30355813132303056,1.3660115909536374,0.15177906566151528,0.15177906566151528,0.0,0.0,pot_of_food,94,🍲,pot of food,Food & Drink,food-prepared
man_cook_medium-dark_skin_tone,,,,,,,man_cook_medium-dark_skin_tone,5,👨🏾‍🍳,man cook: medium-dark skin tone,People & Body,person-role
mage_light_skin_tone,,,,,,,mage_light_skin_tone,1,🧙🏻,mage: light skin tone,People & Body,person-fantasy
Bahrain,,,,,,,Bahrain,8,🇧🇭,flag: Bahrain,Flags,country-flag
old_woman_medium-light_skin_tone,,,,,,,old_woman_medium-light_skin_tone,29,👵🏼,old woman: medium-light skin tone,People & Body,person
exploding_head,0.22291631308737997,1.0867170263009773,0.4040358174708762,0.7941393653737912,0.6826812088301011,0.42493422182281804,exploding_head,4125,🤯,exploding head,Smileys & Emotion,face-unwell
lipstick,0.10933505998361898,1.8586960197215228,0.05466752999180949,0.16400258997542846,0.16400258997542846,0.21867011996723795,lipstick,371,💄,lipstick,Objects,clothing
teacher,0.0230878462751136,0.4084772802520099,0.06926353882534081,0.044399704375218466,0.02663982262513108,0.030191798975148558,teacher,4,🧑‍🏫,teacher,People & Body,person-role
railway_car,0.0,1.0413926851582251,0.0,0.0,0.0,0.0,railway_car,11,🚃,railway car,Travel & Places,transport-ground
double_exclamation_mark,0.3706559122262898,3.2123512392945117,0.2471039414841932,0.1235519707420966,0.0,0.0,double_exclamation_mark,8988,‼️,double exclamation mark,Symbols,punctuation
woman_judge_medium-light_skin_tone,,,,,,,woman_judge_medium-light_skin_tone,5,👩🏼‍⚖️,woman judge: medium-light skin tone,People & Body,person-role
ninja_medium-light_skin_tone,,,,,,,ninja_medium-light_skin_tone,1,🥷🏼,ninja: medium-light skin tone,People & Body,person-role
people_wrestling,0.0,0.7781512503836436,0.0,0.0,0.0,0.0,people_wrestling,6,🤼,people wrestling,People & Body,person-sport
stop_button,0.16498988188790176,0.08249494094395088,0.0,1.319919055103214,0.0,0.16498988188790176,stop_button,54,⏹️,stop button,Symbols,av-symbol
pregnant_woman_medium-light_skin_tone,,,,,,,pregnant_woman_medium-light_skin_tone,33,🤰🏼,pregnant woman: medium-light skin tone,People & Body,person-role
drum,0.06894418410226563,1.1031069456362501,0.10341627615339845,0.27577673640906253,0.4481371966647266,0.31024882846019536,drum,204,🥁,drum,Objects,musical-instrument
red_heart,0.08978978601773897,4.621632759554565,0.14569663391557644,0.2117683632493844,0.12113150377864787,0.03557708502589658,red_heart,168111,❤️,red heart,Smileys & Emotion,emotion
OK_hand_medium_skin_tone,,,,,,,OK_hand_medium_skin_tone,1208,👌🏽,OK hand: medium skin tone,People & Body,hand-fingers-partial
UP!_button,,,,,,,UP!_button,50,🆙,UP! button,Symbols,alphanum
ambulance,0.12632433119187114,0.4105540763735812,0.2210675795857745,0.15790541398983893,1.0421757323329368,0.06316216559593557,ambulance,105,🚑,ambulance,Travel & Places,transport-ground
balance_scale,0.0,0.93753063169585,0.0,0.93753063169585,0.0,0.0,balance_scale,75,⚖️,balance scale,Objects,tool
man_frowning_medium-dark_skin_tone,,,,,,,man_frowning_medium-dark_skin_tone,3,🙍🏾‍♂️,man frowning: medium-dark skin tone,People & Body,person-gesture
man_golfing_medium-dark_skin_tone,,,,,,,man_golfing_medium-dark_skin_tone,9,🏌🏾‍♂️,man golfing: medium-dark skin tone,People & Body,person-sport
speaking_head,0.4173010905354178,0.9140881030775818,0.11922888301011937,0.5564014540472237,0.14903610376264922,1.5797826998840816,speaking_head,5443,🗣️,speaking head,People & Body,person-symbol
black_small_square,,,,,,,black_small_square,68,▪️,black small square,Symbols,geometric
hand_with_fingers_splayed_dark_skin_tone,,,,,,,hand_with_fingers_splayed_dark_skin_tone,10,🖐🏿,hand with fingers splayed: dark skin tone,People & Body,hand-fingers-open
United_States,,,,,,,United_States,3347,🇺🇸,flag: United States,Flags,country-flag
water_closet,,,,,,,water_closet,7,🚾,water closet,Symbols,transport-sign
bullseye,0.0,1.2973079459717112,0.0,0.6486539729858556,0.0,0.4324359819905705,bullseye,239,🎯,bullseye,Activities,game
man_technologist_dark_skin_tone,,,,,,,man_technologist_dark_skin_tone,4,👨🏿‍💻,man technologist: dark skin tone,People & Body,person-role
woman_facepalming_light_skin_tone,0.3124793683093074,0.8202583418119319,0.41012917090596596,0.8007283812926002,0.3320093288286391,0.6054287760992831,woman_facepalming_light_skin_tone,1910,🤦🏻‍♀️,woman facepalming: light skin tone,People & Body,person-gesture
men_holding_hands_medium_skin_tone,,,,,,,men_holding_hands_medium_skin_tone,2,👬🏽,men holding hands: medium skin tone,People & Body,family
Australia,,,,,,,Australia,177,🇦🇺,flag: Australia,Flags,country-flag
raising_hands_medium-dark_skin_tone,,,,,,,raising_hands_medium-dark_skin_tone,2303,🙌🏾,raising hands: medium-dark skin tone,People & Body,hands
woman_vampire,,,,,,,woman_vampire,23,🧛‍♀️,woman vampire,People & Body,person-fantasy
woman_shrugging_medium-dark_skin_tone,,,,,,,woman_shrugging_medium-dark_skin_tone,809,🤷🏾‍♀️,woman shrugging: medium-dark skin tone,People & Body,person-gesture
kitchen_knife,0.3524801069976744,0.6388701939332848,0.3965401203723837,1.4099204279906976,0.0440600133747093,0.1321800401241279,kitchen_knife,942,🔪,kitchen knife,Food & Drink,dishware
European_Union,,,,,,,European_Union,66,🇪🇺,flag: European Union,Flags,country-flag
Indonesia,,,,,,,Indonesia,45,🇮🇩,flag: Indonesia,Flags,country-flag
woman_mechanic,0.0,1.1185212703757044,0.37284042345856816,0.0,0.0,0.0,woman_mechanic,31,👩‍🔧,woman mechanic,People & Body,person-role
closed_mailbox_with_raised_flag,0.0,1.255272505103306,0.0,0.0,0.0,0.0,closed_mailbox_with_raised_flag,18,📫,closed mailbox with raised flag,Objects,mail
Slovenia,,,,,,,Slovenia,2,🇸🇮,flag: Slovenia,Flags,country-flag
otter,0.0,1.2041199826559248,0.0,0.0,0.0,0.0,otter,16,🦦,otter,Animals & Nature,animal-mammal
toolbox,0.0,0.6020599913279623,0.0,0.0,0.0,0.30102999566398114,toolbox,8,🧰,toolbox,Objects,tool
white_flag,0.0,0.5017166594399687,0.0,1.0034333188799374,0.0,0.0,white_flag,32,🏳️,white flag,Flags,flag
egg,1.0093501795501147,0.8276422557346811,0.25638241305465304,0.2862522087503408,0.2700727360818433,0.19539824684262394,egg,700,🥚,egg,Food & Drink,food-prepared
woman_judge_medium_skin_tone,,,,,,,woman_judge_medium_skin_tone,2,👩🏽‍⚖️,woman judge: medium skin tone,People & Body,person-role
vertical_traffic_light,0.0,0.0,0.0,0.0,1.5563025007672873,0.0,vertical_traffic_light,36,🚦,vertical traffic light,Travel & Places,transport-ground
bus,0.12052919450967474,0.7231751670580484,0.2874157715230705,0.21324395951711686,0.19470100651562844,0.23178691251860525,bus,59,🚌,bus,Travel & Places,transport-ground
brick,0.07869029919097266,0.41593443858085544,0.07869029919097266,0.2697953115119062,0.056207356564980465,0.17986354100793747,brick,12,🧱,brick,Travel & Places,place-building
woman_judge,,,,,,,woman_judge,5,👩‍⚖️,woman judge,People & Body,person-role
chequered_flag,0.12379605341820848,2.1045329081095443,0.0,0.18569408012731273,0.06189802670910424,0.06189802670910424,chequered_flag,345,🏁,chequered flag,Flags,flag
P_button,,,,,,,P_button,24,🅿️,P button,Symbols,alphanum
singer,0.0,0.0,0.0,0.0,0.0,0.0,singer,1,🧑‍🎤,singer,People & Body,person-role
woman_cook_medium_skin_tone,0.0,0.0,0.0,0.47712125471966244,0.0,0.0,woman_cook_medium_skin_tone,3,👩🏽‍🍳,woman cook: medium skin tone,People & Body,person-role
man_dancing_medium-light_skin_tone,,,,,,,man_dancing_medium-light_skin_tone,45,🕺🏼,man dancing: medium-light skin tone,People & Body,person-activity
smiling_face_with_horns,0.18600832634547898,1.6259693354682387,0.1603520054702405,1.4976877310920462,0.134695684595002,0.11866048404797797,smiling_face_with_horns,5289,😈,smiling face with horns,Smileys & Emotion,face-negative
thread,0.09462365591397849,0.45806451612903226,0.07526881720430108,0.1978494623655914,0.07741935483870968,0.0967741935483871,thread,10,🧵,thread,Activities,arts & crafts
sign_of_the_horns_light_skin_tone,0.11473802885367951,1.376856346244154,0.0,0.688428173122077,0.11473802885367951,0.17210704328051926,sign_of_the_horns_light_skin_tone,293,🤘🏻,sign of the horns: light skin tone,People & Body,hand-fingers-partial
Isle_of_Man,,,,,,,Isle_of_Man,3,🇮🇲,flag: Isle of Man,Flags,country-flag
man_tipping_hand_dark_skin_tone,,,,,,,man_tipping_hand_dark_skin_tone,2,💁🏿‍♂️,man tipping hand: dark skin tone,People & Body,person-gesture
red_circle,0.2539718585339309,1.9592114801188953,0.18140847038137922,0.18140847038137922,0.10884508222882754,0.0,red_circle,484,🔴,red circle,Symbols,geometric
woman_student,0.0,1.0209859446948366,0.0,0.5104929723474183,0.0,0.0,woman_student,34,👩‍🎓,woman student,People & Body,person-role
office_building,0.0,0.08882920497451477,0.08882920497451477,0.3553168198980591,1.4212672795922363,0.0,office_building,90,🏢,office building,Travel & Places,place-building
cut_of_meat,0.0,1.557759441904835,0.0,0.38943986047620877,0.1298132868254029,0.1298132868254029,cut_of_meat,161,🥩,cut of meat,Food & Drink,food-prepared
woman_detective_light_skin_tone,0.0,0.0,0.0,1.2041199826559248,0.0,0.0,woman_detective_light_skin_tone,16,🕵🏻‍♀️,woman detective: light skin tone,People & Body,person-role
skunk,0.0,0.0,0.0,0.13979400086720378,0.0,0.5591760034688151,skunk,5,🦨,skunk,Animals & Nature,animal-mammal
man_in_steamy_room_light_skin_tone,,,,,,,man_in_steamy_room_light_skin_tone,1,🧖🏻‍♂️,man in steamy room: light skin tone,People & Body,person-activity
palms_up_together_light_skin_tone,0.0,1.0761441721915281,0.0,1.0761441721915281,0.0,0.0,palms_up_together_light_skin_tone,142,🤲🏻,palms up together: light skin tone,People & Body,hands
person_in_tuxedo_medium_skin_tone,,,,,,,person_in_tuxedo_medium_skin_tone,13,🤵🏽,person in tuxedo: medium skin tone,People & Body,person-role
red_question_mark,,,,,,,red_question_mark,589,❓,red question mark,Symbols,punctuation
Santa_Claus_medium_skin_tone,,,,,,,Santa_Claus_medium_skin_tone,81,🎅🏽,Santa Claus: medium skin tone,People & Body,person-fantasy
Tunisia,,,,,,,Tunisia,10,🇹🇳,flag: Tunisia,Flags,country-flag
man_dancing_light_skin_tone,0.0,1.608589003580348,0.22979842908290685,0.0,0.22979842908290685,0.0,man_dancing_light_skin_tone,117,🕺🏻,man dancing: light skin tone,People & Body,person-activity
deaf_woman_light_skin_tone,,,,,,,deaf_woman_light_skin_tone,6,🧏🏻‍♀️,deaf woman: light skin tone,People & Body,person-gesture
person_with_skullcap,,,,,,,person_with_skullcap,8,👲,person with skullcap,People & Body,person-role
blossom,0.022664614014593416,2.1758029454009677,0.11332307007296707,0.13598768408756048,0.06799384204378024,0.04532922802918683,blossom,364,🌼,blossom,Animals & Nature,plant-flower
shamrock,0.20502458357678255,2.0022613587604936,0.40132471678859566,0.26173351094908415,0.3140802131389009,0.25300906058411465,shamrock,2738,☘️,shamrock,Animals & Nature,plant-other
dress,0.09834623804323596,1.4154833546937176,0.18966774479766937,0.23532849817488607,0.11942043190964367,0.12644516319844623,dress,153,👗,dress,Objects,clothing
man_artist,0.0,0.6989700043360189,0.0,0.0,0.0,0.0,man_artist,5,👨‍🎨,man artist,People & Body,person-role
woman_technologist_medium_skin_tone,0.0,1.3222192947339193,0.0,0.0,0.0,0.0,woman_technologist_medium_skin_tone,21,👩🏽‍💻,woman technologist: medium skin tone,People & Body,person-role
man_fairy_dark_skin_tone,0.0,0.6020599913279624,0.0,0.0,0.0,0.0,man_fairy_dark_skin_tone,4,🧚🏿‍♂️,man fairy: dark skin tone,People & Body,person-fantasy
woman_teacher,0.0,0.9319600057813584,0.0,0.0,0.4659800028906792,0.0,woman_teacher,25,👩‍🏫,woman teacher,People & Body,person-role
woman_farmer_medium_skin_tone,,,,,,,woman_farmer_medium_skin_tone,1,👩🏽‍🌾,woman farmer: medium skin tone,People & Body,person-role
ghost,0.2440755057282177,1.4230843045848625,0.2523492516851064,1.2079669097057553,0.07860058659044297,0.13237993531021977,ghost,2180,👻,ghost,Smileys & Emotion,face-costume
white_exclamation_mark,0.0,1.6822785365147208,0.18691983739052453,0.37383967478104907,0.0,0.0,white_exclamation_mark,175,❕,white exclamation mark,Symbols,punctuation
olive,0.01921468057429667,0.12809787049531116,0.06404893524765558,0.07045382877242114,0.0,0.01921468057429667,olive,2,🫒,olive,Food & Drink,food-fruit
horse_racing_medium-light_skin_tone,,,,,,,horse_racing_medium-light_skin_tone,1,🏇🏼,horse racing: medium-light skin tone,People & Body,person-sport
fairy_light_skin_tone,,,,,,,fairy_light_skin_tone,23,🧚🏻,fairy: light skin tone,People & Body,person-fantasy
woman_police_officer_light_skin_tone,,,,,,,woman_police_officer_light_skin_tone,5,👮🏻‍♀️,woman police officer: light skin tone,People & Body,person-role
house,0.1986204330493897,0.7764817554524578,0.3091030489331127,0.56668892304404,0.17999976745100943,0.3972408660987794,house,268,🏠,house,Travel & Places,place-building
Azerbaijan,,,,,,,Azerbaijan,41,🇦🇿,flag: Azerbaijan,Flags,country-flag
breast-feeding_light_skin_tone,,,,,,,breast-feeding_light_skin_tone,4,🤱🏻,breast-feeding: light skin tone,People & Body,person-role
check_mark_button,,,,,,,check_mark_button,2169,✅,check mark button,Symbols,other-symbol
man_raising_hand,0.0,3.871280972857973,0.0,0.0,0.0,0.0,man_raising_hand,7435,🙋‍♂️,man raising hand,People & Body,person-gesture
Congo_-_Kinshasa,,,,,,,Congo_-_Kinshasa,5,🇨🇩,flag: Congo - Kinshasa,Flags,country-flag
TOP_arrow,,,,,,,TOP_arrow,155,🔝,TOP arrow,Symbols,arrow
woman_farmer_light_skin_tone,0.0,0.47712125471966244,0.0,0.0,0.0,0.0,woman_farmer_light_skin_tone,3,👩🏻‍🌾,woman farmer: light skin tone,People & Body,person-role
man_singer_dark_skin_tone,0.0,0.0,0.0,0.0,0.0,0.0,man_singer_dark_skin_tone,1,👨🏿‍🎤,man singer: dark skin tone,People & Body,person-role
woman_astronaut_light_skin_tone,,,,,,,woman_astronaut_light_skin_tone,3,👩🏻‍🚀,woman astronaut: light skin tone,People & Body,person-role
woman_astronaut_medium-light_skin_tone,,,,,,,woman_astronaut_medium-light_skin_tone,5,👩🏼‍🚀,woman astronaut: medium-light skin tone,People & Body,person-role
family_man_man_boy_boy,,,,,,,family_man_man_boy_boy,2,👨‍👨‍👦‍👦,"family: man, man, boy, boy",People & Body,family
woman_rowing_boat_light_skin_tone,,,,,,,woman_rowing_boat_light_skin_tone,2,🚣🏻‍♀️,woman rowing boat: light skin tone,People & Body,person-sport
Capricorn,,,,,,,Capricorn,7,♑,Capricorn,Symbols,zodiac
woman_pouting_medium_skin_tone,,,,,,,woman_pouting_medium_skin_tone,4,🙎🏽‍♀️,woman pouting: medium skin tone,People & Body,person-gesture
person_frowning_medium-dark_skin_tone,,,,,,,person_frowning_medium-dark_skin_tone,4,🙍🏾,person frowning: medium-dark skin tone,People & Body,person-gesture
couple_with_heart_woman_man,0.0,1.146128035678238,0.0,0.0,0.0,0.0,couple_with_heart_woman_man,14,👩‍❤️‍👨,"couple with heart: woman, man",People & Body,family
family_woman_woman_boy_boy,0.0,0.6020599913279624,0.0,0.0,0.0,0.0,family_woman_woman_boy_boy,4,👩‍👩‍👦‍👦,"family: woman, woman, boy, boy",People & Body,family
man_getting_massage,,,,,,,man_getting_massage,11,💆‍♂️,man getting massage,People & Body,person-activity
weary_face,0.3710133880884587,1.6973486985423412,0.7585496396140552,1.0499528675053953,0.17724526232566043,0.4175778214113017,weary_face,29627,😩,weary face,Smileys & Emotion,face-concerned
man_health_worker_medium_skin_tone,0.0,0.0,0.0,0.0,0.47712125471966244,0.0,man_health_worker_medium_skin_tone,3,👨🏽‍⚕️,man health worker: medium skin tone,People & Body,person-role
oncoming_taxi,0.0,1.3424226808222062,0.0,0.0,0.0,0.0,oncoming_taxi,22,🚖,oncoming taxi,Travel & Places,transport-ground
hibiscus,0.0,2.0732673432322963,0.10113499235279494,0.07585124426459622,0.025283748088198735,0.3286887251465836,hibiscus,402,🌺,hibiscus,Animals & Nature,plant-flower
woman_pilot,,,,,,,woman_pilot,4,👩‍✈️,woman pilot,People & Body,person-role
multiply,0.15217290022506885,1.3695561020256197,0.3043458004501377,0.0,0.0,0.0,multiply,67,✖️,multiply,Symbols,math
woman_teacher_medium_skin_tone,0.0,0.0,0.0,0.0,0.0,0.7781512503836436,woman_teacher_medium_skin_tone,6,👩🏽‍🏫,woman teacher: medium skin tone,People & Body,person-role
Santa_Claus,,,,,,,Santa_Claus,1845,🎅,Santa Claus,People & Body,person-fantasy
factory,0.21089218805809046,0.2027809500558562,0.21089218805809046,0.23252215606404844,0.05948241201638448,0.1973734580543667,factory,13,🏭,factory,Travel & Places,place-building
baby_bottle,0.0,0.5852916185574971,0.0,1.1705832371149942,0.0,0.0,baby_bottle,57,🍼,baby bottle,Food & Drink,drink
woman_facepalming_dark_skin_tone,0.28737931160013147,0.0,0.28737931160013147,0.8621379348003945,0.0,0.28737931160013147,woman_facepalming_dark_skin_tone,53,🤦🏿‍♀️,woman facepalming: dark skin tone,People & Body,person-gesture
rocket,0.2771469962758874,1.4134496810070258,0.24943229664829866,0.6512954412483354,0.34643374534485927,0.3187190457172705,rocket,1805,🚀,rocket,Travel & Places,transport-air
open_book,0.0,1.2982535525535777,0.0,0.10386028420428621,0.7270219894300035,0.10386028420428621,open_book,171,📖,open book,Objects,book-paper
hundred_points,0.15609761155568097,2.1433402817453118,0.1951220144446012,0.5283303775730741,0.33020648598317126,0.6303942005133271,hundred_points,9627,💯,hundred points,Smileys & Emotion,emotion
Austria,,,,,,,Austria,19,🇦🇹,flag: Austria,Flags,country-flag
ladder,0.0,0.0,0.0,0.0,0.0,0.0,ladder,1,🪜,ladder,Objects,tool
man_raising_hand_medium-dark_skin_tone,,,,,,,man_raising_hand_medium-dark_skin_tone,30,🙋🏾‍♂️,man raising hand: medium-dark skin tone,People & Body,person-gesture
United_Nations,,,,,,,United_Nations,9,🇺🇳,flag: United Nations,Flags,country-flag
woman_office_worker_light_skin_tone,0.0,1.0413926851582251,0.0,0.0,0.0,0.0,woman_office_worker_light_skin_tone,11,👩🏻‍💼,woman office worker: light skin tone,People & Body,person-role
locked_with_pen,,,,,,,locked_with_pen,2,🔏,locked with pen,Objects,lock
guard_dark_skin_tone,,,,,,,guard_dark_skin_tone,3,💂🏿,guard: dark skin tone,People & Body,person-role
oncoming_fist_medium-light_skin_tone,,,,,,,oncoming_fist_medium-light_skin_tone,338,👊🏼,oncoming fist: medium-light skin tone,People & Body,hand-fingers-closed
woman_medium-dark_skin_tone_red_hair,,,,,,,woman_medium-dark_skin_tone_red_hair,1,👩🏾‍🦰,"woman: medium-dark skin tone, red hair",People & Body,person
face_in_clouds,,,,,,,face_in_clouds,2,😶‍🌫️,face in clouds,Smileys & Emotion,face-neutral-skeptical
boy_medium_skin_tone,,,,,,,boy_medium_skin_tone,11,👦🏽,boy: medium skin tone,People & Body,person
raised_fist,0.5406272291546131,1.5595016225613845,0.12476012980491073,0.4782471642521578,0.062380064902455366,0.27031361457730657,raised_fist,1086,✊,raised fist,People & Body,hand-fingers-closed
middle_finger,0.4787839063173463,0.25101292175860873,0.3997613198377843,0.9436226503147699,0.06972581159961354,1.4317033315120646,middle_finger,3755,🖕,middle finger,People & Body,hand-single-finger
Somalia,,,,,,,Somalia,2,🇸🇴,flag: Somalia,Flags,country-flag
baguette_bread,0.11994238077350462,1.1994238077350463,0.11994238077350462,0.23988476154700925,0.11994238077350462,0.11994238077350462,baguette_bread,83,🥖,baguette bread,Food & Drink,food-prepared
man_wearing_turban_medium_skin_tone,,,,,,,man_wearing_turban_medium_skin_tone,1,👳🏽‍♂️,man wearing turban: medium skin tone,People & Body,person-role
woman_technologist_medium-light_skin_tone,,,,,,,woman_technologist_medium-light_skin_tone,27,👩🏼‍💻,woman technologist: medium-light skin tone,People & Body,person-role
cat,0.17001799467993017,0.986104369143595,0.3060323904238743,0.4265906048332794,0.10510203307486593,0.2565726101533492,cat,178,🐈,cat,Animals & Nature,animal-mammal
men_holding_hands_medium_skin_tone_light_skin_tone,,,,,,,men_holding_hands_medium_skin_tone_light_skin_tone,1,👨🏽‍🤝‍👨🏻,"men holding hands: medium skin tone, light skin tone",People & Body,family
Leo,,,,,,,Leo,13,♌,Leo,Symbols,zodiac
oyster,0.0,0.34948500216800943,0.13979400086720378,0.06989700043360189,0.06989700043360189,0.06989700043360189,oyster,5,🦪,oyster,Food & Drink,food-marine
Canary_Islands,,,,,,,Canary_Islands,1,🇮🇨,flag: Canary Islands,Flags,country-flag
man_swimming_medium-light_skin_tone,,,,,,,man_swimming_medium-light_skin_tone,4,🏊🏼‍♂️,man swimming: medium-light skin tone,People & Body,person-sport
cold_face,0.34769270003185804,0.904001020082831,0.5563083200509729,0.41723124003822964,0.06953854000637161,0.34769270003185804,cold_face,439,🥶,cold face,Smileys & Emotion,face-unwell
woman_running_medium_skin_tone,0.0,0.41086316912154686,0.0,0.0,1.2325895073646405,0.0,woman_running_medium_skin_tone,44,🏃🏽‍♀️,woman running: medium skin tone,People & Body,person-activity
raised_hand_medium-dark_skin_tone,,,,,,,raised_hand_medium-dark_skin_tone,71,✋🏾,raised hand: medium-dark skin tone,People & Body,hand-fingers-open
woman_medium_skin_tone_red_hair,,,,,,,woman_medium_skin_tone_red_hair,3,👩🏽‍🦰,"woman: medium skin tone, red hair",People & Body,person
man_judge_medium-dark_skin_tone,,,,,,,man_judge_medium-dark_skin_tone,1,👨🏾‍⚖️,man judge: medium-dark skin tone,People & Body,person-role
man_playing_handball_medium-dark_skin_tone,,,,,,,man_playing_handball_medium-dark_skin_tone,2,🤾🏾‍♂️,man playing handball: medium-dark skin tone,People & Body,person-sport
ice,0.09522736658147392,0.4348281579062736,0.14523260474069535,0.5209241331717157,0.13088327552978835,0.3804746381679894,ice,51,🧊,ice,Food & Drink,drink
Santa_Claus_dark_skin_tone,,,,,,,Santa_Claus_dark_skin_tone,7,🎅🏿,Santa Claus: dark skin tone,People & Body,person-fantasy
brown_heart,0.0,2.350368060696365,0.0,0.02238445772091776,0.2238445772091776,0.0,brown_heart,395,🤎,brown heart,Smileys & Emotion,emotion
videocassette,0.49443091544805146,0.9888618308961029,0.1648103051493505,0.0,0.1648103051493505,0.0,videocassette,65,📼,videocassette,Objects,light & video
skis,0.0,0.7426289015378911,0.0,0.37131445076894554,0.0,0.0,skis,13,🎿,skis,Activities,sport
family_man_woman_boy_boy,0.0,1.4471580313422192,0.0,0.0,0.0,0.0,family_man_woman_boy_boy,28,👨‍👩‍👦‍👦,"family: man, woman, boy, boy",People & Body,family
woman_walking_medium-light_skin_tone,,,,,,,woman_walking_medium-light_skin_tone,8,🚶🏼‍♀️,woman walking: medium-light skin tone,People & Body,person-activity
cyclone,0.0,0.7906787499867193,0.0,0.5647705357047995,0.7906787499867193,0.0,cyclone,140,🌀,cyclone,Travel & Places,sky & weather
breast-feeding_medium-light_skin_tone,,,,,,,breast-feeding_medium-light_skin_tone,2,🤱🏼,breast-feeding: medium-light skin tone,People & Body,person-role
person_shrugging_medium-dark_skin_tone,,,,,,,person_shrugging_medium-dark_skin_tone,48,🤷🏾,person shrugging: medium-dark skin tone,People & Body,person-gesture
woman_gesturing_OK_dark_skin_tone,,,,,,,woman_gesturing_OK_dark_skin_tone,4,🙆🏿‍♀️,woman gesturing OK: dark skin tone,People & Body,person-gesture
bathtub,0.12390761863466487,0.4336766652213271,0.12390761863466487,0.3097690465866622,0.1858614279519973,0.12390761863466487,bathtub,20,🛁,bathtub,Objects,household
backhand_index_pointing_right_medium-light_skin_tone,,,,,,,backhand_index_pointing_right_medium-light_skin_tone,733,👉🏼,backhand index pointing right: medium-light skin tone,People & Body,hand-single-finger
supervillain_light_skin_tone,,,,,,,supervillain_light_skin_tone,1,🦹🏻,supervillain: light skin tone,People & Body,person-fantasy
woman_mountain_biking_light_skin_tone,,,,,,,woman_mountain_biking_light_skin_tone,2,🚵🏻‍♀️,woman mountain biking: light skin tone,People & Body,person-sport
woman_raising_hand_dark_skin_tone,,,,,,,woman_raising_hand_dark_skin_tone,10,🙋🏿‍♀️,woman raising hand: dark skin tone,People & Body,person-gesture
green_circle,0.06757480723894572,0.4730236506726201,1.2163465303010232,0.06757480723894572,0.06757480723894572,0.0,green_circle,78,🟢,green circle,Symbols,geometric
health_worker,,,,,,,health_worker,1,🧑‍⚕️,health worker,People & Body,person-role
French_Polynesia,,,,,,,French_Polynesia,2,🇵🇫,flag: French Polynesia,Flags,country-flag
ear_light_skin_tone,0.0,0.6152244606891369,0.0,0.0,0.6152244606891369,0.0,ear_light_skin_tone,17,👂🏻,ear: light skin tone,People & Body,body-parts
pound_banknote,0.3087668574621392,0.6175337149242784,0.3087668574621392,0.9263005723864177,0.0,0.0,pound_banknote,145,💷,pound banknote,Objects,money
Tanzania,,,,,,,Tanzania,15,🇹🇿,flag: Tanzania,Flags,country-flag
ribbon,0.0,1.2201224415643388,0.5024033582911983,0.25120167914559915,0.07177190832731405,0.07177190832731405,ribbon,131,🎀,ribbon,Activities,event
woman_facepalming_medium_skin_tone,0.3342107910633692,0.6684215821267384,0.46418165425467944,0.6498543159565513,0.24137446021243333,0.8726615099987974,woman_facepalming_medium_skin_tone,1701,🤦🏽‍♀️,woman facepalming: medium skin tone,People & Body,person-gesture
Dominican_Republic,,,,,,,Dominican_Republic,34,🇩🇴,flag: Dominican Republic,Flags,country-flag
infinity,0.025755638966161162,0.22407405900560212,0.036057894552625626,1.4938270600373473,0.02060451117292893,0.025755638966161162,infinity,67,♾️,infinity,Symbols,math
backhand_index_pointing_down_light_skin_tone,0.0,1.7439763323902517,0.0,0.6228486901393756,0.37370921408362534,0.12456973802787512,backhand_index_pointing_down_light_skin_tone,733,👇🏻,backhand index pointing down: light skin tone,People & Body,hand-single-finger
luggage,0.1124825140650287,0.4499300562601148,0.5624125703251435,0.1124825140650287,0.16872377109754305,0.1124825140650287,luggage,33,🧳,luggage,Travel & Places,hotel
dog_face,0.07989158134297726,2.5165848123037837,0.18641368980028028,0.18641368980028028,0.2263594804717689,0.013315263557162877,dog_face,1618,🐶,dog face,Animals & Nature,animal-mammal
breast-feeding_medium_skin_tone,,,,,,,breast-feeding_medium_skin_tone,2,🤱🏽,breast-feeding: medium skin tone,People & Body,person-role
gear,0.07427294076998782,0.6843720970948878,0.10079899104498347,0.48277411500492085,0.10079899104498347,0.16976672175997215,gear,41,⚙️,gear,Objects,tool
dragon,0.15075640787851777,0.7734459186810912,0.22941192503252703,0.6030256315140711,0.1704202871670201,0.18352954002602162,dragon,129,🐉,dragon,Animals & Nature,animal-reptile
woman_gesturing_OK,,,,,,,woman_gesturing_OK,98,🙆‍♀️,woman gesturing OK,People & Body,person-gesture
family_woman_girl,0.0,1.3979400086720377,0.0,0.0,0.0,0.0,family_woman_girl,25,👩‍👧,"family: woman, girl",People & Body,family
bento_box,0.0,1.2985994323183205,0.0,0.0,0.32464985807958013,0.0,bento_box,42,🍱,bento box,Food & Drink,food-asian
eggplant,0.06144704741834981,0.8602586638568973,0.0,0.6144704741834981,0.30723523709174905,0.6144704741834981,eggplant,287,🍆,eggplant,Food & Drink,food-vegetable
trident_emblem,0.530354869008833,0.2651774345044165,0.0,0.2651774345044165,0.530354869008833,0.0,trident_emblem,39,🔱,trident emblem,Symbols,other-symbol
ID_button,,,,,,,ID_button,14,🆔,ID button,Symbols,alphanum
loudly_crying_face,0.4322208467334303,2.1508280896165726,1.1549763116241303,0.8264511003101758,0.21361923693021123,0.3571738553337496,loudly_crying_face,136543,😭,loudly crying face,Smileys & Emotion,face-concerned
thumbs_down_medium-light_skin_tone,,,,,,,thumbs_down_medium-light_skin_tone,1580,👎🏼,thumbs down: medium-light skin tone,People & Body,hand-fingers-closed
pleading_face,0.18832365866678555,3.0811449718716193,0.5522272697747846,0.38655908884234924,0.19540349545876995,0.12743706225571955,pleading_face,33970,🥺,pleading face,Smileys & Emotion,face-concerned
old_man_medium-light_skin_tone,,,,,,,old_man_medium-light_skin_tone,5,👴🏼,old man: medium-light skin tone,People & Body,person
Chad,,,,,,,Chad,6,🇹🇩,flag: Chad,Flags,country-flag
airplane_departure,0.28561588220909967,1.4280794110454986,0.0,0.42842382331364953,0.42842382331364953,0.0,airplane_departure,372,🛫,airplane departure,Travel & Places,transport-air
baseball,0.49424446912770476,1.6804311950341961,0.4283452065773441,0.3624459440269835,0.4283452065773441,0.1976977876510819,baseball,3904,⚾,baseball,Activities,sport
bell,0.2419802932593436,0.6080530446004019,0.2730034077797723,0.46534671780642994,0.29161727649202945,0.4033004887655727,bell,192,🔔,bell,Objects,sound
grinning_cat_with_smiling_eyes,,,,,,,grinning_cat_with_smiling_eyes,223,😸,grinning cat with smiling eyes,Smileys & Emotion,cat-face
cup_with_straw,0.041257443548624546,2.2416544328086005,0.12377233064587363,0.12377233064587363,0.6876240591437425,0.08251488709724909,cup_with_straw,1998,🥤,cup with straw,Food & Drink,drink
man,0.22960266023094364,0.524304184523766,0.2093496803005814,0.40216631576005074,0.06964545139318454,0.3910065104923001,man,67,👨,man,People & Body,person
sewing_needle,,,,,,,sewing_needle,1,🪡,sewing needle,Activities,arts & crafts
clapping_hands,0.12360406631155209,2.9585231355861827,0.19670324531300762,0.3894192626804813,0.4000518705352385,0.2219556889680559,clapping_hands,19510,👏,clapping hands,People & Body,hands
construction_worker,0.0,1.7481880270062005,0.0,0.0,0.0,0.0,construction_worker,56,👷,construction worker,People & Body,person-role
person_swimming_medium-light_skin_tone,,,,,,,person_swimming_medium-light_skin_tone,2,🏊🏼,person swimming: medium-light skin tone,People & Body,person-sport
prohibited,1.347328947729372,0.07485160820718732,0.12059425766713515,0.19960428855249954,1.3099031436257782,0.08316845356354148,prohibited,1366,🚫,prohibited,Symbols,warning
clockwise_vertical_arrows,0.0,0.0,0.3471308950527417,0.0,0.0,0.6942617901054834,clockwise_vertical_arrows,11,🔃,clockwise vertical arrows,Symbols,arrow
briefs,0.049711649412603344,0.6462514423638434,0.09942329882520669,0.0,0.049711649412603344,0.0,briefs,7,🩲,briefs,Objects,clothing
index_pointing_up_medium_skin_tone,0.18260748027008267,1.0956448816204958,0.0,0.36521496054016533,0.0,0.18260748027008267,index_pointing_up_medium_skin_tone,67,☝🏽,index pointing up: medium skin tone,People & Body,hand-single-finger
woman_student_medium_skin_tone,,,,,,,woman_student_medium_skin_tone,11,👩🏽‍🎓,woman student: medium skin tone,People & Body,person-role
military_helmet,,,,,,,military_helmet,6,🪖,military helmet,Objects,clothing
man_frowning_medium_skin_tone,,,,,,,man_frowning_medium_skin_tone,5,🙍🏽‍♂️,man frowning: medium skin tone,People & Body,person-gesture
person_getting_massage_medium_skin_tone,0.0,0.9542425094393249,0.0,0.0,0.0,0.0,person_getting_massage_medium_skin_tone,9,💆🏽,person getting massage: medium skin tone,People & Body,person-activity
palms_up_together_dark_skin_tone,0.0,1.2041199826559248,0.0,0.0,0.0,0.0,palms_up_together_dark_skin_tone,16,🤲🏿,palms up together: dark skin tone,People & Body,hands
Canada,,,,,,,Canada,808,🇨🇦,flag: Canada,Flags,country-flag
woman_gesturing_NO_medium-dark_skin_tone,,,,,,,woman_gesturing_NO_medium-dark_skin_tone,55,🙅🏾‍♀️,woman gesturing NO: medium-dark skin tone,People & Body,person-gesture
man_dark_skin_tone_bald,,,,,,,man_dark_skin_tone_bald,2,👨🏿‍🦲,"man: dark skin tone, bald",People & Body,person
boomerang,0.0,0.0,0.0,0.0,0.0,0.0,boomerang,1,🪃,boomerang,Objects,tool
man_surfing_medium-light_skin_tone,,,,,,,man_surfing_medium-light_skin_tone,4,🏄🏼‍♂️,man surfing: medium-light skin tone,People & Body,person-sport
person_getting_massage_medium-dark_skin_tone,,,,,,,person_getting_massage_medium-dark_skin_tone,9,💆🏾,person getting massage: medium-dark skin tone,People & Body,person-activity
Iceland,,,,,,,Iceland,25,🇮🇸,flag: Iceland,Flags,country-flag
doughnut,0.15822182806605334,1.7404401087265866,0.13185152338837777,0.21096243742140447,0.07911091403302667,0.2900733514544311,doughnut,408,🍩,doughnut,Food & Drink,food-sweet
woman_getting_haircut_light_skin_tone,0.0,0.7781512503836436,0.0,0.0,0.0,0.0,woman_getting_haircut_light_skin_tone,6,💇🏻‍♀️,woman getting haircut: light skin tone,People & Body,person-activity
auto_rickshaw,,,,,,,auto_rickshaw,1,🛺,auto rickshaw,Travel & Places,transport-ground
person_rowing_boat,0.0,1.1139433523068367,0.0,0.0,0.0,0.0,person_rowing_boat,13,🚣,person rowing boat,People & Body,person-sport
princess_medium-dark_skin_tone,,,,,,,princess_medium-dark_skin_tone,27,👸🏾,princess: medium-dark skin tone,People & Body,person-role
minus,0.19756723000936893,0.6585574333645631,0.32927871668228154,0.26342297334582526,0.2304951016775971,0.32927871668228154,minus,102,➖,minus,Symbols,math
astronaut_light_skin_tone,,,,,,,astronaut_light_skin_tone,1,🧑🏻‍🚀,astronaut: light skin tone,People & Body,person-role
person_light_skin_tone,,,,,,,person_light_skin_tone,5,🧑🏻,person: light skin tone,People & Body,person
woman_in_steamy_room_medium_skin_tone,,,,,,,woman_in_steamy_room_medium_skin_tone,4,🧖🏽‍♀️,woman in steamy room: medium skin tone,People & Body,person-activity
transgender_flag,,,,,,,transgender_flag,5,🏳️‍⚧️,transgender flag,Flags,flag
woman_swimming_medium_skin_tone,0.0,0.1505149978319906,0.0,0.1505149978319906,0.0,0.0,woman_swimming_medium_skin_tone,2,🏊🏽‍♀️,woman swimming: medium skin tone,People & Body,person-sport
woman_with_white_cane_light_skin_tone,,,,,,,woman_with_white_cane_light_skin_tone,17,👩🏻‍🦯,woman with white cane: light skin tone,People & Body,person-activity
woman_getting_haircut_medium_skin_tone,,,,,,,woman_getting_haircut_medium_skin_tone,2,💇🏽‍♀️,woman getting haircut: medium skin tone,People & Body,person-activity
footprints,0.0,0.8591571744636805,0.12273673920909721,0.49094695683638884,0.24547347841819442,0.24547347841819442,footprints,92,👣,footprints,People & Body,person-symbol
waving_hand_dark_skin_tone,0.9201408278077372,0.0,0.0,0.0,0.4600704139038686,0.0,waving_hand_dark_skin_tone,24,👋🏿,waving hand: dark skin tone,People & Body,hand-fingers-open
man_getting_massage_medium-light_skin_tone,,,,,,,man_getting_massage_medium-light_skin_tone,1,💆🏼‍♂️,man getting massage: medium-light skin tone,People & Body,person-activity
Santa_Claus_medium-light_skin_tone,,,,,,,Santa_Claus_medium-light_skin_tone,373,🎅🏼,Santa Claus: medium-light skin tone,People & Body,person-fantasy
man_climbing,,,,,,,man_climbing,3,🧗‍♂️,man climbing,People & Body,person-activity
Israel,,,,,,,Israel,36,🇮🇱,flag: Israel,Flags,country-flag
person_raising_hand_medium_skin_tone,,,,,,,person_raising_hand_medium_skin_tone,35,🙋🏽,person raising hand: medium skin tone,People & Body,person-gesture
woman_blond_hair,,,,,,,woman_blond_hair,16,👱‍♀️,woman: blond hair,People & Body,person
nose_dark_skin_tone,0.0,0.3010299956639812,0.0,0.0,0.0,0.0,nose_dark_skin_tone,2,👃🏿,nose: dark skin tone,People & Body,body-parts
woman_frowning,,,,,,,woman_frowning,6,🙍‍♀️,woman frowning,People & Body,person-gesture
Brazil,,,,,,,Brazil,869,🇧🇷,flag: Brazil,Flags,country-flag
funeral_urn,,,,,,,funeral_urn,9,⚱️,funeral urn,Objects,other-object
zzz,0.02776578778018599,1.1106315112074396,1.675202529404555,0.06478683815376732,0.10180788852734862,0.009255262593395331,zzz,976,💤,zzz,Smileys & Emotion,emotion
person_playing_handball_medium_skin_tone,,,,,,,person_playing_handball_medium_skin_tone,1,🤾🏽,person playing handball: medium skin tone,People & Body,person-sport
woman_vampire_light_skin_tone,0.0,0.6475087476285749,0.0,0.43167249841905,0.0,0.0,woman_vampire_light_skin_tone,12,🧛🏻‍♀️,woman vampire: light skin tone,People & Body,person-fantasy
cat_face,0.03744939428796294,1.947368502974073,0.26214576001574064,0.3370445485916665,0.0,0.11234818286388883,cat_face,497,🐱,cat face,Animals & Nature,animal-mammal
bell_pepper,,,,,,,bell_pepper,5,🫑,bell pepper,Food & Drink,food-vegetable
woman_biking_medium-light_skin_tone,,,,,,,woman_biking_medium-light_skin_tone,5,🚴🏼‍♀️,woman biking: medium-light skin tone,People & Body,person-sport
man_student,,,,,,,man_student,22,👨‍🎓,man student,People & Body,person-role
man_police_officer_medium_skin_tone,0.0,0.0,0.3010299956639812,0.0,0.0,0.0,man_police_officer_medium_skin_tone,2,👮🏽‍♂️,man police officer: medium skin tone,People & Body,person-role
woman_farmer_medium-dark_skin_tone,,,,,,,woman_farmer_medium-dark_skin_tone,1,👩🏾‍🌾,woman farmer: medium-dark skin tone,People & Body,person-role
left_arrow,1.9793730112610044,0.4948432528152511,0.0,0.0,0.0,0.0,left_arrow,298,⬅️,left arrow,Symbols,arrow
bird,0.13555436346365698,0.6506609446255537,0.23315350515749006,0.5693283265473594,0.1084434907709256,0.40666309039097104,bird,127,🐦,bird,Animals & Nature,animal-bird
stethoscope,0.0,1.2304489213782739,0.0,0.0,0.0,0.0,stethoscope,17,🩺,stethoscope,Objects,medical
person_kneeling_dark_skin_tone,,,,,,,person_kneeling_dark_skin_tone,3,🧎🏿,person kneeling: dark skin tone,People & Body,person-activity
man_playing_handball,,,,,,,man_playing_handball,3,🤾‍♂️,man playing handball,People & Body,person-sport
mouse_face,0.3415140352195873,1.0245421056587618,0.0,0.3415140352195873,0.0,0.0,mouse_face,51,🐭,mouse face,Animals & Nature,animal-mammal
chart_decreasing,0.09376750009620391,0.09376750009620391,0.6563725006734275,0.0,0.28130250028861176,1.125210001154447,chart_decreasing,178,📉,chart decreasing,Objects,office
dumpling,0.0,0.7554268722333374,0.1079181246047625,0.1079181246047625,0.0,0.1079181246047625,dumpling,12,🥟,dumpling,Food & Drink,food-asian
man_golfing_dark_skin_tone,0.0,0.3010299956639812,0.0,0.0,0.0,0.0,man_golfing_dark_skin_tone,2,🏌🏿‍♂️,man golfing: dark skin tone,People & Body,person-sport
Statue_of_Liberty,,,,,,,Statue_of_Liberty,193,🗽,Statue of Liberty,Travel & Places,place-building
men_holding_hands,0.0,1.724275869600789,0.0,0.0,0.0,0.0,men_holding_hands,53,👬,men holding hands,People & Body,family
women_holding_hands_medium_skin_tone,,,,,,,women_holding_hands_medium_skin_tone,1,👭🏽,women holding hands: medium skin tone,People & Body,family
man_medium-light_skin_tone,,,,,,,man_medium-light_skin_tone,4,👨🏼,man: medium-light skin tone,People & Body,person
ox,0.5135172909271135,1.027034581854227,0.0855862151545189,0.3423448606180756,0.0,0.0,ox,93,🐂,ox,Animals & Nature,animal-mammal
printer,0.1827566565418741,0.3213996373667441,0.3150976836928863,0.216367076135782,0.28148726409897845,0.33610419593907875,printer,45,🖨️,printer,Objects,computer
honey_pot,0.0,1.9712985283532622,0.21903316981702914,0.0,0.0,0.0,honey_pot,155,🍯,honey pot,Food & Drink,food-sweet
woman_getting_massage_medium-light_skin_tone,,,,,,,woman_getting_massage_medium-light_skin_tone,5,💆🏼‍♀️,woman getting massage: medium-light skin tone,People & Body,person-activity
right-facing_fist_dark_skin_tone,,,,,,,right-facing_fist_dark_skin_tone,1,🤜🏿,right-facing fist: dark skin tone,People & Body,hand-fingers-closed
keycap_4,0.28169934667141894,1.1267973866856758,0.28169934667141894,0.0,0.0,0.0,keycap_4,49,4️⃣,keycap: 4,Symbols,keycap
magic_wand,,,,,,,magic_wand,21,🪄,magic wand,Activities,game
raising_hands,0.0863134003571019,3.3560680962379035,0.08377477093483421,0.31986730720573064,0.26655608933810887,0.060927106134424876,raising_hands,14911,🙌,raising hands,People & Body,hands
canned_food,0.0,1.3222192947339193,0.0,0.0,0.0,0.0,canned_food,21,🥫,canned food,Food & Drink,food-prepared
family_woman_woman_girl_girl,0.0,0.47712125471966244,0.0,0.0,0.0,0.0,family_woman_woman_girl_girl,3,👩‍👩‍👧‍👧,"family: woman, woman, girl, girl",People & Body,family
man_cook_light_skin_tone,,,,,,,man_cook_light_skin_tone,9,👨🏻‍🍳,man cook: light skin tone,People & Body,person-role
palm_tree,0.0731417644274436,1.9748276395409774,0.32913793992349627,0.0,0.0,0.0731417644274436,palm_tree,282,🌴,palm tree,Animals & Nature,plant-other
peanuts,0.07568378410761921,0.7946797331300017,0.2648932443766673,0.34057702848428645,0.15136756821523842,0.2648932443766673,peanuts,78,🥜,peanuts,Food & Drink,food-vegetable
woman_wearing_turban,,,,,,,woman_wearing_turban,2,👳‍♀️,woman wearing turban,People & Body,person-role
BACK_arrow,,,,,,,BACK_arrow,119,🔙,BACK arrow,Symbols,arrow
ninja,0.07266241274647821,0.3114103403420495,0.10380344678068316,0.3321710296981861,0.03114103403420495,0.05190172339034158,ninja,8,🥷,ninja,People & Body,person-role
house_with_garden,0.09258100305994088,2.3145250764985223,0.0,0.0,0.09258100305994088,0.0,house_with_garden,316,🏡,house with garden,Travel & Places,place-building
woman_dancing_dark_skin_tone,0.0,1.5422918995316413,0.0,0.2570486499219402,0.0,0.0,woman_dancing_dark_skin_tone,63,💃🏿,woman dancing: dark skin tone,People & Body,person-activity
up-left_arrow,,,,,,,up-left_arrow,31,↖️,up-left arrow,Symbols,arrow
woman_in_manual_wheelchair_light_skin_tone,,,,,,,woman_in_manual_wheelchair_light_skin_tone,2,👩🏻‍🦽,woman in manual wheelchair: light skin tone,People & Body,person-activity
woman_cartwheeling_medium-dark_skin_tone,,,,,,,woman_cartwheeling_medium-dark_skin_tone,14,🤸🏾‍♀️,woman cartwheeling: medium-dark skin tone,People & Body,person-sport
woman_gesturing_NO_medium-light_skin_tone,,,,,,,woman_gesturing_NO_medium-light_skin_tone,42,🙅🏼‍♀️,woman gesturing NO: medium-light skin tone,People & Body,person-gesture
oncoming_fist_dark_skin_tone,0.0,0.6007724967479858,0.0,0.0,0.0,1.0012874945799763,oncoming_fist_dark_skin_tone,40,👊🏿,oncoming fist: dark skin tone,People & Body,hand-fingers-closed
wrapped_gift,0.010774925309191611,2.7978889386200883,0.05746626831568859,0.06105791008541913,0.5926208920055387,0.010774925309191611,wrapped_gift,3393,🎁,wrapped gift,Activities,event
family_woman_woman_boy,0.0,0.47712125471966244,0.0,0.0,0.0,0.0,family_woman_woman_boy,3,👩‍👩‍👦,"family: woman, woman, boy",People & Body,family
person_getting_haircut_light_skin_tone,,,,,,,person_getting_haircut_light_skin_tone,2,💇🏻,person getting haircut: light skin tone,People & Body,person-activity
woman_with_headscarf_dark_skin_tone,0.0,0.3010299956639812,0.0,0.0,0.0,0.0,woman_with_headscarf_dark_skin_tone,2,🧕🏿,woman with headscarf: dark skin tone,People & Body,person-role
seven-thirty,,,,,,,seven-thirty,1,🕢,seven-thirty,Travel & Places,time
person_kneeling_medium-light_skin_tone,,,,,,,person_kneeling_medium-light_skin_tone,4,🧎🏼,person kneeling: medium-light skin tone,People & Body,person-activity
stop_sign,0.46497679557840005,0.24798762430848004,0.37198143646272,0.9919504972339201,0.030998453038560005,0.46497679557840005,stop_sign,374,🛑,stop sign,Travel & Places,transport-ground
person_gesturing_OK_medium-light_skin_tone,,,,,,,person_gesturing_OK_medium-light_skin_tone,11,🙆🏼,person gesturing OK: medium-light skin tone,People & Body,person-gesture
small_airplane,0.5340199971093207,0.5340199971093207,0.0,0.0,0.5340199971093207,0.0,small_airplane,40,🛩️,small airplane,Travel & Places,transport-air
woman_teacher_medium-dark_skin_tone,,,,,,,woman_teacher_medium-dark_skin_tone,3,👩🏾‍🏫,woman teacher: medium-dark skin tone,People & Body,person-role
white_flower,0.0,1.5185139398778875,0.0,0.0,0.0,0.0,white_flower,33,💮,white flower,Animals & Nature,plant-flower
ticket,0.13416400868683512,0.5545445692389185,0.30410508635682626,0.22360668114472518,0.22360668114472518,0.1162754741952571,ticket,36,🎫,ticket,Activities,event
Paraguay,,,,,,,Paraguay,7,🇵🇾,flag: Paraguay,Flags,country-flag
peach,0.06992601968312703,1.7621356960148011,0.12586683542962865,0.3076744866057589,0.19579285511275568,0.08391122361975244,peach,351,🍑,peach,Food & Drink,food-fruit
thumbs_up_medium-dark_skin_tone,,,,,,,thumbs_up_medium-dark_skin_tone,1086,👍🏾,thumbs up: medium-dark skin tone,People & Body,hand-fingers-closed
loudspeaker,0.11034833379087214,1.912704452375117,0.18391388965145358,0.14713111172116286,0.2942622234423257,0.0,loudspeaker,445,📢,loudspeaker,Objects,sound
Santa_Claus_medium-dark_skin_tone,,,,,,,Santa_Claus_medium-dark_skin_tone,39,🎅🏾,Santa Claus: medium-dark skin tone,People & Body,person-fantasy
glowing_star,0.060815626407449704,2.858334441150136,0.19180312943887984,0.10759687749010334,0.14034375324796086,0.032746875757857535,glowing_star,2464,🌟,glowing star,Travel & Places,sky & weather
sports_medal,0.0,1.622082091604543,0.0,0.23172601308636329,0.0,0.3475890196295449,sports_medal,159,🏅,sports medal,Activities,award-medal
hotel,0.055425852672878036,0.5027916635325365,0.19794947383170727,0.35235006342043895,0.09105675796258535,0.0791797895326829,hotel,19,🏨,hotel,Travel & Places,place-building
biohazard,0.08390141755138789,0.0,0.0,1.0907184281680424,0.0,0.16780283510277577,biohazard,22,☣️,biohazard,Symbols,warning
vampire,0.03320522585919329,0.09961567757757989,0.052298230728229436,0.4690238152611053,0.00996156775775799,0.03486548715215296,vampire,5,🧛,vampire,People & Body,person-fantasy
leg,0.04573688229660983,0.4312334616537498,0.22215057115496203,0.24175209213922338,0.05227072262469695,0.18294752918643933,leg,15,🦵,leg,People & Body,body-parts
woman_police_officer,,,,,,,woman_police_officer,32,👮‍♀️,woman police officer,People & Body,person-role
person_running_medium_skin_tone,0.0,1.146128035678238,0.0,0.0,0.0,0.0,person_running_medium_skin_tone,14,🏃🏽,person running: medium skin tone,People & Body,person-activity
partying_face,0.0,2.980743056528162,0.05066418792965715,0.18576868907540953,0.24487690832667622,0.10977240718092382,partying_face,3731,🥳,partying face,Smileys & Emotion,face-hat
face_savoring_food,0.04668453499293376,3.7097532271170586,0.15172473872703476,0.18673813997173505,0.29844756299054087,0.03501340124470032,face_savoring_food,26814,😋,face savoring food,Smileys & Emotion,face-tongue
motorway,0.10832577762214489,0.487465999299652,0.21665155524428978,0.16248866643321733,0.16248866643321733,0.32497733286643465,motorway,29,🛣️,motorway,Travel & Places,transport-ground
black_nib,0.0,1.3617278360175928,0.0,0.0,0.0,0.0,black_nib,23,✒️,black nib,Objects,writing
woman_health_worker,,,,,,,woman_health_worker,107,👩‍⚕️,woman health worker,People & Body,person-role
Aquarius,,,,,,,Aquarius,13,♒,Aquarius,Symbols,zodiac
person_facepalming_dark_skin_tone,,,,,,,person_facepalming_dark_skin_tone,20,🤦🏿,person facepalming: dark skin tone,People & Body,person-gesture
man_shrugging_medium_skin_tone,0.5598255490707891,0.4531921111525435,0.26658359479561383,0.6131422680299119,0.26658359479561383,0.9330425817846484,man_shrugging_medium_skin_tone,1237,🤷🏽‍♂️,man shrugging: medium skin tone,People & Body,person-gesture
persevering_face,0.3891433919905303,1.2116510159705147,0.6544684319840737,0.7517542799817062,0.09728584799763257,0.39798755999031504,persevering_face,3179,😣,persevering face,Smileys & Emotion,face-concerned
swan,0.10470608544834129,0.5758834699658771,0.20941217089668257,0.10470608544834129,0.1570591281725119,0.05235304272417064,swan,16,🦢,swan,Animals & Nature,animal-bird
woman_lifting_weights,,,,,,,woman_lifting_weights,39,🏋️‍♀️,woman lifting weights,People & Body,person-sport
call_me_hand_medium-light_skin_tone,,,,,,,call_me_hand_medium-light_skin_tone,257,🤙🏼,call me hand: medium-light skin tone,People & Body,hand-fingers-partial
writing_hand_dark_skin_tone,,,,,,,writing_hand_dark_skin_tone,6,✍🏿,writing hand: dark skin tone,People & Body,hand-prop
waxing_gibbous_moon,0.0,1.2787536009528289,0.0,0.0,0.0,0.0,waxing_gibbous_moon,19,🌔,waxing gibbous moon,Travel & Places,sky & weather
woman_cook_medium-dark_skin_tone,,,,,,,woman_cook_medium-dark_skin_tone,5,👩🏾‍🍳,woman cook: medium-dark skin tone,People & Body,person-role
flexed_biceps_medium-light_skin_tone,,,,,,,flexed_biceps_medium-light_skin_tone,462,💪🏼,flexed biceps: medium-light skin tone,People & Body,body-parts
beating_heart,0.046001984251715,3.0007448188811017,0.09200396850343,0.1627762519676069,0.08846535433022115,0.02830891338567077,beating_heart,2620,💓,beating heart,Smileys & Emotion,emotion
pig_face,0.091227463049829,2.2350728447208104,0.4105235837242305,0.15964806033720075,0.11403432881228624,0.17105149321842938,pig_face,1519,🐷,pig face,Animals & Nature,animal-mammal
rat,0.17976431134052961,0.43143434721727114,0.33556004783565535,0.39548148494916524,0.0958742993816158,0.7550101076302245,rat,156,🐀,rat,Animals & Nature,animal-mammal
man_vampire_dark_skin_tone,0.0,0.6020599913279623,0.0,0.30102999566398114,0.0,0.0,man_vampire_dark_skin_tone,8,🧛🏿‍♂️,man vampire: dark skin tone,People & Body,person-fantasy
people_holding_hands_medium-light_skin_tone_light_skin_tone,,,,,,,people_holding_hands_medium-light_skin_tone_light_skin_tone,1,🧑🏼‍🤝‍🧑🏻,"people holding hands: medium-light skin tone, light skin tone",People & Body,family
thumbs_up_light_skin_tone,0.19076738907710603,2.7555289533359764,0.17487010665401387,0.28085198947462836,0.14837463594886025,0.16427191837195243,thumbs_up_light_skin_tone,5184,👍🏻,thumbs up: light skin tone,People & Body,hand-fingers-closed
woman_vampire_medium-dark_skin_tone,,,,,,,woman_vampire_medium-dark_skin_tone,3,🧛🏾‍♀️,woman vampire: medium-dark skin tone,People & Body,person-fantasy
Aries,,,,,,,Aries,12,♈,Aries,Symbols,zodiac
squid,0.12931105637307372,1.5517326764768846,0.06465552818653686,0.19396658455961058,0.06465552818653686,0.0,squid,101,🦑,squid,Food & Drink,food-marine
man_medium-dark_skin_tone,,,,,,,man_medium-dark_skin_tone,5,👨🏾,man: medium-dark skin tone,People & Body,person
kissing_cat,,,,,,,kissing_cat,198,😽,kissing cat,Smileys & Emotion,cat-face
chess_pawn,0.0,1.9912260756924949,0.0,0.0,0.0,0.0,chess_pawn,98,♟️,chess pawn,Activities,game
man_cartwheeling_medium-dark_skin_tone,,,,,,,man_cartwheeling_medium-dark_skin_tone,8,🤸🏾‍♂️,man cartwheeling: medium-dark skin tone,People & Body,person-sport
baby_chick,0.0,1.0448220759045832,0.7836165569284375,0.1306027594880729,0.0,0.0,baby_chick,91,🐤,baby chick,Animals & Nature,animal-bird
light_bulb,0.09069596793130946,1.9499633105231535,0.22673991982827366,0.22673991982827366,0.22673991982827366,0.09069596793130946,light_bulb,648,💡,light bulb,Objects,light & video
backhand_index_pointing_up_medium_skin_tone,0.0,1.2606458370617377,0.25212916741234753,0.25212916741234753,0.0,0.25212916741234753,backhand_index_pointing_up_medium_skin_tone,104,👆🏽,backhand index pointing up: medium skin tone,People & Body,hand-single-finger
frog,0.2430629635280478,1.1667022249346293,0.2430629635280478,0.2916755562336573,0.04861259270560955,0.3889007416448764,frog,241,🐸,frog,Animals & Nature,animal-amphibian
cigarette,0.06383649478341638,0.38301896870049834,0.31918247391708193,0.5745284530507475,0.06383649478341638,0.44685546348391475,cigarette,71,🚬,cigarette,Objects,other-object
curry_rice,0.0,1.0612300109781134,0.0,0.0,0.3537433369927045,0.0,curry_rice,26,🍛,curry rice,Food & Drink,food-asian
man_elf_medium-dark_skin_tone,,,,,,,man_elf_medium-dark_skin_tone,1,🧝🏾‍♂️,man elf: medium-dark skin tone,People & Body,person-fantasy
orange_square,,,,,,,orange_square,4,🟧,orange square,Symbols,geometric
Pisces,,,,,,,Pisces,16,♓,Pisces,Symbols,zodiac
guide_dog,,,,,,,guide_dog,10,🦮,guide dog,Animals & Nature,animal-mammal
woman_with_white_cane_medium-dark_skin_tone,,,,,,,woman_with_white_cane_medium-dark_skin_tone,2,👩🏾‍🦯,woman with white cane: medium-dark skin tone,People & Body,person-activity
woman_and_man_holding_hands_light_skin_tone,,,,,,,woman_and_man_holding_hands_light_skin_tone,3,👫🏻,woman and man holding hands: light skin tone,People & Body,family
cupcake,0.0822136605666541,1.0276707570831765,0.3699614725499435,0.20553415141663528,0.0822136605666541,0.20553415141663528,cupcake,94,🧁,cupcake,Food & Drink,food-sweet
man_walking,,,,,,,man_walking,51,🚶‍♂️,man walking,People & Body,person-activity
pizza,0.12277979822178467,2.2942282296299195,0.17539971174540664,0.23503561373884493,0.15435174633595786,0.20346366562467172,pizza,1532,🍕,pizza,Food & Drink,food-prepared
two-hump_camel,,,,,,,two-hump_camel,17,🐫,two-hump camel,Animals & Nature,animal-mammal
spiral_shell,0.0,1.5563025007672873,0.0,0.0,0.0,0.0,spiral_shell,36,🐚,spiral shell,Animals & Nature,animal-marine
victory_hand_medium_skin_tone,0.28468405767681987,1.3095466653133714,0.11387362307072794,0.3985576807475478,0.0,0.5124313038182757,victory_hand_medium_skin_tone,416,✌🏽,victory hand: medium skin tone,People & Body,hand-fingers-partial
North_Macedonia,,,,,,,North_Macedonia,3,🇲🇰,flag: North Macedonia,Flags,country-flag
flamingo,0.05785514917545695,0.6942617901054834,0.1157102983509139,0.05785514917545695,0.05785514917545695,0.05785514917545695,flamingo,11,🦩,flamingo,Animals & Nature,animal-bird
grimacing_face,0.3508453604667611,1.7229013237207018,0.40723122197034767,0.6703652423204185,0.28192930751793305,0.3508453604667611,grimacing_face,6083,😬,grimacing face,Smileys & Emotion,face-neutral-skeptical
backpack,0.1263826877293448,0.6319134386467241,0.1263826877293448,0.0,0.0631913438646724,0.6319134386467241,backpack,38,🎒,backpack,Objects,clothing
woman_firefighter,,,,,,,woman_firefighter,3,👩‍🚒,woman firefighter,People & Body,person-role
sparkler,0.0,1.6377910840034824,0.0,0.0,0.46794030971528067,0.11698507742882017,sparkler,167,🎇,sparkler,Activities,event
tent,0.0,0.9321010586464205,0.09321010586464204,0.2796303175939261,0.09321010586464204,0.09321010586464204,tent,31,⛺,tent,Travel & Places,place-other
raised_hand_medium-light_skin_tone,,,,,,,raised_hand_medium-light_skin_tone,184,✋🏼,raised hand: medium-light skin tone,People & Body,hand-fingers-open
person_in_bed,0.0,0.8397662353216264,0.6870814652631488,0.0,0.15268477005847753,0.07634238502923876,person_in_bed,57,🛌,person in bed,People & Body,person-resting
ear_with_hearing_aid,,,,,,,ear_with_hearing_aid,9,🦻,ear with hearing aid,People & Body,body-parts
film_frames,0.10601992999616389,1.590298949942458,0.0,0.3180597899884916,0.10601992999616389,0.21203985999232777,film_frames,215,🎞️,film frames,Objects,light & video
person_bowing_medium-dark_skin_tone,,,,,,,person_bowing_medium-dark_skin_tone,12,🙇🏾,person bowing: medium-dark skin tone,People & Body,person-gesture
alembic,,,,,,,alembic,7,⚗️,alembic,Objects,science
crossed_flags,,,,,,,crossed_flags,4,🎌,crossed flags,Flags,flag
green_square,0.0,0.8266062568876719,0.0,0.0,0.8266062568876719,0.0,green_square,45,🟩,green square,Symbols,geometric
woman_office_worker_medium-dark_skin_tone,,,,,,,woman_office_worker_medium-dark_skin_tone,1,👩🏾‍💼,woman office worker: medium-dark skin tone,People & Body,person-role
coconut,0.04821532545736338,1.108952485519358,0.04821532545736338,0.16071775152454462,0.19286130182945352,0.06428710060981785,coconut,42,🥥,coconut,Food & Drink,food-fruit
woman_juggling_medium-light_skin_tone,,,,,,,woman_juggling_medium-light_skin_tone,2,🤹🏼‍♀️,woman juggling: medium-light skin tone,People & Body,person-sport
inbox_tray,0.0,1.4393085692820555,0.0,0.0,0.4797695230940185,0.0,inbox_tray,83,📥,inbox tray,Objects,mail
hippopotamus,0.0,0.0,0.5,0.5,0.0,0.0,hippopotamus,10,🦛,hippopotamus,Animals & Nature,animal-mammal
Monaco,,,,,,,Monaco,18,🇲🇨,flag: Monaco,Flags,country-flag
family_man_girl_girl,,,,,,,family_man_girl_girl,2,👨‍👧‍👧,"family: man, girl, girl",People & Body,family
umbrella,0.10974497647140485,1.1836779605130094,0.1724563915979219,0.4389799058856194,0.19597317227036581,0.2665235142876975,umbrella,233,☂️,umbrella,Travel & Places,sky & weather
small_orange_diamond,0.0,0.2599348479345527,0.0,1.559609087607316,0.0,0.0,small_orange_diamond,66,🔸,small orange diamond,Symbols,geometric
rice_cracker,,,,,,,rice_cracker,1,🍘,rice cracker,Food & Drink,food-asian
woman_detective,,,,,,,woman_detective,386,🕵️‍♀️,woman detective,People & Body,person-role
woman_mage_medium-light_skin_tone,,,,,,,woman_mage_medium-light_skin_tone,19,🧙🏼‍♀️,woman mage: medium-light skin tone,People & Body,person-fantasy
man_surfing,,,,,,,man_surfing,38,🏄‍♂️,man surfing,People & Body,person-sport
metro,0.09574931566246833,0.517046304577329,0.21064849445743034,0.30639781011989864,0.114899178794962,0.15319890505994932,metro,25,🚇,metro,Travel & Places,transport-ground
neutral_face,0.4859334557026791,0.8077002033976964,0.5450334705854374,0.6369668270697282,0.15103337136704892,1.1557336243739398,neutral_face,6059,😐,neutral face,Smileys & Emotion,face-neutral-skeptical
woman_shrugging,0.0,0.0,0.0,3.2844307338445193,0.0,0.0,woman_shrugging,1925,🤷‍♀️,woman shrugging,People & Body,person-gesture
skateboard,0.0,0.6020599913279624,0.0,0.6020599913279624,0.0,0.0,skateboard,16,🛹,skateboard,Travel & Places,transport-ground
woman_scientist,0.0,1.255272505103306,0.0,0.0,0.0,0.0,woman_scientist,18,👩‍🔬,woman scientist,People & Body,person-role
raised_back_of_hand_medium-light_skin_tone,,,,,,,raised_back_of_hand_medium-light_skin_tone,86,🤚🏼,raised back of hand: medium-light skin tone,People & Body,hand-fingers-open
skull,0.34914631644124944,0.8233599701151852,0.5680141565984506,0.9849052807074052,0.10943392007860057,0.8546268044233569,skull,4892,💀,skull,Smileys & Emotion,face-negative
Georgia,,,,,,,Georgia,20,🇬🇪,flag: Georgia,Flags,country-flag
oden,0.0,0.30102999566398114,0.6020599913279623,0.0,0.0,0.0,oden,8,🍢,oden,Food & Drink,food-asian
fast_reverse_button,,,,,,,fast_reverse_button,24,⏪,fast reverse button,Symbols,av-symbol
woman_genie,,,,,,,woman_genie,8,🧞‍♀️,woman genie,People & Body,person-fantasy
onion,0.09466971707011981,0.6925837196182449,0.22920036764344798,0.14449588394913024,0.13453065057332816,0.16691765904468495,onion,29,🧅,onion,Food & Drink,food-vegetable
balloon,0.04679051426053252,2.339525713026626,0.09358102852106503,0.17156521895528593,0.12477470469475338,0.09358102852106503,balloon,741,🎈,balloon,Activities,event
chestnut,0.0,1.0336843081015852,0.0413473723240634,0.24808423394438045,0.0413473723240634,0.0826947446481268,chestnut,28,🌰,chestnut,Food & Drink,food-vegetable
broom,0.0413473723240634,0.1860631754582853,0.5788632125368877,0.24808423394438045,0.06202105848609511,0.3307789785925072,broom,28,🧹,broom,Objects,household
man_facepalming,,,,,,,man_facepalming,2117,🤦‍♂️,man facepalming,People & Body,person-gesture
three-thirty,,,,,,,three-thirty,5,🕞,three-thirty,Travel & Places,time
Germany,,,,,,,Germany,395,🇩🇪,flag: Germany,Flags,country-flag
family_woman_girl_girl,0.0,0.9030899869919435,0.0,0.0,0.0,0.0,family_woman_girl_girl,8,👩‍👧‍👧,"family: woman, girl, girl",People & Body,family
woman_light_skin_tone_bald,,,,,,,woman_light_skin_tone_bald,3,👩🏻‍🦲,"woman: light skin tone, bald",People & Body,person
gorilla,0.6129466088810726,0.8975289630044276,0.06567285095154349,0.5910556585638914,0.0,0.28458235412335514,gorilla,283,🦍,gorilla,Animals & Nature,animal-mammal
leaf_fluttering_in_wind,0.0,1.9262369112235145,0.0,0.0,0.17511244647486496,0.17511244647486496,leaf_fluttering_in_wind,189,🍃,leaf fluttering in wind,Animals & Nature,plant-other
Chile,,,,,,,Chile,164,🇨🇱,flag: Chile,Flags,country-flag
Liberia,,,,,,,Liberia,55,🇱🇷,flag: Liberia,Flags,country-flag
person_lifting_weights,0.0,1.5314789170422551,0.0,0.0,0.0,0.0,person_lifting_weights,34,🏋️,person lifting weights,People & Body,person-sport
woman_wearing_turban_medium_skin_tone,,,,,,,woman_wearing_turban_medium_skin_tone,1,👳🏽‍♀️,woman wearing turban: medium skin tone,People & Body,person-role
woman_tipping_hand_medium_skin_tone,0.41510939227850613,1.0377734806962653,0.0,0.20755469613925306,0.0,0.41510939227850613,woman_tipping_hand_medium_skin_tone,119,💁🏽‍♀️,woman tipping hand: medium skin tone,People & Body,person-gesture
woman_singer_light_skin_tone,0.0,0.8027466551039498,0.0,0.0,0.4013733275519749,0.0,woman_singer_light_skin_tone,16,👩🏻‍🎤,woman singer: light skin tone,People & Body,person-role
face_exhaling,,,,,,,face_exhaling,27,😮‍💨,face exhaling,Smileys & Emotion,face-neutral-skeptical
cinema,0.06163238216857186,1.1607431975081033,0.09929661571603243,0.136960849263493,0.0821765095580958,0.0273921698526986,cinema,37,🎦,cinema,Symbols,av-symbol
superhero,0.0463822651929397,0.18825742931251996,0.04911063373370086,0.09003616184511824,0.4856496002554862,0.04365389665217854,superhero,8,🦸,superhero,People & Body,person-fantasy
man_singer_light_skin_tone,0.0,0.0,0.0,0.6020599913279624,0.0,0.0,man_singer_light_skin_tone,4,👨🏻‍🎤,man singer: light skin tone,People & Body,person-role
synagogue,0.07682709454675062,0.5377896618272543,0.07682709454675062,0.07682709454675062,0.07682709454675062,0.0,synagogue,7,🕍,synagogue,Travel & Places,place-religious
Kyrgyzstan,,,,,,,Kyrgyzstan,1,🇰🇬,flag: Kyrgyzstan,Flags,country-flag
woman_fairy,,,,,,,woman_fairy,66,🧚‍♀️,woman fairy,People & Body,person-fantasy
lobster,0.12478938094325483,0.9983150475460386,0.06239469047162741,0.24957876188650965,0.09359203570744112,0.06239469047162741,lobster,39,🦞,lobster,Food & Drink,food-marine
old_man_medium_skin_tone,0.0,0.3010299956639812,0.0,0.0,0.0,0.0,old_man_medium_skin_tone,2,👴🏽,old man: medium skin tone,People & Body,person
British_Indian_Ocean_Territory,,,,,,,British_Indian_Ocean_Territory,1,🇮🇴,flag: British Indian Ocean Territory,Flags,country-flag
man_facepalming_dark_skin_tone,0.1477424583527508,0.369356145881877,0.2216136875291262,0.9603259792928801,0.0,0.738712291763754,man_facepalming_dark_skin_tone,274,🤦🏿‍♂️,man facepalming: dark skin tone,People & Body,person-gesture
backhand_index_pointing_down_medium-dark_skin_tone,,,,,,,backhand_index_pointing_down_medium-dark_skin_tone,547,👇🏾,backhand index pointing down: medium-dark skin tone,People & Body,hand-single-finger
Belize,,,,,,,Belize,7,🇧🇿,flag: Belize,Flags,country-flag
closed_book,0.0,1.4293280159866377,0.0,0.1504555806301724,0.0,0.0,closed_book,38,📕,closed book,Objects,book-paper
woman_elf_light_skin_tone,0.0,0.33560567020555154,0.0,0.6712113404111031,0.33560567020555154,0.0,woman_elf_light_skin_tone,22,🧝🏻‍♀️,woman elf: light skin tone,People & Body,person-fantasy
paw_prints,0.07787970519480991,2.355861082143,0.07787970519480991,0.21416918928572726,0.11681955779221487,0.0,paw_prints,696,🐾,paw prints,Animals & Nature,animal-mammal
no_mobile_phones,0.0,0.5510708379251146,0.5510708379251146,0.5510708379251146,0.0,0.0,no_mobile_phones,45,📵,no mobile phones,Symbols,warning
woman_dancing_medium-light_skin_tone,,,,,,,woman_dancing_medium-light_skin_tone,173,💃🏼,woman dancing: medium-light skin tone,People & Body,person-activity
Andorra,,,,,,,Andorra,1,🇦🇩,flag: Andorra,Flags,country-flag
woman_in_manual_wheelchair_medium_skin_tone,,,,,,,woman_in_manual_wheelchair_medium_skin_tone,1,👩🏽‍🦽,woman in manual wheelchair: medium skin tone,People & Body,person-activity
red_paper_lantern,0.0,1.0791812460476249,0.0,0.0,0.0,0.0,red_paper_lantern,12,🏮,red paper lantern,Objects,light & video
woman_judge_light_skin_tone,,,,,,,woman_judge_light_skin_tone,1,👩🏻‍⚖️,woman judge: light skin tone,People & Body,person-role
Ethiopia,,,,,,,Ethiopia,25,🇪🇹,flag: Ethiopia,Flags,country-flag
person_facepalming_medium_skin_tone,0.0,0.6709447418233662,0.3354723709116831,0.16773618545584154,0.16773618545584154,0.5032085563675246,person_facepalming_medium_skin_tone,70,🤦🏽,person facepalming: medium skin tone,People & Body,person-gesture
left-facing_fist,,,,,,,left-facing_fist,134,🤛,left-facing fist,People & Body,hand-fingers-closed
passport_control,0.0,0.6989700043360189,0.0,0.0,0.0,0.0,passport_control,5,🛂,passport control,Symbols,transport-sign
kiss_mark,0.0407827913940201,2.875186793278417,0.0951598465860469,0.15633403367707704,0.0679713189900335,0.054377055192026805,kiss_mark,1949,💋,kiss mark,Smileys & Emotion,emotion
person_medium-light_skin_tone_blond_hair,,,,,,,person_medium-light_skin_tone_blond_hair,1,👱🏼,"person: medium-light skin tone, blond hair",People & Body,person
man_kneeling_medium-dark_skin_tone,,,,,,,man_kneeling_medium-dark_skin_tone,2,🧎🏾‍♂️,man kneeling: medium-dark skin tone,People & Body,person-activity
nazar_amulet,0.26136695401116583,0.7841008620334975,0.5227339080223317,0.0,0.0,0.0,nazar_amulet,37,🧿,nazar amulet,Activities,game
woman_light_skin_tone_white_hair,,,,,,,woman_light_skin_tone_white_hair,3,👩🏻‍🦳,"woman: light skin tone, white hair",People & Body,person
family_man_girl_boy,,,,,,,family_man_girl_boy,2,👨‍👧‍👦,"family: man, girl, boy",People & Body,family
man_artist_light_skin_tone,0.0,0.0,0.0,0.0,0.0,0.0,man_artist_light_skin_tone,1,👨🏻‍🎨,man artist: light skin tone,People & Body,person-role
medical_symbol,,,,,,,medical_symbol,34,⚕️,medical symbol,Symbols,other-symbol
derelict_house,0.0,1.1139433523068367,0.0,0.0,0.0,0.0,derelict_house,13,🏚️,derelict house,Travel & Places,place-building
woman_farmer_medium-light_skin_tone,,,,,,,woman_farmer_medium-light_skin_tone,2,👩🏼‍🌾,woman farmer: medium-light skin tone,People & Body,person-role
man_office_worker,,,,,,,man_office_worker,11,👨‍💼,man office worker,People & Body,person-role
newspaper,0.3575414784675702,0.9913650084782628,0.14626696846400597,0.11376319769422687,0.03250377076977911,0.04875565615466867,newspaper,49,📰,newspaper,Objects,book-paper
Cameroon,,,,,,,Cameroon,12,🇨🇲,flag: Cameroon,Flags,country-flag
man_in_steamy_room,,,,,,,man_in_steamy_room,2,🧖‍♂️,man in steamy room,People & Body,person-activity
pregnant_woman,0.0,0.8494850021680094,0.8494850021680094,0.0,0.0,0.0,pregnant_woman,50,🤰,pregnant woman,People & Body,person-role
triangular_ruler,,,,,,,triangular_ruler,18,📐,triangular ruler,Objects,office
two_hearts,0.04460788955909937,3.623435143329129,0.12490209076547824,0.1198040462444383,0.11470600172339838,0.03441180051701952,two_hearts,11531,💕,two hearts,Smileys & Emotion,emotion
camel,0.2841674668784064,0.4262512003176096,0.1420837334392032,0.0,0.0,0.4262512003176096,camel,19,🐪,camel,Animals & Nature,animal-mammal
dolphin,0.06979437533711874,0.6979437533711875,0.13958875067423748,0.6281493780340688,0.27917750134847497,0.13958875067423748,dolphin,90,🐬,dolphin,Animals & Nature,animal-marine
person_tipping_hand_medium_skin_tone,0.0,1.306027594880729,0.32650689872018224,0.32650689872018224,0.0,0.0,person_tipping_hand_medium_skin_tone,91,💁🏽,person tipping hand: medium skin tone,People & Body,person-gesture
person_light_skin_tone_red_hair,,,,,,,person_light_skin_tone_red_hair,1,🧑🏻‍🦰,"person: light skin tone, red hair",People & Body,person
microscope,0.0,0.8913740928490229,0.38201746836386696,0.127339156121289,0.0,0.6366957806064449,microscope,109,🔬,microscope,Objects,science
man_tipping_hand_medium-dark_skin_tone,,,,,,,man_tipping_hand_medium-dark_skin_tone,41,💁🏾‍♂️,man tipping hand: medium-dark skin tone,People & Body,person-gesture
man_astronaut_light_skin_tone,,,,,,,man_astronaut_light_skin_tone,1,👨🏻‍🚀,man astronaut: light skin tone,People & Body,person-role
person_surfing_light_skin_tone,,,,,,,person_surfing_light_skin_tone,3,🏄🏻,person surfing: light skin tone,People & Body,person-sport
rabbit,0.25566897275438516,1.1687724468771894,0.21914483378947303,0.2374069032719291,0.14609655585964867,0.14609655585964867,rabbit,149,🐇,rabbit,Animals & Nature,animal-mammal
woman_mage_medium_skin_tone,,,,,,,woman_mage_medium_skin_tone,2,🧙🏽‍♀️,woman mage: medium skin tone,People & Body,person-fantasy
woman_gesturing_OK_light_skin_tone,,,,,,,woman_gesturing_OK_light_skin_tone,81,🙆🏻‍♀️,woman gesturing OK: light skin tone,People & Body,person-gesture
child_dark_skin_tone,,,,,,,child_dark_skin_tone,1,🧒🏿,child: dark skin tone,People & Body,person
man_frowning_light_skin_tone,,,,,,,man_frowning_light_skin_tone,4,🙍🏻‍♂️,man frowning: light skin tone,People & Body,person-gesture
peacock,0.05022328997049078,0.35156302979343546,0.35156302979343546,0.15066986991147233,0.0,0.05022328997049078,peacock,9,🦚,peacock,Animals & Nature,animal-bird
basketball,0.06883839672756893,2.2663718307230387,0.047657351580624646,0.06883839672756893,0.05824787415409679,0.05824787415409679,basketball,370,🏀,basketball,Activities,sport
fork_and_knife_with_plate,0.10546119482322974,1.6873791171716759,0.10546119482322974,0.31638358446968917,0.10546119482322974,0.0,fork_and_knife_with_plate,209,🍽️,fork and knife with plate,Food & Drink,dishware
man_cook,0.0,1.1267973866856758,0.18779956444761262,0.0,0.18779956444761262,0.18779956444761262,man_cook,49,👨‍🍳,man cook,People & Body,person-role
genie,0.0,0.29928894245524756,0.17957336547314853,0.11971557698209903,0.059857788491049516,0.11971557698209903,genie,6,🧞,genie,People & Body,person-fantasy
nerd_face,0.06753802022705944,2.0092561017550183,0.2532675758514729,0.47276614158941604,0.20261406068117832,0.18572955562441346,nerd_face,1553,🤓,nerd face,Smileys & Emotion,face-glasses
family_man_woman_girl,0.0,0.41842416836776863,0.0,0.41842416836776863,0.0,0.41842416836776863,family_man_woman_girl,18,👨‍👩‍👧,"family: man, woman, girl",People & Body,family
deciduous_tree,0.5853873349830567,1.8537265607796796,0.0,0.14634683374576418,0.0,0.0,deciduous_tree,385,🌳,deciduous tree,Animals & Nature,plant-other
woman_with_white_cane,,,,,,,woman_with_white_cane,8,👩‍🦯,woman with white cane,People & Body,person-activity
index_pointing_up_light_skin_tone,0.16556431118885373,1.1589501783219762,0.0,0.0,0.16556431118885373,0.4966929335665612,index_pointing_up_light_skin_tone,97,☝🏻,index pointing up: light skin tone,People & Body,hand-single-finger
flexed_biceps_dark_skin_tone,0.0,0.6695333905873058,0.16738334764682644,0.16738334764682644,0.0,1.0043000858809588,flexed_biceps_dark_skin_tone,102,💪🏿,flexed biceps: dark skin tone,People & Body,body-parts
Mexico,,,,,,,Mexico,214,🇲🇽,flag: Mexico,Flags,country-flag
person_with_skullcap_medium-light_skin_tone,,,,,,,person_with_skullcap_medium-light_skin_tone,1,👲🏼,person with skullcap: medium-light skin tone,People & Body,person-role
input_latin_letters,,,,,,,input_latin_letters,6,🔤,input latin letters,Symbols,alphanum
orange_heart,0.13254094204791614,2.7131910489808715,0.13254094204791614,0.08576178603100455,0.14813399405355332,0.03898263001409298,orange_heart,1783,🧡,orange heart,Smileys & Emotion,emotion
man_factory_worker,,,,,,,man_factory_worker,3,👨‍🏭,man factory worker,People & Body,person-role
baby_medium-light_skin_tone,,,,,,,baby_medium-light_skin_tone,51,👶🏼,baby: medium-light skin tone,People & Body,person
man_bouncing_ball_medium-dark_skin_tone,,,,,,,man_bouncing_ball_medium-dark_skin_tone,6,⛹🏾‍♂️,man bouncing ball: medium-dark skin tone,People & Body,person-sport
woman_playing_water_polo,,,,,,,woman_playing_water_polo,1,🤽‍♀️,woman playing water polo,People & Body,person-sport
giraffe,0.20673686162031701,1.0336843081015852,0.0,0.0,0.0,0.20673686162031701,giraffe,28,🦒,giraffe,Animals & Nature,animal-mammal
oncoming_fist_medium_skin_tone,0.06153832877906854,1.1076899180232338,0.06153832877906854,0.49230663023254834,0.1846149863372056,0.4307683014534798,oncoming_fist_medium_skin_tone,218,👊🏽,oncoming fist: medium skin tone,People & Body,hand-fingers-closed
glasses,0.09943642131813361,1.126946108272181,0.1546788776059856,0.16572736886355602,0.110484912575704,0.1878243513786968,glasses,70,👓,glasses,Objects,clothing
timer_clock,0.0,0.0,0.0,0.8537850880489681,0.0,0.8537850880489681,timer_clock,51,⏲️,timer clock,Travel & Places,time
person_surfing_medium-dark_skin_tone,,,,,,,person_surfing_medium-dark_skin_tone,1,🏄🏾,person surfing: medium-dark skin tone,People & Body,person-sport
ferry,0.0951869821870073,0.6663088753090511,0.0951869821870073,0.14278047328051097,0.1903739643740146,0.1903739643740146,ferry,24,⛴️,ferry,Travel & Places,transport-water
Montenegro,,,,,,,Montenegro,1,🇲🇪,flag: Montenegro,Flags,country-flag
shield,0.13970809975566284,0.6752558154857038,0.0,0.442408982559599,0.1629927830482733,0.23284683292610475,shield,45,🛡️,shield,Objects,tool
bucket,0.01629780231301809,0.13901066678750723,0.047934712685347325,0.03834777014827786,0.01342171955189725,0.04601732417793343,bucket,2,🪣,bucket,Objects,household
person_wearing_turban_medium-dark_skin_tone,,,,,,,person_wearing_turban_medium-dark_skin_tone,1,👳🏾,person wearing turban: medium-dark skin tone,People & Body,person-role
military_medal,0.527170868575502,0.7907563028632529,0.263585434287751,0.263585434287751,0.0,0.0,military_medal,70,🎖️,military medal,Activities,award-medal
pregnant_woman_dark_skin_tone,,,,,,,pregnant_woman_dark_skin_tone,3,🤰🏿,pregnant woman: dark skin tone,People & Body,person-role
pancakes,0.18304450744116943,1.5863857311568021,0.2928712119058712,0.3172771462313604,0.1952474746039141,0.2440593432548926,pancakes,659,🥞,pancakes,Food & Drink,food-prepared
Aruba,,,,,,,Aruba,2,🇦🇼,flag: Aruba,Flags,country-flag
deaf_woman_medium-dark_skin_tone,,,,,,,deaf_woman_medium-dark_skin_tone,4,🧏🏾‍♀️,deaf woman: medium-dark skin tone,People & Body,person-gesture
pregnant_woman_medium-dark_skin_tone,,,,,,,pregnant_woman_medium-dark_skin_tone,4,🤰🏾,pregnant woman: medium-dark skin tone,People & Body,person-role
ear_medium_skin_tone,1.0791812460476249,0.0,0.0,0.0,0.0,0.0,ear_medium_skin_tone,12,👂🏽,ear: medium skin tone,People & Body,body-parts
green_heart,0.0696571499841804,3.1032260317952374,0.11493429747389769,0.1880743049572871,0.13234858496994278,0.03134571749288118,green_heart,4361,💚,green heart,Smileys & Emotion,emotion
face_with_monocle,0.20236244319234845,1.3698380769943586,0.21792878497637524,0.9028478234735546,0.38915854460067006,0.4669902535208041,face_with_monocle,3541,🧐,face with monocle,Smileys & Emotion,face-glasses
man_medium-light_skin_tone_white_hair,,,,,,,man_medium-light_skin_tone_white_hair,1,👨🏼‍🦳,"man: medium-light skin tone, white hair",People & Body,person
snowboarder_medium-dark_skin_tone,,,,,,,snowboarder_medium-dark_skin_tone,2,🏂🏾,snowboarder: medium-dark skin tone,People & Body,person-sport
El_Salvador,,,,,,,El_Salvador,32,🇸🇻,flag: El Salvador,Flags,country-flag
convenience_store,0.9542425094393249,0.0,0.0,0.0,0.0,0.0,convenience_store,9,🏪,convenience store,Travel & Places,place-building
Greenland,,,,,,,Greenland,1,🇬🇱,flag: Greenland,Flags,country-flag
man_frowning_medium-light_skin_tone,,,,,,,man_frowning_medium-light_skin_tone,1,🙍🏼‍♂️,man frowning: medium-light skin tone,People & Body,person-gesture
new_moon_face,0.12420560392969054,1.4283644451914412,0.2484112078593811,0.7452336235781433,0.12420560392969054,0.18630840589453582,new_moon_face,719,🌚,new moon face,Travel & Places,sky & weather
man_with_white_cane,,,,,,,man_with_white_cane,9,👨‍🦯,man with white cane,People & Body,person-activity
popcorn,0.09349175857626987,2.0863424019125487,0.20666599264228078,0.3592051776877737,0.364125796560209,0.2509515624941981,popcorn,2295,🍿,popcorn,Food & Drink,food-prepared
bowling,0.0,0.5828442259160245,0.25904187818489977,0.25904187818489977,0.06476046954622494,0.06476046954622494,bowling,17,🎳,bowling,Activities,sport
petri_dish,0.0,0.0,0.0,0.9542425094393249,0.0,0.0,petri_dish,9,🧫,petri dish,Objects,science
South_Sudan,,,,,,,South_Sudan,5,🇸🇸,flag: South Sudan,Flags,country-flag
left-facing_fist_medium-light_skin_tone,,,,,,,left-facing_fist_medium-light_skin_tone,19,🤛🏼,left-facing fist: medium-light skin tone,People & Body,hand-fingers-closed
smiling_face_with_smiling_eyes,0.09661862100520131,4.233396471810423,0.13414041557032805,0.14023770718716114,0.26312158438795114,0.03658374970099856,smiling_face_with_smiling_eyes,80186,😊,smiling face with smiling eyes,Smileys & Emotion,face-smiling
broccoli,0.20942959002356987,0.9424331551060643,0.10471479501178493,0.1570721925176774,0.1570721925176774,0.26178698752946233,broccoli,68,🥦,broccoli,Food & Drink,food-vegetable
headphone,0.15626111968546025,2.076040590106829,0.2678762051750747,0.17858413678338317,0.11161508548961448,0.08929206839169158,headphone,758,🎧,headphone,Objects,music
woman_cook_light_skin_tone,,,,,,,woman_cook_light_skin_tone,9,👩🏻‍🍳,woman cook: light skin tone,People & Body,person-role
man_police_officer,,,,,,,man_police_officer,24,👮‍♂️,man police officer,People & Body,person-role
incoming_envelope,0.0,1.4788246073796576,0.1232353839483048,0.0,0.0,0.0,incoming_envelope,40,📨,incoming envelope,Objects,mail
ring,0.15558126261270078,1.419987714322269,0.34573613913933504,0.24448484124852982,0.28646708671544907,0.2518934728015156,ring,506,💍,ring,Objects,clothing
baby_angel_light_skin_tone,0.0,0.6808639180087964,0.0,0.6808639180087964,0.0,0.0,baby_angel_light_skin_tone,23,👼🏻,baby angel: light skin tone,People & Body,person-fantasy
fax_machine,0.0,0.0,0.0,0.7156818820794937,0.0,0.7156818820794937,fax_machine,27,📠,fax machine,Objects,phone
scroll,0.27436686983390085,0.3451712233394236,0.09735598607009384,0.19471197214018768,0.05310326512914209,0.33632067915123326,scroll,20,📜,scroll,Objects,book-paper
oncoming_fist_medium-dark_skin_tone,,,,,,,oncoming_fist_medium-dark_skin_tone,219,👊🏾,oncoming fist: medium-dark skin tone,People & Body,hand-fingers-closed
woman_lifting_weights_light_skin_tone,0.0,0.6020599913279624,0.0,0.0,0.0,0.0,woman_lifting_weights_light_skin_tone,4,🏋🏻‍♀️,woman lifting weights: light skin tone,People & Body,person-sport
heavy_dollar_sign,0.0,0.13292760851442587,0.1993914127716388,0.6646380425721294,0.7311018468293424,0.6646380425721294,heavy_dollar_sign,247,💲,heavy dollar sign,Symbols,currency
kick_scooter,0.0,1.0413926851582251,0.0,0.0,0.0,0.0,kick_scooter,11,🛴,kick scooter,Travel & Places,transport-ground
grinning_face_with_sweat,0.2746203677656316,2.1295123254808623,0.33243518203208033,0.6359629569309363,0.2649845653878901,0.2601666641990194,grinning_face_with_sweat,7901,😅,grinning face with sweat,Smileys & Emotion,face-smiling
woman_factory_worker_medium_skin_tone,,,,,,,woman_factory_worker_medium_skin_tone,1,👩🏽‍🏭,woman factory worker: medium skin tone,People & Body,person-role
man_office_worker_dark_skin_tone,,,,,,,man_office_worker_dark_skin_tone,2,👨🏿‍💼,man office worker: dark skin tone,People & Body,person-role
man_bouncing_ball_medium-light_skin_tone,,,,,,,man_bouncing_ball_medium-light_skin_tone,1,⛹🏼‍♂️,man bouncing ball: medium-light skin tone,People & Body,person-sport
Japanese_no_vacancy_button,,,,,,,Japanese_no_vacancy_button,1,🈵,Japanese “no vacancy” button,Symbols,alphanum
flexed_biceps,0.46958414230335743,2.4510001573882563,0.240518707033427,0.24624534291517525,0.2748785223239166,0.05726635881748262,flexed_biceps,5489,💪,flexed biceps,People & Body,body-parts
woman_climbing_medium_skin_tone,,,,,,,woman_climbing_medium_skin_tone,2,🧗🏽‍♀️,woman climbing: medium skin tone,People & Body,person-activity
writing_hand_medium_skin_tone,0.0,0.752574989159953,0.0,0.0,0.0,0.752574989159953,writing_hand_medium_skin_tone,32,✍🏽,writing hand: medium skin tone,People & Body,hand-prop
person_bowing_light_skin_tone,0.0,0.34948500216800943,0.0,0.34948500216800943,0.0,0.6989700043360189,person_bowing_light_skin_tone,25,🙇🏻,person bowing: light skin tone,People & Body,person-gesture
triangular_flag,0.36041295146173974,0.0,0.7208259029234795,0.7208259029234795,0.0,0.18020647573086987,triangular_flag,96,🚩,triangular flag,Flags,flag
man_gesturing_OK_dark_skin_tone,,,,,,,man_gesturing_OK_dark_skin_tone,14,🙆🏿‍♂️,man gesturing OK: dark skin tone,People & Body,person-gesture
hatching_chick,0.08877575638127222,2.041842396769261,0.04438787819063611,0.08877575638127222,0.4882666600969972,0.0,hatching_chick,565,🐣,hatching chick,Animals & Nature,animal-bird
left-facing_fist_dark_skin_tone,,,,,,,left-facing_fist_dark_skin_tone,5,🤛🏿,left-facing fist: dark skin tone,People & Body,hand-fingers-closed
fireworks,0.056468251023925324,1.6940475307177598,0.08470237653588798,0.2258730040957013,0.2823412551196266,0.08470237653588798,fireworks,268,🎆,fireworks,Activities,event
man_tipping_hand,,,,,,,man_tipping_hand,81,💁‍♂️,man tipping hand,People & Body,person-gesture
old_key,0.0,1.6875551370525301,0.0,0.18750612633917002,0.0,0.0,old_key,75,🗝️,old key,Objects,lock
closed_mailbox_with_lowered_flag,,,,,,,closed_mailbox_with_lowered_flag,5,📪,closed mailbox with lowered flag,Objects,mail
wilted_flower,0.0,1.51491390753758,0.2524856512562633,0.2524856512562633,0.12624282562813166,0.0,wilted_flower,140,🥀,wilted flower,Animals & Nature,plant-flower
woman_construction_worker,,,,,,,woman_construction_worker,17,👷‍♀️,woman construction worker,People & Body,person-role
man_medium-light_skin_tone_blond_hair,,,,,,,man_medium-light_skin_tone_blond_hair,2,👱🏼‍♂️,"man: medium-light skin tone, blond hair",People & Body,person
hot_dog,0.0,2.5500426608256035,0.26842554324480034,0.40263831486720053,0.13421277162240017,0.06710638581120008,hot_dog,2645,🌭,hot dog,Food & Drink,food-prepared
last_track_button,,,,,,,last_track_button,3,⏮️,last track button,Symbols,av-symbol
person_gesturing_NO_medium_skin_tone,,,,,,,person_gesturing_NO_medium_skin_tone,49,🙅🏽,person gesturing NO: medium skin tone,People & Body,person-gesture
open_hands_medium_skin_tone,,,,,,,open_hands_medium_skin_tone,17,👐🏽,open hands: medium skin tone,People & Body,hands
man_gesturing_OK_medium-dark_skin_tone,,,,,,,man_gesturing_OK_medium-dark_skin_tone,60,🙆🏾‍♂️,man gesturing OK: medium-dark skin tone,People & Body,person-gesture
ninja_medium-dark_skin_tone,,,,,,,ninja_medium-dark_skin_tone,1,🥷🏾,ninja: medium-dark skin tone,People & Body,person-role
backhand_index_pointing_left_medium-dark_skin_tone,,,,,,,backhand_index_pointing_left_medium-dark_skin_tone,308,👈🏾,backhand index pointing left: medium-dark skin tone,People & Body,hand-single-finger
person_walking_medium_skin_tone,0.0,0.0,0.0,0.16901960800285137,0.0,0.6760784320114055,person_walking_medium_skin_tone,7,🚶🏽,person walking: medium skin tone,People & Body,person-activity
love-you_gesture_light_skin_tone,,,,,,,love-you_gesture_light_skin_tone,190,🤟🏻,love-you gesture: light skin tone,People & Body,hand-fingers-partial
man_scientist,,,,,,,man_scientist,11,👨‍🔬,man scientist,People & Body,person-role
fountain,0.08595248862326216,0.515714931739573,0.06685193559587056,0.09550276513695795,0.14325414770543696,0.17190497724652432,fountain,12,⛲,fountain,Travel & Places,place-other
thumbs_down_medium_skin_tone,0.607060401161705,0.342444328860449,0.09339390787103154,0.24905042098941746,0.04669695393551577,1.5876964338075361,thumbs_down_medium_skin_tone,844,👎🏽,thumbs down: medium skin tone,People & Body,hand-fingers-closed
mermaid,0.04818629613570301,0.48186296135703005,0.33730407294992104,0.19274518454281203,0.0,0.24093148067851503,mermaid,20,🧜‍♀️,mermaid,People & Body,person-fantasy
credit_card,0.1147326274538711,1.0325936470848398,0.0,1.3767915294464532,0.0,0.2294652549077422,credit_card,567,💳,credit card,Objects,money
face_blowing_a_kiss,0.08689931960671826,3.5400038618736804,0.09757116587420997,0.14635674881131497,0.08842386907350279,0.060981978671381235,face_blowing_a_kiss,10477,😘,face blowing a kiss,Smileys & Emotion,face-affection
kissing_face_with_smiling_eyes,0.048188730637254686,2.4576252624999886,0.1204718265931367,0.09637746127450937,0.048188730637254686,0.0,kissing_face_with_smiling_eyes,590,😙,kissing face with smiling eyes,Smileys & Emotion,face-affection
man_detective,,,,,,,man_detective,159,🕵️‍♂️,man detective,People & Body,person-role
map_of_Japan,,,,,,,map_of_Japan,5,🗾,map of Japan,Travel & Places,place-map
face_with_crossed-out_eyes,,,,,,,face_with_crossed-out_eyes,1031,😵,knocked-out face,Smileys & Emotion,face-unwell
middle_finger_medium-light_skin_tone,,,,,,,middle_finger_medium-light_skin_tone,1509,🖕🏼,middle finger: medium-light skin tone,People & Body,hand-single-finger
waving_hand,0.26901698871962254,4.066761324968708,0.1114845178477715,0.060589411873788857,0.12037096492259385,0.021812188274563986,waving_hand,44672,👋,waving hand,People & Body,hand-fingers-open
star,0.21118992664589256,2.166123707084222,0.24115606488618813,0.4694694990979639,0.21404384457353975,0.2968074644753085,star,3970,⭐,star,Travel & Places,sky & weather
man_getting_massage_medium-dark_skin_tone,,,,,,,man_getting_massage_medium-dark_skin_tone,14,💆🏾‍♂️,man getting massage: medium-dark skin tone,People & Body,person-activity
man_golfing,,,,,,,man_golfing,8,🏌️‍♂️,man golfing,People & Body,person-sport
sign_of_the_horns_medium-light_skin_tone,,,,,,,sign_of_the_horns_medium-light_skin_tone,285,🤘🏼,sign of the horns: medium-light skin tone,People & Body,hand-fingers-partial
yin_yang,0.0,1.3222192947339193,0.0,0.0,0.0,0.0,yin_yang,21,☯️,yin yang,Symbols,religion
pause_button,0.0,0.6989700043360189,0.0,0.0,0.0,0.0,pause_button,5,⏸️,pause button,Symbols,av-symbol
droplet,0.12011202364736916,1.3212322601210607,0.6005601182368457,0.1801680354710537,0.1801680354710537,0.2402240472947383,droplet,439,💧,droplet,Travel & Places,sky & weather
family,0.13318664880482245,1.001952531161576,0.28333254830635407,0.24579607343097115,0.10514735431959667,0.1282119352671211,family,79,👪,family,People & Body,family
cookie,0.14397468675077943,1.674652935364329,0.3409926791465828,0.4698121357130697,0.28794937350155886,0.17428514711936458,cookie,1235,🍪,cookie,Food & Drink,food-sweet
cross_mark,0.25862417893012074,0.4937370688665941,0.25862417893012074,1.4812112065997822,0.07053386698094201,0.3526693349047101,cross_mark,823,❌,cross mark,Symbols,other-symbol
divide,0.07192752108785391,0.04528769846272284,0.023975840362617972,0.13053513086314228,0.005327964525026216,0.023975840362617972,divide,2,➗,divide,Symbols,math
woman_surfing_medium-dark_skin_tone,,,,,,,woman_surfing_medium-dark_skin_tone,2,🏄🏾‍♀️,woman surfing: medium-dark skin tone,People & Body,person-sport
man_pouting_medium-dark_skin_tone,,,,,,,man_pouting_medium-dark_skin_tone,2,🙎🏾‍♂️,man pouting: medium-dark skin tone,People & Body,person-gesture
woman_climbing,,,,,,,woman_climbing,1,🧗‍♀️,woman climbing,People & Body,person-activity
restroom,0.06508704282238907,0.1464458463503754,0.11390232493918087,0.11390232493918087,0.1464458463503754,0.4556092997567235,restroom,11,🚻,restroom,Symbols,transport-sign
fairy_medium_skin_tone,0.0,0.8450980400142568,0.0,0.0,0.0,0.0,fairy_medium_skin_tone,7,🧚🏽,fairy: medium skin tone,People & Body,person-fantasy
index_pointing_up_medium-light_skin_tone,,,,,,,index_pointing_up_medium-light_skin_tone,83,☝🏼,index pointing up: medium-light skin tone,People & Body,hand-single-finger
cowboy_hat_face,0.07048739946510235,2.2908404826158266,0.1409747989302047,0.07048739946510235,0.17621849866275588,0.21146219839530705,cowboy_hat_face,913,🤠,cowboy hat face,Smileys & Emotion,face-hat
Vietnam,,,,,,,Vietnam,128,🇻🇳,flag: Vietnam,Flags,country-flag
victory_hand_dark_skin_tone,0.0,0.9256291743595376,0.30854305811984584,0.0,0.0,0.6170861162396917,victory_hand_dark_skin_tone,71,✌🏿,victory hand: dark skin tone,People & Body,hand-fingers-partial
person_shrugging_medium_skin_tone,0.40051499783199057,0.0,0.40051499783199057,0.0,0.0,0.8010299956639811,person_shrugging_medium_skin_tone,40,🤷🏽,person shrugging: medium skin tone,People & Body,person-gesture
zipper-mouth_face,,,,,,,zipper-mouth_face,457,🤐,zipper-mouth face,Smileys & Emotion,face-neutral-skeptical
judge,0.0,0.0,0.0,0.0,0.0,0.0,judge,1,🧑‍⚖️,judge,People & Body,person-role
roller_skate,,,,,,,roller_skate,6,🛼,roller skate,Travel & Places,transport-ground
woman_getting_massage_dark_skin_tone,,,,,,,woman_getting_massage_dark_skin_tone,2,💆🏿‍♀️,woman getting massage: dark skin tone,People & Body,person-activity
woman_bowing_medium-light_skin_tone,,,,,,,woman_bowing_medium-light_skin_tone,37,🙇🏼‍♀️,woman bowing: medium-light skin tone,People & Body,person-gesture
shooting_star,0.15532666763022637,1.5532666763022638,0.07766333381511319,0.31065333526045275,0.0,0.0,shooting_star,125,🌠,shooting star,Travel & Places,sky & weather
family_man_man_boy,0.0,0.47712125471966244,0.0,0.0,0.0,0.0,family_man_man_boy,3,👨‍👨‍👦,"family: man, man, boy",People & Body,family
man_facepalming_medium-light_skin_tone,,,,,,,man_facepalming_medium-light_skin_tone,641,🤦🏼‍♂️,man facepalming: medium-light skin tone,People & Body,person-gesture
man_tipping_hand_light_skin_tone,0.6497966688816376,0.21659888962721252,0.0,0.6497966688816376,0.21659888962721252,0.21659888962721252,man_tipping_hand_light_skin_tone,89,💁🏻‍♂️,man tipping hand: light skin tone,People & Body,person-gesture
man_fairy_medium-light_skin_tone,,,,,,,man_fairy_medium-light_skin_tone,2,🧚🏼‍♂️,man fairy: medium-light skin tone,People & Body,person-fantasy
old_woman_medium_skin_tone,0.0,1.0413926851582251,0.0,0.0,0.0,0.0,old_woman_medium_skin_tone,11,👵🏽,old woman: medium skin tone,People & Body,person
straight_ruler,,,,,,,straight_ruler,7,📏,straight ruler,Objects,office
woman_elf,,,,,,,woman_elf,5,🧝‍♀️,woman elf,People & Body,person-fantasy
hollow_red_circle,,,,,,,hollow_red_circle,175,⭕,hollow red circle,Symbols,other-symbol
scarf,0.121866499824913,1.0053986235555323,0.1827997497373695,0.0609332499124565,0.03046662495622825,0.0609332499124565,scarf,29,🧣,scarf,Objects,clothing
person_bowing_medium-light_skin_tone,,,,,,,person_bowing_medium-light_skin_tone,4,🙇🏼,person bowing: medium-light skin tone,People & Body,person-gesture
woman_with_white_cane_medium_skin_tone,,,,,,,woman_with_white_cane_medium_skin_tone,6,👩🏽‍🦯,woman with white cane: medium skin tone,People & Body,person-activity
pinching_hand_medium-dark_skin_tone,,,,,,,pinching_hand_medium-dark_skin_tone,6,🤏🏾,pinching hand: medium-dark skin tone,People & Body,hand-fingers-partial
open_hands_medium-dark_skin_tone,,,,,,,open_hands_medium-dark_skin_tone,29,👐🏾,open hands: medium-dark skin tone,People & Body,hands
four_leaf_clover,0.047032838253006685,2.6338389421683743,0.2586806103915367,0.10582388606926503,0.17637314344877505,0.023516419126503343,four_leaf_clover,1759,🍀,four leaf clover,Animals & Nature,plant-other
foggy,0.0,0.5063378874121985,0.3038027324473191,0.10126757748243971,0.0,0.20253515496487942,foggy,13,🌁,foggy,Travel & Places,place-other
person_medium-light_skin_tone_beard,,,,,,,person_medium-light_skin_tone_beard,4,🧔🏼,"person: medium-light skin tone, beard",People & Body,person
family_woman_girl_boy,0.0,0.8450980400142568,0.0,0.0,0.0,0.0,family_woman_girl_boy,7,👩‍👧‍👦,"family: woman, girl, boy",People & Body,family
woman_surfing,,,,,,,woman_surfing,26,🏄‍♀️,woman surfing,People & Body,person-sport
woman_shrugging_medium-light_skin_tone,,,,,,,woman_shrugging_medium-light_skin_tone,1651,🤷🏼‍♀️,woman shrugging: medium-light skin tone,People & Body,person-gesture
vampire_medium-dark_skin_tone,,,,,,,vampire_medium-dark_skin_tone,1,🧛🏾,vampire: medium-dark skin tone,People & Body,person-fantasy
flexed_biceps_medium_skin_tone,0.14139275923182062,1.2371866432784302,0.38883008788750667,0.5655710369272825,0.035348189807955156,0.3534818980795515,flexed_biceps_medium_skin_tone,527,💪🏽,flexed biceps: medium skin tone,People & Body,body-parts
folded_hands_light_skin_tone,0.21621575148146274,2.4520831815738617,0.3243236272221941,0.5700233448147655,0.27518368370367985,0.1130218700925828,folded_hands_light_skin_tone,8930,🙏🏻,folded hands: light skin tone,People & Body,hands
Dominica,,,,,,,Dominica,2,🇩🇲,flag: Dominica,Flags,country-flag
woman_technologist,0.40726283184075107,1.3236042034824411,0.0,0.10181570796018777,0.10181570796018777,0.0,woman_technologist,86,👩‍💻,woman technologist,People & Body,person-role
elephant,0.23589801254293016,0.9435920501717207,0.33025721756010223,0.18871841003434411,0.1415388075257581,0.33025721756010223,elephant,148,🐘,elephant,Animals & Nature,animal-mammal
person_surfing,0.0,1.460724410463355,0.0,0.0,0.3246054245474122,0.0,person_surfing,61,🏄,person surfing,People & Body,person-sport
girl_medium-light_skin_tone,,,,,,,girl_medium-light_skin_tone,20,👧🏼,girl: medium-light skin tone,People & Body,person
flag_in_hole,0.6250204211305667,1.2500408422611333,0.0,0.0,0.0,0.0,flag_in_hole,75,⛳,flag in hole,Activities,sport
fairy,0.05256686851167602,0.42053494809340813,0.3022594939421371,0.289117776814218,0.144558888407109,0.09199201989543301,fairy,20,🧚,fairy,People & Body,person-fantasy
person_standing,0.18779956444761262,0.0,0.0,0.9389978222380632,0.18779956444761262,0.37559912889522523,person_standing,49,🧍,person standing,People & Body,person-activity
necktie,0.0,1.2461544798206508,0.12461544798206509,0.12461544798206509,0.24923089596413017,0.12461544798206509,necktie,74,👔,necktie,Objects,clothing
church,0.18770986936829484,0.5452524776888564,0.14301704332822462,0.455866825608716,0.10726278249616848,0.15195560853623868,church,39,⛪,church,Travel & Places,place-religious
child_medium-dark_skin_tone,,,,,,,child_medium-dark_skin_tone,1,🧒🏾,child: medium-dark skin tone,People & Body,person
woman_gesturing_NO_light_skin_tone,,,,,,,woman_gesturing_NO_light_skin_tone,89,🙅🏻‍♀️,woman gesturing NO: light skin tone,People & Body,person-gesture
love_hotel,0.3471308950527417,0.6942617901054834,0.0,0.0,0.0,0.0,love_hotel,11,🏩,love hotel,Travel & Places,place-building
passenger_ship,0.0,1.191150268810643,0.0,0.17016432411580612,0.17016432411580612,0.0,passenger_ship,34,🛳️,passenger ship,Travel & Places,transport-water
down-left_arrow,,,,,,,down-left_arrow,19,↙️,down-left arrow,Symbols,arrow
person_golfing,0.0,0.43106896740019723,0.0,0.0,0.0,1.2932069022005916,person_golfing,53,🏌️,person golfing,People & Body,person-sport
black_square_button,1.0,0.0,0.0,0.0,0.0,0.0,black_square_button,10,🔲,black square button,Symbols,geometric
woman_standing_medium-dark_skin_tone,,,,,,,woman_standing_medium-dark_skin_tone,46,🧍🏾‍♀️,woman standing: medium-dark skin tone,People & Body,person-activity
curling_stone,,,,,,,curling_stone,1,🥌,curling stone,Activities,sport
woman_raising_hand,0.0,3.8358807318173946,0.0,0.0,0.0,0.0,woman_raising_hand,6853,🙋‍♀️,woman raising hand,People & Body,person-gesture
bowl_with_spoon,,,,,,,bowl_with_spoon,31,🥣,bowl with spoon,Food & Drink,food-prepared
prince_medium_skin_tone,0.0,1.3617278360175928,0.0,0.0,0.0,0.0,prince_medium_skin_tone,23,🤴🏽,prince: medium skin tone,People & Body,person-role
person_walking,0.0,0.8765669909085675,0.0,1.16875598787809,0.0,0.0,person_walking,111,🚶,person walking,People & Body,person-activity
singer_medium-light_skin_tone,,,,,,,singer_medium-light_skin_tone,3,🧑🏼‍🎤,singer: medium-light skin tone,People & Body,person-role
man_bowing_medium_skin_tone,0.0,1.4771212547196624,0.0,0.0,0.0,0.0,man_bowing_medium_skin_tone,30,🙇🏽‍♂️,man bowing: medium skin tone,People & Body,person-gesture
woman_health_worker_light_skin_tone,0.0,0.3333333333333333,0.0,0.6666666666666666,0.0,0.0,woman_health_worker_light_skin_tone,10,👩🏻‍⚕️,woman health worker: light skin tone,People & Body,person-role
person_walking_light_skin_tone,0.0,1.1139433523068367,0.0,0.0,0.0,0.0,person_walking_light_skin_tone,13,🚶🏻,person walking: light skin tone,People & Body,person-activity
man_cartwheeling_medium-light_skin_tone,,,,,,,man_cartwheeling_medium-light_skin_tone,6,🤸🏼‍♂️,man cartwheeling: medium-light skin tone,People & Body,person-sport
grinning_face_with_big_eyes,0.06893078948972049,3.462446579752884,0.0795355263342929,0.13255921055715483,0.19618763162458913,0.06362842106743431,grinning_face_with_big_eyes,10076,😃,grinning face with big eyes,Smileys & Emotion,face-smiling
person_in_tuxedo_light_skin_tone,,,,,,,person_in_tuxedo_light_skin_tone,10,🤵🏻,person in tuxedo: light skin tone,People & Body,person-role
file_cabinet,,,,,,,file_cabinet,6,🗄️,file cabinet,Objects,office
man_walking_medium_skin_tone,0.0,0.0,0.0,1.3979400086720377,0.0,0.0,man_walking_medium_skin_tone,25,🚶🏽‍♂️,man walking: medium skin tone,People & Body,person-activity
Greece,,,,,,,Greece,102,🇬🇷,flag: Greece,Flags,country-flag
fog,0.0,0.45570409867097866,0.3038027324473191,0.25316894370609927,0.10126757748243971,0.0,fog,13,🌫️,fog,Travel & Places,sky & weather
VS_button,,,,,,,VS_button,18,🆚,VS button,Symbols,alphanum
woman_mage_medium-dark_skin_tone,,,,,,,woman_mage_medium-dark_skin_tone,3,🧙🏾‍♀️,woman mage: medium-dark skin tone,People & Body,person-fantasy
parrot,0.0,0.7156818820794937,0.3067208066054973,0.10224026886849909,0.0,0.3067208066054973,parrot,27,🦜,parrot,Animals & Nature,animal-bird
Libra,,,,,,,Libra,9,♎,Libra,Symbols,zodiac
man_teacher_medium-light_skin_tone,,,,,,,man_teacher_medium-light_skin_tone,2,👨🏼‍🏫,man teacher: medium-light skin tone,People & Body,person-role
person_medium_skin_tone_beard,,,,,,,person_medium_skin_tone_beard,3,🧔🏽,"person: medium skin tone, beard",People & Body,person
raised_back_of_hand_medium_skin_tone,0.31534910044841336,0.31534910044841336,0.0,0.0,0.6306982008968267,0.6306982008968267,raised_back_of_hand_medium_skin_tone,78,🤚🏽,raised back of hand: medium skin tone,People & Body,hand-fingers-open
Japanese_here_button,,,,,,,Japanese_here_button,3,🈁,Japanese “here” button,Symbols,alphanum
woman_golfing_medium-light_skin_tone,,,,,,,woman_golfing_medium-light_skin_tone,1,🏌🏼‍♀️,woman golfing: medium-light skin tone,People & Body,person-sport
person_standing_medium-light_skin_tone,,,,,,,person_standing_medium-light_skin_tone,1,🧍🏼,person standing: medium-light skin tone,People & Body,person-activity
thumbs_down,0.5072829601800035,0.9245641048441999,0.6831955995972628,0.7200145241264566,0.2495504884756469,0.7609244402700054,thumbs_down,7007,👎,thumbs down,People & Body,hand-fingers-closed
hushed_face,0.14980338721219172,1.3482304849097257,0.4868610084396231,0.18725423401523966,0.5243118552426711,0.2247050808182876,hushed_face,834,😯,hushed face,Smileys & Emotion,face-concerned
woman_biking_medium-dark_skin_tone,,,,,,,woman_biking_medium-dark_skin_tone,1,🚴🏾‍♀️,woman biking: medium-dark skin tone,People & Body,person-sport
princess_medium_skin_tone,0.0,0.0,0.0,0.0,0.0,1.591064607026499,princess_medium_skin_tone,39,👸🏽,princess: medium skin tone,People & Body,person-role
mx_claus,,,,,,,mx_claus,5,🧑‍🎄,mx claus,People & Body,person-fantasy
detective_medium-dark_skin_tone,,,,,,,detective_medium-dark_skin_tone,5,🕵🏾,detective: medium-dark skin tone,People & Body,person-role
selfie_medium_skin_tone,0.0,0.8450980400142568,0.0,0.0,0.0,0.0,selfie_medium_skin_tone,7,🤳🏽,selfie: medium skin tone,People & Body,hand-prop
comet,0.0,1.1711322996873499,0.14639153746091874,0.29278307492183747,0.0,0.29278307492183747,comet,80,☄️,comet,Travel & Places,sky & weather
smirking_face,0.2298681768005577,2.114787226565131,0.29116635728070644,0.5670081694413758,0.337139992640818,0.3064909024007436,smirking_face,7022,😏,smirking face,Smileys & Emotion,face-neutral-skeptical
spiral_calendar,0.0,0.0,0.0,1.2862792838095283,0.6431396419047641,0.0,spiral_calendar,85,🗓️,spiral calendar,Objects,office
OK_hand_dark_skin_tone,,,,,,,OK_hand_dark_skin_tone,143,👌🏿,OK hand: dark skin tone,People & Body,hand-fingers-partial
billed_cap,0.09819379440034041,0.7855503552027233,0.19638758880068083,0.29458138320102123,0.0,1.0801317384037445,billed_cap,285,🧢,billed cap,Objects,clothing
England,,,,,,,England,102,🏴󠁧󠁢󠁥󠁮󠁧󠁿,flag: England,Flags,subdivision-flag
angry_face,1.1944170270619392,0.5387859415551138,0.580980021315454,0.6978251652671655,0.1493021283827424,0.7562477372430212,angry_face,8271,😠,angry face,Smileys & Emotion,face-negative
Japanese_symbol_for_beginner,,,,,,,Japanese_symbol_for_beginner,55,🔰,Japanese symbol for beginner,Symbols,other-symbol
thumbs_up,0.1313173904727936,3.8437871004842874,0.16351133136289783,0.22620479520152187,0.23976013873419735,0.10251228546585824,thumbs_up,50944,👍,thumbs up,People & Body,hand-fingers-closed
man_medium-light_skin_tone_red_hair,,,,,,,man_medium-light_skin_tone_red_hair,1,👨🏼‍🦰,"man: medium-light skin tone, red hair",People & Body,person
waving_hand_medium-light_skin_tone,,,,,,,waving_hand_medium-light_skin_tone,358,👋🏼,waving hand: medium-light skin tone,People & Body,hand-fingers-open
wood,0.03916667016355438,0.188712138060762,0.06409091481308898,0.07477273394860381,0.04984848929906921,0.06053030843458404,wood,3,🪵,wood,Travel & Places,place-building
person_shrugging_dark_skin_tone,,,,,,,person_shrugging_dark_skin_tone,10,🤷🏿,person shrugging: dark skin tone,People & Body,person-gesture
face_with_spiral_eyes,,,,,,,face_with_spiral_eyes,12,😵‍💫,face with spiral eyes,Smileys & Emotion,face-unwell
safety_pin,,,,,,,safety_pin,3,🧷,safety pin,Objects,household
water_pistol,,,,,,,water_pistol,732,🔫,water pistol,Objects,tool
muted_speaker,0.0,0.7156818820794937,0.0,0.7156818820794937,0.0,0.0,muted_speaker,27,🔇,muted speaker,Objects,sound
waning_crescent_moon,,,,,,,waning_crescent_moon,41,🌘,waning crescent moon,Travel & Places,sky & weather
United_Kingdom,,,,,,,United_Kingdom,1122,🇬🇧,flag: United Kingdom,Flags,country-flag
pinching_hand_medium-light_skin_tone,,,,,,,pinching_hand_medium-light_skin_tone,9,🤏🏼,pinching hand: medium-light skin tone,People & Body,hand-fingers-partial
zany_face,0.11915736154344879,1.9899279377755947,0.23831472308689758,0.679196960797658,0.19065177846951806,0.19065177846951806,zany_face,2558,🤪,zany face,Smileys & Emotion,face-tongue
twelve-thirty,,,,,,,twelve-thirty,7,🕧,twelve-thirty,Travel & Places,time
brown_circle,0.0,0.6020599913279624,0.0,0.0,0.0,0.0,brown_circle,4,🟤,brown circle,Symbols,geometric
man_walking_dark_skin_tone,,,,,,,man_walking_dark_skin_tone,8,🚶🏿‍♂️,man walking: dark skin tone,People & Body,person-activity
package,0.42342706244099015,0.4915589497229135,0.39667898817475356,0.5929997596759994,0.5723078531681559,0.6258040017006291,package,1267,📦,package,Objects,mail
woman_tipping_hand_medium-dark_skin_tone,,,,,,,woman_tipping_hand_medium-dark_skin_tone,67,💁🏾‍♀️,woman tipping hand: medium-dark skin tone,People & Body,person-gesture
woman_in_manual_wheelchair,0.0,0.0,0.6020599913279624,0.0,0.0,0.0,woman_in_manual_wheelchair,4,👩‍🦽,woman in manual wheelchair,People & Body,person-activity
man_with_white_cane_medium-light_skin_tone,,,,,,,man_with_white_cane_medium-light_skin_tone,1,👨🏼‍🦯,man with white cane: medium-light skin tone,People & Body,person-activity
man_rowing_boat,,,,,,,man_rowing_boat,2,🚣‍♂️,man rowing boat,People & Body,person-sport
kiwi_fruit,0.0,1.0577754357871354,0.0,0.26444385894678385,0.0,0.0,kiwi_fruit,21,🥝,kiwi fruit,Food & Drink,food-fruit
breast-feeding,,,,,,,breast-feeding,19,🤱,breast-feeding,People & Body,person-role
woman_kneeling,0.0,1.6812412373755872,0.0,0.0,0.0,0.0,woman_kneeling,48,🧎‍♀️,woman kneeling,People & Body,person-activity
no_pedestrians,0.8450980400142568,0.0,0.0,0.0,0.0,0.0,no_pedestrians,7,🚷,no pedestrians,Symbols,warning
man_technologist_light_skin_tone,0.0,0.8202992809188492,0.0,0.0,0.4101496404594246,0.0,man_technologist_light_skin_tone,17,👨🏻‍💻,man technologist: light skin tone,People & Body,person-role
drooling_face,0.09289672907842193,2.601108414195814,0.1071885335520253,0.5216508632865232,0.2786901872352658,0.22866887157765398,drooling_face,6764,🤤,drooling face,Smileys & Emotion,face-sleepy
woman_walking_dark_skin_tone,,,,,,,woman_walking_dark_skin_tone,1,🚶🏿‍♀️,woman walking: dark skin tone,People & Body,person-activity
person_getting_haircut_medium_skin_tone,,,,,,,person_getting_haircut_medium_skin_tone,2,💇🏽,person getting haircut: medium skin tone,People & Body,person-activity
ballot_box_with_ballot,0.0,1.1179937160722735,0.3726645720240912,0.3726645720240912,0.0,0.0,ballot_box_with_ballot,73,🗳️,ballot box with ballot,Objects,mail
love_letter,0.037229610993505025,2.494383936564837,0.0,0.0,0.018614805496752512,0.0,love_letter,355,💌,love letter,Smileys & Emotion,emotion
shopping_bags,0.0,2.484350557291327,0.0,0.0,0.2981220668749592,0.0,shopping_bags,606,🛍️,shopping bags,Objects,clothing
palms_up_together_medium-light_skin_tone,,,,,,,palms_up_together_medium-light_skin_tone,88,🤲🏼,palms up together: medium-light skin tone,People & Body,hands
beach_with_umbrella,0.0,2.1402034149012903,0.11264228499480475,0.0,0.11264228499480475,0.0,beach_with_umbrella,232,🏖️,beach with umbrella,Travel & Places,place-geographic
singer_medium-dark_skin_tone,,,,,,,singer_medium-dark_skin_tone,1,🧑🏾‍🎤,singer: medium-dark skin tone,People & Body,person-role
vulcan_salute,0.0,0.94893108589391,0.54224633479652,0.13556158369913,0.27112316739826,0.13556158369913,vulcan_salute,108,🖖,vulcan salute,People & Body,hand-fingers-open
light_rail,,,,,,,light_rail,8,🚈,light rail,Travel & Places,transport-ground
woman_pouting_medium-dark_skin_tone,,,,,,,woman_pouting_medium-dark_skin_tone,2,🙎🏾‍♀️,woman pouting: medium-dark skin tone,People & Body,person-gesture
man_teacher_light_skin_tone,,,,,,,man_teacher_light_skin_tone,5,👨🏻‍🏫,man teacher: light skin tone,People & Body,person-role
woman_standing_light_skin_tone,,,,,,,woman_standing_light_skin_tone,105,🧍🏻‍♀️,woman standing: light skin tone,People & Body,person-activity
shark,0.2943801991022821,0.5467060840470952,0.21027157078734432,0.5467060840470952,0.08410862831493772,0.2523258849448132,shark,86,🦈,shark,Animals & Nature,animal-marine
mahjong_red_dragon,0.0,0.6020599913279624,0.0,0.0,0.0,0.0,mahjong_red_dragon,4,🀄,mahjong red dragon,Activities,game
fire_engine,0.0,0.31126050015345746,0.0,0.15563025007672873,1.089411750537101,0.0,fire_engine,36,🚒,fire engine,Travel & Places,transport-ground
name_badge,,,,,,,name_badge,1,📛,name badge,Symbols,other-symbol
umbrella_with_rain_drops,0.15743714161828032,1.5743714161828033,0.15743714161828032,0.15743714161828032,0.15743714161828032,0.0,umbrella_with_rain_drops,160,☔,umbrella with rain drops,Travel & Places,sky & weather
joker,0.158436839823148,0.633747359292592,0.158436839823148,0.09506210389388879,0.5703726233633327,0.19012420778777758,joker,64,🃏,joker,Activities,game
menorah,0.0,0.8331141481265801,0.20827853703164503,0.0,0.0,0.0,menorah,11,🕎,menorah,Symbols,religion
Gibraltar,,,,,,,Gibraltar,4,🇬🇮,flag: Gibraltar,Flags,country-flag
deaf_man_medium-dark_skin_tone,,,,,,,deaf_man_medium-dark_skin_tone,1,🧏🏾‍♂️,deaf man: medium-dark skin tone,People & Body,person-gesture
woman_bouncing_ball_medium_skin_tone,,,,,,,woman_bouncing_ball_medium_skin_tone,1,⛹🏽‍♀️,woman bouncing ball: medium skin tone,People & Body,person-sport
alien_monster,0.2415227606485887,0.4830455212971774,0.12076138032429436,0.8453296622700605,0.12076138032429436,0.4830455212971774,alien_monster,197,👾,alien monster,Smileys & Emotion,face-costume
woman_medium-light_skin_tone,,,,,,,woman_medium-light_skin_tone,23,👩🏼,woman: medium-light skin tone,People & Body,person
person_running_dark_skin_tone,0.0,0.0,0.0,0.0,1.0413926851582251,0.0,person_running_dark_skin_tone,11,🏃🏿,person running: dark skin tone,People & Body,person-activity
joystick,0.0,1.0894884736465846,0.21789769472931694,0.10894884736465847,0.10894884736465847,0.6536930841879508,joystick,151,🕹️,joystick,Activities,game
collision,0.17095349870851415,1.6323301812167803,0.07720480586836123,1.196674490959599,0.35845088438881995,0.038602402934180616,collision,2980,💥,collision,Smileys & Emotion,emotion
pregnant_woman_light_skin_tone,0.0,1.3424226808222062,0.0,0.0,0.0,0.0,pregnant_woman_light_skin_tone,22,🤰🏻,pregnant woman: light skin tone,People & Body,person-role
person_playing_handball_dark_skin_tone,,,,,,,person_playing_handball_dark_skin_tone,1,🤾🏿,person playing handball: dark skin tone,People & Body,person-sport
sauropod,0.0,1.376068801956713,0.0,0.5160258007337674,0.0,0.0,sauropod,78,🦕,sauropod,Animals & Nature,animal-reptile
french_fries,0.07494992476152276,3.1590005325412185,0.1776590809162021,0.16655538835893946,0.3941810857828234,0.08050177104015409,french_fries,11294,🍟,french fries,Food & Drink,food-prepared
vulcan_salute_medium-light_skin_tone,,,,,,,vulcan_salute_medium-light_skin_tone,18,🖖🏼,vulcan salute: medium-light skin tone,People & Body,hand-fingers-open
bullet_train,,,,,,,bullet_train,18,🚅,bullet train,Travel & Places,transport-ground
woman_getting_haircut_medium-dark_skin_tone,,,,,,,woman_getting_haircut_medium-dark_skin_tone,2,💇🏾‍♀️,woman getting haircut: medium-dark skin tone,People & Body,person-activity
downwards_button,0.10318513869062602,0.5159256934531302,0.0,0.5159256934531302,0.0,0.7222959708343822,downwards_button,72,🔽,downwards button,Symbols,av-symbol
princess,0.13285730520883063,1.149215690056385,0.2790003409385443,0.3321432630220766,0.09964297890662296,0.15942876625059677,princess,142,👸,princess,People & Body,person-role
up-right_arrow,,,,,,,up-right_arrow,35,↗️,up-right arrow,Symbols,arrow
face_vomiting,0.3212319942393743,0.3126658077263244,0.22486239596756205,2.0194784704515336,0.09636959827181231,0.8630432911897857,face_vomiting,6881,🤮,face vomiting,Smileys & Emotion,face-unwell
door,0.21704888189888225,0.5244302464377618,0.23963200255888156,0.3977138471788767,0.2659789766622141,0.3763853443333218,door,105,🚪,door,Objects,household
yawning_face,0.3269688799682601,0.43595850662434676,0.16348443998413004,0.49045331995239017,0.21797925331217338,1.0354014532328237,yawning_face,468,🥱,yawning face,Smileys & Emotion,face-concerned
backhand_index_pointing_down_medium_skin_tone,0.0,1.1070851888436954,0.0,0.3690283962812318,0.3690283962812318,0.7380567925624636,backhand_index_pointing_down_medium_skin_tone,383,👇🏽,backhand index pointing down: medium skin tone,People & Body,hand-single-finger
police_officer_light_skin_tone,,,,,,,police_officer_light_skin_tone,11,👮🏻,police officer: light skin tone,People & Body,person-role
chipmunk,0.27986305604587053,1.3993152802293527,0.0,0.27986305604587053,0.0,0.0,chipmunk,91,🐿️,chipmunk,Animals & Nature,animal-mammal
backhand_index_pointing_up_dark_skin_tone,,,,,,,backhand_index_pointing_up_dark_skin_tone,10,👆🏿,backhand index pointing up: dark skin tone,People & Body,hand-single-finger
merman_medium_skin_tone,,,,,,,merman_medium_skin_tone,1,🧜🏽‍♂️,merman: medium skin tone,People & Body,person-fantasy
supervillain,0.0,0.1505149978319906,0.0752574989159953,0.0,0.0,0.0752574989159953,supervillain,2,🦹,supervillain,People & Body,person-fantasy
handshake,0.3337656851374345,1.8542538063190803,0.07417015225276322,0.29668060901105286,0.14834030450552643,0.29668060901105286,handshake,1009,🤝,handshake,People & Body,hands
elf,0.04074090166880948,0.2670792442733066,0.11316917130224856,0.08600857018970891,0.022633834260449712,0.07242826963343908,elf,4,🧝,elf,People & Body,person-fantasy
mouth,0.2708665926171556,1.074336035886022,0.27391003747802256,0.4626036188517715,0.18260669165201504,0.6299930861994519,mouth,784,👄,mouth,People & Body,body-parts
computer_disk,0.16412458385774026,1.148872087004182,0.0,0.0,0.16412458385774026,0.0,computer_disk,30,💽,computer disk,Objects,computer
oncoming_fist,0.16254888160686096,2.749196301959518,0.056538741428473385,0.22615496571389354,0.12721216821406509,0.11307748285694677,oncoming_fist,2721,👊,oncoming fist,People & Body,hand-fingers-closed
star_of_David,,,,,,,star_of_David,21,✡️,star of David,Symbols,religion
police_car,0.0,0.4083671138948966,0.0,0.4083671138948966,0.8167342277897932,0.0,police_car,43,🚓,police car,Travel & Places,transport-ground
man_supervillain_medium_skin_tone,,,,,,,man_supervillain_medium_skin_tone,2,🦹🏽‍♂️,man supervillain: medium skin tone,People & Body,person-fantasy
man_pouting,,,,,,,man_pouting,2,🙎‍♂️,man pouting,People & Body,person-gesture
black_cat,,,,,,,black_cat,20,🐈‍⬛,black cat,Animals & Nature,animal-mammal
railway_track,,,,,,,railway_track,11,🛤️,railway track,Travel & Places,transport-ground
cat_with_wry_smile,,,,,,,cat_with_wry_smile,322,😼,cat with wry smile,Smileys & Emotion,cat-face
woman_artist,0.0,0.9542425094393249,0.0,0.0,0.0,0.0,woman_artist,9,👩‍🎨,woman artist,People & Body,person-role
hot_springs,0.0,0.3690196080028514,0.0,0.3690196080028514,1.1070588240085542,0.0,hot_springs,70,♨️,hot springs,Travel & Places,place-other
North_Korea,,,,,,,North_Korea,4,🇰🇵,flag: North Korea,Flags,country-flag
kaaba,,,,,,,kaaba,9,🕋,kaaba,Travel & Places,place-religious
ringed_planet,0.0,0.9865639267998493,0.0,0.9865639267998493,0.0,0.0,ringed_planet,94,🪐,ringed planet,Travel & Places,sky & weather
keycap_1,0.0,2.0419786652194016,0.240232784143459,0.0,0.1201163920717295,0.1201163920717295,keycap_1,333,1️⃣,keycap: 1,Symbols,keycap
Antarctica,,,,,,,Antarctica,1,🇦🇶,flag: Antarctica,Flags,country-flag
man_artist_medium-light_skin_tone,,,,,,,man_artist_medium-light_skin_tone,1,👨🏼‍🎨,man artist: medium-light skin tone,People & Body,person-role
crossed_fingers_dark_skin_tone,0.0,1.4084967333570948,0.0,0.0,0.0,0.28169934667141894,crossed_fingers_dark_skin_tone,49,🤞🏿,crossed fingers: dark skin tone,People & Body,hand-fingers-partial
woman_zombie,,,,,,,woman_zombie,212,🧟‍♀️,woman zombie,People & Body,person-fantasy
globe_showing_Asia-Australia,,,,,,,globe_showing_Asia-Australia,669,🌏,globe showing Asia-Australia,Travel & Places,place-map
person_shrugging,0.08849080871487032,1.1946259176507492,0.4866994479317867,0.6194356610040922,0.17698161742974064,0.2212270217871758,person_shrugging,613,🤷,person shrugging,People & Body,person-gesture
Spain,,,,,,,Spain,317,🇪🇸,flag: Spain,Flags,country-flag
clapper_board,0.0,2.0963870426445883,0.17469892022038236,0.3493978404407647,0.3275604754132169,0.021837365027547795,clapper_board,933,🎬,clapper board,Objects,light & video
butterfly,0.15160102862663358,1.8625269231272124,0.30320205725326715,0.34651663686087675,0.06497186941141439,0.06497186941141439,butterfly,622,🦋,butterfly,Animals & Nature,animal-bug
person_facepalming,0.20816885823846168,1.0061494814858982,0.24286366794487196,0.6245065747153851,0.20816885823846168,0.5898117650089748,person_facepalming,758,🤦,person facepalming,People & Body,person-gesture
eight-spoked_asterisk,,,,,,,eight-spoked_asterisk,17,✳️,eight-spoked asterisk,Symbols,other-symbol
takeout_box,0.0,0.0,0.0,1.2304489213782739,0.0,0.0,takeout_box,17,🥡,takeout box,Food & Drink,food-asian
woman_surfing_medium_skin_tone,0.0,0.0,0.0,0.6989700043360189,0.0,0.0,woman_surfing_medium_skin_tone,5,🏄🏽‍♀️,woman surfing: medium skin tone,People & Body,person-sport
man_tipping_hand_medium_skin_tone,0.43896871391812287,0.8779374278362457,0.0,0.0,0.0,0.43896871391812287,man_tipping_hand_medium_skin_tone,57,💁🏽‍♂️,man tipping hand: medium skin tone,People & Body,person-gesture
man_juggling_light_skin_tone,0.0,0.3010299956639812,0.0,0.0,0.0,0.0,man_juggling_light_skin_tone,2,🤹🏻‍♂️,man juggling: light skin tone,People & Body,person-sport
tractor,0.0,0.32260154046277795,0.10753384682092598,0.32260154046277795,0.43013538728370393,0.21506769364185196,tractor,25,🚜,tractor,Travel & Places,transport-ground
man_in_tuxedo,0.0,0.3010299956639812,0.0,0.0,0.0,0.0,man_in_tuxedo,2,🤵‍♂️,man in tuxedo,People & Body,person-role
circus_tent,0.0,1.0853685235066644,0.0,0.3617895078355548,0.0,0.0,circus_tent,28,🎪,circus tent,Travel & Places,place-other
person_climbing,,,,,,,person_climbing,3,🧗,person climbing,People & Body,person-activity
woman_mage_light_skin_tone,0.3617895078355548,0.3617895078355548,0.0,0.7235790156711096,0.0,0.0,woman_mage_light_skin_tone,28,🧙🏻‍♀️,woman mage: light skin tone,People & Body,person-fantasy
Jersey,,,,,,,Jersey,1,🇯🇪,flag: Jersey,Flags,country-flag
person_raising_hand_medium-dark_skin_tone,,,,,,,person_raising_hand_medium-dark_skin_tone,27,🙋🏾,person raising hand: medium-dark skin tone,People & Body,person-gesture
no_bicycles,,,,,,,no_bicycles,2,🚳,no bicycles,Symbols,warning
ewe,0.1999237095287982,0.9496376202617914,0.0,0.34986649167539685,0.14994278214659865,0.3998474190575964,ewe,112,🐑,ewe,Animals & Nature,animal-mammal
speaker_high_volume,0.08114365923832688,1.5417295255282106,0.08114365923832688,0.8114365923832688,0.0,0.08114365923832688,speaker_high_volume,395,🔊,speaker high volume,Objects,sound
face_with_hand_over_mouth,0.10941954340834784,2.407229954983652,0.1914842009646087,0.4513556165594348,0.16412931511252174,0.15045187218647826,face_with_hand_over_mouth,2979,🤭,face with hand over mouth,Smileys & Emotion,face-hand
white_large_square,0.0,1.1385762547742648,0.7590508365161766,0.0,0.0,0.0,white_large_square,79,⬜,white large square,Symbols,geometric
women_holding_hands_medium-dark_skin_tone_medium_skin_tone,,,,,,,women_holding_hands_medium-dark_skin_tone_medium_skin_tone,1,👩🏾‍🤝‍👩🏽,"women holding hands: medium-dark skin tone, medium skin tone",People & Body,family
person_beard,,,,,,,person_beard,24,🧔,person: beard,People & Body,person
handbag,0.1366056140878349,1.1611477197465967,0.0,0.1366056140878349,0.2732112281756698,0.0,handbag,51,👜,handbag,Objects,clothing
Faroe_Islands,,,,,,,Faroe_Islands,1,🇫🇴,flag: Faroe Islands,Flags,country-flag
jack-o-lantern,,,,,,,jack-o-lantern,1564,🎃,jack-o-lantern,Activities,event
police_officer,0.3064748484562092,0.9194245453686276,0.1021582828187364,0.4086331312749456,0.0,0.1021582828187364,police_officer,69,👮,police officer,People & Body,person-role
men_holding_hands_light_skin_tone_medium-light_skin_tone,,,,,,,men_holding_hands_light_skin_tone_medium-light_skin_tone,3,👨🏻‍🤝‍👨🏼,"men holding hands: light skin tone, medium-light skin tone",People & Body,family
lemon,0.16247576871915348,1.4195251372304987,0.290746112444801,0.4361191686672014,0.17102712496752998,0.23943797495454194,lemon,524,🍋,lemon,Food & Drink,food-fruit
zebra,0.09389978222380631,0.9389978222380632,0.09389978222380631,0.28169934667141894,0.0,0.28169934667141894,zebra,49,🦓,zebra,Animals & Nature,animal-mammal
man_in_manual_wheelchair,0.0,0.0,0.0,0.0,0.0,0.3010299956639812,man_in_manual_wheelchair,2,👨‍🦽,man in manual wheelchair,People & Body,person-activity
sloth,0.17349863807987725,0.26024795711981585,0.0,0.3469972761597545,0.08674931903993863,0.08674931903993863,sloth,9,🦥,sloth,Animals & Nature,animal-mammal
mending_heart,,,,,,,mending_heart,7,❤️‍🩹,mending heart,Smileys & Emotion,emotion
man_in_lotus_position_light_skin_tone,,,,,,,man_in_lotus_position_light_skin_tone,1,🧘🏻‍♂️,man in lotus position: light skin tone,People & Body,person-resting
kangaroo,0.05003961521784544,0.2501980760892272,0.2501980760892272,0.5504357673962997,0.0,0.20015846087138175,kangaroo,20,🦘,kangaroo,Animals & Nature,animal-mammal
man_firefighter,,,,,,,man_firefighter,4,👨‍🚒,man firefighter,People & Body,person-role
white_question_mark,0.0,0.21380880956243128,0.0,1.7104704764994503,0.0,0.0,white_question_mark,84,❔,white question mark,Symbols,punctuation
sun_behind_large_cloud,,,,,,,sun_behind_large_cloud,19,🌥️,sun behind large cloud,Travel & Places,sky & weather
leg_medium-dark_skin_tone,,,,,,,leg_medium-dark_skin_tone,1,🦵🏾,leg: medium-dark skin tone,People & Body,body-parts
person_swimming,0.0,1.4771212547196624,0.0,0.0,0.0,0.0,person_swimming,30,🏊,person swimming,People & Body,person-sport
saxophone,0.0,1.2470683737611805,0.0,0.4156894579203935,0.0,0.0,saxophone,46,🎷,saxophone,Objects,musical-instrument
revolving_hearts,0.05068668352561356,3.0688482934598755,0.08754972608969615,0.0967654867307168,0.11058912769224777,0.04147092288459291,revolving_hearts,2857,💞,revolving hearts,Smileys & Emotion,emotion
trophy,0.13354333931746878,2.260697958445722,0.18123738907370765,0.333858348293672,0.18123738907370765,0.12400452936622103,trophy,1639,🏆,trophy,Activities,award-medal
Sierra_Leone,,,,,,,Sierra_Leone,3,🇸🇱,flag: Sierra Leone,Flags,country-flag
mage,0.0,0.8537850880489681,0.17075701760979364,0.6830280704391746,0.0,0.0,mage,51,🧙,mage,People & Body,person-fantasy
man_lifting_weights_medium-dark_skin_tone,,,,,,,man_lifting_weights_medium-dark_skin_tone,1,🏋🏾‍♂️,man lifting weights: medium-dark skin tone,People & Body,person-sport
part_alternation_mark,,,,,,,part_alternation_mark,97,〽️,part alternation mark,Symbols,other-symbol
grinning_cat,,,,,,,grinning_cat,225,😺,grinning cat,Smileys & Emotion,cat-face
first_quarter_moon_face,0.8116246451989503,0.40581232259947514,0.40581232259947514,0.0,0.0,0.0,first_quarter_moon_face,42,🌛,first quarter moon face,Travel & Places,sky & weather
repeat_single_button,0.0,0.0,0.0,0.6020599913279624,0.0,0.0,repeat_single_button,4,🔂,repeat single button,Symbols,av-symbol
rice_ball,0.0,0.7781512503836436,0.0,0.0,0.0,0.0,rice_ball,6,🍙,rice ball,Food & Drink,food-asian
deaf_man_dark_skin_tone,,,,,,,deaf_man_dark_skin_tone,1,🧏🏿‍♂️,deaf man: dark skin tone,People & Body,person-gesture
no_smoking,0.0,0.3138181262758265,0.3138181262758265,0.0,0.0,0.627636252551653,no_smoking,18,🚭,no smoking,Symbols,warning
castle,0.05631684842678197,0.45679221501723155,0.14392083486844282,0.9636438508582693,0.08760398644166084,0.06257427602975775,castle,59,🏰,castle,Travel & Places,place-building
train,0.13667215296485816,0.2807319898737627,0.19023286155919444,0.24933433311156555,0.38415956509041205,0.19023286155919444,train,27,🚆,train,Travel & Places,transport-ground
man_walking_medium-dark_skin_tone,,,,,,,man_walking_medium-dark_skin_tone,25,🚶🏾‍♂️,man walking: medium-dark skin tone,People & Body,person-activity
raccoon,0.08657051759333145,0.25971155277999436,0.12985577638999718,0.38956732916999154,0.1731410351866629,0.21642629398332863,raccoon,18,🦝,raccoon,Animals & Nature,animal-mammal
heart_suit,0.021153727196452733,3.834113054357058,0.042307454392905466,0.08461490878581093,0.25384472635743277,0.005288431799113183,heart_suit,17431,♥️,heart suit,Activities,game
face_with_thermometer,0.23112964232328922,0.8474753551853939,0.38521607053881535,0.6163457128621046,0.23112964232328922,0.15408642821552615,face_with_thermometer,292,🤒,face with thermometer,Smileys & Emotion,face-unwell
woman_medium_skin_tone_curly_hair,,,,,,,woman_medium_skin_tone_curly_hair,5,👩🏽‍🦱,"woman: medium skin tone, curly hair",People & Body,person
woman_and_man_holding_hands_medium-dark_skin_tone,,,,,,,woman_and_man_holding_hands_medium-dark_skin_tone,1,👫🏾,woman and man holding hands: medium-dark skin tone,People & Body,family
tiger_face,0.2769615937662901,1.5694490313423104,0.09232053125543002,0.4154423906494351,0.18464106251086004,0.18464106251086004,tiger_face,529,🐯,tiger face,Animals & Nature,animal-mammal
red_triangle_pointed_up,0.0,1.3958015165572506,0.9305343443715005,0.0,0.0,0.0,red_triangle_pointed_up,212,🔺,red triangle pointed up,Symbols,geometric
Poland,,,,,,,Poland,216,🇵🇱,flag: Poland,Flags,country-flag
thong_sandal,,,,,,,thong_sandal,9,🩴,thong sandal,Objects,clothing
construction_worker_light_skin_tone,,,,,,,construction_worker_light_skin_tone,1,👷🏻,construction worker: light skin tone,People & Body,person-role
man_getting_haircut,,,,,,,man_getting_haircut,14,💇‍♂️,man getting haircut,People & Body,person-activity
man_running_dark_skin_tone,,,,,,,man_running_dark_skin_tone,5,🏃🏿‍♂️,man running: dark skin tone,People & Body,person-activity
woman_astronaut_medium_skin_tone,,,,,,,woman_astronaut_medium_skin_tone,2,👩🏽‍🚀,woman astronaut: medium skin tone,People & Body,person-role
zombie,0.08801132124865788,0.48406226686761833,0.06400823363538755,0.7360946868069569,0.06400823363538755,0.13201698187298683,zombie,37,🧟,zombie,People & Body,person-fantasy
person_light_skin_tone_bald,,,,,,,person_light_skin_tone_bald,1,🧑🏻‍🦲,"person: light skin tone, bald",People & Body,person
Kenya,,,,,,,Kenya,81,🇰🇪,flag: Kenya,Flags,country-flag
smiling_face_with_tear,,,,,,,smiling_face_with_tear,2735,🥲,smiling face with tear,Smileys & Emotion,face-affection
pager,0.0,0.627636252551653,0.627636252551653,0.0,0.0,0.0,pager,18,📟,pager,Objects,phone
carrot,0.04096067259992712,1.5155448861973033,0.32768538079941695,0.26624437189952627,0.18432302669967204,0.061441008899890674,carrot,249,🥕,carrot,Food & Drink,food-vegetable
hammer_and_wrench,0.0,0.5197953115119062,0.0,0.5197953115119062,1.0395906230238123,0.0,hammer_and_wrench,120,🛠️,hammer and wrench,Objects,tool
fallen_leaf,0.0,1.8344976036003762,0.0,0.0917248801800188,0.1834497603600376,0.0917248801800188,fallen_leaf,159,🍂,fallen leaf,Animals & Nature,plant-other
motor_boat,0.0,0.0,0.0,1.2041199826559248,0.0,0.0,motor_boat,16,🛥️,motor boat,Travel & Places,transport-water
person_taking_bath,0.0,0.8387640052032226,0.0,0.27958800173440757,0.0,0.27958800173440757,person_taking_bath,25,🛀,person taking bath,People & Body,person-resting
ferris_wheel,0.7592569699389438,0.7592569699389438,0.0,0.0,0.0,0.0,ferris_wheel,33,🎡,ferris wheel,Travel & Places,place-other
woman_elf_medium-light_skin_tone,,,,,,,woman_elf_medium-light_skin_tone,3,🧝🏼‍♀️,woman elf: medium-light skin tone,People & Body,person-fantasy
mx_claus_medium-light_skin_tone,,,,,,,mx_claus_medium-light_skin_tone,1,🧑🏼‍🎄,mx claus: medium-light skin tone,People & Body,person-fantasy
man_mechanic_medium-dark_skin_tone,,,,,,,man_mechanic_medium-dark_skin_tone,1,👨🏾‍🔧,man mechanic: medium-dark skin tone,People & Body,person-role
woman_tipping_hand_dark_skin_tone,0.0,0.0,0.0,0.0,0.0,0.9030899869919435,woman_tipping_hand_dark_skin_tone,8,💁🏿‍♀️,woman tipping hand: dark skin tone,People & Body,person-gesture
nose,0.24674557882330445,0.5832168226732651,0.29160841133663257,0.23552987069497247,0.07850995689832414,0.2803927032083005,nose,52,👃,nose,People & Body,body-parts
Uzbekistan,,,,,,,Uzbekistan,1,🇺🇿,flag: Uzbekistan,Flags,country-flag
woman_firefighter_medium-light_skin_tone,,,,,,,woman_firefighter_medium-light_skin_tone,1,👩🏼‍🚒,woman firefighter: medium-light skin tone,People & Body,person-role
open_hands_medium-light_skin_tone,,,,,,,open_hands_medium-light_skin_tone,22,👐🏼,open hands: medium-light skin tone,People & Body,hands
bacon,0.23421130266081816,1.3106207826978657,0.5069230934302639,0.4267137432039563,0.22458618063366123,0.35612951500480566,bacon,1146,🥓,bacon,Food & Drink,food-prepared
disguised_face,,,,,,,disguised_face,121,🥸,disguised face,Smileys & Emotion,face-hat
litter_in_bin_sign,0.14636246508816872,0.24393744181361451,0.24393744181361451,0.5122686278085905,0.048787488362722904,1.8539245577834702,litter_in_bin_sign,1120,🚮,litter in bin sign,Symbols,transport-sign
kissing_face_with_closed_eyes,0.0951392160567421,2.4328456677366908,0.06795658289767292,0.20386974869301877,0.23105238185208793,0.02718263315906917,kissing_face_with_closed_eyes,1143,😚,kissing face with closed eyes,Smileys & Emotion,face-affection
person_bowing,0.0,1.0730536545156233,0.1788422757526039,0.5365268272578116,0.1788422757526039,0.2682634136289058,person_bowing,172,🙇,person bowing,People & Body,person-gesture
man_lifting_weights,,,,,,,man_lifting_weights,18,🏋️‍♂️,man lifting weights,People & Body,person-sport
gloves,0.07032294726757825,0.35864703106464907,0.3375501468843756,0.2953563785238286,0.21096884180273476,0.2953563785238286,gloves,37,🧤,gloves,Objects,clothing
rooster,0.1932785934515195,0.9663929672575975,0.4252129055933429,0.5927210199179931,0.051540958253738535,0.4123276660299083,rooster,438,🐓,rooster,Animals & Nature,animal-bird
Guyana,,,,,,,Guyana,6,🇬🇾,flag: Guyana,Flags,country-flag
woman_kneeling_light_skin_tone,,,,,,,woman_kneeling_light_skin_tone,36,🧎🏻‍♀️,woman kneeling: light skin tone,People & Body,person-activity
heart_on_fire,,,,,,,heart_on_fire,36,❤️‍🔥,heart on fire,Smileys & Emotion,emotion
winking_face,0.08276937535060773,3.4982993800530298,0.16036566474180247,0.2289090537040245,0.5703327270252814,0.05949048853324931,winking_face,39826,😉,winking face,Smileys & Emotion,face-smiling
heart_with_ribbon,0.011352355388542453,2.633746450141849,0.10217119849688207,0.06811413233125471,0.11352355388542452,0.0,heart_with_ribbon,849,💝,heart with ribbon,Smileys & Emotion,emotion
Timor-Leste,,,,,,,Timor-Leste,2,🇹🇱,flag: Timor-Leste,Flags,country-flag
right_arrow_curving_up,,,,,,,right_arrow_curving_up,25,⤴️,right arrow curving up,Symbols,arrow
woman_mountain_biking,,,,,,,woman_mountain_biking,4,🚵‍♀️,woman mountain biking,People & Body,person-sport
yo-yo,,,,,,,yo-yo,4,🪀,yo-yo,Activities,game
person,0.06594234273370919,0.24584329718198378,0.08079537527178737,0.09846536225674248,0.04263844685500031,0.06837516702873925,person,4,🧑,person,People & Body,person
woman_fairy_medium-light_skin_tone,,,,,,,woman_fairy_medium-light_skin_tone,22,🧚🏼‍♀️,woman fairy: medium-light skin tone,People & Body,person-fantasy
sunglasses,0.09067046912732005,1.405392271473461,0.1813409382546401,0.27201140738196017,0.1813409382546401,0.04533523456366002,sunglasses,150,🕶️,sunglasses,Objects,clothing
compass,0.1952611284671672,0.10847840470398179,0.08678272376318542,0.2386524903487599,0.06508704282238907,0.3471308950527417,compass,11,🧭,compass,Travel & Places,place-map
crossed_swords,0.0,1.8250674632702282,0.0,0.3650134926540456,0.0,0.3650134926540456,crossed_swords,359,⚔️,crossed swords,Objects,tool
hand_with_fingers_splayed_medium-dark_skin_tone,,,,,,,hand_with_fingers_splayed_medium-dark_skin_tone,15,🖐🏾,hand with fingers splayed: medium-dark skin tone,People & Body,hand-fingers-open
sandwich,0.03270852437739108,2.0947565161065635,0.053744594957360246,0.06451916769344201,0.026423356948010047,0.06028629983283846,sandwich,215,🥪,sandwich,Food & Drink,food-prepared
family_man_girl,0.6989700043360189,0.0,0.0,0.0,0.0,0.0,family_man_girl,5,👨‍👧,"family: man, girl",People & Body,family
person_with_white_cane,,,,,,,person_with_white_cane,4,🧑‍🦯,person with white cane,People & Body,person-activity
man_bald,,,,,,,man_bald,1,👨‍🦲,man: bald,People & Body,person
seat,0.042381301112824316,0.8523350557134668,0.16481617099431678,0.2307426393920435,0.1836523048222387,0.16952520445129726,seat,44,💺,seat,Travel & Places,transport-air
pear,0.09433155653138786,1.0376471218452665,0.0,0.2829946695941636,0.0,0.0,pear,26,🍐,pear,Food & Drink,food-fruit
person_frowning_light_skin_tone,,,,,,,person_frowning_light_skin_tone,5,🙍🏻,person frowning: light skin tone,People & Body,person-gesture
man_curly_hair,,,,,,,man_curly_hair,3,👨‍🦱,man: curly hair,People & Body,person
man_student_medium-light_skin_tone,,,,,,,man_student_medium-light_skin_tone,1,👨🏼‍🎓,man student: medium-light skin tone,People & Body,person-role
man_getting_massage_dark_skin_tone,,,,,,,man_getting_massage_dark_skin_tone,3,💆🏿‍♂️,man getting massage: dark skin tone,People & Body,person-activity
monkey,0.3697102722291034,0.4929470296388046,0.33119878553857185,0.5314585163293363,0.1078321627334885,0.6623975710771437,monkey,313,🐒,monkey,Animals & Nature,animal-mammal
desert_island,0.0,1.8723942006010819,0.06687122145003864,0.13374244290007728,0.06687122145003864,0.0,desert_island,138,🏝️,desert island,Travel & Places,place-geographic
white_heart,0.06103204299821733,2.877224884201674,0.017437726570919236,0.08718863285459619,0.08718863285459619,0.03487545314183847,white_heart,1462,🤍,white heart,Smileys & Emotion,emotion
woman_walking_medium-dark_skin_tone,,,,,,,woman_walking_medium-dark_skin_tone,17,🚶🏾‍♀️,woman walking: medium-dark skin tone,People & Body,person-activity
man_gesturing_NO,,,,,,,man_gesturing_NO,74,🙅‍♂️,man gesturing NO,People & Body,person-gesture
Fiji,,,,,,,Fiji,10,🇫🇯,flag: Fiji,Flags,country-flag
woman_superhero_light_skin_tone,,,,,,,woman_superhero_light_skin_tone,5,🦸🏻‍♀️,woman superhero: light skin tone,People & Body,person-fantasy
man_facepalming_medium-dark_skin_tone,,,,,,,man_facepalming_medium-dark_skin_tone,2037,🤦🏾‍♂️,man facepalming: medium-dark skin tone,People & Body,person-gesture
Mauritius,,,,,,,Mauritius,14,🇲🇺,flag: Mauritius,Flags,country-flag
person_raising_hand,0.10929742421336466,2.787084317440799,0.13662178026670582,0.027324356053341166,0.13662178026670582,0.027324356053341166,person_raising_hand,1676,🙋,person raising hand,People & Body,person-gesture
old_man_medium-dark_skin_tone,,,,,,,old_man_medium-dark_skin_tone,4,👴🏾,old man: medium-dark skin tone,People & Body,person
Bouvet_Island,,,,,,,Bouvet_Island,4,🇧🇻,flag: Bouvet Island,Flags,country-flag
Nigeria,,,,,,,Nigeria,214,🇳🇬,flag: Nigeria,Flags,country-flag
high-speed_train,,,,,,,high-speed_train,27,🚄,high-speed train,Travel & Places,transport-ground
open_mailbox_with_lowered_flag,0.0,0.8450980400142568,0.0,0.0,0.0,0.0,open_mailbox_with_lowered_flag,7,📭,open mailbox with lowered flag,Objects,mail
envelope_with_arrow,0.0,1.3333333333333333,0.6666666666666666,0.0,0.0,0.0,envelope_with_arrow,100,📩,envelope with arrow,Objects,mail
carousel_horse,0.0,1.146128035678238,0.0,0.0,0.0,0.0,carousel_horse,14,🎠,carousel horse,Travel & Places,place-other
man_gesturing_OK_medium-light_skin_tone,,,,,,,man_gesturing_OK_medium-light_skin_tone,6,🙆🏼‍♂️,man gesturing OK: medium-light skin tone,People & Body,person-gesture
man_office_worker_light_skin_tone,,,,,,,man_office_worker_light_skin_tone,3,👨🏻‍💼,man office worker: light skin tone,People & Body,person-role
camera,0.050133163895534245,2.32283659382642,0.133688437054758,0.14280355776303694,0.23547395163053964,0.10938144849934744,camera,987,📷,camera,Objects,light & video
blue_circle,0.11910085212874343,1.6674119298024077,0.11910085212874343,0.4764034085149737,0.0,0.0,blue_circle,241,🔵,blue circle,Symbols,geometric
woman_gesturing_NO_medium_skin_tone,,,,,,,woman_gesturing_NO_medium_skin_tone,87,🙅🏽‍♀️,woman gesturing NO: medium skin tone,People & Body,person-gesture
sake,0.12468338463445267,0.2829353728243349,0.17263853257078063,0.23737798228482335,0.05514842012677714,0.2733443432370693,sake,14,🍶,sake,Food & Drink,drink
person_medium-dark_skin_tone_beard,,,,,,,person_medium-dark_skin_tone_beard,3,🧔🏾,"person: medium-dark skin tone, beard",People & Body,person
upside-down_face,,,,,,,upside-down_face,8225,🙃,upside-down face,Smileys & Emotion,face-smiling
woman_getting_massage_medium_skin_tone,,,,,,,woman_getting_massage_medium_skin_tone,28,💆🏽‍♀️,woman getting massage: medium skin tone,People & Body,person-activity
mount_fuji,0.0,0.22373711347036768,0.0,0.0,1.1186855673518386,0.0,mount_fuji,22,🗻,mount fuji,Travel & Places,place-geographic
person_bouncing_ball_light_skin_tone,,,,,,,person_bouncing_ball_light_skin_tone,2,⛹🏻,person bouncing ball: light skin tone,People & Body,person-sport
locomotive,0.1309191884897037,1.1782726964073331,0.2618383769794074,0.1309191884897037,0.1309191884897037,0.1309191884897037,locomotive,92,🚂,locomotive,Travel & Places,transport-ground
love-you_gesture_medium-dark_skin_tone,,,,,,,love-you_gesture_medium-dark_skin_tone,63,🤟🏾,love-you gesture: medium-dark skin tone,People & Body,hand-fingers-partial
upwards_button,0.0,0.9542425094393249,0.0,0.0,0.0,0.0,upwards_button,9,🔼,upwards button,Symbols,av-symbol
anger_symbol,0.49212073713848375,0.0,0.0,0.49212073713848375,0.1640402457128279,0.8202012285641396,anger_symbol,93,💢,anger symbol,Smileys & Emotion,emotion
woman_technologist_medium-dark_skin_tone,,,,,,,woman_technologist_medium-dark_skin_tone,19,👩🏾‍💻,woman technologist: medium-dark skin tone,People & Body,person-role
dvd,0.12130284269022615,0.902635858841977,0.20336064803949677,0.23903795471309272,0.0499482293430343,0.23190249337837354,dvd,56,📀,dvd,Objects,computer
family_woman_boy,0.0,1.255272505103306,0.0,0.0,0.0,0.0,family_woman_boy,18,👩‍👦,"family: woman, boy",People & Body,family
T-Rex,,,,,,,T-Rex,116,🦖,T-Rex,Animals & Nature,animal-reptile
woman_mechanic_medium_skin_tone,,,,,,,woman_mechanic_medium_skin_tone,2,👩🏽‍🔧,woman mechanic: medium skin tone,People & Body,person-role
Guam,,,,,,,Guam,3,🇬🇺,flag: Guam,Flags,country-flag
love-you_gesture,,,,,,,love-you_gesture,406,🤟,love-you gesture,People & Body,hand-fingers-partial
man_guard,,,,,,,man_guard,4,💂‍♂️,man guard,People & Body,person-role
woman_medium-light_skin_tone_blond_hair,,,,,,,woman_medium-light_skin_tone_blond_hair,4,👱🏼‍♀️,"woman: medium-light skin tone, blond hair",People & Body,person
princess_dark_skin_tone,,,,,,,princess_dark_skin_tone,3,👸🏿,princess: dark skin tone,People & Body,person-role
input_symbols,,,,,,,input_symbols,1,🔣,input symbols,Symbols,alphanum
teacup_without_handle,0.0,1.4155111393809603,0.5662044557523841,0.28310222787619205,0.0,0.0,teacup_without_handle,184,🍵,teacup without handle,Food & Drink,drink
woman_cartwheeling,,,,,,,woman_cartwheeling,53,🤸‍♀️,woman cartwheeling,People & Body,person-sport
nauseated_face,0.39659285081024354,0.488435405734721,0.3047502958857661,0.7263911162208672,0.18785977143643115,1.7324845588026427,nauseated_face,6863,🤢,nauseated face,Smileys & Emotion,face-unwell
wolf,0.3734873654701693,0.7542980126162243,0.19040532357302747,0.6224789424502821,0.03661640837942836,0.4101037738495977,wolf,244,🐺,wolf,Animals & Nature,animal-mammal
man_fairy_light_skin_tone,,,,,,,man_fairy_light_skin_tone,2,🧚🏻‍♂️,man fairy: light skin tone,People & Body,person-fantasy
woozy_face,0.27761413539882895,0.9947839851791371,0.2891813910404468,0.8791114287629583,0.11567255641617873,0.9485149626126657,woozy_face,3198,🥴,woozy face,Smileys & Emotion,face-unwell
rosette,,,,,,,rosette,33,🏵️,rosette,Animals & Nature,plant-flower
seal,0.09407187364499413,0.4703593682249706,0.13170062310299177,0.28221562093498237,0.09407187364499413,0.13170062310299177,seal,16,🦭,seal,Animals & Nature,animal-marine
backhand_index_pointing_left_dark_skin_tone,,,,,,,backhand_index_pointing_left_dark_skin_tone,133,👈🏿,backhand index pointing left: dark skin tone,People & Body,hand-single-finger
COOL_button,,,,,,,COOL_button,50,🆒,COOL button,Symbols,alphanum
woman_red_hair,,,,,,,woman_red_hair,18,👩‍🦰,woman: red hair,People & Body,person
China,,,,,,,China,502,🇨🇳,flag: China,Flags,country-flag
woman_fairy_light_skin_tone,0.0,0.974931998599304,0.0,0.487465999299652,0.0,0.0,woman_fairy_light_skin_tone,29,🧚🏻‍♀️,woman fairy: light skin tone,People & Body,person-fantasy
carp_streamer,0.0,0.6020599913279624,0.0,0.0,0.0,0.0,carp_streamer,4,🎏,carp streamer,Activities,event
leopard,0.06753364829509582,1.2831393176068207,0.2026009448852875,0.2026009448852875,0.0,0.0,leopard,57,🐆,leopard,Animals & Nature,animal-mammal
person_pouting_light_skin_tone,,,,,,,person_pouting_light_skin_tone,4,🙎🏻,person pouting: light skin tone,People & Body,person-gesture
man_scientist_medium-light_skin_tone,,,,,,,man_scientist_medium-light_skin_tone,1,👨🏼‍🔬,man scientist: medium-light skin tone,People & Body,person-role
teapot,0.14623979978989562,0.5849591991595825,0.14623979978989562,0.29247959957979125,0.14623979978989562,0.14623979978989562,teapot,29,🫖,teapot,Food & Drink,drink
woman_pilot_light_skin_tone,,,,,,,woman_pilot_light_skin_tone,1,👩🏻‍✈️,woman pilot: light skin tone,People & Body,person-role
woman_with_headscarf_medium-light_skin_tone,,,,,,,woman_with_headscarf_medium-light_skin_tone,2,🧕🏼,woman with headscarf: medium-light skin tone,People & Body,person-role
man_police_officer_medium-dark_skin_tone,,,,,,,man_police_officer_medium-dark_skin_tone,4,👮🏾‍♂️,man police officer: medium-dark skin tone,People & Body,person-role
deaf_person,0.0,0.34948500216800943,0.0,0.0,0.34948500216800943,0.0,deaf_person,5,🧏,deaf person,People & Body,person-gesture
open_hands,0.0,2.021416391546959,0.12376018723756892,0.041253395745856306,0.12376018723756892,0.08250679149171261,open_hands,247,👐,open hands,People & Body,hands
woman_frowning_light_skin_tone,,,,,,,woman_frowning_light_skin_tone,4,🙍🏻‍♀️,woman frowning: light skin tone,People & Body,person-gesture
mobile_phone,0.06569139818078715,2.6745783545034767,0.25338110726875046,0.056306912726388984,0.2064586799967596,0.1032293399983798,mobile_phone,2289,📱,mobile phone,Objects,phone
man_juggling,,,,,,,man_juggling,13,🤹‍♂️,man juggling,People & Body,person-sport
man_biking_medium-light_skin_tone,,,,,,,man_biking_medium-light_skin_tone,3,🚴🏼‍♂️,man biking: medium-light skin tone,People & Body,person-sport
ear_with_hearing_aid_medium-light_skin_tone,,,,,,,ear_with_hearing_aid_medium-light_skin_tone,2,🦻🏼,ear with hearing aid: medium-light skin tone,People & Body,body-parts
sparkle,0.02346497974031127,1.243643926236497,0.0703949392209338,0.04692995948062254,0.04692995948062254,0.0,sparkle,27,❇️,sparkle,Symbols,other-symbol
woman_frowning_medium-dark_skin_tone,,,,,,,woman_frowning_medium-dark_skin_tone,3,🙍🏾‍♀️,woman frowning: medium-dark skin tone,People & Body,person-gesture
man_swimming_medium-dark_skin_tone,,,,,,,man_swimming_medium-dark_skin_tone,20,🏊🏾‍♂️,man swimming: medium-dark skin tone,People & Body,person-sport
artist_palette,0.0,1.8198834460234314,0.0,0.3033139076705719,0.20220927178038128,0.10110463589019064,artist_palette,267,🎨,artist palette,Activities,arts & crafts
keycap_3,0.0,1.633732031513143,0.0,0.1633732031513143,0.3267464063026286,0.0,keycap_3,133,3️⃣,keycap: 3,Symbols,keycap
man_student_medium_skin_tone,,,,,,,man_student_medium_skin_tone,2,👨🏽‍🎓,man student: medium skin tone,People & Body,person-role
woman_dancing_medium_skin_tone,0.057093809730286604,1.598626672448025,0.1712814291908598,0.39965666811200623,0.057093809730286604,0.11418761946057321,woman_dancing_medium_skin_tone,250,💃🏽,woman dancing: medium skin tone,People & Body,person-activity
white_medium_square,,,,,,,white_medium_square,42,◻️,white medium square,Symbols,geometric
octopus,0.2837859037765097,2.1816041352819187,0.15962957087428672,0.12415633290222299,0.5675718075530194,0.053209856958095575,octopus,2344,🐙,octopus,Animals & Nature,animal-marine
woman_teacher_medium-light_skin_tone,,,,,,,woman_teacher_medium-light_skin_tone,9,👩🏼‍🏫,woman teacher: medium-light skin tone,People & Body,person-role
man_gesturing_NO_medium-dark_skin_tone,,,,,,,man_gesturing_NO_medium-dark_skin_tone,74,🙅🏾‍♂️,man gesturing NO: medium-dark skin tone,People & Body,person-gesture
potable_water,0.0,0.0,0.0,0.5395906230238124,0.0,0.5395906230238124,potable_water,12,🚰,potable water,Symbols,transport-sign
mate,0.05872839625536933,0.41436146246843913,0.08156721702134628,0.06851646229793087,0.0505716745532347,0.10440603778732326,mate,6,🧉,mate,Food & Drink,drink
woman_superhero_medium-light_skin_tone,,,,,,,woman_superhero_medium-light_skin_tone,12,🦸🏼‍♀️,woman superhero: medium-light skin tone,People & Body,person-fantasy
man_mage_light_skin_tone,0.0,1.2787536009528289,0.0,0.0,0.0,0.0,man_mage_light_skin_tone,19,🧙🏻‍♂️,man mage: light skin tone,People & Body,person-fantasy
person_surfing_medium-light_skin_tone,,,,,,,person_surfing_medium-light_skin_tone,3,🏄🏼,person surfing: medium-light skin tone,People & Body,person-sport
woman_construction_worker_medium_skin_tone,,,,,,,woman_construction_worker_medium_skin_tone,3,👷🏽‍♀️,woman construction worker: medium skin tone,People & Body,person-role
page_with_curl,0.0,0.6989700043360189,0.0,0.0,0.6989700043360189,0.0,page_with_curl,25,📃,page with curl,Objects,book-paper
oncoming_police_car,0.3115386199551627,0.6230772399103254,0.15576930997758134,0.15576930997758134,0.6230772399103254,0.0,oncoming_police_car,74,🚔,oncoming police car,Travel & Places,transport-ground
dim_button,,,,,,,dim_button,7,🔅,dim button,Symbols,av-symbol
milky_way,0.0,2.0316064968957988,0.06348770302799371,0.12697540605598742,0.0,0.06348770302799371,milky_way,193,🌌,milky way,Travel & Places,sky & weather
hot_beverage,0.03863534667335973,3.1938553249977377,0.141662937802319,0.15454138669343892,0.18029828447567875,0.1287844889111991,hot_beverage,6883,☕,hot beverage,Food & Drink,drink
sheaf_of_rice,0.0,1.408683666774741,0.3521709166936853,0.11739030556456176,0.11739030556456176,0.0,sheaf_of_rice,99,🌾,sheaf of rice,Animals & Nature,plant-other
NEW_button,,,,,,,NEW_button,48,🆕,NEW button,Symbols,alphanum
hammer_and_pick,0.0,0.0,0.0,0.0,0.0,1.1760912590556813,hammer_and_pick,15,⚒️,hammer and pick,Objects,tool
person_in_suit_levitating_medium-dark_skin_tone,,,,,,,person_in_suit_levitating_medium-dark_skin_tone,8,🕴🏾,person in suit levitating: medium-dark skin tone,People & Body,person-activity
right_anger_bubble,0.726325649097723,1.452651298195446,0.0,0.0,0.0,0.0,right_anger_bubble,151,🗯️,right anger bubble,Smileys & Emotion,emotion
man_getting_massage_medium_skin_tone,0.5880456295278407,0.0,0.0,0.0,0.0,0.5880456295278407,man_getting_massage_medium_skin_tone,15,💆🏽‍♂️,man getting massage: medium skin tone,People & Body,person-activity
green_book,0.0,1.5314789170422551,0.0,0.0,0.0,0.0,green_book,34,📗,green book,Objects,book-paper
black_heart,0.10676851676643331,2.750356991903322,0.18791258950892265,0.3587422163352159,0.06406111005985998,0.10676851676643331,black_heart,3755,🖤,black heart,Smileys & Emotion,emotion
folded_hands_dark_skin_tone,0.06374592451639005,1.6573940374261413,0.19123777354917013,0.1274918490327801,0.5737133206475105,0.19123777354917013,folded_hands_dark_skin_tone,638,🙏🏿,folded hands: dark skin tone,People & Body,hands
family_man_boy,0.0,0.8093859345357186,0.0,0.0,0.2697953115119062,0.0,family_man_boy,12,👨‍👦,"family: man, boy",People & Body,family
man_gesturing_OK_light_skin_tone,,,,,,,man_gesturing_OK_light_skin_tone,27,🙆🏻‍♂️,man gesturing OK: light skin tone,People & Body,person-gesture
last_quarter_moon,0.0,1.3010299956639813,0.0,0.0,0.0,0.0,last_quarter_moon,20,🌗,last quarter moon,Travel & Places,sky & weather
avocado,0.04058826365960094,1.2785303052774295,0.12176479097880283,0.18264718646820421,0.304411977447007,0.18264718646820421,avocado,129,🥑,avocado,Food & Drink,food-vegetable
baby,0.1401692678078721,1.0403038855672686,0.31943336541249767,0.29940918429708735,0.10774916504958876,0.28605973022014713,baby,156,👶,baby,People & Body,person
man_frowning,,,,,,,man_frowning,6,🙍‍♂️,man frowning,People & Body,person-gesture
horse_racing_medium-dark_skin_tone,,,,,,,horse_racing_medium-dark_skin_tone,1,🏇🏾,horse racing: medium-dark skin tone,People & Body,person-sport
woman_cartwheeling_medium-light_skin_tone,,,,,,,woman_cartwheeling_medium-light_skin_tone,12,🤸🏼‍♀️,woman cartwheeling: medium-light skin tone,People & Body,person-sport
television,0.1795309221126617,1.7392058079664103,0.34223082027726137,0.45443764659767494,0.23563433527286848,0.23563433527286848,television,1537,📺,television,Objects,light & video
man_getting_haircut_medium-light_skin_tone,,,,,,,man_getting_haircut_medium-light_skin_tone,1,💇🏼‍♂️,man getting haircut: medium-light skin tone,People & Body,person-activity
women_wrestling,,,,,,,women_wrestling,11,🤼‍♀️,women wrestling,People & Body,person-sport
cooking,0.31125091650064957,1.0358022303218337,0.24491875396772422,0.4184028713615289,0.13266432506585063,0.3163533905416438,cooking,288,🍳,cooking,Food & Drink,food-prepared
white_circle,0.0,1.0357394548218626,0.5178697274109313,0.776804591116397,0.0,0.0,white_circle,214,⚪,white circle,Symbols,geometric
woman_health_worker_medium_skin_tone,,,,,,,woman_health_worker_medium_skin_tone,12,👩🏽‍⚕️,woman health worker: medium skin tone,People & Body,person-role
Bhutan,,,,,,,Bhutan,1,🇧🇹,flag: Bhutan,Flags,country-flag
woman_frowning_medium-light_skin_tone,,,,,,,woman_frowning_medium-light_skin_tone,3,🙍🏼‍♀️,woman frowning: medium-light skin tone,People & Body,person-gesture
call_me_hand,0.050060951446641876,2.002438057865675,0.2002438057865675,0.2002438057865675,0.15018285433992562,0.10012190289328375,call_me_hand,505,🤙,call me hand,People & Body,hand-fingers-partial
ten-thirty,,,,,,,ten-thirty,2,🕥,ten-thirty,Travel & Places,time
reverse_button,,,,,,,reverse_button,29,◀️,reverse button,Symbols,av-symbol
person_in_motorized_wheelchair,,,,,,,person_in_motorized_wheelchair,1,🧑‍🦼,person in motorized wheelchair,People & Body,person-activity
woman_gesturing_NO,,,,,,,woman_gesturing_NO,75,🙅‍♀️,woman gesturing NO,People & Body,person-gesture
Bolivia,,,,,,,Bolivia,5,🇧🇴,flag: Bolivia,Flags,country-flag
Ireland,,,,,,,Ireland,93,🇮🇪,flag: Ireland,Flags,country-flag
woman_scientist_medium-dark_skin_tone,,,,,,,woman_scientist_medium-dark_skin_tone,11,👩🏾‍🔬,woman scientist: medium-dark skin tone,People & Body,person-role
woman_bowing_light_skin_tone,0.0,0.40587675553704194,0.40587675553704194,0.0,1.2176302666111258,0.0,woman_bowing_light_skin_tone,107,🙇🏻‍♀️,woman bowing: light skin tone,People & Body,person-gesture
down_arrow,0.0,2.3048391072262553,0.0,0.10476541396482977,0.8381233117186382,0.0,down_arrow,1769,⬇️,down arrow,Symbols,arrow
sign_of_the_horns_dark_skin_tone,,,,,,,sign_of_the_horns_dark_skin_tone,30,🤘🏿,sign of the horns: dark skin tone,People & Body,hand-fingers-partial
copyright,0.23880872138382764,0.9919746888251302,0.2939184263185571,0.4959873444125651,0.27554852467364727,0.3122883279634669,copyright,406,©️,copyright,Symbols,other-symbol
man_vampire_light_skin_tone,0.0,0.5206963425791126,0.0,0.3471308950527417,0.0,0.17356544752637085,man_vampire_light_skin_tone,11,🧛🏻‍♂️,man vampire: light skin tone,People & Body,person-fantasy
woman_kneeling_medium-light_skin_tone,,,,,,,woman_kneeling_medium-light_skin_tone,2,🧎🏼‍♀️,woman kneeling: medium-light skin tone,People & Body,person-activity
honeybee,0.07392968249289687,2.094674337298745,0.2957187299715875,0.14785936498579375,0.39429163996211664,0.12321613748816146,honeybee,1348,🐝,honeybee,Animals & Nature,animal-bug
Suriname,,,,,,,Suriname,3,🇸🇷,flag: Suriname,Flags,country-flag
hand_with_fingers_splayed_medium-light_skin_tone,,,,,,,hand_with_fingers_splayed_medium-light_skin_tone,42,🖐🏼,hand with fingers splayed: medium-light skin tone,People & Body,hand-fingers-open
Syria,,,,,,,Syria,6,🇸🇾,flag: Syria,Flags,country-flag
sad_but_relieved_face,0.29516171276120884,1.3094446893406357,1.2074797340231274,0.5044581999918842,0.21466306382633374,0.06976549574355846,sad_but_relieved_face,3990,😥,sad but relieved face,Smileys & Emotion,face-concerned
writing_hand_light_skin_tone,0.0,1.0484550065040281,0.0,0.0,1.0484550065040281,0.0,writing_hand_light_skin_tone,125,✍🏻,writing hand: light skin tone,People & Body,hand-prop
night_with_stars,0.1582234501028056,1.4240110509252504,0.0,0.0,0.4746703503084168,0.0,night_with_stars,114,🌃,night with stars,Travel & Places,place-other
ogre,0.27522424351257635,0.8562532020391264,0.09174141450419211,1.2843798030586897,0.0,0.18348282900838422,ogre,491,👹,ogre,Smileys & Emotion,face-costume
orangutan,0.47712125471966244,0.0,0.47712125471966244,0.47712125471966244,0.0,0.0,orangutan,27,🦧,orangutan,Animals & Nature,animal-mammal
man_judge_light_skin_tone,,,,,,,man_judge_light_skin_tone,1,👨🏻‍⚖️,man judge: light skin tone,People & Body,person-role
left_arrow_curving_right,,,,,,,left_arrow_curving_right,32,↪️,left arrow curving right,Symbols,arrow
confounded_face,0.45712443677188314,0.8489453825763544,0.5093672295458127,0.8750667789633193,0.19591047290223565,0.47018513496536557,confounded_face,2273,😖,confounded face,Smileys & Emotion,face-concerned
left-right_arrow,,,,,,,left-right_arrow,33,↔️,left-right arrow,Symbols,arrow
watch,0.18172096354733686,1.0662577226323755,0.2653183033610412,0.41841394271322546,0.14711422832633148,0.40118178237684005,watch,302,⌚,watch,Travel & Places,time
cricket_game,0.0,1.2174369677984254,0.0,0.0,0.40581232259947514,0.0,cricket_game,42,🏏,cricket game,Activities,sport
man_judge,0.0,0.0,0.0,0.0,0.0,0.6989700043360189,man_judge,5,👨‍⚖️,man judge,People & Body,person-role
woman_elf_dark_skin_tone,,,,,,,woman_elf_dark_skin_tone,1,🧝🏿‍♀️,woman elf: dark skin tone,People & Body,person-fantasy
hot_pepper,0.11142752186528797,2.2285504373057594,0.0,0.2785688046632199,0.055713760932643984,0.055713760932643984,hot_pepper,537,🌶️,hot pepper,Food & Drink,food-vegetable
woman_rowing_boat,,,,,,,woman_rowing_boat,10,🚣‍♀️,woman rowing boat,People & Body,person-sport
firecracker,0.07993021796888555,1.2788834875021688,0.0,0.5595115257821989,0.3197208718755422,0.0,firecracker,173,🧨,firecracker,Activities,event
family_man_woman_girl_boy,0.0,1.7307028620003344,0.0,0.10180605070590201,0.0,0.0,family_man_woman_girl_boy,68,👨‍👩‍👧‍👦,"family: man, woman, girl, boy",People & Body,family
Bulgaria,,,,,,,Bulgaria,10,🇧🇬,flag: Bulgaria,Flags,country-flag
woman_in_lotus_position_medium-light_skin_tone,,,,,,,woman_in_lotus_position_medium-light_skin_tone,8,🧘🏼‍♀️,woman in lotus position: medium-light skin tone,People & Body,person-resting
man_supervillain,0.0,0.8450980400142568,0.0,0.0,0.0,0.0,man_supervillain,7,🦹‍♂️,man supervillain,People & Body,person-fantasy
woman_medium-dark_skin_tone_bald,,,,,,,woman_medium-dark_skin_tone_bald,2,👩🏾‍🦲,"woman: medium-dark skin tone, bald",People & Body,person
pensive_face,0.5366838627373578,1.7437582944995813,1.422490791892097,0.3584082543540141,0.15042004457344632,0.1411348566368138,pensive_face,22537,😔,pensive face,Smileys & Emotion,face-sleepy
woman_golfing_light_skin_tone,,,,,,,woman_golfing_light_skin_tone,2,🏌🏻‍♀️,woman golfing: light skin tone,People & Body,person-sport
fast-forward_button,,,,,,,fast-forward_button,49,⏩,fast-forward button,Symbols,av-symbol
potted_plant,,,,,,,potted_plant,14,🪴,potted plant,Animals & Nature,plant-other
Latvia,,,,,,,Latvia,5,🇱🇻,flag: Latvia,Flags,country-flag
keycap_7,0.0,0.9647720208948127,0.0,0.0,0.48238601044740637,0.0,keycap_7,28,7️⃣,keycap: 7,Symbols,keycap
woman_swimming_medium-dark_skin_tone,,,,,,,woman_swimming_medium-dark_skin_tone,2,🏊🏾‍♀️,woman swimming: medium-dark skin tone,People & Body,person-sport
Venezuela,,,,,,,Venezuela,14,🇻🇪,flag: Venezuela,Flags,country-flag
woman_feeding_baby_light_skin_tone,,,,,,,woman_feeding_baby_light_skin_tone,2,👩🏻‍🍼,woman feeding baby: light skin tone,People & Body,person-role
woman_health_worker_dark_skin_tone,,,,,,,woman_health_worker_dark_skin_tone,1,👩🏿‍⚕️,woman health worker: dark skin tone,People & Body,person-role
telescope,0.1128416854726293,0.6770501128357758,0.3385250564178879,0.1128416854726293,0.2256833709452586,0.1128416854726293,telescope,38,🔭,telescope,Objects,science
tornado,0.0,0.5316149589954768,0.21264598359819073,0.42529196719638146,0.42529196719638146,0.3189689753972861,tornado,82,🌪️,tornado,Travel & Places,sky & weather
check_box_with_check,0.4977101433000889,0.12442753582502222,0.0,0.9954202866001778,0.6221376791251111,0.24885507165004445,check_box_with_check,308,☑️,check box with check,Symbols,other-symbol
waving_hand_medium-dark_skin_tone,,,,,,,waving_hand_medium-dark_skin_tone,150,👋🏾,waving hand: medium-dark skin tone,People & Body,hand-fingers-open
plus,0.15921575356473958,0.9285559978890155,0.25036981094913247,0.27953910931213816,0.1446311043832367,0.2588775229716758,plus,105,➕,plus,Symbols,math
anatomical_heart,,,,,,,anatomical_heart,27,🫀,anatomical heart,People & Body,body-parts
input_latin_uppercase,,,,,,,input_latin_uppercase,2,🔠,input latin uppercase,Symbols,alphanum
flying_saucer,0.4978065189231237,1.493419556769371,0.0,0.0,0.0,0.0,flying_saucer,98,🛸,flying saucer,Travel & Places,transport-air
recycling_symbol,0.0,2.0517328514016717,0.0,0.0,0.5129332128504179,0.0,recycling_symbol,367,♻️,recycling symbol,Symbols,other-symbol
woman_bald,,,,,,,woman_bald,6,👩‍🦲,woman: bald,People & Body,person
man_teacher_dark_skin_tone,,,,,,,man_teacher_dark_skin_tone,1,👨🏿‍🏫,man teacher: dark skin tone,People & Body,person-role
man_blond_hair,,,,,,,man_blond_hair,6,👱‍♂️,man: blond hair,People & Body,person
kiss,0.08329610615111885,1.0752770066780797,0.14387509244284163,0.1363027191563763,0.05300661300525745,0.21581263866426242,kiss,51,💏,kiss,People & Body,family
beaming_face_with_smiling_eyes,0.08101678949663613,2.6675528097225745,0.10702217871777858,0.26405472132236957,1.2052497696721793,0.09702010594041609,beaming_face_with_smiling_eyes,26419,😁,beaming face with smiling eyes,Smileys & Emotion,face-smiling
wedding,0.04477669309896335,1.059066132427655,0.12654282832315727,0.12264920283629092,0.11875557734942453,0.04672350584239654,wedding,33,💒,wedding,Travel & Places,place-building
woman_scientist_dark_skin_tone,,,,,,,woman_scientist_dark_skin_tone,2,👩🏿‍🔬,woman scientist: dark skin tone,People & Body,person-role
child_medium-light_skin_tone,,,,,,,child_medium-light_skin_tone,3,🧒🏼,child: medium-light skin tone,People & Body,person
flexed_biceps_light_skin_tone,0.14760985273872376,1.5130009905719184,0.2952197054774475,0.4059270950314903,0.07380492636936188,0.2952197054774475,flexed_biceps_light_skin_tone,538,💪🏻,flexed biceps: light skin tone,People & Body,body-parts
hole,0.13931696414314942,0.5433361601582828,0.2275510414338107,0.3668680055769601,0.09287797609543294,0.6594336302775738,hole,107,🕳️,hole,Smileys & Emotion,emotion
herb,0.02055254274417166,1.9935966461846508,0.14386779920920162,0.24663051293005991,0.08221017097668663,0.16442034195337327,herb,448,🌿,herb,Animals & Nature,plant-other
customs,0.034490693112264756,0.06323293737248539,0.07472983507657363,0.08622673278066188,0.15520811900519138,0.06323293737248539,customs,3,🛃,customs,Symbols,transport-sign
man_medium_skin_tone_bald,,,,,,,man_medium_skin_tone_bald,4,👨🏽‍🦲,"man: medium skin tone, bald",People & Body,person
man_office_worker_medium-light_skin_tone,,,,,,,man_office_worker_medium-light_skin_tone,3,👨🏼‍💼,man office worker: medium-light skin tone,People & Body,person-role
woman_golfing,,,,,,,woman_golfing,13,🏌️‍♀️,woman golfing,People & Body,person-sport
woman_health_worker_medium-light_skin_tone,,,,,,,woman_health_worker_medium-light_skin_tone,12,👩🏼‍⚕️,woman health worker: medium-light skin tone,People & Body,person-role
mechanic,0.0,0.0,0.0,0.0,0.0,0.0,mechanic,1,🧑‍🔧,mechanic,People & Body,person-role
thumbs_down_medium-dark_skin_tone,,,,,,,thumbs_down_medium-dark_skin_tone,839,👎🏾,thumbs down: medium-dark skin tone,People & Body,hand-fingers-closed
person_fencing,0.0,0.0,0.6041601268345702,1.8124803805037106,0.0,0.0,person_fencing,261,🤺,person fencing,People & Body,person-sport
bagel,0.18758638312112105,0.8369238631557709,0.39681734891006376,0.41124707068861155,0.1154377742283822,0.36795790535296824,bagel,207,🥯,bagel,Food & Drink,food-prepared
left-facing_fist_light_skin_tone,,,,,,,left-facing_fist_light_skin_tone,14,🤛🏻,left-facing fist: light skin tone,People & Body,hand-fingers-closed
alarm_clock,0.0,2.03423936533088,0.7397234055748655,0.36986170278743274,0.36986170278743274,0.36986170278743274,alarm_clock,7648,⏰,alarm clock,Travel & Places,time
envelope,0.33072928301971544,0.5342549956472327,0.4070514252550344,0.22896642670595685,0.4833735674903534,0.07632214223531895,envelope,115,✉️,envelope,Objects,mail
nose_medium_skin_tone,,,,,,,nose_medium_skin_tone,2,👃🏽,nose: medium skin tone,People & Body,body-parts
mechanical_arm,0.0,1.0917263613251211,0.0,0.7278175742167475,0.0,0.0,mechanical_arm,66,🦾,mechanical arm,People & Body,body-parts
woman,0.3444707647184518,0.5847252010809747,0.29435146176865395,0.36595046598265085,0.09785197242579577,0.2903737393123208,woman,95,👩,woman,People & Body,person
shopping_cart,0.24894562029591877,2.7384018232551064,0.24894562029591877,0.0,0.7468368608877562,0.0,shopping_cart,9619,🛒,shopping cart,Objects,household
wind_chime,,,,,,,wind_chime,1,🎐,wind chime,Activities,event
croissant,0.07926232545372307,0.9511479054446769,0.4359427899954769,0.27741813908803076,0.11889348818058461,0.15852465090744614,croissant,105,🥐,croissant,Food & Drink,food-prepared
poultry_leg,0.10236412838527832,2.368998399773584,0.21935170368273926,0.2924689382436524,0.20472825677055664,0.13161102220964357,poultry_leg,2087,🍗,poultry leg,Food & Drink,food-prepared
birthday_cake,0.0,2.8534977839404845,0.09839647530829256,0.056226557319024324,0.11245311463804865,0.0,birthday_cake,1320,🎂,birthday cake,Food & Drink,food-sweet
tooth,0.14980981571414914,0.6673346336357553,0.2451433348049713,0.2723814831166348,0.16342888986998086,0.21790518649330784,tooth,52,🦷,tooth,People & Body,body-parts
man_mechanic,0.0,0.9590652007146216,0.3196884002382072,0.0,0.0,0.0,man_mechanic,19,👨‍🔧,man mechanic,People & Body,person-role
smiling_cat_with_heart-eyes,,,,,,,smiling_cat_with_heart-eyes,1729,😻,smiling cat with heart-eyes,Smileys & Emotion,cat-face
girl,0.16108118160694943,0.7924969631672911,0.25874015582161564,0.2856805625015235,0.10046526657715661,0.2340447830317,girl,68,👧,girl,People & Body,person
selfie_medium-dark_skin_tone,,,,,,,selfie_medium-dark_skin_tone,8,🤳🏾,selfie: medium-dark skin tone,People & Body,hand-prop
banana,0.10328284814276976,1.325463217832212,0.3442761604758992,0.15492427221415464,0.18935188826174457,0.2926347364045143,banana,257,🍌,banana,Food & Drink,food-fruit
backhand_index_pointing_right,1.8851677019796924,1.7613810402901915,0.1521544383266783,0.16246999346747007,0.17536443739345975,0.023209999066781437,backhand_index_pointing_right,14446,👉,backhand index pointing right,People & Body,hand-single-finger
fried_shrimp,0.0,1.3689679270385902,0.0,0.12445162973078093,0.3733548891923428,0.12445162973078093,fried_shrimp,98,🍤,fried shrimp,Food & Drink,food-asian
woman_fairy_dark_skin_tone,0.0,0.47712125471966244,0.0,0.0,0.0,0.0,woman_fairy_dark_skin_tone,3,🧚🏿‍♀️,woman fairy: dark skin tone,People & Body,person-fantasy
dove,0.2655611916643077,1.5933671499858462,0.06639029791607692,0.13278059583215385,0.03319514895803846,0.3319514895803846,dove,265,🕊️,dove,Animals & Nature,animal-bird
waxing_crescent_moon,,,,,,,waxing_crescent_moon,26,🌒,waxing crescent moon,Travel & Places,sky & weather
nail_polish_medium-light_skin_tone,,,,,,,nail_polish_medium-light_skin_tone,141,💅🏼,nail polish: medium-light skin tone,People & Body,hand-prop
man_cook_medium-light_skin_tone,,,,,,,man_cook_medium-light_skin_tone,5,👨🏼‍🍳,man cook: medium-light skin tone,People & Body,person-role
man_with_white_cane_light_skin_tone,,,,,,,man_with_white_cane_light_skin_tone,4,👨🏻‍🦯,man with white cane: light skin tone,People & Body,person-activity
man_gesturing_OK,,,,,,,man_gesturing_OK,73,🙆‍♂️,man gesturing OK,People & Body,person-gesture
alien,0.23105557354762415,1.1730513733956303,0.2488290792051337,0.7731474961016654,0.1777350565750955,0.2577158320338885,alien,727,👽,alien,Smileys & Emotion,face-costume
custard,0.14725758817713994,0.9719000819691234,0.26506365871885185,0.05890303527085597,0.029451517635427985,0.05890303527085597,custard,34,🍮,custard,Food & Drink,food-sweet
woman_getting_haircut_medium-light_skin_tone,,,,,,,woman_getting_haircut_medium-light_skin_tone,5,💇🏼‍♀️,woman getting haircut: medium-light skin tone,People & Body,person-activity
thought_balloon,0.28146146467272265,1.407307323363613,0.09382048822424088,0.5629229293454453,0.0,0.09382048822424088,thought_balloon,275,💭,thought balloon,Smileys & Emotion,emotion
weary_cat,,,,,,,weary_cat,358,🙀,weary cat,Smileys & Emotion,cat-face
skier,0.0,0.26444385894678385,0.0,0.0,1.0577754357871354,0.0,skier,21,⛷️,skier,People & Body,person-sport
woman_and_man_holding_hands_medium_skin_tone,,,,,,,woman_and_man_holding_hands_medium_skin_tone,2,👫🏽,woman and man holding hands: medium skin tone,People & Body,family
raised_hand_dark_skin_tone,0.0,0.5395906230238124,0.0,0.0,0.5395906230238124,0.0,raised_hand_dark_skin_tone,12,✋🏿,raised hand: dark skin tone,People & Body,hand-fingers-open
sweat_droplets,0.0,1.5740186552454494,0.29512849785852174,0.3607126084937488,0.16396027658806764,0.5902569957170435,sweat_droplets,964,💦,sweat droplets,Smileys & Emotion,emotion
studio_microphone,0.3112824210418813,0.9338472631256439,0.0,0.6225648420837626,0.0,0.3112824210418813,studio_microphone,151,🎙️,studio microphone,Objects,music
clown_face,0.3613334199956782,0.9220232096441443,0.44855183171877294,0.6852875206814587,0.18689659654948873,0.8971036634375459,clown_face,3171,🤡,clown face,Smileys & Emotion,face-costume
Malaysia,,,,,,,Malaysia,45,🇲🇾,flag: Malaysia,Flags,country-flag
man_juggling_medium-light_skin_tone,,,,,,,man_juggling_medium-light_skin_tone,1,🤹🏼‍♂️,man juggling: medium-light skin tone,People & Body,person-sport
spouting_whale,0.11288624837399294,0.9030899869919435,0.3386587451219788,0.22577249674798588,0.22577249674798588,0.0,spouting_whale,64,🐳,spouting whale,Animals & Nature,animal-marine
man_mage,,,,,,,man_mage,59,🧙‍♂️,man mage,People & Body,person-fantasy
om,0.1146128035678238,0.630370419623031,0.1146128035678238,0.1719192053517357,0.0573064017839119,0.0573064017839119,om,14,🕉️,om,Symbols,religion
person_bouncing_ball_dark_skin_tone,,,,,,,person_bouncing_ball_dark_skin_tone,1,⛹🏿,person bouncing ball: dark skin tone,People & Body,person-sport
man_in_manual_wheelchair_dark_skin_tone,,,,,,,man_in_manual_wheelchair_dark_skin_tone,1,👨🏿‍🦽,man in manual wheelchair: dark skin tone,People & Body,person-activity
grinning_face,0.056060325510977185,3.7441502250361727,0.10362666230816994,0.2378316839859638,0.20215693138806923,0.04416874131167899,grinning_face,24434,😀,grinning face,Smileys & Emotion,face-smiling
page_facing_up,0.0,0.0,1.0413926851582251,0.0,0.0,0.0,page_facing_up,11,📄,page facing up,Objects,book-paper
globe_showing_Americas,,,,,,,globe_showing_Americas,11157,🌎,globe showing Americas,Travel & Places,place-map
oil_drum,,,,,,,oil_drum,6,🛢️,oil drum,Travel & Places,transport-ground
man_singer,0.0,0.573064017839119,0.0,0.0,0.573064017839119,0.0,man_singer,14,👨‍🎤,man singer,People & Body,person-role
first_quarter_moon,0.0,1.4313637641589874,0.0,0.0,0.0,0.0,first_quarter_moon,27,🌓,first quarter moon,Travel & Places,sky & weather
sleeping_face,0.11627556171184687,0.8526874525535438,0.5813778085592344,0.4844815071326954,0.2906889042796172,0.8914459731241594,sleeping_face,1648,😴,sleeping face,Smileys & Emotion,face-sleepy
person_getting_massage_light_skin_tone,0.0,0.0,0.0,0.0,0.0,1.0791812460476249,person_getting_massage_light_skin_tone,12,💆🏻,person getting massage: light skin tone,People & Body,person-activity
person_frowning_medium-light_skin_tone,,,,,,,person_frowning_medium-light_skin_tone,10,🙍🏼,person frowning: medium-light skin tone,People & Body,person-gesture
nut_and_bolt,,,,,,,nut_and_bolt,19,🔩,nut and bolt,Objects,tool
person_surfing_medium_skin_tone,,,,,,,person_surfing_medium_skin_tone,1,🏄🏽,person surfing: medium skin tone,People & Body,person-sport
student,0.0,0.0,0.0,0.0,0.0,0.0,student,1,🧑‍🎓,student,People & Body,person-role
cloud_with_lightning_and_rain,0.0,0.9944929654252822,0.0,0.24862324135632055,0.0,0.4972464827126411,cloud_with_lightning_and_rain,55,⛈️,cloud with lightning and rain,Travel & Places,sky & weather
red_triangle_pointed_down,,,,,,,red_triangle_pointed_down,19,🔻,red triangle pointed down,Symbols,geometric
dagger,0.16805318698596916,0.588186154450892,0.5041595609579075,0.6722127479438766,0.08402659349298458,0.16805318698596916,dagger,153,🗡️,dagger,Objects,tool
Singapore,,,,,,,Singapore,22,🇸🇬,flag: Singapore,Flags,country-flag
orthodox_cross,,,,,,,orthodox_cross,5,☦️,orthodox cross,Symbols,religion
monorail,0.0,0.8450980400142568,0.0,0.0,0.0,0.0,monorail,7,🚝,monorail,Travel & Places,transport-ground
foot_dark_skin_tone,,,,,,,foot_dark_skin_tone,2,🦶🏿,foot: dark skin tone,People & Body,body-parts
Japanese_open_for_business_button,,,,,,,Japanese_open_for_business_button,1,🈺,Japanese “open for business” button,Symbols,alphanum
man_mountain_biking,,,,,,,man_mountain_biking,1,🚵‍♂️,man mountain biking,People & Body,person-sport
high-heeled_shoe,,,,,,,high-heeled_shoe,206,👠,high-heeled shoe,Objects,clothing
exclamation_question_mark,,,,,,,exclamation_question_mark,865,⁉️,exclamation question mark,Symbols,punctuation
Senegal,,,,,,,Senegal,6,🇸🇳,flag: Senegal,Flags,country-flag
spade_suit,0.0,1.2015449934959717,0.0,0.40051499783199057,0.0,0.0,spade_suit,40,♠️,spade suit,Activities,game
electric_plug,0.0,1.3489765575595312,0.2697953115119062,0.0,0.0,0.5395906230238124,electric_plug,144,🔌,electric plug,Objects,computer
selfie_dark_skin_tone,,,,,,,selfie_dark_skin_tone,1,🤳🏿,selfie: dark skin tone,People & Body,hand-prop
person_with_veil_medium-light_skin_tone,,,,,,,person_with_veil_medium-light_skin_tone,26,👰🏼,person with veil: medium-light skin tone,People & Body,person-role
Samoa,,,,,,,Samoa,7,🇼🇸,flag: Samoa,Flags,country-flag
person_pouting_medium-light_skin_tone,,,,,,,person_pouting_medium-light_skin_tone,4,🙎🏼,person pouting: medium-light skin tone,People & Body,person-gesture
pickup_truck,,,,,,,pickup_truck,9,🛻,pickup truck,Travel & Places,transport-ground
woman_medium_skin_tone,0.0,1.1139433523068367,0.0,0.0,0.0,0.0,woman_medium_skin_tone,13,👩🏽,woman: medium skin tone,People & Body,person
1st_place_medal,0.0,2.2400062710580713,0.1600004479327194,0.0800002239663597,0.0,0.0,1st_place_medal,302,🥇,1st place medal,Activities,award-medal
woman_dancing_medium-dark_skin_tone,,,,,,,woman_dancing_medium-dark_skin_tone,213,💃🏾,woman dancing: medium-dark skin tone,People & Body,person-activity
tear-off_calendar,,,,,,,tear-off_calendar,28,📆,tear-off calendar,Objects,office
person_with_veil_light_skin_tone,,,,,,,person_with_veil_light_skin_tone,24,👰🏻,person with veil: light skin tone,People & Body,person-role
Botswana,,,,,,,Botswana,8,🇧🇼,flag: Botswana,Flags,country-flag
cloud_with_rain,0.15625148005974734,1.5625148005974736,0.3125029601194947,0.0,0.0,0.15625148005974734,cloud_with_rain,154,🌧️,cloud with rain,Travel & Places,sky & weather
Ukraine,,,,,,,Ukraine,70,🇺🇦,flag: Ukraine,Flags,country-flag
woman_supervillain_light_skin_tone,,,,,,,woman_supervillain_light_skin_tone,3,🦹🏻‍♀️,woman supervillain: light skin tone,People & Body,person-fantasy
candy,0.21365891075765117,1.3938700368475339,0.17296197537524144,0.27470431383126576,0.07121963691921705,0.22383314460325357,candy,224,🍬,candy,Food & Drink,food-sweet
yellow_circle,0.06998245905930264,0.27992983623721057,1.3296667221267502,0.13996491811860529,0.0,0.0,yellow_circle,66,🟡,yellow circle,Symbols,geometric
slightly_smiling_face,0.17687627817131005,3.5090627140653003,0.16467791415949556,0.18500852084585304,0.23583503756174673,0.08945466941997289,slightly_smiling_face,22957,🙂,slightly smiling face,Smileys & Emotion,face-smiling
yellow_heart,0.07028436181037973,3.3439136753630665,0.1567881917308471,0.07839409586542355,0.13245898956571567,0.029735691535160657,yellow_heart,6480,💛,yellow heart,Smileys & Emotion,emotion
magnet,0.0,0.27092699609758303,0.1806179973983887,0.45154499349597177,0.0,0.0,magnet,8,🧲,magnet,Objects,tool
woman_in_steamy_room_light_skin_tone,,,,,,,woman_in_steamy_room_light_skin_tone,3,🧖🏻‍♀️,woman in steamy room: light skin tone,People & Body,person-activity
raising_hands_light_skin_tone,0.15544746149463673,2.5044313240802585,0.1986273119098136,0.20726328199284896,0.27635104265713195,0.09499567091338912,raising_hands_light_skin_tone,2736,🙌🏻,raising hands: light skin tone,People & Body,hands
South_Korea,,,,,,,South_Korea,149,🇰🇷,flag: South Korea,Flags,country-flag
Uruguay,,,,,,,Uruguay,8,🇺🇾,flag: Uruguay,Flags,country-flag
construction_worker_medium-light_skin_tone,,,,,,,construction_worker_medium-light_skin_tone,2,👷🏼,construction worker: medium-light skin tone,People & Body,person-role
woman_bouncing_ball,,,,,,,woman_bouncing_ball,9,⛹️‍♀️,woman bouncing ball,People & Body,person-sport
manual_wheelchair,,,,,,,manual_wheelchair,1,🦽,manual wheelchair,Travel & Places,transport-ground
backhand_index_pointing_up_medium-light_skin_tone,,,,,,,backhand_index_pointing_up_medium-light_skin_tone,94,👆🏼,backhand index pointing up: medium-light skin tone,People & Body,hand-single-finger
Sudan,,,,,,,Sudan,60,🇸🇩,flag: Sudan,Flags,country-flag
woman_running_light_skin_tone,1.9242792860618816,0.0,0.0,0.0,0.0,0.0,woman_running_light_skin_tone,84,🏃🏻‍♀️,woman running: light skin tone,People & Body,person-activity
play_button,0.0,1.7332553813824583,0.8666276906912291,0.0,0.0,0.0,play_button,398,▶️,play button,Symbols,av-symbol
woman_superhero_medium_skin_tone,,,,,,,woman_superhero_medium_skin_tone,9,🦸🏽‍♀️,woman superhero: medium skin tone,People & Body,person-fantasy
cross_mark_button,0.0,0.0,0.0,0.0,0.0,1.7160033436347992,cross_mark_button,52,❎,cross mark button,Symbols,other-symbol
sneezing_face,0.31337841658838794,1.762753593309682,0.47986070040096906,0.47006762488258186,0.08813767966548411,0.36234379418032353,sneezing_face,2996,🤧,sneezing face,Smileys & Emotion,face-unwell
detective_medium-light_skin_tone,,,,,,,detective_medium-light_skin_tone,6,🕵🏼,detective: medium-light skin tone,People & Body,person-role
woman_pilot_medium-light_skin_tone,,,,,,,woman_pilot_medium-light_skin_tone,1,👩🏼‍✈️,woman pilot: medium-light skin tone,People & Body,person-role
right-facing_fist_medium_skin_tone,,,,,,,right-facing_fist_medium_skin_tone,20,🤜🏽,right-facing fist: medium skin tone,People & Body,hand-fingers-closed
diving_mask,0.0,0.47712125471966244,0.0,0.0,0.0,0.0,diving_mask,3,🤿,diving mask,Activities,sport
books,0.07404650606088319,1.6210895791186213,0.16131560248978125,0.37023253030441594,0.277674397728312,0.10842524101772183,books,410,📚,books,Objects,book-paper
woman_feeding_baby,,,,,,,woman_feeding_baby,1,👩‍🍼,woman feeding baby,People & Body,person-role
person_golfing_medium-dark_skin_tone,,,,,,,person_golfing_medium-dark_skin_tone,1,🏌🏾,person golfing: medium-dark skin tone,People & Body,person-sport
leafy_green,0.24606036856924188,1.4763622114154513,0.0,0.0,0.0,0.24606036856924188,leafy_green,93,🥬,leafy green,Food & Drink,food-vegetable
floppy_disk,0.0,0.5827293423354001,0.0,0.5827293423354001,0.0,0.5827293423354001,floppy_disk,56,💾,floppy disk,Objects,computer
flashlight,0.32650689872018224,0.0,0.32650689872018224,0.9795206961605468,0.0,0.32650689872018224,flashlight,91,🔦,flashlight,Objects,light & video
left_speech_bubble,,,,,,,left_speech_bubble,7,🗨️,left speech bubble,Smileys & Emotion,emotion
person_pouting_medium-dark_skin_tone,,,,,,,person_pouting_medium-dark_skin_tone,1,🙎🏾,person pouting: medium-dark skin tone,People & Body,person-gesture
stuffed_flatbread,0.0,1.4471580313422192,0.0,0.0,0.0,0.0,stuffed_flatbread,28,🥙,stuffed flatbread,Food & Drink,food-prepared
raised_fist_medium-dark_skin_tone,,,,,,,raised_fist_medium-dark_skin_tone,769,✊🏾,raised fist: medium-dark skin tone,People & Body,hand-fingers-closed
woman_dark_skin_tone_red_hair,,,,,,,woman_dark_skin_tone_red_hair,1,👩🏿‍🦰,"woman: dark skin tone, red hair",People & Body,person
Egypt,,,,,,,Egypt,301,🇪🇬,flag: Egypt,Flags,country-flag
unamused_face,0.6018872092211794,0.7641350656199322,0.5129125782928312,0.7301153537943873,0.24075488368847178,1.3032166530093363,unamused_face,14224,😒,unamused face,Smileys & Emotion,face-neutral-skeptical
person_mountain_biking,,,,,,,person_mountain_biking,5,🚵,person mountain biking,People & Body,person-sport
kissing_face,0.11625261702005708,2.2669260318911135,0.2034420797850999,0.05812630851002854,0.14531577127507136,0.05812630851002854,kissing_face,705,😗,kissing face,Smileys & Emotion,face-affection
eye_in_speech_bubble,0.0,0.6712113404111031,0.6712113404111031,0.0,0.0,0.0,eye_in_speech_bubble,22,👁️‍🗨️,eye in speech bubble,Smileys & Emotion,emotion
cherries,0.10852589337340206,2.224780814154742,0.13565736671675255,0.21705178674680412,0.10852589337340206,0.05426294668670103,cherries,706,🍒,cherries,Food & Drink,food-fruit
woman_medium-dark_skin_tone_blond_hair,,,,,,,woman_medium-dark_skin_tone_blond_hair,3,👱🏾‍♀️,"woman: medium-dark skin tone, blond hair",People & Body,person
merman_medium-dark_skin_tone,,,,,,,merman_medium-dark_skin_tone,1,🧜🏾‍♂️,merman: medium-dark skin tone,People & Body,person-fantasy
pinched_fingers_medium-dark_skin_tone,,,,,,,pinched_fingers_medium-dark_skin_tone,21,🤌🏾,pinched fingers: medium-dark skin tone,People & Body,hand-fingers-partial
man_dancing_medium-dark_skin_tone,,,,,,,man_dancing_medium-dark_skin_tone,60,🕺🏾,man dancing: medium-dark skin tone,People & Body,person-activity
roller_coaster,0.0,1.3830065280761672,0.0,0.19757236115373816,0.19757236115373816,0.0,roller_coaster,60,🎢,roller coaster,Travel & Places,place-other
penguin,0.1370093143878031,1.7354513155788394,0.1826790858504041,0.3196884002382072,0.1826790858504041,0.0,penguin,361,🐧,penguin,Animals & Nature,animal-bird
burrito,0.1858080773043908,0.9423123920436963,0.265440110434844,0.38488816013052385,0.265440110434844,0.2256240938696174,burrito,186,🌯,burrito,Food & Drink,food-prepared
man_swimming_light_skin_tone,0.0,0.6989700043360189,0.0,0.0,0.0,0.0,man_swimming_light_skin_tone,5,🏊🏻‍♂️,man swimming: light skin tone,People & Body,person-sport
pie,0.13986434605431033,1.7688726118633364,0.2550467486872718,0.22213749079213996,0.21665261447628462,0.19745554737079107,pie,631,🥧,pie,Food & Drink,food-sweet
OK_hand_medium-dark_skin_tone,,,,,,,OK_hand_medium-dark_skin_tone,1118,👌🏾,OK hand: medium-dark skin tone,People & Body,hand-fingers-partial
pinched_fingers_medium_skin_tone,,,,,,,pinched_fingers_medium_skin_tone,41,🤌🏽,pinched fingers: medium skin tone,People & Body,hand-fingers-partial
strawberry,0.13237530653717303,1.5676023142559963,0.38319167681813243,0.2577834916776527,0.1672109135206396,0.18114515631402625,strawberry,489,🍓,strawberry,Food & Drink,food-fruit
foot,0.2755543185084095,0.3909026378840228,0.21788015882060288,0.37167791798808725,0.10253183944498959,0.24351311868185027,foot,40,🦶,foot,People & Body,body-parts
Malawi,,,,,,,Malawi,3,🇲🇼,flag: Malawi,Flags,country-flag
family_woman_boy_boy,,,,,,,family_woman_boy_boy,2,👩‍👦‍👦,"family: woman, boy, boy",People & Body,family
man_pilot,,,,,,,man_pilot,7,👨‍✈️,man pilot,People & Body,person-role
grapes,0.17668785024701017,1.1190230515643977,0.26503177537051525,0.2944797504116836,0.2355838003293469,0.1472398752058418,grapes,173,🍇,grapes,Food & Drink,food-fruit
Finland,,,,,,,Finland,30,🇫🇮,flag: Finland,Flags,country-flag
writing_hand_medium-dark_skin_tone,,,,,,,writing_hand_medium-dark_skin_tone,28,✍🏾,writing hand: medium-dark skin tone,People & Body,hand-prop
sun_with_face,0.04468172029713302,2.658562357679415,0.06702258044569953,0.06702258044569953,0.2010677413370986,0.02234086014856651,sun_with_face,1150,🌞,sun with face,Travel & Places,sky & weather
person_gesturing_OK_dark_skin_tone,,,,,,,person_gesturing_OK_dark_skin_tone,1,🙆🏿,person gesturing OK: dark skin tone,People & Body,person-gesture
pile_of_poo,0.3941690033080221,0.3941690033080221,0.345572824817992,0.475162634124739,0.09179278159227913,1.900650536498956,pile_of_poo,3995,💩,pile of poo,Smileys & Emotion,face-costume
Pakistan,,,,,,,Pakistan,406,🇵🇰,flag: Pakistan,Flags,country-flag
horse_face,0.0,1.3030063073760731,0.07664742984565136,0.5365320089195595,0.07664742984565136,0.15329485969130272,horse_face,140,🐴,horse face,Animals & Nature,animal-mammal
man_standing,,,,,,,man_standing,31,🧍‍♂️,man standing,People & Body,person-activity
falafel,0.0,0.48164799306236994,0.12041199826559248,0.0,0.0,0.0,falafel,4,🧆,falafel,Food & Drink,food-prepared
bookmark_tabs,0.0,0.9030899869919435,0.0,0.0,0.0,0.0,bookmark_tabs,8,📑,bookmark tabs,Objects,book-paper
France,,,,,,,France,497,🇫🇷,flag: France,Flags,country-flag
butter,0.22691937367397721,1.8754218824231645,0.20022297677115636,0.23359347289968244,0.18687477831974594,0.20689707599686158,butter,851,🧈,butter,Food & Drink,food-prepared
woman_in_manual_wheelchair_dark_skin_tone,,,,,,,woman_in_manual_wheelchair_dark_skin_tone,1,👩🏿‍🦽,woman in manual wheelchair: dark skin tone,People & Body,person-activity
snowflake,0.3297179898518739,1.2364424619445271,0.27476499154322825,0.5495299830864565,0.13738249577161413,0.5495299830864565,snowflake,1195,❄️,snowflake,Travel & Places,sky & weather
green_salad,0.11219170748538677,1.7950673197661884,0.0,0.0,0.33657512245616034,0.11219170748538677,green_salad,227,🥗,green salad,Food & Drink,food-prepared
suspension_railway,,,,,,,suspension_railway,1,🚟,suspension railway,Travel & Places,transport-air
right-facing_fist,,,,,,,right-facing_fist,129,🤜,right-facing fist,People & Body,hand-fingers-closed
female_sign,,,,,,,female_sign,240,♀️,female sign,Symbols,gender
down-right_arrow,,,,,,,down-right_arrow,41,↘️,down-right arrow,Symbols,arrow
woman_police_officer_dark_skin_tone,,,,,,,woman_police_officer_dark_skin_tone,2,👮🏿‍♀️,woman police officer: dark skin tone,People & Body,person-role
performing_arts,0.07451285109552673,1.5647698730060613,0.22353855328658018,0.0,0.14902570219105346,0.07451285109552673,performing_arts,122,🎭,performing arts,Activities,arts & crafts
prince_light_skin_tone,0.0,1.3728026749078395,0.0,0.0,0.34320066872695987,0.0,prince_light_skin_tone,52,🤴🏻,prince: light skin tone,People & Body,person-role
index_pointing_up_dark_skin_tone,0.0,1.0413926851582251,0.0,0.0,0.0,0.0,index_pointing_up_dark_skin_tone,11,☝🏿,index pointing up: dark skin tone,People & Body,hand-single-finger
South_Africa,,,,,,,South_Africa,416,🇿🇦,flag: South Africa,Flags,country-flag
woman_with_veil_medium_skin_tone,,,,,,,woman_with_veil_medium_skin_tone,1,👰🏽‍♀️,woman with veil: medium skin tone,People & Body,person-role
unlocked,0.13770217653588263,0.7671978406999174,0.1770456555461348,0.23606087406151305,0.216389134556387,0.13770217653588263,unlocked,47,🔓,unlocked,Objects,lock
girl_medium_skin_tone,0.0,0.8595960267586784,0.2865320089195595,0.0,0.0,0.0,girl_medium_skin_tone,14,👧🏽,girl: medium skin tone,People & Body,person
man_mechanic_dark_skin_tone,,,,,,,man_mechanic_dark_skin_tone,9,👨🏿‍🔧,man mechanic: dark skin tone,People & Body,person-role
postbox,0.0,0.8333333333333334,0.0,0.0,0.16666666666666666,0.0,postbox,10,📮,postbox,Objects,mail
kiss_man_man,0.0,0.7810445138686688,0.2603481712895563,0.0,0.0,0.0,kiss_man_man,11,👨‍❤️‍💋‍👨,"kiss: man, man",People & Body,family
man_getting_haircut_light_skin_tone,,,,,,,man_getting_haircut_light_skin_tone,2,💇🏻‍♂️,man getting haircut: light skin tone,People & Body,person-activity
deaf_person_medium_skin_tone,,,,,,,deaf_person_medium_skin_tone,1,🧏🏽,deaf person: medium skin tone,People & Body,person-gesture
man_pilot_dark_skin_tone,0.0,0.9030899869919435,0.0,0.0,0.0,0.0,man_pilot_dark_skin_tone,8,👨🏿‍✈️,man pilot: dark skin tone,People & Body,person-role
right_arrow_curving_down,1.1239866331809034,1.1239866331809034,0.0,0.0,0.0,0.0,right_arrow_curving_down,177,⤵️,right arrow curving down,Symbols,arrow
person_walking_dark_skin_tone,,,,,,,person_walking_dark_skin_tone,7,🚶🏿,person walking: dark skin tone,People & Body,person-activity
speedboat,0.0,0.5569716761534184,0.2784858380767092,0.2784858380767092,0.0,0.0,speedboat,13,🚤,speedboat,Travel & Places,transport-water
fast_up_button,,,,,,,fast_up_button,4,⏫,fast up button,Symbols,av-symbol
Mozambique,,,,,,,Mozambique,2,🇲🇿,flag: Mozambique,Flags,country-flag
family_man_woman_girl_girl,0.0,1.3617278360175928,0.0,0.0,0.0,0.0,family_man_woman_girl_girl,23,👨‍👩‍👧‍👧,"family: man, woman, girl, girl",People & Body,family
person_in_lotus_position,0.0,1.1760912590556813,0.0,0.0,0.0,0.0,person_in_lotus_position,15,🧘,person in lotus position,People & Body,person-resting
Luxembourg,,,,,,,Luxembourg,8,🇱🇺,flag: Luxembourg,Flags,country-flag
man_surfing_light_skin_tone,,,,,,,man_surfing_light_skin_tone,4,🏄🏻‍♂️,man surfing: light skin tone,People & Body,person-sport
shorts,0.015391008216763305,0.20623951010462827,0.09850245258728514,0.08311144437052184,0.024625613146821285,0.04925122629364257,shorts,3,🩳,shorts,Objects,clothing
man_police_officer_medium-light_skin_tone,,,,,,,man_police_officer_medium-light_skin_tone,2,👮🏼‍♂️,man police officer: medium-light skin tone,People & Body,person-role
writing_hand_medium-light_skin_tone,,,,,,,writing_hand_medium-light_skin_tone,17,✍🏼,writing hand: medium-light skin tone,People & Body,hand-prop
Sagittarius,,,,,,,Sagittarius,9,♐,Sagittarius,Symbols,zodiac
woman_singer,0.0,1.3617278360175928,0.0,0.0,0.0,0.0,woman_singer,23,👩‍🎤,woman singer,People & Body,person-role
shower,0.06753915108847346,0.5853393094334366,0.11256525181412241,0.18010440290259588,0.19136092808400812,0.5065436331635509,shower,44,🚿,shower,Objects,household
woman_guard,,,,,,,woman_guard,4,💂‍♀️,woman guard,People & Body,person-role
woman_bowing_medium-dark_skin_tone,,,,,,,woman_bowing_medium-dark_skin_tone,26,🙇🏾‍♀️,woman bowing: medium-dark skin tone,People & Body,person-gesture
person_shrugging_medium-light_skin_tone,,,,,,,person_shrugging_medium-light_skin_tone,28,🤷🏼,person shrugging: medium-light skin tone,People & Body,person-gesture
raised_hand,0.437826665120057,1.9389466598173952,0.12509333289144486,0.1876399993371673,0.15636666611430608,0.3752799986743346,raised_hand,1664,✋,raised hand,People & Body,hand-fingers-open
rainbow_flag,0.0,2.971739590887778,0.0,0.0,0.0,0.0,rainbow_flag,937,🏳️‍🌈,rainbow flag,Flags,flag
spaghetti,0.07451701900618841,1.0432382660866377,0.03725850950309421,0.29806807602475366,0.0,0.5961361520495073,spaghetti,112,🍝,spaghetti,Food & Drink,food-asian
woman_mechanic_light_skin_tone,,,,,,,woman_mechanic_light_skin_tone,1,👩🏻‍🔧,woman mechanic: light skin tone,People & Body,person-role
battery,0.07621561357883976,0.7987396303062405,0.506071674163496,0.40851568878258104,0.2682789597975159,0.28657070705643745,battery,221,🔋,battery,Objects,computer
keycap_10,,,,,,,keycap_10,25,🔟,keycap: 10,Symbols,keycap
family_woman_woman_girl_boy,0.0,0.47712125471966244,0.0,0.0,0.0,0.0,family_woman_woman_girl_boy,3,👩‍👩‍👧‍👦,"family: woman, woman, girl, boy",People & Body,family
man_vampire_medium-light_skin_tone,,,,,,,man_vampire_medium-light_skin_tone,10,🧛🏼‍♂️,man vampire: medium-light skin tone,People & Body,person-fantasy
person_golfing_medium_skin_tone,,,,,,,person_golfing_medium_skin_tone,1,🏌🏽,person golfing: medium skin tone,People & Body,person-sport
man_lifting_weights_dark_skin_tone,0.0,0.0,0.0,0.47712125471966244,0.0,0.0,man_lifting_weights_dark_skin_tone,3,🏋🏿‍♂️,man lifting weights: dark skin tone,People & Body,person-sport
woman_facepalming_medium-light_skin_tone,,,,,,,woman_facepalming_medium-light_skin_tone,1094,🤦🏼‍♀️,woman facepalming: medium-light skin tone,People & Body,person-gesture
backhand_index_pointing_right_light_skin_tone,0.2942562595598981,1.2751104580928918,0.1961708397065987,0.3923416794131974,0.2942562595598981,0.3923416794131974,backhand_index_pointing_right_light_skin_tone,699,👉🏻,backhand index pointing right: light skin tone,People & Body,hand-single-finger
person_pouting,0.0,0.22577249674798588,0.22577249674798588,0.22577249674798588,0.0,0.22577249674798588,person_pouting,8,🙎,person pouting,People & Body,person-gesture
girl_medium-dark_skin_tone,,,,,,,girl_medium-dark_skin_tone,4,👧🏾,girl: medium-dark skin tone,People & Body,person
person_feeding_baby,,,,,,,person_feeding_baby,1,🧑‍🍼,person feeding baby,People & Body,person-role
llama,0.32042851851022314,0.5607499073928904,0.08010712962755578,0.0,0.0,0.08010712962755578,llama,11,🦙,llama,Animals & Nature,animal-mammal
woman_running_medium-light_skin_tone,,,,,,,woman_running_medium-light_skin_tone,35,🏃🏼‍♀️,woman running: medium-light skin tone,People & Body,person-activity
moon_viewing_ceremony,,,,,,,moon_viewing_ceremony,5,🎑,moon viewing ceremony,Activities,event
downcast_face_with_sweat,0.3126051849650256,1.0999071322843494,0.9030816454545185,0.694678188811168,0.16209157738927257,0.21998142645686986,downcast_face_with_sweat,2468,😓,downcast face with sweat,Smileys & Emotion,face-concerned
man_technologist,0.779804543803658,0.5198696958691054,0.0,0.2599348479345527,0.2599348479345527,0.0,man_technologist,66,👨‍💻,man technologist,People & Body,person-role
woman_teacher_light_skin_tone,0.0,0.5880456295278407,0.0,0.0,0.5880456295278407,0.0,woman_teacher_light_skin_tone,15,👩🏻‍🏫,woman teacher: light skin tone,People & Body,person-role
Albania,,,,,,,Albania,8,🇦🇱,flag: Albania,Flags,country-flag
sponge,0.09321010586464204,0.8155884263156179,0.18642021172928408,0.11651263233080256,0.06990757939848152,0.2097227381954446,sponge,31,🧽,sponge,Objects,household
selfie_light_skin_tone,0.0,1.0,0.0,0.0,0.0,0.0,selfie_light_skin_tone,10,🤳🏻,selfie: light skin tone,People & Body,hand-prop
diamond_suit,0.0,1.806179973983887,0.0,0.0,0.0,0.0,diamond_suit,64,♦️,diamond suit,Activities,game
person_running_light_skin_tone,0.0,1.380211241711606,0.0,0.0,0.0,0.0,person_running_light_skin_tone,24,🏃🏻,person running: light skin tone,People & Body,person-activity
motorized_wheelchair,,,,,,,motorized_wheelchair,1,🦼,motorized wheelchair,Travel & Places,transport-ground
notebook_with_decorative_cover,0.0,1.3317396216195934,0.0,0.08323372635122459,0.0,0.0,notebook_with_decorative_cover,26,📔,notebook with decorative cover,Objects,book-paper
Colombia,,,,,,,Colombia,61,🇨🇴,flag: Colombia,Flags,country-flag
diya_lamp,,,,,,,diya_lamp,7,🪔,diya lamp,Objects,light & video
lady_beetle,0.0,1.251173270983255,0.0,0.1924881955358854,0.2887322933038281,0.0,lady_beetle,54,🐞,lady beetle,Animals & Nature,animal-bug
woman_superhero,0.0,1.0375350005115247,0.0,0.0,0.5187675002557623,0.0,woman_superhero,36,🦸‍♀️,woman superhero,People & Body,person-fantasy
radio_button,0.0,0.4042378598139877,0.0,1.212713579441963,0.0,0.4042378598139877,radio_button,105,🔘,radio button,Symbols,geometric
raised_back_of_hand_medium-dark_skin_tone,,,,,,,raised_back_of_hand_medium-dark_skin_tone,34,🤚🏾,raised back of hand: medium-dark skin tone,People & Body,hand-fingers-open
Honduras,,,,,,,Honduras,10,🇭🇳,flag: Honduras,Flags,country-flag
man_surfing_dark_skin_tone,,,,,,,man_surfing_dark_skin_tone,1,🏄🏿‍♂️,man surfing: dark skin tone,People & Body,person-sport
woman_mage,,,,,,,woman_mage,64,🧙‍♀️,woman mage,People & Body,person-fantasy
man_artist_medium-dark_skin_tone,,,,,,,man_artist_medium-dark_skin_tone,1,👨🏾‍🎨,man artist: medium-dark skin tone,People & Body,person-role
person_in_tuxedo_medium-dark_skin_tone,,,,,,,person_in_tuxedo_medium-dark_skin_tone,3,🤵🏾,person in tuxedo: medium-dark skin tone,People & Body,person-role
Gemini,,,,,,,Gemini,18,♊,Gemini,Symbols,zodiac
man_in_tuxedo_medium-dark_skin_tone,,,,,,,man_in_tuxedo_medium-dark_skin_tone,1,🤵🏾‍♂️,man in tuxedo: medium-dark skin tone,People & Body,person-role
male_sign,,,,,,,male_sign,17,♂️,male sign,Symbols,gender
man_pouting_light_skin_tone,,,,,,,man_pouting_light_skin_tone,4,🙎🏻‍♂️,man pouting: light skin tone,People & Body,person-gesture
ON!_arrow,,,,,,,ON!_arrow,45,🔛,ON! arrow,Symbols,arrow
basket,0.08930778622839804,0.44653893114199017,0.2192100207424315,0.3247555862850837,0.22732891039955863,0.07307000691414384,basket,24,🧺,basket,Objects,household
lotion_bottle,,,,,,,lotion_bottle,15,🧴,lotion bottle,Objects,household
man_student_dark_skin_tone,,,,,,,man_student_dark_skin_tone,2,👨🏿‍🎓,man student: dark skin tone,People & Body,person-role
princess_medium-light_skin_tone,,,,,,,princess_medium-light_skin_tone,91,👸🏼,princess: medium-light skin tone,People & Body,person-role
hiking_boot,0.0,1.276232430868546,0.0,0.0,0.0,0.25524648617370915,hiking_boot,34,🥾,hiking boot,Objects,clothing
sun_behind_rain_cloud,,,,,,,sun_behind_rain_cloud,15,🌦️,sun behind rain cloud,Travel & Places,sky & weather
Anguilla,,,,,,,Anguilla,2,🇦🇮,flag: Anguilla,Flags,country-flag
key,0.23748000828823723,1.1306113438070424,0.27878087929488715,0.28910609704654966,0.3200817503015371,0.18327261509200918,key,275,🔑,key,Objects,lock
volcano,0.21168712346512725,0.5292178086628182,0.05292178086628181,0.3175306851976909,0.47629602779653635,0.21168712346512725,volcano,63,🌋,volcano,Travel & Places,place-geographic
man_shrugging_medium-dark_skin_tone,,,,,,,man_shrugging_medium-dark_skin_tone,1268,🤷🏾‍♂️,man shrugging: medium-dark skin tone,People & Body,person-gesture
person_lifting_weights_medium-dark_skin_tone,,,,,,,person_lifting_weights_medium-dark_skin_tone,2,🏋🏾,person lifting weights: medium-dark skin tone,People & Body,person-sport
Namibia,,,,,,,Namibia,7,🇳🇦,flag: Namibia,Flags,country-flag
crossed_fingers_medium-light_skin_tone,,,,,,,crossed_fingers_medium-light_skin_tone,1331,🤞🏼,crossed fingers: medium-light skin tone,People & Body,hand-fingers-partial
bellhop_bell,0.0,1.3010299956639813,0.0,0.0,0.0,0.0,bellhop_bell,20,🛎️,bellhop bell,Travel & Places,hotel
Cambodia,,,,,,,Cambodia,8,🇰🇭,flag: Cambodia,Flags,country-flag
person_gesturing_OK,,,,,,,person_gesturing_OK,176,🙆,person gesturing OK,People & Body,person-gesture
Japanese_secret_button,,,,,,,Japanese_secret_button,2,㊙️,Japanese “secret” button,Symbols,alphanum
woman_construction_worker_light_skin_tone,,,,,,,woman_construction_worker_light_skin_tone,1,👷🏻‍♀️,woman construction worker: light skin tone,People & Body,person-role
ballet_shoes,0.0,1.3010299956639813,0.0,0.0,0.0,0.0,ballet_shoes,20,🩰,ballet shoes,Objects,clothing
dotted_six-pointed_star,,,,,,,dotted_six-pointed_star,8,🔯,dotted six-pointed star,Symbols,religion
woman_student_medium-dark_skin_tone,,,,,,,woman_student_medium-dark_skin_tone,6,👩🏾‍🎓,woman student: medium-dark skin tone,People & Body,person-role
woman_with_headscarf,,,,,,,woman_with_headscarf,2,🧕,woman with headscarf,People & Body,person-role
man_mage_medium-light_skin_tone,,,,,,,man_mage_medium-light_skin_tone,9,🧙🏼‍♂️,man mage: medium-light skin tone,People & Body,person-fantasy
people_with_bunny_ears,0.0,1.714411840203276,0.0,0.10715074001270475,0.2143014800254095,0.10715074001270475,people_with_bunny_ears,139,👯,people with bunny ears,People & Body,person-activity
pill,0.1481764725774999,0.6297500084543746,0.37044118144374977,0.5556617721656246,0.11113235443312493,0.22226470886624985,pill,109,💊,pill,Objects,medical
woman_biking_light_skin_tone,0.0,0.6989700043360189,0.0,0.0,0.0,0.0,woman_biking_light_skin_tone,5,🚴🏻‍♀️,woman biking: light skin tone,People & Body,person-sport
office_worker,,,,,,,office_worker,2,🧑‍💼,office worker,People & Body,person-role
love-you_gesture_dark_skin_tone,,,,,,,love-you_gesture_dark_skin_tone,13,🤟🏿,love-you gesture: dark skin tone,People & Body,hand-fingers-partial
latin_cross,0.0,1.8425568459363912,0.0,0.4606392114840978,0.0,0.0,latin_cross,201,✝️,latin cross,Symbols,religion
lab_coat,0.0,1.146128035678238,0.0,0.0,0.0,0.0,lab_coat,14,🥼,lab coat,Objects,clothing
bubble_tea,,,,,,,bubble_tea,18,🧋,bubble tea,Food & Drink,drink
women_holding_hands_medium-light_skin_tone,,,,,,,women_holding_hands_medium-light_skin_tone,3,👭🏼,women holding hands: medium-light skin tone,People & Body,family
speaker_low_volume,0.0,1.8692317197309762,0.0,0.0,0.0,0.0,speaker_low_volume,74,🔈,speaker low volume,Objects,sound
woman_vampire_medium_skin_tone,,,,,,,woman_vampire_medium_skin_tone,5,🧛🏽‍♀️,woman vampire: medium skin tone,People & Body,person-fantasy
control_knobs,0.3010299956639812,0.0,0.0,0.6020599913279624,0.0,0.3010299956639812,control_knobs,16,🎛️,control knobs,Objects,music
woman_guard_light_skin_tone,0.0,0.0,0.0,0.0,0.0,0.0,woman_guard_light_skin_tone,1,💂🏻‍♀️,woman guard: light skin tone,People & Body,person-role
new_moon,0.0,1.7160033436347992,0.0,0.0,0.0,0.0,new_moon,52,🌑,new moon,Travel & Places,sky & weather
Cape_Verde,,,,,,,Cape_Verde,7,🇨🇻,flag: Cape Verde,Flags,country-flag
person_dark_skin_tone_white_hair,,,,,,,person_dark_skin_tone_white_hair,1,🧑🏿‍🦳,"person: dark skin tone, white hair",People & Body,person
man_running_light_skin_tone,0.7235790156711096,0.7235790156711096,0.0,0.0,0.0,0.0,man_running_light_skin_tone,28,🏃🏻‍♂️,man running: light skin tone,People & Body,person-activity
baby_medium-dark_skin_tone,,,,,,,baby_medium-dark_skin_tone,12,👶🏾,baby: medium-dark skin tone,People & Body,person
money_bag,0.5058441253581942,1.236507861986697,0.2810245140878857,1.0116882507163885,0.22481961127030856,0.14987974084687236,money_bag,2569,💰,money bag,Objects,money
person_kneeling_light_skin_tone,,,,,,,person_kneeling_light_skin_tone,3,🧎🏻,person kneeling: light skin tone,People & Body,person-activity
helicopter,0.7307880939258142,0.6211698798369422,0.14615761878516284,0.3288546422666164,0.07307880939258142,0.07307880939258142,helicopter,94,🚁,helicopter,Travel & Places,transport-air
woman_lifting_weights_medium-dark_skin_tone,,,,,,,woman_lifting_weights_medium-dark_skin_tone,2,🏋🏾‍♀️,woman lifting weights: medium-dark skin tone,People & Body,person-sport
Ghana,,,,,,,Ghana,76,🇬🇭,flag: Ghana,Flags,country-flag
frowning_face,0.1185795391027139,1.3340198149055313,1.5711788931109592,0.6521874650649264,0.1185795391027139,0.1185795391027139,frowning_face,8187,☹️,frowning face,Smileys & Emotion,face-concerned
raising_hands_dark_skin_tone,0.0,2.164350344957944,0.0,0.16032224777466253,0.08016112388733126,0.0,raising_hands_dark_skin_tone,254,🙌🏿,raising hands: dark skin tone,People & Body,hands
woman_dancing,0.21123316963174446,3.467744534787805,0.10561658481587223,0.22883593376772315,0.24643869790370188,0.017602764135978707,woman_dancing,18944,💃,woman dancing,People & Body,person-activity
person_gesturing_NO_medium-dark_skin_tone,,,,,,,person_gesturing_NO_medium-dark_skin_tone,23,🙅🏾,person gesturing NO: medium-dark skin tone,People & Body,person-gesture
call_me_hand_medium_skin_tone,0.10674113013855276,1.6011169520782913,0.10674113013855276,0.5337056506927638,0.0,0.0,call_me_hand_medium_skin_tone,223,🤙🏽,call me hand: medium skin tone,People & Body,hand-fingers-partial
mage_medium_skin_tone,,,,,,,mage_medium_skin_tone,1,🧙🏽,mage: medium skin tone,People & Body,person-fantasy
person_with_veil,,,,,,,person_with_veil,97,👰,person with veil,People & Body,person-role
person_medium_skin_tone_white_hair,,,,,,,person_medium_skin_tone_white_hair,2,🧑🏽‍🦳,"person: medium skin tone, white hair",People & Body,person
Burkina_Faso,,,,,,,Burkina_Faso,3,🇧🇫,flag: Burkina Faso,Flags,country-flag
person_mountain_biking_dark_skin_tone,,,,,,,person_mountain_biking_dark_skin_tone,1,🚵🏿,person mountain biking: dark skin tone,People & Body,person-sport
woman_with_headscarf_medium_skin_tone,,,,,,,woman_with_headscarf_medium_skin_tone,2,🧕🏽,woman with headscarf: medium skin tone,People & Body,person-role
Guernsey,,,,,,,Guernsey,6,🇬🇬,flag: Guernsey,Flags,country-flag
person_dark_skin_tone_bald,,,,,,,person_dark_skin_tone_bald,1,🧑🏿‍🦲,"person: dark skin tone, bald",People & Body,person
hourglass_not_done,0.0,1.813683308619121,0.0,0.17273174367801153,0.2590976155170173,0.0,hourglass_not_done,176,⏳,hourglass not done,Travel & Places,time
receipt,0.033137579912758605,0.48697834828314823,0.39332866592100435,0.13399108399506743,0.04538407683703896,0.05330828072922037,receipt,14,🧾,receipt,Objects,money
man_fairy_medium_skin_tone,0.0,0.34948500216800943,0.0,0.0,0.0,0.34948500216800943,man_fairy_medium_skin_tone,5,🧚🏽‍♂️,man fairy: medium skin tone,People & Body,person-fantasy
Serbia,,,,,,,Serbia,19,🇷🇸,flag: Serbia,Flags,country-flag
woman_playing_handball_medium_skin_tone,,,,,,,woman_playing_handball_medium_skin_tone,1,🤾🏽‍♀️,woman playing handball: medium skin tone,People & Body,person-sport
writing_hand,,,,,,,writing_hand,1586,✍️,writing hand,People & Body,hand-prop
prince_medium-light_skin_tone,,,,,,,prince_medium-light_skin_tone,12,🤴🏼,prince: medium-light skin tone,People & Body,person-role
tram_car,,,,,,,tram_car,8,🚋,tram car,Travel & Places,transport-ground
person_playing_handball,,,,,,,person_playing_handball,4,🤾,person playing handball,People & Body,person-sport
man_swimming,,,,,,,man_swimming,17,🏊‍♂️,man swimming,People & Body,person-sport
OK_hand_medium-light_skin_tone,,,,,,,OK_hand_medium-light_skin_tone,1874,👌🏼,OK hand: medium-light skin tone,People & Body,hand-fingers-partial
skull_and_crossbones,0.23552389928856987,0.3364627132693855,0.8748030545004023,0.8748030545004023,0.03364627132693855,0.672925426538771,skull_and_crossbones,1067,☠️,skull and crossbones,Smileys & Emotion,face-negative
Sweden,,,,,,,Sweden,132,🇸🇪,flag: Sweden,Flags,country-flag
women_holding_hands,0.0,2.173186268412274,0.0,0.0,0.0,0.0,women_holding_hands,149,👭,women holding hands,People & Body,family
puzzle_piece,,,,,,,puzzle_piece,24,🧩,puzzle piece,Activities,game
dizzy,0.06456090820729193,2.440402330235635,0.232419269546251,0.10329745313166709,0.16785836133895904,0.038736544924375164,dizzy,1115,💫,dizzy,Smileys & Emotion,emotion
turkey,0.16218644256845785,0.9412606041919428,0.3359576310346627,0.5792372948873495,0.15929025609402112,0.08688559423310242,turkey,184,🦃,turkey,Animals & Nature,animal-bird
raised_back_of_hand_light_skin_tone,0.16312107163121925,1.468089644680973,0.3262421432624385,0.0,0.0,0.16312107163121925,raised_back_of_hand_light_skin_tone,132,🤚🏻,raised back of hand: light skin tone,People & Body,hand-fingers-open
man_gesturing_OK_medium_skin_tone,,,,,,,man_gesturing_OK_medium_skin_tone,60,🙆🏽‍♂️,man gesturing OK: medium skin tone,People & Body,person-gesture
duck,0.17527587898082983,0.9707587143553652,0.229206918667239,0.2022413988240344,0.10786207937281835,0.2831379583536482,duck,93,🦆,duck,Animals & Nature,animal-bird
smiling_face_with_halo,0.10400437384484518,2.634777470736078,0.14733952961353067,0.35534827730322105,0.13867249845979357,0.06933624922989678,smiling_face_with_halo,2815,😇,smiling face with halo,Smileys & Emotion,face-smiling
fish,0.18595805360579507,1.1943221471020078,0.33262919447797146,0.4085838924296343,0.1361946308098781,0.24881711397958498,fish,321,🐟,fish,Animals & Nature,animal-marine
pine_decoration,,,,,,,pine_decoration,5,🎍,pine decoration,Activities,event
man_gesturing_NO_medium-light_skin_tone,,,,,,,man_gesturing_NO_medium-light_skin_tone,9,🙅🏼‍♂️,man gesturing NO: medium-light skin tone,People & Body,person-gesture
raised_back_of_hand,0.19645254051106728,1.7680728645996053,0.09822627025553364,0.09822627025553364,0.09822627025553364,0.2946788107666009,raised_back_of_hand,358,🤚,raised back of hand,People & Body,hand-fingers-open
man_playing_water_polo_medium_skin_tone,0.0,0.0,0.0,0.0,0.0,0.0,man_playing_water_polo_medium_skin_tone,1,🤽🏽‍♂️,man playing water polo: medium skin tone,People & Body,person-sport
Barbados,,,,,,,Barbados,3,🇧🇧,flag: Barbados,Flags,country-flag
man_dancing_medium_skin_tone,0.0,0.7803888247433295,0.39019441237166475,0.19509720618583237,0.0,0.39019441237166475,man_dancing_medium_skin_tone,57,🕺🏽,man dancing: medium skin tone,People & Body,person-activity
Argentina,,,,,,,Argentina,250,🇦🇷,flag: Argentina,Flags,country-flag
Saudi_Arabia,,,,,,,Saudi_Arabia,833,🇸🇦,flag: Saudi Arabia,Flags,country-flag
red_envelope,0.22278867046136736,0.668366011384102,0.22278867046136736,0.0,0.0,0.0,red_envelope,13,🧧,red envelope,Activities,event
call_me_hand_dark_skin_tone,0.0,0.3617895078355548,0.0,0.3617895078355548,0.0,0.7235790156711096,call_me_hand_dark_skin_tone,28,🤙🏿,call me hand: dark skin tone,People & Body,hand-fingers-partial
woman_tipping_hand,,,,,,,woman_tipping_hand,175,💁‍♀️,woman tipping hand,People & Body,person-gesture
Cancer,,,,,,,Cancer,26,♋,Cancer,Symbols,zodiac
nesting_dolls,,,,,,,nesting_dolls,2,🪆,nesting dolls,Activities,game
cook,0.08729869874255454,0.4726170931924505,0.14148409796207115,0.1956694971815878,0.06321629908943605,0.2438342964878248,cook,16,🧑‍🍳,cook,People & Body,person-role
mage_medium-light_skin_tone,,,,,,,mage_medium-light_skin_tone,2,🧙🏼,mage: medium-light skin tone,People & Body,person-fantasy
information,0.1001924878335652,0.5861728727459049,0.1699526779606737,0.15777975887809104,0.102065244615501,0.05992821702194555,information,15,ℹ️,information,Symbols,alphanum
person_taking_bath_light_skin_tone,,,,,,,person_taking_bath_light_skin_tone,1,🛀🏻,person taking bath: light skin tone,People & Body,person-resting
record_button,1.9138138523837167,0.0,0.0,0.0,0.0,0.0,record_button,82,⏺️,record button,Symbols,av-symbol
backhand_index_pointing_right_medium-dark_skin_tone,,,,,,,backhand_index_pointing_right_medium-dark_skin_tone,332,👉🏾,backhand index pointing right: medium-dark skin tone,People & Body,hand-single-finger
woman_tipping_hand_medium-light_skin_tone,,,,,,,woman_tipping_hand_medium-light_skin_tone,189,💁🏼‍♀️,woman tipping hand: medium-light skin tone,People & Body,person-gesture
poodle,0.0,1.075189237813157,0.1343986547266446,0.1343986547266446,0.1343986547266446,0.1343986547266446,poodle,41,🐩,poodle,Animals & Nature,animal-mammal
woman_gesturing_OK_medium-light_skin_tone,,,,,,,woman_gesturing_OK_medium-light_skin_tone,17,🙆🏼‍♀️,woman gesturing OK: medium-light skin tone,People & Body,person-gesture
man_cook_dark_skin_tone,,,,,,,man_cook_dark_skin_tone,1,👨🏿‍🍳,man cook: dark skin tone,People & Body,person-role
man_vampire_medium_skin_tone,,,,,,,man_vampire_medium_skin_tone,2,🧛🏽‍♂️,man vampire: medium skin tone,People & Body,person-fantasy
woman_gesturing_NO_dark_skin_tone,,,,,,,woman_gesturing_NO_dark_skin_tone,2,🙅🏿‍♀️,woman gesturing NO: dark skin tone,People & Body,person-gesture
dodo,0.0,0.15904041823988746,0.07952020911994373,0.0,0.0,0.23856062735983122,dodo,3,🦤,dodo,Animals & Nature,animal-bird
man_detective_medium-dark_skin_tone,,,,,,,man_detective_medium-dark_skin_tone,3,🕵🏾‍♂️,man detective: medium-dark skin tone,People & Body,person-role
bust_in_silhouette,,,,,,,bust_in_silhouette,23,👤,bust in silhouette,People & Body,person-symbol
woman_white_hair,,,,,,,woman_white_hair,5,👩‍🦳,woman: white hair,People & Body,person
fortune_cookie,,,,,,,fortune_cookie,3,🥠,fortune cookie,Food & Drink,food-asian
blowfish,0.0,0.5410830967993001,0.5410830967993001,0.5410830967993001,0.0,0.0,blowfish,42,🐡,blowfish,Animals & Nature,animal-marine
woman_running_medium-dark_skin_tone,,,,,,,woman_running_medium-dark_skin_tone,27,🏃🏾‍♀️,woman running: medium-dark skin tone,People & Body,person-activity
sport_utility_vehicle,0.5832603192776276,1.4998122495710422,0.0,0.0833229027539468,0.2499687082618404,0.0833229027539468,sport_utility_vehicle,316,🚙,sport utility vehicle,Travel & Places,transport-ground
man_running_medium-light_skin_tone,,,,,,,man_running_medium-light_skin_tone,8,🏃🏼‍♂️,man running: medium-light skin tone,People & Body,person-activity
left-facing_fist_medium_skin_tone,,,,,,,left-facing_fist_medium_skin_tone,19,🤛🏽,left-facing fist: medium skin tone,People & Body,hand-fingers-closed
sparkles,0.07438332270988708,3.184178391388628,0.14876664541977416,0.2260108651569646,0.2603416294846048,0.06007883757337034,sparkles,8990,✨,sparkles,Activities,event
socks,0.09106568511336295,1.2879289751747043,0.1691219866391026,0.23416890457721898,0.23416890457721898,0.11708445228860949,socks,136,🧦,socks,Objects,clothing
woman_health_worker_medium-dark_skin_tone,,,,,,,woman_health_worker_medium-dark_skin_tone,6,👩🏾‍⚕️,woman health worker: medium-dark skin tone,People & Body,person-role
woman_police_officer_medium-dark_skin_tone,,,,,,,woman_police_officer_medium-dark_skin_tone,1,👮🏾‍♀️,woman police officer: medium-dark skin tone,People & Body,person-role
woman_climbing_light_skin_tone,,,,,,,woman_climbing_light_skin_tone,3,🧗🏻‍♀️,woman climbing: light skin tone,People & Body,person-activity
blueberries,0.0,0.9041729503020433,0.15069549171700722,0.4520864751510216,0.0,0.4520864751510216,blueberries,91,🫐,blueberries,Food & Drink,food-fruit
motorcycle,0.2510750214702397,1.0043000858809588,0.2510750214702397,0.2510750214702397,0.12553751073511984,0.12553751073511984,motorcycle,102,🏍️,motorcycle,Travel & Places,transport-ground
Benin,,,,,,,Benin,4,🇧🇯,flag: Benin,Flags,country-flag
woman_and_man_holding_hands_medium_skin_tone_medium-light_skin_tone,,,,,,,woman_and_man_holding_hands_medium_skin_tone_medium-light_skin_tone,1,👩🏽‍🤝‍👨🏼,"woman and man holding hands: medium skin tone, medium-light skin tone",People & Body,family
black_circle,0.0,1.5394234288495054,0.0,0.0,0.0,0.38485585721237636,black_circle,84,⚫,black circle,Symbols,geometric
shaved_ice,0.0,0.8789882690172657,0.21974706725431642,0.0,0.6592412017629492,0.21974706725431642,shaved_ice,95,🍧,shaved ice,Food & Drink,food-sweet
Rwanda,,,,,,,Rwanda,2,🇷🇼,flag: Rwanda,Flags,country-flag
Santa_Claus_light_skin_tone,,,,,,,Santa_Claus_light_skin_tone,640,🎅🏻,Santa Claus: light skin tone,People & Body,person-fantasy
woman_and_man_holding_hands_medium-light_skin_tone,,,,,,,woman_and_man_holding_hands_medium-light_skin_tone,1,👫🏼,woman and man holding hands: medium-light skin tone,People & Body,family
pig_nose,0.059476911672224596,1.903261173511187,0.35686147003334756,0.0,0.23790764668889838,0.0,pig_nose,361,🐽,pig nose,Animals & Nature,animal-mammal
meat_on_bone,0.0,1.626866716068641,0.10845778107124272,0.21691556214248545,0.10845778107124272,0.0,meat_on_bone,115,🍖,meat on bone,Food & Drink,food-prepared
woman_with_veil_medium-dark_skin_tone,,,,,,,woman_with_veil_medium-dark_skin_tone,1,👰🏾‍♀️,woman with veil: medium-dark skin tone,People & Body,person-role
man_raising_hand_dark_skin_tone,0.0,0.47712125471966244,0.0,0.0,0.0,0.0,man_raising_hand_dark_skin_tone,3,🙋🏿‍♂️,man raising hand: dark skin tone,People & Body,person-gesture
crying_face,0.27402531495590476,1.4095074583660012,1.6884553837702156,0.5217967075208246,0.13291048210436102,0.19690441793238667,crying_face,16734,😢,crying face,Smileys & Emotion,face-concerned
curly_loop,1.9564146923867687,0.7453008351949594,0.02329065109984248,0.02329065109984248,0.02329065109984248,0.0,curly_loop,591,➰,curly loop,Symbols,other-symbol
person_shrugging_light_skin_tone,0.0,1.0531890644112067,0.0,0.5265945322056034,0.0,0.0,person_shrugging_light_skin_tone,38,🤷🏻,person shrugging: light skin tone,People & Body,person-gesture
badminton,0.0,0.9542425094393249,0.0,0.0,0.0,0.0,badminton,9,🏸,badminton,Activities,sport
slightly_frowning_face,0.8897436086571391,1.152185968045216,0.8577384428781052,0.2752444256996905,0.24323925992065673,0.1280206631161351,slightly_frowning_face,3517,🙁,slightly frowning face,Smileys & Emotion,face-concerned
palms_up_together,0.19169594776765891,1.246023660489783,0.4792398694191473,0.38339189553531783,0.09584797388382946,0.0,palms_up_together,249,🤲,palms up together,People & Body,hands
koala,0.06622833688656192,0.9271967164118669,0.3973700213193715,0.6622833688656192,0.0,0.0,koala,113,🐨,koala,Animals & Nature,animal-mammal
hindu_temple,,,,,,,hindu_temple,1,🛕,hindu temple,Travel & Places,place-religious
victory_hand,0.09672337218391255,2.185948211356424,0.1934467443678251,0.48361686091956285,0.11606804662069507,0.3288594654253027,victory_hand,2539,✌️,victory hand,People & Body,hand-fingers-partial
woman_gesturing_OK_medium_skin_tone,,,,,,,woman_gesturing_OK_medium_skin_tone,33,🙆🏽‍♀️,woman gesturing OK: medium skin tone,People & Body,person-gesture
repeat_button,0.9776681942717748,0.6517787961811833,0.0,0.16294469904529582,0.0,0.0,repeat_button,62,🔁,repeat button,Symbols,av-symbol
person_in_lotus_position_light_skin_tone,,,,,,,person_in_lotus_position_light_skin_tone,3,🧘🏻,person in lotus position: light skin tone,People & Body,person-resting
construction,0.06346219973762862,0.5711597976386577,0.2538487989505145,0.3173109986881431,0.15865549934407155,0.12692439947525724,construction,31,🚧,construction,Travel & Places,transport-ground
expressionless_face,0.6306635518209301,0.6733400327712186,0.531085096270257,0.787143981971988,0.2845098730019234,0.9199152560395522,expressionless_face,6709,😑,expressionless face,Smileys & Emotion,face-neutral-skeptical
reminder_ribbon,0.0,0.5604137457918623,1.1208274915837246,0.0,0.0,0.0,reminder_ribbon,48,🎗️,reminder ribbon,Activities,event
person_gesturing_NO_dark_skin_tone,,,,,,,person_gesturing_NO_dark_skin_tone,2,🙅🏿,person gesturing NO: dark skin tone,People & Body,person-gesture
hand_with_fingers_splayed_light_skin_tone,0.0,1.15029644291137,0.14378705536392125,0.0,0.2875741107278425,0.2875741107278425,hand_with_fingers_splayed_light_skin_tone,74,🖐🏻,hand with fingers splayed: light skin tone,People & Body,hand-fingers-open
child,0.11308702622980266,0.27508867888440086,0.20149236022691028,0.24232934192100566,0.054299722911929055,0.2598309055041894,child,14,🧒,child,People & Body,person
Vatican_City,,,,,,,Vatican_City,3,🇻🇦,flag: Vatican City,Flags,country-flag
minibus,0.0,0.0,0.0,0.0,1.4313637641589874,0.0,minibus,27,🚐,minibus,Travel & Places,transport-ground
folded_hands,0.11795277506712433,2.9997535295480033,0.35921981497715144,0.4409825340577717,0.37932540163632034,0.10186830573978921,folded_hands,25067,🙏,folded hands,People & Body,hands
man_elf,,,,,,,man_elf,15,🧝‍♂️,man elf,People & Body,person-fantasy
child_light_skin_tone,,,,,,,child_light_skin_tone,1,🧒🏻,child: light skin tone,People & Body,person
bicycle,0.16208607022994226,0.8914733862646824,0.5673012458047979,0.08104303511497113,0.5673012458047979,0.08104303511497113,bicycle,224,🚲,bicycle,Travel & Places,transport-ground
e-mail,,,,,,,e-mail,49,📧,e-mail,Objects,mail
owl,0.09256291743595377,1.4347252202572833,0.09256291743595377,0.046281458717976884,0.18512583487190754,0.0,owl,71,🦉,owl,Animals & Nature,animal-bird
classical_building,0.4262512003176096,0.0,0.0,0.8525024006352192,0.0,0.0,classical_building,19,🏛️,classical building,Travel & Places,place-building
man_bouncing_ball_medium_skin_tone,,,,,,,man_bouncing_ball_medium_skin_tone,1,⛹🏽‍♂️,man bouncing ball: medium skin tone,People & Body,person-sport
merperson_medium_skin_tone,,,,,,,merperson_medium_skin_tone,1,🧜🏽,merperson: medium skin tone,People & Body,person-fantasy
man_superhero_light_skin_tone,,,,,,,man_superhero_light_skin_tone,2,🦸🏻‍♂️,man superhero: light skin tone,People & Body,person-fantasy
man_health_worker_medium-light_skin_tone,,,,,,,man_health_worker_medium-light_skin_tone,6,👨🏼‍⚕️,man health worker: medium-light skin tone,People & Body,person-role
Angola,,,,,,,Angola,3,🇦🇴,flag: Angola,Flags,country-flag
sign_of_the_horns,0.17216855114056548,1.8938540625462204,0.1408651782059172,0.5947640857583172,0.15651686467324133,0.06260674586929654,sign_of_the_horns,1049,🤘,sign of the horns,People & Body,hand-fingers-partial
running_shoe,0.0,1.7612286472861205,0.19569207192068006,0.19569207192068006,0.19569207192068006,0.0,running_shoe,223,👟,running shoe,Objects,clothing
rolling_on_the_floor_laughing,0.2522428570464092,2.2936501652359533,0.30386465104660454,0.7379570096846111,0.2146997341371762,0.620634750593258,rolling_on_the_floor_laughing,26488,🤣,rolling on the floor laughing,Smileys & Emotion,face-smiling
cockroach,0.0,0.0,0.0,0.0,0.0,0.0,cockroach,1,🪳,cockroach,Animals & Nature,animal-bug
pen,0.10075885428697288,0.969803972512114,0.3148714196467903,0.27708684928917543,0.10075885428697288,0.07556914071522966,pen,69,🖊️,pen,Objects,writing
clipboard,0.0,0.9300026188747846,0.23250065471869616,0.0,0.0,0.11625032735934808,clipboard,19,📋,clipboard,Objects,office
trolleybus,0.0,0.7426289015378911,0.0,0.0,0.0,0.37131445076894554,trolleybus,13,🚎,trolleybus,Travel & Places,transport-ground
man_biking_light_skin_tone,,,,,,,man_biking_light_skin_tone,4,🚴🏻‍♂️,man biking: light skin tone,People & Body,person-sport
man_running_medium_skin_tone,0.0,1.146128035678238,0.0,0.0,0.0,0.0,man_running_medium_skin_tone,14,🏃🏽‍♂️,man running: medium skin tone,People & Body,person-activity
woman_elf_medium_skin_tone,,,,,,,woman_elf_medium_skin_tone,1,🧝🏽‍♀️,woman elf: medium skin tone,People & Body,person-fantasy
shinto_shrine,,,,,,,shinto_shrine,11,⛩️,shinto shrine,Travel & Places,place-religious
mermaid_medium-light_skin_tone,,,,,,,mermaid_medium-light_skin_tone,5,🧜🏼‍♀️,mermaid: medium-light skin tone,People & Body,person-fantasy
pinched_fingers_light_skin_tone,,,,,,,pinched_fingers_light_skin_tone,61,🤌🏻,pinched fingers: light skin tone,People & Body,hand-fingers-partial
hot_face,0.19498307003906176,1.2186441877441359,0.17061018628417904,1.048034001459957,0.12186441877441359,0.4630847913427717,hot_face,1649,🥵,hot face,Smileys & Emotion,face-unwell
barber_pole,0.0,1.2041199826559248,0.0,0.0,0.0,0.0,barber_pole,16,💈,barber pole,Travel & Places,place-other
grinning_squinting_face,0.11515086255522872,2.381529202846776,0.3192819370849524,0.5181788814985293,0.25647237569119125,0.1988969444135769,grinning_squinting_face,6159,😆,grinning squinting face,Smileys & Emotion,face-smiling
Scotland,,,,,,,Scotland,169,🏴󠁧󠁢󠁳󠁣󠁴󠁿,flag: Scotland,Flags,subdivision-flag
money-mouth_face,,,,,,,money-mouth_face,1211,🤑,money-mouth face,Smileys & Emotion,face-tongue
Taiwan,,,,,,,Taiwan,89,🇹🇼,flag: Taiwan,Flags,country-flag
chart_increasing_with_yen,0.8202992809188492,0.4101496404594246,0.0,0.0,0.0,0.0,chart_increasing_with_yen,17,💹,chart increasing with yen,Objects,money
adhesive_bandage,0.3180808364797749,0.6361616729595498,0.0,0.0,0.0,0.0,adhesive_bandage,9,🩹,adhesive bandage,Objects,medical
family_man_man_girl_boy,0.0,0.6020599913279624,0.0,0.0,0.0,0.0,family_man_man_girl_boy,4,👨‍👨‍👧‍👦,"family: man, man, girl, boy",People & Body,family
man_in_manual_wheelchair_medium_skin_tone,,,,,,,man_in_manual_wheelchair_medium_skin_tone,1,👨🏽‍🦽,man in manual wheelchair: medium skin tone,People & Body,person-activity
american_football,0.07272288017935236,2.7452887267705517,0.01818072004483809,0.10908432026902853,0.1636264804035428,0.0,american_football,1285,🏈,american football,Activities,sport
United_Arab_Emirates,,,,,,,United_Arab_Emirates,77,🇦🇪,flag: United Arab Emirates,Flags,country-flag
service_dog,,,,,,,service_dog,17,🐕‍🦺,service dog,Animals & Nature,animal-mammal
diamond_with_a_dot,,,,,,,diamond_with_a_dot,14,💠,diamond with a dot,Symbols,geometric
deer,0.15717579285906233,1.021642653583905,0.2357636892885935,0.31435158571812466,0.26195965476510386,0.26195965476510386,deer,179,🦌,deer,Animals & Nature,animal-mammal
cityscape_at_dusk,0.0,1.2304489213782739,0.0,0.0,0.0,0.0,cityscape_at_dusk,17,🌆,cityscape at dusk,Travel & Places,place-other
face_with_open_mouth,0.13055412719040813,1.3218605378028823,0.4079816474700254,0.5222165087616325,0.6038128382556376,0.24478898848201522,face_with_open_mouth,1703,😮,face with open mouth,Smileys & Emotion,face-concerned
OK_button,,,,,,,OK_button,66,🆗,OK button,Symbols,alphanum
Algeria,,,,,,,Algeria,33,🇩🇿,flag: Algeria,Flags,country-flag
man_running,,,,,,,man_running,156,🏃‍♂️,man running,People & Body,person-activity
woman_astronaut_dark_skin_tone,0.0,0.3010299956639812,0.0,0.0,0.0,0.0,woman_astronaut_dark_skin_tone,2,👩🏿‍🚀,woman astronaut: dark skin tone,People & Body,person-role
woman_facepalming,,,,,,,woman_facepalming,1524,🤦‍♀️,woman facepalming,People & Body,person-gesture
speak-no-evil_monkey,,,,,,,speak-no-evil_monkey,934,🙊,speak-no-evil monkey,Smileys & Emotion,monkey-face
woman_superhero_medium-dark_skin_tone,,,,,,,woman_superhero_medium-dark_skin_tone,5,🦸🏾‍♀️,woman superhero: medium-dark skin tone,People & Body,person-fantasy
ant,0.1799340549453582,0.850597350650784,0.1308611308693514,0.425298675325392,0.09814584815201355,0.11450348951068245,ant,63,🐜,ant,Animals & Nature,animal-bug
man_student_light_skin_tone,,,,,,,man_student_light_skin_tone,4,👨🏻‍🎓,man student: light skin tone,People & Body,person-role
confetti_ball,0.016440912935586048,2.679868808500526,0.06576365174234419,0.1972909552270326,0.04932273880675815,0.06576365174234419,confetti_ball,1187,🎊,confetti ball,Activities,event
mermaid_medium-dark_skin_tone,,,,,,,mermaid_medium-dark_skin_tone,1,🧜🏾‍♀️,mermaid: medium-dark skin tone,People & Body,person-fantasy
hourglass_done,0.0,1.1995603663023877,0.0,0.29989009157559693,0.29989009157559693,0.0,hourglass_done,63,⌛,hourglass done,Travel & Places,time
shortcake,0.030498087188148688,2.3178546262993,0.060996174376297375,0.15249043594074344,0.12199234875259475,0.030498087188148688,shortcake,518,🍰,shortcake,Food & Drink,food-sweet
framed_picture,0.0,1.7160033436347992,0.0,0.0,0.0,0.0,framed_picture,52,🖼️,framed picture,Activities,arts & crafts
man_scientist_light_skin_tone,0.0,0.2329900014453396,0.0,0.2329900014453396,0.0,0.2329900014453396,man_scientist_light_skin_tone,5,👨🏻‍🔬,man scientist: light skin tone,People & Body,person-role
couple_with_heart,0.0,1.8573324964312685,0.0,0.0,0.0,0.0,couple_with_heart,72,💑,couple with heart,People & Body,family
bed,0.14157490244919144,0.6357514487341049,0.28849225404740897,0.23506776255714806,0.12287633042760011,0.36862899128280036,bed,62,🛏️,bed,Objects,household
woman_dark_skin_tone,,,,,,,woman_dark_skin_tone,9,👩🏿,woman: dark skin tone,People & Body,person
mermaid_medium_skin_tone,0.0,0.9030899869919435,0.0,0.0,0.0,0.0,mermaid_medium_skin_tone,8,🧜🏽‍♀️,mermaid: medium skin tone,People & Body,person-fantasy
woman_scientist_medium-light_skin_tone,,,,,,,woman_scientist_medium-light_skin_tone,3,👩🏼‍🔬,woman scientist: medium-light skin tone,People & Body,person-role
Oman,,,,,,,Oman,9,🇴🇲,flag: Oman,Flags,country-flag
rhinoceros,0.0,1.2304489213782739,0.0,0.0,0.0,0.0,rhinoceros,17,🦏,rhinoceros,Animals & Nature,animal-mammal
oncoming_fist_light_skin_tone,0.43116386583273564,0.8623277316654713,0.2395354810181865,0.5748851544436476,0.0,0.43116386583273564,oncoming_fist_light_skin_tone,346,👊🏻,oncoming fist: light skin tone,People & Body,hand-fingers-closed
woman_light_skin_tone_blond_hair,,,,,,,woman_light_skin_tone_blond_hair,15,👱🏻‍♀️,"woman: light skin tone, blond hair",People & Body,person
snow-capped_mountain,,,,,,,snow-capped_mountain,58,🏔️,snow-capped mountain,Travel & Places,place-geographic
old_woman,0.2651774345044165,1.3258871725220827,0.0,0.0,0.0,0.0,old_woman,39,👵,old woman,People & Body,person
clapping_hands_medium_skin_tone,0.06063036873287542,2.0344857063698196,0.026946830547944632,0.7275644247945051,0.3098885513013633,0.4042024582191695,clapping_hands_medium_skin_tone,3662,👏🏽,clapping hands: medium skin tone,People & Body,hands
Zimbabwe,,,,,,,Zimbabwe,17,🇿🇼,flag: Zimbabwe,Flags,country-flag
woman_in_motorized_wheelchair,,,,,,,woman_in_motorized_wheelchair,1,👩‍🦼,woman in motorized wheelchair,People & Body,person-activity
woman_farmer,,,,,,,woman_farmer,6,👩‍🌾,woman farmer,People & Body,person-role
garlic,0.004150774726817862,0.8603963040875312,0.011266388544219913,0.016010131089154615,0.005929678181168375,0.005336710363051537,garlic,8,🧄,garlic,Food & Drink,food-vegetable
pineapple,0.216209419548879,1.847607767054057,0.17689861599453738,0.35379723198907476,0.11793241066302491,0.13758781244019574,pineapple,708,🍍,pineapple,Food & Drink,food-fruit
deaf_woman_medium_skin_tone,,,,,,,deaf_woman_medium_skin_tone,2,🧏🏽‍♀️,deaf woman: medium skin tone,People & Body,person-gesture
plunger,0.0,0.0,0.0,0.0,0.0,0.0,plunger,1,🪠,plunger,Objects,household
last_quarter_moon_face,0.0,1.8750612633917,0.0,0.0,0.0,0.0,last_quarter_moon_face,75,🌜,last quarter moon face,Travel & Places,sky & weather
canoe,0.0,0.215836249209525,0.215836249209525,0.0,0.215836249209525,0.43167249841905,canoe,12,🛶,canoe,Travel & Places,transport-water
woman_getting_haircut,1.0,0.0,0.0,0.0,0.0,0.0,woman_getting_haircut,10,💇‍♀️,woman getting haircut,People & Body,person-activity
middle_finger_medium-dark_skin_tone,,,,,,,middle_finger_medium-dark_skin_tone,938,🖕🏾,middle finger: medium-dark skin tone,People & Body,hand-single-finger
FREE_button,,,,,,,FREE_button,145,🆓,FREE button,Symbols,alphanum
Bahamas,,,,,,,Bahamas,7,🇧🇸,flag: Bahamas,Flags,country-flag
man_construction_worker,,,,,,,man_construction_worker,7,👷‍♂️,man construction worker,People & Body,person-role
red_square,,,,,,,red_square,44,🟥,red square,Symbols,geometric
man_factory_worker_medium-light_skin_tone,,,,,,,man_factory_worker_medium-light_skin_tone,1,👨🏼‍🏭,man factory worker: medium-light skin tone,People & Body,person-role
man_gesturing_NO_medium_skin_tone,,,,,,,man_gesturing_NO_medium_skin_tone,80,🙅🏽‍♂️,man gesturing NO: medium skin tone,People & Body,person-gesture
lollipop,0.0,2.215205825484147,0.11360029874277676,0.05680014937138838,0.0,0.0,lollipop,243,🍭,lollipop,Food & Drink,food-sweet
older_person,,,,,,,older_person,8,🧓,older person,People & Body,person
man_gesturing_NO_light_skin_tone,,,,,,,man_gesturing_NO_light_skin_tone,47,🙅🏻‍♂️,man gesturing NO: light skin tone,People & Body,person-gesture
nail_polish_medium_skin_tone,0.0,0.0,0.0,0.48612066803754217,0.0,1.4583620041126264,nail_polish_medium_skin_tone,88,💅🏽,nail polish: medium skin tone,People & Body,hand-prop
person_tipping_hand_medium-dark_skin_tone,,,,,,,person_tipping_hand_medium-dark_skin_tone,23,💁🏾,person tipping hand: medium-dark skin tone,People & Body,person-gesture
musical_score,0.05430203886100743,2.2263835933013043,0.0,0.13575509715251857,0.10860407772201486,0.0,musical_score,335,🎼,musical score,Objects,music
locked_with_key,0.32570708490655415,0.6514141698131083,0.6514141698131083,0.0,0.0,0.32570708490655415,locked_with_key,90,🔐,locked with key,Objects,lock
backhand_index_pointing_down,0.0343612812343328,0.19178389526139236,0.036758579925100204,0.07271806028661128,4.331119634653111,0.030365783416387127,backhand_index_pointing_down,49786,👇,backhand index pointing down,People & Body,hand-single-finger
men_with_bunny_ears,,,,,,,men_with_bunny_ears,27,👯‍♂️,men with bunny ears,People & Body,person-activity
man_artist_medium_skin_tone,,,,,,,man_artist_medium_skin_tone,1,👨🏽‍🎨,man artist: medium skin tone,People & Body,person-role
merperson,,,,,,,merperson,2,🧜,merperson,People & Body,person-fantasy
man_pouting_dark_skin_tone,,,,,,,man_pouting_dark_skin_tone,1,🙎🏿‍♂️,man pouting: dark skin tone,People & Body,person-gesture
world_map,0.0,1.0206963425791125,0.2551740856447781,0.5103481712895562,0.2551740856447781,0.0,world_map,110,🗺️,world map,Travel & Places,place-map
person_taking_bath_medium_skin_tone,,,,,,,person_taking_bath_medium_skin_tone,2,🛀🏽,person taking bath: medium skin tone,People & Body,person-resting
woman_mage_dark_skin_tone,,,,,,,woman_mage_dark_skin_tone,1,🧙🏿‍♀️,woman mage: dark skin tone,People & Body,person-fantasy
astronaut,0.0,0.2580257105691267,0.08600857018970891,0.17201714037941782,0.043004285094854454,0.043004285094854454,astronaut,4,🧑‍🚀,astronaut,People & Body,person-role
turtle,0.2018003272391526,1.345335514927684,0.35875613731404904,0.24664484440340873,0.22422258582128066,0.04484451716425613,turtle,264,🐢,turtle,Animals & Nature,animal-reptile
sunrise_over_mountains,0.0,1.8129133566428555,0.0,0.0,0.0,0.0,sunrise_over_mountains,65,🌄,sunrise over mountains,Travel & Places,place-other
woman_student_dark_skin_tone,,,,,,,woman_student_dark_skin_tone,2,👩🏿‍🎓,woman student: dark skin tone,People & Body,person-role
motor_scooter,0.0,1.2304489213782739,0.0,0.0,0.0,0.0,motor_scooter,17,🛵,motor scooter,Travel & Places,transport-ground
woman_and_man_holding_hands_light_skin_tone_medium-dark_skin_tone,,,,,,,woman_and_man_holding_hands_light_skin_tone_medium-dark_skin_tone,1,👩🏻‍🤝‍👨🏾,"woman and man holding hands: light skin tone, medium-dark skin tone",People & Body,family
speech_balloon,0.3125029601194947,1.5625148005974736,0.0,0.0,0.3125029601194947,0.0,speech_balloon,154,💬,speech balloon,Smileys & Emotion,emotion
ninja_medium_skin_tone,,,,,,,ninja_medium_skin_tone,8,🥷🏽,ninja: medium skin tone,People & Body,person-role
yen_banknote,1.0580567961377623,0.0,0.3526855987125875,0.0,0.0,0.3526855987125875,yen_banknote,58,💴,yen banknote,Objects,money
wrench,0.1084300265762611,2.240887215909396,0.036143342192087036,0.0,0.036143342192087036,0.0,wrench,264,🔧,wrench,Objects,tool
3rd_place_medal,0.0,0.0,0.0,1.1139433523068367,0.0,0.0,3rd_place_medal,13,🥉,3rd place medal,Activities,award-medal
person_gesturing_OK_medium-dark_skin_tone,,,,,,,person_gesturing_OK_medium-dark_skin_tone,13,🙆🏾,person gesturing OK: medium-dark skin tone,People & Body,person-gesture
Libya,,,,,,,Libya,9,🇱🇾,flag: Libya,Flags,country-flag
pirate_flag,,,,,,,pirate_flag,58,🏴‍☠️,pirate flag,Flags,flag
drop_of_blood,0.0,0.3959607562696403,0.5939411344044604,0.5939411344044604,0.0,0.2969705672022302,drop_of_blood,76,🩸,drop of blood,Objects,medical
boar,0.0,0.4013733275519749,0.5351644367359666,0.13379110918399165,0.0,0.13379110918399165,boar,16,🐗,boar,Animals & Nature,animal-mammal
boy_light_skin_tone,0.0,0.8588182584953924,0.0,0.572545505663595,0.0,0.0,boy_light_skin_tone,27,👦🏻,boy: light skin tone,People & Body,person
boy_dark_skin_tone,,,,,,,boy_dark_skin_tone,6,👦🏿,boy: dark skin tone,People & Body,person
person_raising_hand_light_skin_tone,0.0,1.8573324964312685,0.0,0.0,0.0,0.0,person_raising_hand_light_skin_tone,72,🙋🏻,person raising hand: light skin tone,People & Body,person-gesture
Japanese_congratulations_button,,,,,,,Japanese_congratulations_button,1,㊗️,Japanese “congratulations” button,Symbols,alphanum
family_man_man_girl_girl,0.28169934667141894,0.5633986933428379,0.0,0.0,0.0,0.0,family_man_man_girl_girl,7,👨‍👨‍👧‍👧,"family: man, man, girl, girl",People & Body,family
man_walking_medium-light_skin_tone,,,,,,,man_walking_medium-light_skin_tone,3,🚶🏼‍♂️,man walking: medium-light skin tone,People & Body,person-activity
lungs,0.0,0.0,0.0,0.0,0.0,0.0,lungs,1,🫁,lungs,People & Body,body-parts
wine_glass,0.07833613425621007,2.7104302452648685,0.06266890740496806,0.06266890740496806,0.04700168055372604,0.10967058795869408,wine_glass,1177,🍷,wine glass,Food & Drink,drink
Czechia,,,,,,,Czechia,21,🇨🇿,flag: Czechia,Flags,country-flag
man_superhero,,,,,,,man_superhero,45,🦸‍♂️,man superhero,People & Body,person-fantasy
folded_hands_medium_skin_tone,0.1537495675589935,2.1282176983165946,0.29131497011177715,0.6635507652546035,0.2751308051055673,0.2346703925900427,folded_hands_medium_skin_tone,5580,🙏🏽,folded hands: medium skin tone,People & Body,hands
man_tipping_hand_medium-light_skin_tone,,,,,,,man_tipping_hand_medium-light_skin_tone,48,💁🏼‍♂️,man tipping hand: medium-light skin tone,People & Body,person-gesture
woman_factory_worker_medium-light_skin_tone,,,,,,,woman_factory_worker_medium-light_skin_tone,1,👩🏼‍🏭,woman factory worker: medium-light skin tone,People & Body,person-role
musical_note,0.2891021391694833,3.127559505560774,0.18397408856239844,0.2628201265177121,0.13141006325885604,0.02628201265177121,musical_note,10499,🎵,musical note,Objects,music
person_getting_massage,0.0,0.8661968799114843,0.43309843995574215,0.0,0.0,0.43309843995574215,person_getting_massage,54,💆,person getting massage,People & Body,person-activity
victory_hand_medium-light_skin_tone,,,,,,,victory_hand_medium-light_skin_tone,616,✌🏼,victory hand: medium-light skin tone,People & Body,hand-fingers-partial
man_fairy_medium-dark_skin_tone,,,,,,,man_fairy_medium-dark_skin_tone,2,🧚🏾‍♂️,man fairy: medium-dark skin tone,People & Body,person-fantasy
eleven-thirty,,,,,,,eleven-thirty,5,🕦,eleven-thirty,Travel & Places,time
sailboat,0.0,1.4792360228514003,0.13447600207740004,0.0,0.0,0.13447600207740004,sailboat,56,⛵,sailboat,Travel & Places,transport-water
camping,0.02266438716235653,1.3145344554166787,0.09065754864942611,0.06799316148706959,0.0,0.02266438716235653,camping,33,🏕️,camping,Travel & Places,place-geographic
guard_light_skin_tone,0.0,0.6020599913279624,0.0,0.0,0.0,0.0,guard_light_skin_tone,4,💂🏻,guard: light skin tone,People & Body,person-role
family_man_boy_boy,,,,,,,family_man_boy_boy,4,👨‍👦‍👦,"family: man, boy, boy",People & Body,family
snail,0.09021090020413224,1.5110325784192151,0.13531635030619835,0.3157381507144629,0.09021090020413224,0.11276362525516531,snail,180,🐌,snail,Animals & Nature,animal-bug
man_pouting_medium-light_skin_tone,,,,,,,man_pouting_medium-light_skin_tone,1,🙎🏼‍♂️,man pouting: medium-light skin tone,People & Body,person-gesture
fearful_face,0.20924420897959234,0.5326216228571442,0.627732626938777,0.8179546351020428,0.28533301224489865,0.45653281959183784,fearful_face,850,😨,fearful face,Smileys & Emotion,face-concerned
person_raising_hand_medium-light_skin_tone,,,,,,,person_raising_hand_medium-light_skin_tone,72,🙋🏼,person raising hand: medium-light skin tone,People & Body,person-gesture
woman_bowing_medium_skin_tone,0.0,0.0,1.0889789703863908,0.0,0.5444894851931954,0.0,woman_bowing_medium_skin_tone,43,🙇🏽‍♀️,woman bowing: medium skin tone,People & Body,person-gesture
middle_finger_light_skin_tone,0.8157982886580768,0.1867490058373911,0.11794674052887859,0.776482708481784,0.03931558017629286,1.277756355729518,middle_finger_light_skin_tone,1637,🖕🏻,middle finger: light skin tone,People & Body,hand-single-finger
crystal_ball,0.06076491936181153,1.6406528227689112,0.0,0.5468842742563037,0.18229475808543458,0.06076491936181153,crystal_ball,310,🔮,crystal ball,Activities,game
END_arrow,,,,,,,END_arrow,33,🔚,END arrow,Symbols,arrow
moon_cake,0.0,1.1139433523068367,0.0,0.0,0.0,0.0,moon_cake,13,🥮,moon cake,Food & Drink,food-asian
man_climbing_light_skin_tone,,,,,,,man_climbing_light_skin_tone,1,🧗🏻‍♂️,man climbing: light skin tone,People & Body,person-activity
monkey_face,0.0,1.0843583378802522,0.27108958447006304,0.5421791689401261,0.0,0.0,monkey_face,79,🐵,monkey face,Animals & Nature,animal-mammal
old_man_light_skin_tone,0.0,1.0791812460476249,0.0,0.0,0.0,0.0,old_man_light_skin_tone,12,👴🏻,old man: light skin tone,People & Body,person
bar_chart,0.0,1.688241560000006,0.0,0.0,0.24117736571428658,0.0,bar_chart,85,📊,bar chart,Objects,office
fish_cake_with_swirl,0.0,1.4913616938342726,0.0,0.0,0.0,0.0,fish_cake_with_swirl,31,🍥,fish cake with swirl,Food & Drink,food-asian
film_projector,0.0,1.5818927378120193,0.10545951585413463,0.31637854756240386,0.5272975792706731,0.10545951585413463,film_projector,433,📽️,film projector,Objects,light & video
woman_kneeling_medium_skin_tone,,,,,,,woman_kneeling_medium_skin_tone,25,🧎🏽‍♀️,woman kneeling: medium skin tone,People & Body,person-activity
telephone,0.16664931469203184,1.0594135005422023,0.46423737664208864,0.3690091968180705,0.42852680920808184,0.20235988212603867,telephone,490,☎️,telephone,Objects,phone
man_light_skin_tone_white_hair,,,,,,,man_light_skin_tone_white_hair,4,👨🏻‍🦳,"man: light skin tone, white hair",People & Body,person
satellite_antenna,0.0,1.4213486557898,0.28426973115796,0.28426973115796,0.28426973115796,0.0,satellite_antenna,188,📡,satellite antenna,Objects,science
man_pouting_medium_skin_tone,0.6989700043360189,0.0,0.0,0.0,0.0,0.0,man_pouting_medium_skin_tone,5,🙎🏽‍♂️,man pouting: medium skin tone,People & Body,person-gesture
Clipperton_Island,,,,,,,Clipperton_Island,45,🇨🇵,flag: Clipperton Island,Flags,country-flag
clapping_hands_light_skin_tone,0.1382840825578807,2.4989909205102725,0.23047347092980117,0.3918049005806619,0.3555876408631217,0.18108629858770092,clapping_hands_light_skin_tone,6255,👏🏻,clapping hands: light skin tone,People & Body,hands
mango,0.12567169473178022,1.2692841167909803,0.18850754209767032,0.2639105589367385,0.12567169473178022,0.15080603367813628,mango,133,🥭,mango,Food & Drink,food-fruit
love-you_gesture_medium-light_skin_tone,,,,,,,love-you_gesture_medium-light_skin_tone,113,🤟🏼,love-you gesture: medium-light skin tone,People & Body,hand-fingers-partial
woman_in_lotus_position,,,,,,,woman_in_lotus_position,26,🧘‍♀️,woman in lotus position,People & Body,person-resting
man_astronaut_medium-light_skin_tone,,,,,,,man_astronaut_medium-light_skin_tone,1,👨🏼‍🚀,man astronaut: medium-light skin tone,People & Body,person-role
backhand_index_pointing_down_dark_skin_tone,0.0,0.0,0.0,1.806179973983887,0.0,0.0,backhand_index_pointing_down_dark_skin_tone,64,👇🏿,backhand index pointing down: dark skin tone,People & Body,hand-single-finger
person_tipping_hand_dark_skin_tone,,,,,,,person_tipping_hand_dark_skin_tone,5,💁🏿,person tipping hand: dark skin tone,People & Body,person-gesture
woman_elf_medium-dark_skin_tone,,,,,,,woman_elf_medium-dark_skin_tone,1,🧝🏾‍♀️,woman elf: medium-dark skin tone,People & Body,person-fantasy
woman_and_man_holding_hands,0.0,2.0791812460476247,0.0,0.0,0.0,0.0,woman_and_man_holding_hands,120,👫,woman and man holding hands,People & Body,family
people_hugging,,,,,,,people_hugging,30,🫂,people hugging,People & Body,person-symbol
spider,0.23203866080840102,0.8768384009394384,0.1896469823914816,0.6626488678855298,0.11601933040420051,0.5377049736040831,spider,412,🕷️,spider,Animals & Nature,animal-bug
horse_racing,,,,,,,horse_racing,29,🏇,horse racing,People & Body,person-sport
rabbit_face,0.14913616938342728,2.26189856898198,0.07456808469171364,0.2485602823057121,0.2485602823057121,0.0,rabbit_face,961,🐰,rabbit face,Animals & Nature,animal-mammal
man_biking,,,,,,,man_biking,10,🚴‍♂️,man biking,People & Body,person-sport
person_running_medium-dark_skin_tone,,,,,,,person_running_medium-dark_skin_tone,12,🏃🏾,person running: medium-dark skin tone,People & Body,person-activity
flying_disc,,,,,,,flying_disc,2,🥏,flying disc,Activities,sport
detective_medium_skin_tone,,,,,,,detective_medium_skin_tone,7,🕵🏽,detective: medium skin tone,People & Body,person-role
paperclip,0.19444826721501687,0.7777930688600675,0.19444826721501687,0.19444826721501687,0.38889653443003375,0.19444826721501687,paperclip,88,📎,paperclip,Objects,office
musical_notes,0.2019853396356328,3.676133181368517,0.08887354943967844,0.18582651246478218,0.129270617366805,0.0646353086834025,musical_notes,22219,🎶,musical notes,Objects,music
person_kneeling_medium_skin_tone,,,,,,,person_kneeling_medium_skin_tone,5,🧎🏽,person kneeling: medium skin tone,People & Body,person-activity
Virgo,,,,,,,Virgo,10,♍,Virgo,Symbols,zodiac
person_with_white_cane_light_skin_tone,,,,,,,person_with_white_cane_light_skin_tone,2,🧑🏻‍🦯,person with white cane: light skin tone,People & Body,person-activity
man_judge_medium-light_skin_tone,,,,,,,man_judge_medium-light_skin_tone,1,👨🏼‍⚖️,man judge: medium-light skin tone,People & Body,person-role
Christmas_tree,,,,,,,Christmas_tree,5592,🎄,Christmas tree,Activities,event
top_hat,0.08728895939299679,1.3966233502879486,0.43644479696498395,0.17457791878599357,0.0,0.17457791878599357,top_hat,186,🎩,top hat,Objects,clothing
watermelon,0.07853977522984629,1.2566364036775406,0.2356193256895389,0.27488921330446203,0.039269887614923144,0.2356193256895389,watermelon,132,🍉,watermelon,Food & Drink,food-fruit
factory_worker,,,,,,,factory_worker,1,🧑‍🏭,factory worker,People & Body,person-role
person_gesturing_NO,,,,,,,person_gesturing_NO,127,🙅,person gesturing NO,People & Body,person-gesture
woman_tipping_hand_light_skin_tone,0.0,1.824941202350497,0.26070588605007095,0.26070588605007095,0.0,0.0,woman_tipping_hand_light_skin_tone,222,💁🏻‍♀️,woman tipping hand: light skin tone,People & Body,person-gesture
woman_supervillain_medium-light_skin_tone,,,,,,,woman_supervillain_medium-light_skin_tone,2,🦹🏼‍♀️,woman supervillain: medium-light skin tone,People & Body,person-fantasy
sign_of_the_horns_medium_skin_tone,0.12289409483669962,1.8434114225504943,0.0,0.20482349139449935,0.04096469827889987,0.24578818967339924,sign_of_the_horns_medium_skin_tone,287,🤘🏽,sign of the horns: medium skin tone,People & Body,hand-fingers-partial
merperson_light_skin_tone,,,,,,,merperson_light_skin_tone,2,🧜🏻,merperson: light skin tone,People & Body,person-fantasy
input_numbers,,,,,,,input_numbers,6,🔢,input numbers,Symbols,alphanum
building_construction,0.0,1.2787536009528289,0.0,0.0,0.0,0.0,building_construction,19,🏗️,building construction,Travel & Places,place-building
cloud,0.33062701365806985,0.8988921933828774,0.21697397771310833,0.4132837670725873,0.2892986369508111,0.29963073112762584,cloud,281,☁️,cloud,Travel & Places,sky & weather
woman_technologist_light_skin_tone,0.0,1.380211241711606,0.0,0.0,0.0,0.0,woman_technologist_light_skin_tone,24,👩🏻‍💻,woman technologist: light skin tone,People & Body,person-role
cocktail_glass,0.0,2.2627026882884005,0.05142506109746365,0.1028501221949273,0.05142506109746365,0.05142506109746365,cocktail_glass,331,🍸,cocktail glass,Food & Drink,drink
melon,0.08135895035286098,0.7322305531757488,0.16271790070572195,0.08135895035286098,0.24407685105858296,0.04067947517643049,melon,22,🍈,melon,Food & Drink,food-fruit
person_gesturing_OK_light_skin_tone,,,,,,,person_gesturing_OK_light_skin_tone,16,🙆🏻,person gesturing OK: light skin tone,People & Body,person-gesture
woman_swimming_medium-light_skin_tone,,,,,,,woman_swimming_medium-light_skin_tone,4,🏊🏼‍♀️,woman swimming: medium-light skin tone,People & Body,person-sport
people_holding_hands,0.0,0.6020599913279624,0.0,0.0,0.0,0.0,people_holding_hands,4,🧑‍🤝‍🧑,people holding hands,People & Body,family
man_vampire,,,,,,,man_vampire,36,🧛‍♂️,man vampire,People & Body,person-fantasy
volleyball,0.09608637973997566,1.153036556879708,0.09608637973997566,0.0,0.288259139219927,0.0,volleyball,43,🏐,volleyball,Activities,sport
person_medium-light_skin_tone_bald,,,,,,,person_medium-light_skin_tone_bald,1,🧑🏼‍🦲,"person: medium-light skin tone, bald",People & Body,person
baby_light_skin_tone,0.0,1.5919992826553728,0.0,0.0,0.26533321377589547,0.0,baby_light_skin_tone,72,👶🏻,baby: light skin tone,People & Body,person
satellite,0.06806118564914942,0.4083671138948966,0.2041835569474483,0.4083671138948966,0.13612237129829885,0.4083671138948966,satellite,43,🛰️,satellite,Travel & Places,transport-air
man_zombie,,,,,,,man_zombie,245,🧟‍♂️,man zombie,People & Body,person-fantasy
Japanese_castle,,,,,,,Japanese_castle,7,🏯,Japanese castle,Travel & Places,place-building
man_technologist_medium-light_skin_tone,,,,,,,man_technologist_medium-light_skin_tone,10,👨🏼‍💻,man technologist: medium-light skin tone,People & Body,person-role
ear_medium-light_skin_tone,,,,,,,ear_medium-light_skin_tone,18,👂🏼,ear: medium-light skin tone,People & Body,body-parts
no_entry,0.0,0.15850956195564714,0.07925478097782357,1.8228599624899422,0.07925478097782357,0.0,no_entry,138,⛔,no entry,Symbols,warning
crossed_fingers_medium-dark_skin_tone,,,,,,,crossed_fingers_medium-dark_skin_tone,534,🤞🏾,crossed fingers: medium-dark skin tone,People & Body,hand-fingers-partial
woman_medium-dark_skin_tone_curly_hair,,,,,,,woman_medium-dark_skin_tone_curly_hair,5,👩🏾‍🦱,"woman: medium-dark skin tone, curly hair",People & Body,person
rugby_football,0.0,1.984607726715136,0.0,0.0,0.2918540774581082,0.0,rugby_football,189,🏉,rugby football,Activities,sport
crescent_moon,0.17261973935415734,1.8988171328957308,0.0,0.2876995655902622,0.1150798262361049,0.0,crescent_moon,298,🌙,crescent moon,Travel & Places,sky & weather
factory_worker_medium-light_skin_tone,,,,,,,factory_worker_medium-light_skin_tone,1,🧑🏼‍🏭,factory worker: medium-light skin tone,People & Body,person-role
airplane_arrival,0.35839641260438565,0.5375946189065784,0.0,0.5375946189065784,0.17919820630219283,0.0,airplane_arrival,41,🛬,airplane arrival,Travel & Places,transport-air
hammer,0.09870989104305582,0.3158716513377786,0.19741978208611163,1.0068408886391693,0.05922593462583349,0.35535560775500097,hammer,108,🔨,hammer,Objects,tool
woman_student_light_skin_tone,0.0,1.3424226808222062,0.0,0.0,0.0,0.0,woman_student_light_skin_tone,22,👩🏻‍🎓,woman student: light skin tone,People & Body,person-role
call_me_hand_light_skin_tone,0.10268381895728665,1.0268381895728664,0.2053676379145733,0.7187867327010067,0.2053676379145733,0.10268381895728665,call_me_hand_light_skin_tone,230,🤙🏻,call me hand: light skin tone,People & Body,hand-fingers-partial
woman_in_lotus_position_light_skin_tone,,,,,,,woman_in_lotus_position_light_skin_tone,14,🧘🏻‍♀️,woman in lotus position: light skin tone,People & Body,person-resting
ear_of_corn,0.2363059025602256,0.7089177076806769,0.0,0.4726118051204512,0.2363059025602256,0.35445885384033843,ear_of_corn,102,🌽,ear of corn,Food & Drink,food-vegetable
large_orange_diamond,0.0,0.0,0.0,1.0791812460476249,0.0,0.0,large_orange_diamond,12,🔶,large orange diamond,Symbols,geometric
folded_hands_medium-dark_skin_tone,,,,,,,folded_hands_medium-dark_skin_tone,4564,🙏🏾,folded hands: medium-dark skin tone,People & Body,hands
one-thirty,,,,,,,one-thirty,4,🕜,one-thirty,Travel & Places,time
whale,0.0,0.8334873383369025,0.3922293356879541,0.09805733392198852,0.2451433348049713,0.1470860008829828,whale,52,🐋,whale,Animals & Nature,animal-marine
man_detective_medium_skin_tone,,,,,,,man_detective_medium_skin_tone,5,🕵🏽‍♂️,man detective: medium skin tone,People & Body,person-role
Costa_Rica,,,,,,,Costa_Rica,17,🇨🇷,flag: Costa Rica,Flags,country-flag
Hong_Kong_SAR_China,,,,,,,Hong_Kong_SAR_China,70,🇭🇰,flag: Hong Kong SAR China,Flags,country-flag
ear_medium-dark_skin_tone,,,,,,,ear_medium-dark_skin_tone,14,👂🏾,ear: medium-dark skin tone,People & Body,body-parts
softball,0.06500754153955822,0.5850678738560239,0.06500754153955822,0.0,0.13001508307911644,0.0,softball,7,🥎,softball,Activities,sport
man_surfing_medium_skin_tone,0.0,0.6020599913279624,0.0,0.0,0.0,0.0,man_surfing_medium_skin_tone,4,🏄🏽‍♂️,man surfing: medium skin tone,People & Body,person-sport
man_elf_light_skin_tone,0.0,0.3010299956639812,0.0,0.0,0.0,0.0,man_elf_light_skin_tone,2,🧝🏻‍♂️,man elf: light skin tone,People & Body,person-fantasy
Peru,,,,,,,Peru,145,🇵🇪,flag: Peru,Flags,country-flag
person_gesturing_OK_medium_skin_tone,,,,,,,person_gesturing_OK_medium_skin_tone,17,🙆🏽,person gesturing OK: medium skin tone,People & Body,person-gesture
beer_mug,0.0,1.3513106447915937,0.2001941695987546,0.2001941695987546,0.35033979679782057,0.4003883391975092,beer_mug,318,🍺,beer mug,Food & Drink,drink
thumbs_up_medium-light_skin_tone,,,,,,,thumbs_up_medium-light_skin_tone,3179,👍🏼,thumbs up: medium-light skin tone,People & Body,hand-fingers-closed
man_medium-dark_skin_tone_curly_hair,,,,,,,man_medium-dark_skin_tone_curly_hair,1,👨🏾‍🦱,"man: medium-dark skin tone, curly hair",People & Body,person
Japanese_not_free_of_charge_button,,,,,,,Japanese_not_free_of_charge_button,1,🈶,Japanese “not free of charge” button,Symbols,alphanum
baby_angel_medium-dark_skin_tone,,,,,,,baby_angel_medium-dark_skin_tone,15,👼🏾,baby angel: medium-dark skin tone,People & Body,person-fantasy
astonished_face,0.14200020414420375,1.381274713039073,0.2840004082884075,0.5163643787061954,0.6583645828503992,0.2710912988207526,astonished_face,1791,😲,astonished face,Smileys & Emotion,face-concerned
nail_polish_light_skin_tone,0.0,1.2710698859210154,0.0,0.18158141227443075,0.3631628245488615,0.3631628245488615,nail_polish_light_skin_tone,151,💅🏻,nail polish: light skin tone,People & Body,hand-prop
fondue,0.0,0.3612359947967774,0.0,0.0,0.0,0.24082399653118497,fondue,4,🫕,fondue,Food & Drink,food-prepared
rainbow,0.12480309611446588,2.490389054284115,0.17018604015608985,0.2382604562185258,0.15884030414568384,0.12480309611446588,rainbow,2029,🌈,rainbow,Travel & Places,sky & weather
man_mechanic_medium-light_skin_tone,,,,,,,man_mechanic_medium-light_skin_tone,15,👨🏼‍🔧,man mechanic: medium-light skin tone,People & Body,person-role
Panama,,,,,,,Panama,9,🇵🇦,flag: Panama,Flags,country-flag
blue_heart,0.055837384056999013,3.7767786160775727,0.11787892189810903,0.10857269122194253,0.11632788345208128,0.054286345610971266,blue_heart,16970,💙,blue heart,Smileys & Emotion,emotion
person_in_lotus_position_medium-dark_skin_tone,,,,,,,person_in_lotus_position_medium-dark_skin_tone,1,🧘🏾,person in lotus position: medium-dark skin tone,People & Body,person-resting
closed_umbrella,0.0,0.8217263382430937,0.27390877941436453,0.5478175588287291,0.0,0.0,closed_umbrella,44,🌂,closed umbrella,Travel & Places,sky & weather
ledger,0.4336766652213271,0.3252574989159953,0.0,0.0,0.4336766652213271,0.10841916630533177,ledger,20,📒,ledger,Objects,book-paper
clapping_hands_medium-light_skin_tone,,,,,,,clapping_hands_medium-light_skin_tone,4796,👏🏼,clapping hands: medium-light skin tone,People & Body,hands
baby_angel_medium-light_skin_tone,,,,,,,baby_angel_medium-light_skin_tone,36,👼🏼,baby angel: medium-light skin tone,People & Body,person-fantasy
man_light_skin_tone_blond_hair,,,,,,,man_light_skin_tone_blond_hair,4,👱🏻‍♂️,"man: light skin tone, blond hair",People & Body,person
memo,0.008746948102594425,0.055397337983098024,0.02624084430778327,0.02624084430778327,2.9622997574119787,0.020409545572720324,memo,1257,📝,memo,Objects,writing
axe,0.12169275046598313,0.43268533499016226,0.14873558390286828,0.3245140012426217,0.04056425015532771,0.16225700062131085,axe,17,🪓,axe,Objects,tool
OK_hand_light_skin_tone,,,,,,,OK_hand_light_skin_tone,2405,👌🏻,OK hand: light skin tone,People & Body,hand-fingers-partial
soap,0.17925452286602583,0.4680534763724008,0.22904744588436632,0.25892319969537064,0.09958584603668101,0.388384799543056,soap,42,🧼,soap,Objects,household
middle_finger_dark_skin_tone,0.2933205939268937,0.11732823757075748,0.05866411878537874,0.11732823757075748,0.05866411878537874,1.8185876823467413,middle_finger_dark_skin_tone,291,🖕🏿,middle finger: dark skin tone,People & Body,hand-single-finger
rolled-up_newspaper,,,,,,,rolled-up_newspaper,17,🗞️,rolled-up newspaper,Objects,book-paper
child_medium_skin_tone,,,,,,,child_medium_skin_tone,2,🧒🏽,child: medium skin tone,People & Body,person
winking_face_with_tongue,0.1188694148629039,2.7458834833330794,0.17236065155121064,0.27339965418467893,0.24962577121209817,0.0950955318903231,winking_face_with_tongue,4521,😜,winking face with tongue,Smileys & Emotion,face-tongue
anxious_face_with_sweat,0.29199282584622815,0.8627060763638558,0.8228888728393701,0.91579568106317,0.23890322114691392,0.0796344070489713,anxious_face_with_sweat,1629,😰,anxious face with sweat,Smileys & Emotion,face-concerned
pretzel,0.100097982387255,1.0677118121307199,0.0,0.233561958903595,0.06673198825816999,0.100097982387255,pretzel,37,🥨,pretzel,Food & Drink,food-prepared
optical_disk,0.0,1.4583620041126264,0.0,0.3645905010281566,0.12153016700938554,0.0,optical_disk,88,💿,optical disk,Objects,computer
Zambia,,,,,,,Zambia,12,🇿🇲,flag: Zambia,Flags,country-flag
white_cane,,,,,,,white_cane,2,🦯,white cane,Objects,tool
waffle,0.01860657320771767,0.5581971962315302,0.03721314641543534,0.22327887849261205,0.09303286603858836,0.14885258566174137,waffle,12,🧇,waffle,Food & Drink,food-prepared
thumbs_down_light_skin_tone,0.17838955750455138,0.5763354934762429,0.686113682709813,1.1115041659898972,0.10977818923357008,0.6449468617472242,thumbs_down_light_skin_tone,2028,👎🏻,thumbs down: light skin tone,People & Body,hand-fingers-closed
face_with_head-bandage,,,,,,,face_with_head-bandage,467,🤕,face with head-bandage,Smileys & Emotion,face-unwell
love-you_gesture_medium_skin_tone,,,,,,,love-you_gesture_medium_skin_tone,90,🤟🏽,love-you gesture: medium skin tone,People & Body,hand-fingers-partial
raised_fist_dark_skin_tone,0.1606622082220863,1.606622082220863,0.0,0.48198662466625897,0.0,0.1606622082220863,raised_fist_dark_skin_tone,257,✊🏿,raised fist: dark skin tone,People & Body,hand-fingers-closed
frowning_face_with_open_mouth,0.15116587467520773,1.0581611227264542,0.40310899913388726,0.7054407484843027,0.25194312445867956,0.15116587467520773,frowning_face_with_open_mouth,526,😦,frowning face with open mouth,Smileys & Emotion,face-concerned
woman_lifting_weights_medium_skin_tone,,,,,,,woman_lifting_weights_medium_skin_tone,3,🏋🏽‍♀️,woman lifting weights: medium skin tone,People & Body,person-sport
man_shrugging_medium-light_skin_tone,,,,,,,man_shrugging_medium-light_skin_tone,727,🤷🏼‍♂️,man shrugging: medium-light skin tone,People & Body,person-gesture
backhand_index_pointing_right_dark_skin_tone,,,,,,,backhand_index_pointing_right_dark_skin_tone,147,👉🏿,backhand index pointing right: dark skin tone,People & Body,hand-single-finger
person_in_suit_levitating,,,,,,,person_in_suit_levitating,46,🕴️,person in suit levitating,People & Body,person-activity
kite,0.043004285094854454,0.043004285094854454,0.08600857018970891,0.043004285094854454,0.043004285094854454,0.043004285094854454,kite,2,🪁,kite,Activities,game
merman_light_skin_tone,0.0,0.0,0.0,0.0,0.0,0.0,merman_light_skin_tone,1,🧜🏻‍♂️,merman: light skin tone,People & Body,person-fantasy
woman_standing_medium-light_skin_tone,,,,,,,woman_standing_medium-light_skin_tone,23,🧍🏼‍♀️,woman standing: medium-light skin tone,People & Body,person-activity
woman_singer_medium-light_skin_tone,,,,,,,woman_singer_medium-light_skin_tone,1,👩🏼‍🎤,woman singer: medium-light skin tone,People & Body,person-role
backhand_index_pointing_left,2.901585970592276,0.2614041414947997,0.034853885532639954,0.0784212424484399,0.030497149841059962,0.030497149841059962,backhand_index_pointing_left,2174,👈,backhand index pointing left,People & Body,hand-single-finger
cactus,0.0969443376913527,1.3572207276789376,0.2354362486789994,0.24928543977776407,0.5816660261481161,0.42932492406170475,cactus,891,🌵,cactus,Animals & Nature,plant-other
NG_button,,,,,,,NG_button,8,🆖,NG button,Symbols,alphanum
green_apple,0.0,1.77968400222758,0.09887133345708778,0.29661400037126334,0.09887133345708778,0.09887133345708778,green_apple,236,🍏,green apple,Food & Drink,food-fruit
index_pointing_up_medium-dark_skin_tone,,,,,,,index_pointing_up_medium-dark_skin_tone,78,☝🏾,index pointing up: medium-dark skin tone,People & Body,hand-single-finger
Jordan,,,,,,,Jordan,49,🇯🇴,flag: Jordan,Flags,country-flag
outbox_tray,0.0,0.0,0.0,0.0,0.6020599913279624,0.0,outbox_tray,4,📤,outbox tray,Objects,mail
person_lifting_weights_medium_skin_tone,,,,,,,person_lifting_weights_medium_skin_tone,2,🏋🏽,person lifting weights: medium skin tone,People & Body,person-sport
man_light_skin_tone,0.0,0.4923737515732208,0.0,0.9847475031464415,0.0,0.0,man_light_skin_tone,30,👨🏻,man: light skin tone,People & Body,person
Scorpio,,,,,,,Scorpio,14,♏,Scorpio,Symbols,zodiac
glass_of_milk,0.10159709087477226,1.523956363121584,0.0,0.30479127262431677,0.0,0.2031941817495445,glass_of_milk,136,🥛,glass of milk,Food & Drink,drink
woman_detective_medium_skin_tone,0.0,0.0,0.0,0.6020599913279624,0.0,0.0,woman_detective_medium_skin_tone,4,🕵🏽‍♀️,woman detective: medium skin tone,People & Body,person-role
man_health_worker_light_skin_tone,,,,,,,man_health_worker_light_skin_tone,6,👨🏻‍⚕️,man health worker: light skin tone,People & Body,person-role
tennis,0.05259509302389892,1.604150337228917,0.15778527907169676,0.05259509302389892,0.15778527907169676,0.07889263953584838,tennis,127,🎾,tennis,Activities,sport
purse,0.02779111608513013,0.7225690182133834,0.1945378125959109,0.1945378125959109,0.16674669651078078,0.25012004476617117,purse,36,👛,purse,Objects,clothing
beverage_box,0.0,1.4913616938342726,0.0,0.0,0.0,0.0,beverage_box,31,🧃,beverage box,Food & Drink,drink
woman_in_steamy_room_dark_skin_tone,,,,,,,woman_in_steamy_room_dark_skin_tone,3,🧖🏿‍♀️,woman in steamy room: dark skin tone,People & Body,person-activity
relieved_face,0.13677900358257336,2.735580071651467,0.19149060501560272,0.3351085587773048,0.1709737544782167,0.20516850537386006,relieved_face,5958,😌,relieved face,Smileys & Emotion,face-sleepy
woman_light_skin_tone_curly_hair,,,,,,,woman_light_skin_tone_curly_hair,1,👩🏻‍🦱,"woman: light skin tone, curly hair",People & Body,person
man_wearing_turban_dark_skin_tone,,,,,,,man_wearing_turban_dark_skin_tone,1,👳🏿‍♂️,man wearing turban: dark skin tone,People & Body,person-role
leg_light_skin_tone,,,,,,,leg_light_skin_tone,5,🦵🏻,leg: light skin tone,People & Body,body-parts
smiling_face_with_open_hands,,,,,,,smiling_face_with_open_hands,7666,🤗,hugging face,Smileys & Emotion,face-hand
man_mage_medium_skin_tone,,,,,,,man_mage_medium_skin_tone,2,🧙🏽‍♂️,man mage: medium skin tone,People & Body,person-fantasy
guard_medium-light_skin_tone,,,,,,,guard_medium-light_skin_tone,1,💂🏼,guard: medium-light skin tone,People & Body,person-role
person_swimming_light_skin_tone,0.0,0.3010299956639812,0.0,0.0,0.0,0.0,person_swimming_light_skin_tone,2,🏊🏻,person swimming: light skin tone,People & Body,person-sport
man_wearing_turban,,,,,,,man_wearing_turban,1,👳‍♂️,man wearing turban,People & Body,person-role
keyboard,0.1146300843665173,0.5476770697511383,0.1846818025905001,0.33115357705882775,0.24199684477375877,0.261101858834845,keyboard,48,⌨️,keyboard,Objects,computer
rose,0.05874789548060033,2.362504653969856,0.24758041666824426,0.2811506426571587,0.16365485169595806,0.07133673022644327,rose,1531,🌹,rose,Animals & Nature,plant-flower
girl_light_skin_tone,0.0,1.3222192947339193,0.0,0.0,0.0,0.0,girl_light_skin_tone,21,👧🏻,girl: light skin tone,People & Body,person
tropical_fish,0.0,1.602540425367305,0.40063510634182625,0.13354503544727542,0.0,0.0,tropical_fish,137,🐠,tropical fish,Animals & Nature,animal-marine
kiss_woman_man,0.0,0.34948500216800943,0.0,0.0,0.34948500216800943,0.0,kiss_woman_man,5,👩‍❤️‍💋‍👨,"kiss: woman, man",People & Body,family
wastebasket,0.27708250682646274,0.4156237602396941,0.31171782017977057,0.45025907359300193,0.10390594005992353,1.4200478474856215,wastebasket,952,🗑️,wastebasket,Objects,office
desktop_computer,0.0,1.1692282468023023,0.2923070617005756,0.5846141234011512,0.1461535308502878,0.1461535308502878,desktop_computer,218,🖥️,desktop computer,Objects,computer
technologist_medium-light_skin_tone,,,,,,,technologist_medium-light_skin_tone,2,🧑🏼‍💻,technologist: medium-light skin tone,People & Body,person-role
man_teacher,,,,,,,man_teacher,9,👨‍🏫,man teacher,People & Body,person-role
index_pointing_up,0.0,2.720809323323628,0.0,0.06976434162368277,0.0,0.06976434162368277,index_pointing_up,725,☝️,index pointing up,People & Body,hand-single-finger
woman_office_worker_medium-light_skin_tone,,,,,,,woman_office_worker_medium-light_skin_tone,4,👩🏼‍💼,woman office worker: medium-light skin tone,People & Body,person-role
man_health_worker,,,,,,,man_health_worker,90,👨‍⚕️,man health worker,People & Body,person-role
safety_vest,,,,,,,safety_vest,1,🦺,safety vest,Objects,clothing
growing_heart,0.07402884074823882,3.3312978336707473,0.08143172482306271,0.07896409679812141,0.10610800507247564,0.014805768149647763,growing_heart,4860,💗,growing heart,Smileys & Emotion,emotion
mantelpiece_clock,0.5795158337406904,1.5067411677257951,0.0,0.11590316674813808,0.11590316674813808,0.0,mantelpiece_clock,208,🕰️,mantelpiece clock,Travel & Places,time
Yemen,,,,,,,Yemen,15,🇾🇪,flag: Yemen,Flags,country-flag
microbe,0.27943554683911215,0.32600813797896416,0.7451614582376324,0.7451614582376324,0.09314518227970404,0.27943554683911215,microbe,294,🦠,microbe,Animals & Nature,animal-bug
woman_fairy_medium_skin_tone,0.0,0.9030899869919435,0.0,0.0,0.0,0.0,woman_fairy_medium_skin_tone,8,🧚🏽‍♀️,woman fairy: medium skin tone,People & Body,person-fantasy
syringe,0.14788748847461133,0.22183123271191701,0.44366246542383403,1.1830999077968907,0.14788748847461133,0.14788748847461133,syringe,196,💉,syringe,Objects,medical
man_dark_skin_tone_red_hair,,,,,,,man_dark_skin_tone_red_hair,1,👨🏿‍🦰,"man: dark skin tone, red hair",People & Body,person
man_cook_medium_skin_tone,,,,,,,man_cook_medium_skin_tone,2,👨🏽‍🍳,man cook: medium skin tone,People & Body,person-role
warning,0.6873829714408565,0.2978659542910378,0.49835265429462094,0.5756832385817172,0.2749531885763426,0.44679893143655675,warning,604,⚠️,warning,Symbols,warning
right_arrow_curving_left,,,,,,,right_arrow_curving_left,14,↩️,right arrow curving left,Symbols,arrow
man_cartwheeling_medium_skin_tone,,,,,,,man_cartwheeling_medium_skin_tone,4,🤸🏽‍♂️,man cartwheeling: medium skin tone,People & Body,person-sport
radioactive,0.13980615158925316,0.09320410105950211,0.23301025264875527,1.0252451116545231,0.0,0.23301025264875527,radioactive,53,☢️,radioactive,Symbols,warning
atom_symbol,,,,,,,atom_symbol,12,⚛️,atom symbol,Symbols,religion
mechanical_leg,0.0,0.0,0.0,0.7781512503836436,0.0,0.0,mechanical_leg,6,🦿,mechanical leg,People & Body,body-parts
thumbs_up_dark_skin_tone,0.09879449426132234,1.5807119081811574,0.09879449426132234,0.29638348278396703,0.29638348278396703,0.0,thumbs_up_dark_skin_tone,235,👍🏿,thumbs up: dark skin tone,People & Body,hand-fingers-closed
person_bald,,,,,,,person_bald,2,🧑‍🦲,person: bald,People & Body,person
man_dancing,0.08030300721480081,3.332574799414233,0.0,0.44166653968140446,0.20075751803700204,0.0,man_dancing,11358,🕺,man dancing,People & Body,person-activity
mobile_phone_off,,,,,,,mobile_phone_off,29,📴,mobile phone off,Symbols,av-symbol
flushed_face,0.1952866129831333,1.5157960912500346,0.4463694011043046,0.8601910333780871,0.4370700385812983,0.4696178074118205,flushed_face,8401,😳,flushed face,Smileys & Emotion,face-concerned
jeans,0.17730151517444356,1.3955345065343299,0.32886571363001627,0.19445972632035743,0.14298509288261577,0.32314630991471166,jeans,365,👖,jeans,Objects,clothing
horse,0.12206768846879984,0.2677613811573674,0.11025468635891598,0.15356902742849013,0.03150133895969028,1.4254355879259852,horse,129,🐎,horse,Animals & Nature,animal-mammal
Slovakia,,,,,,,Slovakia,11,🇸🇰,flag: Slovakia,Flags,country-flag
woman_in_steamy_room,,,,,,,woman_in_steamy_room,6,🧖‍♀️,woman in steamy room,People & Body,person-activity
backhand_index_pointing_left_medium-light_skin_tone,,,,,,,backhand_index_pointing_left_medium-light_skin_tone,296,👈🏼,backhand index pointing left: medium-light skin tone,People & Body,hand-single-finger
man_shrugging_light_skin_tone,0.23233486810179294,0.9293394724071717,0.46466973620358587,0.9082181207615542,0.1689708131649403,0.46466973620358587,man_shrugging_light_skin_tone,1473,🤷🏻‍♂️,man shrugging: light skin tone,People & Body,person-gesture
soccer_ball,0.019269129541078636,2.755485524374245,0.0,0.03853825908215727,0.11561477724647182,0.0,soccer_ball,849,⚽,soccer ball,Activities,sport
Central_African_Republic,,,,,,,Central_African_Republic,1,🇨🇫,flag: Central African Republic,Flags,country-flag
person_wearing_turban_dark_skin_tone,,,,,,,person_wearing_turban_dark_skin_tone,1,👳🏿,person wearing turban: dark skin tone,People & Body,person-role
woman_with_veil,,,,,,,woman_with_veil,2,👰‍♀️,woman with veil,People & Body,person-role
bridge_at_night,0.0,1.3979400086720377,0.0,0.0,0.0,0.0,bridge_at_night,25,🌉,bridge at night,Travel & Places,place-other
video_camera,0.0,1.6669853164968742,0.18522059072187488,0.0,0.18522059072187488,0.0,video_camera,109,📹,video camera,Objects,light & video
person_dark_skin_tone_beard,,,,,,,person_dark_skin_tone_beard,2,🧔🏿,"person: dark skin tone, beard",People & Body,person
police_car_light,0.002971704371230449,0.01783022622738269,0.005200482649653286,0.011143891392114183,4.18007366118203,0.002600241324826643,police_car_light,16589,🚨,police car light,Travel & Places,transport-ground
white_medium-small_square,,,,,,,white_medium-small_square,95,◽,white medium-small square,Symbols,geometric
crab,0.1772172733313557,0.8417820483239397,0.31013022832987247,0.26582590999703354,0.13291295499851677,0.22152159166419463,crab,89,🦀,crab,Food & Drink,food-marine
postal_horn,0.0,0.0,0.0,1.3010299956639813,0.0,0.0,postal_horn,20,📯,postal horn,Objects,sound
open_hands_dark_skin_tone,,,,,,,open_hands_dark_skin_tone,5,👐🏿,open hands: dark skin tone,People & Body,hands
bottle_with_popping_cork,0.02946255404415471,2.7252862490843106,0.02946255404415471,0.044193831066232064,0.1031189391545415,0.07365638511038677,bottle_with_popping_cork,1012,🍾,bottle with popping cork,Food & Drink,drink
woman_in_motorized_wheelchair_light_skin_tone,,,,,,,woman_in_motorized_wheelchair_light_skin_tone,1,👩🏻‍🦼,woman in motorized wheelchair: light skin tone,People & Body,person-activity
person_in_tuxedo,,,,,,,person_in_tuxedo,26,🤵,person in tuxedo,People & Body,person-role
musical_keyboard,0.0,1.6702678114855356,0.0,0.22270237486473807,0.11135118743236903,0.0,musical_keyboard,101,🎹,musical keyboard,Objects,musical-instrument
backhand_index_pointing_up,0.17303308145503826,1.7303308145503826,0.057677693818346094,0.17303308145503826,0.28838846909173044,0.17303308145503826,backhand_index_pointing_up,394,👆,backhand index pointing up,People & Body,hand-single-finger
cloud_with_snow,0.0,1.8195439355418688,0.0,0.0,0.0,0.0,cloud_with_snow,66,🌨️,cloud with snow,Travel & Places,sky & weather
couple_with_heart_woman_woman,0.0,1.2076848364976551,0.0,0.17252640521395074,0.0,0.0,couple_with_heart_woman_woman,24,👩‍❤️‍👩,"couple with heart: woman, woman",People & Body,family
woman_astronaut_medium-dark_skin_tone,,,,,,,woman_astronaut_medium-dark_skin_tone,2,👩🏾‍🚀,woman astronaut: medium-dark skin tone,People & Body,person-role
person_standing_light_skin_tone,,,,,,,person_standing_light_skin_tone,15,🧍🏻,person standing: light skin tone,People & Body,person-activity
umbrella_on_ground,0.0,1.6232492903979006,0.0,0.0,0.0,0.0,umbrella_on_ground,42,⛱️,umbrella on ground,Travel & Places,sky & weather
baggage_claim,,,,,,,baggage_claim,1,🛄,baggage claim,Symbols,transport-sign
robot,0.17913778153205234,0.9268433044484448,0.3582755630641047,0.5529905429902485,0.3193325670788759,0.32712116627592164,robot,461,🤖,robot,Smileys & Emotion,face-costume
raised_fist_medium_skin_tone,0.09549792852264599,1.7667116776689509,0.238744821306615,0.286493785567938,0.09549792852264599,0.19099585704529198,raised_fist_medium_skin_tone,472,✊🏽,raised fist: medium skin tone,People & Body,hand-fingers-closed
Mongolia,,,,,,,Mongolia,2,🇲🇳,flag: Mongolia,Flags,country-flag
megaphone,0.642927207952172,1.6287489268121689,0.0,0.1714472554539125,0.1285854415904344,0.0,megaphone,373,📣,megaphone,Objects,sound
woman_bowing_dark_skin_tone,,,,,,,woman_bowing_dark_skin_tone,2,🙇🏿‍♀️,woman bowing: dark skin tone,People & Body,person-gesture
bread,0.15515639549988083,1.0980298758453106,0.25063725426903827,0.2665507307305645,0.13526454992297302,0.3222478983459064,bread,169,🍞,bread,Food & Drink,food-prepared
eyes,0.07625527983759071,3.818694958089126,0.1437553238419766,0.28920520945812184,0.2445817494050132,0.11184107709513305,eyes,48343,👀,eyes,People & Body,body-parts
person_medium_skin_tone,,,,,,,person_medium_skin_tone,1,🧑🏽,person: medium skin tone,People & Body,person
orange_book,,,,,,,orange_book,4,📙,orange book,Objects,book-paper
backhand_index_pointing_up_medium-dark_skin_tone,,,,,,,backhand_index_pointing_up_medium-dark_skin_tone,115,👆🏾,backhand index pointing up: medium-dark skin tone,People & Body,hand-single-finger
person_light_skin_tone_blond_hair,,,,,,,person_light_skin_tone_blond_hair,3,👱🏻,"person: light skin tone, blond hair",People & Body,person
woman_surfing_light_skin_tone,0.0,0.6020599913279624,0.0,0.0,0.0,0.0,woman_surfing_light_skin_tone,4,🏄🏻‍♀️,woman surfing: light skin tone,People & Body,person-sport
baby_dark_skin_tone,,,,,,,baby_dark_skin_tone,2,👶🏿,baby: dark skin tone,People & Body,person
deaf_person_light_skin_tone,,,,,,,deaf_person_light_skin_tone,1,🧏🏻,deaf person: light skin tone,People & Body,person-gesture
post_office,0.0,0.7781512503836436,0.0,0.0,0.0,0.0,post_office,6,🏤,post office,Travel & Places,place-building
ship,0.18789522599691524,0.7251581378318447,0.3611111374628215,0.37285458908762864,0.20844626634032784,0.40221321814964667,ship,181,🚢,ship,Travel & Places,transport-water
baby_symbol,,,,,,,baby_symbol,7,🚼,baby symbol,Symbols,transport-sign
circled_M,,,,,,,circled_M,20,Ⓜ️,circled M,Symbols,alphanum
nail_polish_dark_skin_tone,,,,,,,nail_polish_dark_skin_tone,4,💅🏿,nail polish: dark skin tone,People & Body,hand-prop
woman_supervillain,,,,,,,woman_supervillain,7,🦹‍♀️,woman supervillain,People & Body,person-fantasy
man_detective_medium-light_skin_tone,,,,,,,man_detective_medium-light_skin_tone,3,🕵🏼‍♂️,man detective: medium-light skin tone,People & Body,person-role
cityscape,0.0,1.8976270912904414,0.0,0.0,0.0,0.0,cityscape,79,🏙️,cityscape,Travel & Places,place-other
squinting_face_with_tongue,0.13393087622077526,2.3363497296290796,0.2380993355036005,0.38691142019335073,0.17857450162770036,0.1041684592828252,squinting_face_with_tongue,2388,😝,squinting face with tongue,Smileys & Emotion,face-tongue
face_with_steam_from_nose,0.842430821357411,0.6226662592641733,0.41266901104174625,0.9449876170009219,0.19534627741621124,1.1525430367556462,face_with_steam_from_nose,14813,😤,face with steam from nose,Smileys & Emotion,face-negative
woman_with_white_cane_medium-light_skin_tone,,,,,,,woman_with_white_cane_medium-light_skin_tone,6,👩🏼‍🦯,woman with white cane: medium-light skin tone,People & Body,person-activity
woman_walking_light_skin_tone,0.0,0.0,0.0,0.0,0.0,1.505149978319906,woman_walking_light_skin_tone,32,🚶🏻‍♀️,woman walking: light skin tone,People & Body,person-activity
label,0.09223771333740384,0.28132502567908174,0.1775575981745024,0.2674893686784711,0.15680411267358654,0.10376742750457932,label,12,🏷️,label,Objects,book-paper
smiling_face_with_hearts,,,,,,,smiling_face_with_hearts,13189,🥰,smiling face with hearts,Smileys & Emotion,face-affection
man_shrugging_dark_skin_tone,0.5875620045835407,0.5875620045835407,0.08393742922622009,0.4196871461311005,0.33574971690488037,0.33574971690488037,man_shrugging_dark_skin_tone,224,🤷🏿‍♂️,man shrugging: dark skin tone,People & Body,person-gesture
white_small_square,,,,,,,white_small_square,17,▫️,white small square,Symbols,geometric
fire_extinguisher,0.0,1.146128035678238,0.0,0.0,0.0,0.0,fire_extinguisher,14,🧯,fire extinguisher,Objects,household
pregnant_woman_medium_skin_tone,0.0,0.4336766652213271,0.8673533304426542,0.0,0.0,0.0,pregnant_woman_medium_skin_tone,20,🤰🏽,pregnant woman: medium skin tone,People & Body,person-role
desert,0.1478829436077596,0.739414718038798,0.23004013450095936,0.11502006725047968,0.06572575271455983,0.16431438178639957,desert,29,🏜️,desert,Travel & Places,place-geographic
computer_mouse,0.0,1.1087419721069531,0.0,0.0,1.1087419721069531,0.0,computer_mouse,165,🖱️,computer mouse,Objects,computer
man_bowing_light_skin_tone,0.0,1.5440680443502757,0.0,0.0,0.0,0.0,man_bowing_light_skin_tone,35,🙇🏻‍♂️,man bowing: light skin tone,People & Body,person-gesture
dragon_face,0.16812412373755872,0.6724964949502349,0.16812412373755872,0.6724964949502349,0.0,0.0,dragon_face,48,🐲,dragon face,Animals & Nature,animal-reptile
right-facing_fist_medium-light_skin_tone,,,,,,,right-facing_fist_medium-light_skin_tone,21,🤜🏼,right-facing fist: medium-light skin tone,People & Body,hand-fingers-closed
anguished_face,0.3714225207576668,0.7737969182451391,0.5880856578663057,0.6499894113259168,0.3404706440278612,0.12380750691922225,anguished_face,704,😧,anguished face,Smileys & Emotion,face-concerned
roasted_sweet_potato,0.0,0.690105620855803,0.0,0.690105620855803,0.0,0.0,roasted_sweet_potato,24,🍠,roasted sweet potato,Food & Drink,food-asian
evergreen_tree,0.02772483359921258,1.996188019143306,0.47132217118661385,0.11089933439685032,0.05544966719842516,0.02772483359921258,evergreen_tree,489,🌲,evergreen tree,Animals & Nature,plant-other
Cuba,,,,,,,Cuba,66,🇨🇺,flag: Cuba,Flags,country-flag
person_gesturing_NO_medium-light_skin_tone,,,,,,,person_gesturing_NO_medium-light_skin_tone,30,🙅🏼,person gesturing NO: medium-light skin tone,People & Body,person-gesture
cherry_blossom,0.0,2.6530641268760977,0.13199324014308944,0.05279729605723577,0.10559459211447154,0.013199324014308943,cherry_blossom,905,🌸,cherry blossom,Animals & Nature,plant-flower
counterclockwise_arrows_button,0.3459558825026732,1.1531862750089106,0.23063725500178212,0.0,0.0,0.11531862750089106,counterclockwise_arrows_button,70,🔄,counterclockwise arrows button,Symbols,arrow
eye,0.11866709696899344,2.245819088905727,0.2674437558554927,0.37017049651521833,0.17711507010297528,0.1239805490720827,eye,2010,👁️,eye,People & Body,body-parts
Guatemala,,,,,,,Guatemala,5,🇬🇹,flag: Guatemala,Flags,country-flag
telephone_receiver,0.3737071502366287,1.8685357511831437,0.14948286009465148,0.0,0.0,0.22422429014197726,telephone_receiver,413,📞,telephone receiver,Objects,phone
hook,0.0,0.0,0.0,0.0,0.0,0.0,hook,1,🪝,hook,Objects,tool
fishing_pole,0.3511749711344983,0.0,0.3511749711344983,0.3511749711344983,0.0,0.7023499422689966,fishing_pole,57,🎣,fishing pole,Activities,sport
laptop,0.2712055840744891,0.7187688976837552,0.6135470590537622,0.4609012931539131,0.4668292840626452,0.37346342725011605,laptop,803,💻,laptop,Objects,computer
man_walking_light_skin_tone,0.0,0.0,1.2304489213782739,0.0,0.0,0.0,man_walking_light_skin_tone,17,🚶🏻‍♂️,man walking: light skin tone,People & Body,person-activity
sign_of_the_horns_medium-dark_skin_tone,,,,,,,sign_of_the_horns_medium-dark_skin_tone,169,🤘🏾,sign of the horns: medium-dark skin tone,People & Body,hand-fingers-partial
woman_raising_hand_medium-light_skin_tone,,,,,,,woman_raising_hand_medium-light_skin_tone,111,🙋🏼‍♀️,woman raising hand: medium-light skin tone,People & Body,person-gesture
school,0.14168488652599,0.7792668758929451,0.24243858361113846,0.2794340817595914,0.12358070658100238,0.17395755512357663,school,55,🏫,school,Travel & Places,place-building
man_kneeling,,,,,,,man_kneeling,11,🧎‍♂️,man kneeling,People & Body,person-activity
woman_guard_medium-dark_skin_tone,,,,,,,woman_guard_medium-dark_skin_tone,1,💂🏾‍♀️,woman guard: medium-dark skin tone,People & Body,person-role
tram,0.0,0.0,0.215836249209525,0.215836249209525,0.6475087476285749,0.0,tram,12,🚊,tram,Travel & Places,transport-ground
fork_and_knife,0.0,1.9553138966025885,0.22561314191568327,0.1504087612771222,0.0,0.0752043806385611,fork_and_knife,255,🍴,fork and knife,Food & Drink,dishware
coin,0.1434116187984481,0.4541367928617523,0.19121549173126412,0.19121549173126412,0.09560774586563206,0.2031664599644681,coin,19,🪙,coin,Objects,money
Iran,,,,,,,Iran,13,🇮🇷,flag: Iran,Flags,country-flag
man_farmer,,,,,,,man_farmer,5,👨‍🌾,man farmer,People & Body,person-role
Tonga,,,,,,,Tonga,2,🇹🇴,flag: Tonga,Flags,country-flag
man_biking_dark_skin_tone,,,,,,,man_biking_dark_skin_tone,1,🚴🏿‍♂️,man biking: dark skin tone,People & Body,person-sport
hamburger,0.20256067657290783,2.9205942448726407,0.235631807441954,0.2542343185557925,0.22943097040400787,0.22736402472469244,hamburger,11744,🍔,hamburger,Food & Drink,food-prepared
man_running_medium-dark_skin_tone,,,,,,,man_running_medium-dark_skin_tone,14,🏃🏾‍♂️,man running: medium-dark skin tone,People & Body,person-activity
man_bowing_medium-light_skin_tone,,,,,,,man_bowing_medium-light_skin_tone,7,🙇🏼‍♂️,man bowing: medium-light skin tone,People & Body,person-gesture
keycap_2,0.11698507742882017,1.7547761614323025,0.11698507742882017,0.11698507742882017,0.11698507742882017,0.0,keycap_2,167,2️⃣,keycap: 2,Symbols,keycap
person_golfing_light_skin_tone,,,,,,,person_golfing_light_skin_tone,1,🏌🏻,person golfing: light skin tone,People & Body,person-sport
woman_raising_hand_light_skin_tone,0.0,2.158262279919286,0.1660201753784066,0.0,0.0,0.0,woman_raising_hand_light_skin_tone,211,🙋🏻‍♀️,woman raising hand: light skin tone,People & Body,person-gesture
woman_standing,0.4605306780708343,0.34539800855312575,0.0,0.80592868662396,0.11513266951770858,0.4605306780708343,woman_standing,154,🧍‍♀️,woman standing,People & Body,person-activity
sun_behind_cloud,0.0,1.4771212547196624,0.0,0.0,0.0,0.0,sun_behind_cloud,30,⛅,sun behind cloud,Travel & Places,sky & weather
right-facing_fist_medium-dark_skin_tone,,,,,,,right-facing_fist_medium-dark_skin_tone,12,🤜🏾,right-facing fist: medium-dark skin tone,People & Body,hand-fingers-closed
bat,0.1980323358253324,0.6271023967802192,0.16502694652111033,0.671109582519182,0.0990161679126662,0.6271023967802192,bat,244,🦇,bat,Animals & Nature,animal-mammal
Thailand,,,,,,,Thailand,35,🇹🇭,flag: Thailand,Flags,country-flag
pinching_hand_medium_skin_tone,,,,,,,pinching_hand_medium_skin_tone,5,🤏🏽,pinching hand: medium skin tone,People & Body,hand-fingers-partial
bus_stop,,,,,,,bus_stop,1,🚏,bus stop,Travel & Places,transport-ground
Puerto_Rico,,,,,,,Puerto_Rico,143,🇵🇷,flag: Puerto Rico,Flags,country-flag
boxing_glove,0.5293178239139411,0.5293178239139411,0.21172712956557646,0.8469085182623058,0.0,0.0,boxing_glove,131,🥊,boxing glove,Activities,sport
clamp,0.3010299956639812,0.0,0.1505149978319906,0.1505149978319906,0.0,0.0,clamp,4,🗜️,clamp,Objects,tool
pencil,0.153639049871343,1.2949577060584625,0.153639049871343,0.08779374278362458,0.021948435695906144,0.04389687139181229,pencil,57,✏️,pencil,Objects,writing
woman_in_steamy_room_medium-dark_skin_tone,,,,,,,woman_in_steamy_room_medium-dark_skin_tone,6,🧖🏾‍♀️,woman in steamy room: medium-dark skin tone,People & Body,person-activity
Maldives,,,,,,,Maldives,5,🇲🇻,flag: Maldives,Flags,country-flag
pouting_face,0.9986252354335593,0.538164031775434,0.6288173312456274,1.1741760693282195,0.357576903465763,0.9820774109270954,pouting_face,47801,😡,pouting face,Smileys & Emotion,face-negative
polar_bear,,,,,,,polar_bear,3,🐻‍❄️,polar bear,Animals & Nature,animal-mammal
man_facepalming_light_skin_tone,0.41156520656850176,0.5879502950978597,0.3135734907188585,0.5879502950978597,0.11759005901957194,1.1563022470257907,man_facepalming_light_skin_tone,1496,🤦🏻‍♂️,man facepalming: light skin tone,People & Body,person-gesture
white_square_button,,,,,,,white_square_button,3,🔳,white square button,Symbols,geometric
money_with_wings,0.48751453213183127,1.1917021896555875,0.43334625078385,0.43334625078385,0.16250484404394375,0.3250096880878875,money_with_wings,1080,💸,money with wings,Objects,money
Kosovo,,,,,,,Kosovo,7,🇽🇰,flag: Kosovo,Flags,country-flag
tangerine,0.02490578006172735,2.2166144254937343,0.14943468037036411,0.34868092086418295,0.14943468037036411,0.07471734018518206,tangerine,920,🍊,tangerine,Food & Drink,food-fruit
princess_light_skin_tone,0.0,1.845098040014257,0.0,0.0,0.0,0.0,princess_light_skin_tone,70,👸🏻,princess: light skin tone,People & Body,person-role
woman_light_skin_tone,0.0,0.590848501887865,0.0,0.8862727528317974,0.0,0.0,woman_light_skin_tone,30,👩🏻,woman: light skin tone,People & Body,person
eight-thirty,,,,,,,eight-thirty,3,🕣,eight-thirty,Travel & Places,time
woman_walking_medium_skin_tone,,,,,,,woman_walking_medium_skin_tone,11,🚶🏽‍♀️,woman walking: medium skin tone,People & Body,person-activity
woman_farmer_dark_skin_tone,,,,,,,woman_farmer_dark_skin_tone,1,👩🏿‍🌾,woman farmer: dark skin tone,People & Body,person-role
man_lifting_weights_light_skin_tone,,,,,,,man_lifting_weights_light_skin_tone,6,🏋🏻‍♂️,man lifting weights: light skin tone,People & Body,person-sport
crocodile,0.26779947525161507,0.758765179879576,0.2231662293763459,0.31243272112688425,0.04463324587526918,0.17853298350107671,crocodile,61,🐊,crocodile,Animals & Nature,animal-reptile
person_juggling,,,,,,,person_juggling,7,🤹,person juggling,People & Body,person-sport
man_police_officer_dark_skin_tone,,,,,,,man_police_officer_dark_skin_tone,3,👮🏿‍♂️,man police officer: dark skin tone,People & Body,person-role
mobile_phone_with_arrow,0.0,1.5150637598010857,0.18180765117613026,0.12120510078408685,0.6666280543124777,0.060602550392043424,mobile_phone_with_arrow,351,📲,mobile phone with arrow,Objects,phone
face_with_tongue,0.07266288894963446,1.9134560756737076,0.14532577789926893,0.6055240745802873,0.19376770386569192,0.19376770386569192,face_with_tongue,1332,😛,face with tongue,Smileys & Emotion,face-tongue
Nepal,,,,,,,Nepal,22,🇳🇵,flag: Nepal,Flags,country-flag
rock,0.08841988777286568,0.7059095958259931,0.11885952126844236,0.1623447119764091,0.05653074792035674,0.12320804033923904,rock,18,🪨,rock,Travel & Places,place-building
man_facepalming_medium_skin_tone,0.22808011561225752,0.3421201734183863,0.31677793835035767,0.7602670520408584,0.12671117534014306,1.4825207514796739,man_facepalming_medium_skin_tone,1805,🤦🏽‍♂️,man facepalming: medium skin tone,People & Body,person-gesture
selfie,0.015869172383889525,1.8884315136828536,0.0634766895355581,0.1904300686066743,0.11108420668722668,0.03173834476777905,selfie,200,🤳,selfie,People & Body,hand-prop
shallow_pan_of_food,0.0,1.6210260016762312,0.0,0.5403420005587437,0.0,0.0,shallow_pan_of_food,145,🥘,shallow pan of food,Food & Drink,food-prepared
card_index_dividers,0.0,0.9030899869919435,0.0,0.0,0.0,0.0,card_index_dividers,8,🗂️,card index dividers,Objects,office
person_wearing_turban_light_skin_tone,,,,,,,person_wearing_turban_light_skin_tone,1,👳🏻,person wearing turban: light skin tone,People & Body,person-role
old_woman_medium-dark_skin_tone,,,,,,,old_woman_medium-dark_skin_tone,4,👵🏾,old woman: medium-dark skin tone,People & Body,person
Brunei,,,,,,,Brunei,2,🇧🇳,flag: Brunei,Flags,country-flag
ram,0.14069449941832762,0.5205696478478121,0.18290284924382588,0.25325009895298967,0.18290284924382588,0.2110417491274914,ram,31,🐏,ram,Animals & Nature,animal-mammal
bow_and_arrow,0.39227849686746435,1.078765866385527,0.0,0.2942088726505983,0.09806962421686609,0.0,bow_and_arrow,73,🏹,bow and arrow,Objects,tool
black_large_square,0.0,0.07309744510328639,0.0,0.07309744510328639,1.461948902065728,0.07309744510328639,black_large_square,48,⬛,black large square,Symbols,geometric
Uganda,,,,,,,Uganda,25,🇺🇬,flag: Uganda,Flags,country-flag
black_medium-small_square,,,,,,,black_medium-small_square,21,◾,black medium-small square,Symbols,geometric
man_getting_massage_light_skin_tone,,,,,,,man_getting_massage_light_skin_tone,7,💆🏻‍♂️,man getting massage: light skin tone,People & Body,person-activity
foot_light_skin_tone,,,,,,,foot_light_skin_tone,6,🦶🏻,foot: light skin tone,People & Body,body-parts
mountain_cableway,,,,,,,mountain_cableway,1,🚠,mountain cableway,Travel & Places,transport-air
police_officer_dark_skin_tone,,,,,,,police_officer_dark_skin_tone,1,👮🏿,police officer: dark skin tone,People & Body,person-role
couch_and_lamp,0.0,1.0245421056587618,0.3415140352195873,0.3415140352195873,0.0,0.0,couch_and_lamp,51,🛋️,couch and lamp,Objects,household
bone,0.15538952584770035,0.46098892668151104,0.43509067237356097,0.3884738146192509,0.10877266809339024,0.19164708187883042,bone,55,🦴,bone,People & Body,body-parts
merman,0.0,0.0,0.47712125471966244,0.0,0.0,0.0,merman,3,🧜‍♂️,merman,People & Body,person-fantasy
woman_curly_hair,,,,,,,woman_curly_hair,7,👩‍🦱,woman: curly hair,People & Body,person
mosquito,0.0,0.4795326003573108,0.0,0.1598442001191036,0.4795326003573108,0.1598442001191036,mosquito,19,🦟,mosquito,Animals & Nature,animal-bug
Bangladesh,,,,,,,Bangladesh,76,🇧🇩,flag: Bangladesh,Flags,country-flag
dog,0.2100724700814721,0.7322865200015157,0.4047158886880338,0.3786051861920316,0.06171620589964152,0.8379161800989792,dog,422,🐕,dog,Animals & Nature,animal-mammal
field_hockey,0.0,0.731198998949478,0.0,0.0,0.731198998949478,0.0,field_hockey,29,🏑,field hockey,Activities,sport
person_bouncing_ball_medium-light_skin_tone,,,,,,,person_bouncing_ball_medium-light_skin_tone,1,⛹🏼,person bouncing ball: medium-light skin tone,People & Body,person-sport
lying_face,0.05792784025891442,0.5213505623302298,0.0,0.40549488181240095,0.23171136103565768,1.216484645437203,lying_face,271,🤥,lying face,Smileys & Emotion,face-neutral-skeptical
Falkland_Islands,,,,,,,Falkland_Islands,2,🇫🇰,flag: Falkland Islands,Flags,country-flag
confused_face,0.30901433142718454,1.4924734730632105,0.9204682212724647,0.4931079756816775,0.17751887124540391,0.3616125154998968,confused_face,5678,😕,confused face,Smileys & Emotion,face-concerned
man_red_hair,,,,,,,man_red_hair,5,👨‍🦰,man: red hair,People & Body,person
person_getting_massage_medium-light_skin_tone,,,,,,,person_getting_massage_medium-light_skin_tone,12,💆🏼,person getting massage: medium-light skin tone,People & Body,person-activity
person_lifting_weights_medium-light_skin_tone,,,,,,,person_lifting_weights_medium-light_skin_tone,1,🏋🏼,person lifting weights: medium-light skin tone,People & Body,person-sport
yellow_square,,,,,,,yellow_square,49,🟨,yellow square,Symbols,geometric
raised_hand_light_skin_tone,0.0,1.1096163985884488,0.2774040996471122,0.6935102491177806,0.0,0.2774040996471122,raised_hand_light_skin_tone,228,✋🏻,raised hand: light skin tone,People & Body,hand-fingers-open
man_bowing,,,,,,,man_bowing,67,🙇‍♂️,man bowing,People & Body,person-gesture
crying_cat,,,,,,,crying_cat,485,😿,crying cat,Smileys & Emotion,cat-face
deaf_woman,0.0,0.0,0.0,0.6020599913279624,0.0,0.0,deaf_woman,4,🧏‍♀️,deaf woman,People & Body,person-gesture
man_student_medium-dark_skin_tone,,,,,,,man_student_medium-dark_skin_tone,5,👨🏾‍🎓,man student: medium-dark skin tone,People & Body,person-role
leg_medium-light_skin_tone,,,,,,,leg_medium-light_skin_tone,1,🦵🏼,leg: medium-light skin tone,People & Body,body-parts
goat,0.12783153321017476,1.2143995654966604,0.19174729981526217,0.4261051107005826,0.10652627767514565,0.7243786881909904,goat,618,🐐,goat,Animals & Nature,animal-mammal
woman_singer_medium_skin_tone,,,,,,,woman_singer_medium_skin_tone,5,👩🏽‍🎤,woman singer: medium skin tone,People & Body,person-role
woman_office_worker_medium_skin_tone,,,,,,,woman_office_worker_medium_skin_tone,2,👩🏽‍💼,woman office worker: medium skin tone,People & Body,person-role
woman_shrugging_dark_skin_tone,0.0,0.546803957823919,0.0,0.8202059367358785,0.0,0.546803957823919,woman_shrugging_dark_skin_tone,82,🤷🏿‍♀️,woman shrugging: dark skin tone,People & Body,person-gesture
bikini,0.17409951649409106,1.0445970989645463,0.058033172164697014,0.4062322051528791,0.17409951649409106,0.11606634432939403,bikini,94,👙,bikini,Objects,clothing
woman_gesturing_OK_medium-dark_skin_tone,,,,,,,woman_gesturing_OK_medium-dark_skin_tone,22,🙆🏾‍♀️,woman gesturing OK: medium-dark skin tone,People & Body,person-gesture
national_park,0.0,0.5187675002557623,0.5187675002557623,0.5187675002557623,0.0,0.0,national_park,36,🏞️,national park,Travel & Places,place-geographic
old_woman_dark_skin_tone,,,,,,,old_woman_dark_skin_tone,13,👵🏿,old woman: dark skin tone,People & Body,person
man_genie,,,,,,,man_genie,12,🧞‍♂️,man genie,People & Body,person-fantasy
man_with_veil_medium_skin_tone,,,,,,,man_with_veil_medium_skin_tone,2,👰🏽‍♂️,man with veil: medium skin tone,People & Body,person-role
woman_raising_hand_medium_skin_tone,0.0,0.9088173990882213,0.6058782660588142,0.0,0.6058782660588142,0.0,woman_raising_hand_medium_skin_tone,132,🙋🏽‍♀️,woman raising hand: medium skin tone,People & Body,person-gesture
man_detective_light_skin_tone,0.0,0.41842416836776863,0.0,0.8368483367355373,0.0,0.0,man_detective_light_skin_tone,18,🕵🏻‍♂️,man detective: light skin tone,People & Body,person-role
Romania,,,,,,,Romania,41,🇷🇴,flag: Romania,Flags,country-flag
person_with_veil_medium-dark_skin_tone,,,,,,,person_with_veil_medium-dark_skin_tone,2,👰🏾,person with veil: medium-dark skin tone,People & Body,person-role
man_mage_medium-dark_skin_tone,,,,,,,man_mage_medium-dark_skin_tone,3,🧙🏾‍♂️,man mage: medium-dark skin tone,People & Body,person-fantasy
fox,0.7851854018344617,0.4493391385129368,0.18992685236113824,0.4933465799136883,0.0625368904115943,0.18992685236113824,fox,148,🦊,fox,Animals & Nature,animal-mammal
person_tipping_hand_light_skin_tone,0.16579507980500477,1.3263606384400382,0.0,0.6631803192200191,0.0,0.0,person_tipping_hand_light_skin_tone,143,💁🏻,person tipping hand: light skin tone,People & Body,person-gesture
vulcan_salute_light_skin_tone,0.0,1.255272505103306,0.0,0.0,0.0,0.0,vulcan_salute_light_skin_tone,18,🖖🏻,vulcan salute: light skin tone,People & Body,hand-fingers-open
mountain_railway,,,,,,,mountain_railway,8,🚞,mountain railway,Travel & Places,transport-ground
person_golfing_dark_skin_tone,,,,,,,person_golfing_dark_skin_tone,2,🏌🏿,person golfing: dark skin tone,People & Body,person-sport
screwdriver,0.03408008962283303,0.27264071698266423,0.06816017924566606,0.06816017924566606,0.0,0.03408008962283303,screwdriver,3,🪛,screwdriver,Objects,tool
flower_playing_cards,,,,,,,flower_playing_cards,1,🎴,flower playing cards,Activities,game
boy,0.12229642879276151,0.8434571160389663,0.23876921811920107,0.23488679180831976,0.08832519857254997,0.250416497051845,boy,60,👦,boy,People & Body,person
