emoticon,cnt,emoji,name,group,sub_group
_slightly_smiling_face_,17906,🙂,slightly smiling face,Smileys & Emotion,face-smiling
_blue_heart_,17477,💙,blue heart,Smileys & Emotion,emotion
_smiling_face_with_smiling_eyes_,12417,😊,smiling face with smiling eyes,Smileys & Emotion,face-smiling
_red_heart_,12140,❤️,red heart,Smileys & Emotion,emotion
_face_with_tears_of_joy_,11006,😂,face with tears of joy,Smileys & Emotion,face-smiling
_smiling_face_with_heart-eyes_,7446,😍,smiling face with heart-eyes,Smileys & Emotion,face-affection
_purple_heart_,6466,💜,purple heart,Smileys & Emotion,emotion
_clapping_hands_,5282,👏,clapping hands,People & Body,hands
_thumbs_up_,3784,👍,thumbs up,People & Body,hand-fingers-closed
_winking_face_,3709,😉,winking face,Smileys & Emotion,face-smiling
_pouting_face_,3650,😡,pouting face,Smileys & Emotion,face-negative
_pleading_face_,3103,🥺,pleading face,Smileys & Emotion,face-concerned
_thinking_face_,3064,🤔,thinking face,Smileys & Emotion,face-hand
_fire_,3013,🔥,fire,Travel & Places,sky & weather
_beaming_face_with_smiling_eyes_,2878,😁,beaming face with smiling eyes,Smileys & Emotion,face-smiling
_smiling_face_with_sunglasses_,2808,😎,smiling face with sunglasses,Smileys & Emotion,face-glasses
_backhand_index_pointing_down_,2775,👇,backhand index pointing down,People & Body,hand-single-finger
_loudly_crying_face_,2599,😭,loudly crying face,Smileys & Emotion,face-concerned
_folded_hands_,2367,🙏,folded hands,People & Body,hands
_rolling_on_the_floor_laughing_,2268,🤣,rolling on the floor laughing,Smileys & Emotion,face-smiling
_smiling_face_with_open_hands_,2237,🤗,hugging face,Smileys & Emotion,face-hand
_face_with_rolling_eyes_,2074,🙄,face with rolling eyes,Smileys & Emotion,face-neutral-skeptical
_grinning_face_,2017,😀,grinning face,Smileys & Emotion,face-smiling
_grinning_face_with_sweat_,1898,😅,grinning face with sweat,Smileys & Emotion,face-smiling
_pensive_face_,1875,😔,pensive face,Smileys & Emotion,face-sleepy
_smiling_face_,1759,☺️,smiling face,Smileys & Emotion,face-affection
_smirking_face_,1712,😏,smirking face,Smileys & Emotion,face-neutral-skeptical
_smiling_face_with_hearts_,1644,🥰,smiling face with hearts,Smileys & Emotion,face-affection
_clapping_hands_light_skin_tone_,1605,👏🏻,clapping hands: light skin tone,People & Body,hands
_grinning_face_with_smiling_eyes_,1509,😄,grinning face with smiling eyes,Smileys & Emotion,face-smiling
_unamused_face_,1422,😒,unamused face,Smileys & Emotion,face-neutral-skeptical
_partying_face_,1410,🥳,partying face,Smileys & Emotion,face-hat
_crying_face_,1324,😢,crying face,Smileys & Emotion,face-concerned
_backhand_index_pointing_right_,1191,👉,backhand index pointing right,People & Body,hand-single-finger
_registered_,1176,®️,registered,Symbols,other-symbol
_star-struck_,1073,🤩,star-struck,Smileys & Emotion,face-affection
_heart_suit_,1070,♥️,heart suit,Activities,game
_folded_hands_light_skin_tone_,1052,🙏🏻,folded hands: light skin tone,People & Body,hands
_Turkey_,1047,🇹🇷,flag: Turkey,Flags,country-flag
_dog_face_,1039,🐶,dog face,Animals & Nature,animal-mammal
_flexed_biceps_,1024,💪,flexed biceps,People & Body,body-parts
_cat_face_,1020,🐱,cat face,Animals & Nature,animal-mammal
_party_popper_,1003,🎉,party popper,Activities,event
_angry_face_,937,😠,angry face,Smileys & Emotion,face-negative
_two_hearts_,924,💕,two hearts,Smileys & Emotion,emotion
_relieved_face_,872,😌,relieved face,Smileys & Emotion,face-sleepy
_grinning_face_with_big_eyes_,847,😃,grinning face with big eyes,Smileys & Emotion,face-smiling
_yellow_heart_,843,💛,yellow heart,Smileys & Emotion,emotion
_thumbs_up_light_skin_tone_,832,👍🏻,thumbs up: light skin tone,People & Body,hand-fingers-closed
_upside-down_face_,815,🙃,upside-down face,Smileys & Emotion,face-smiling
_face_with_symbols_on_mouth_,800,🤬,face with symbols on mouth,Smileys & Emotion,face-negative
_disappointed_face_,764,😞,disappointed face,Smileys & Emotion,face-concerned
_thumbs_down_,761,👎,thumbs down,People & Body,hand-fingers-closed
_confused_face_,760,😕,confused face,Smileys & Emotion,face-concerned
_grimacing_face_,756,😬,grimacing face,Smileys & Emotion,face-neutral-skeptical
_smiling_face_with_halo_,754,😇,smiling face with halo,Smileys & Emotion,face-smiling
_face_blowing_a_kiss_,752,😘,face blowing a kiss,Smileys & Emotion,face-affection
_cherry_blossom_,741,🌸,cherry blossom,Animals & Nature,plant-flower
_victory_hand_,727,✌️,victory hand,People & Body,hand-fingers-partial
_eyes_,705,👀,eyes,People & Body,body-parts
_face_savoring_food_,699,😋,face savoring food,Smileys & Emotion,face-tongue
_see-no-evil_monkey_,681,🙈,see-no-evil monkey,Smileys & Emotion,monkey-face
_OK_hand_,653,👌,OK hand,People & Body,hand-fingers-partial
_face_with_hand_over_mouth_,653,🤭,face with hand over mouth,Smileys & Emotion,face-hand
_sparkles_,651,✨,sparkles,Activities,event
_green_heart_,614,💚,green heart,Smileys & Emotion,emotion
_black_heart_,572,🖤,black heart,Smileys & Emotion,emotion
_clapping_hands_medium-light_skin_tone_,568,👏🏼,clapping hands: medium-light skin tone,People & Body,hands
_trophy_,556,🏆,trophy,Activities,award-medal
_herb_,554,🌿,herb,Animals & Nature,plant-other
_hamburger_,545,🍔,hamburger,Food & Drink,food-prepared
_face_screaming_in_fear_,518,😱,face screaming in fear,Smileys & Emotion,face-concerned
_expressionless_face_,516,😑,expressionless face,Smileys & Emotion,face-neutral-skeptical
_eagle_,484,🦅,eagle,Animals & Nature,animal-bird
_sparkling_heart_,480,💖,sparkling heart,Smileys & Emotion,emotion
_woman_facepalming_light_skin_tone_,471,🤦🏻‍♀️,woman facepalming: light skin tone,People & Body,person-gesture
_zany_face_,466,🤪,zany face,Smileys & Emotion,face-tongue
_wrapped_gift_,461,🎁,wrapped gift,Activities,event
_heart_exclamation_,452,❣️,heart exclamation,Smileys & Emotion,emotion
_oncoming_fist_,446,👊,oncoming fist,People & Body,hand-fingers-closed
_clapping_hands_medium_skin_tone_,442,👏🏽,clapping hands: medium skin tone,People & Body,hands
_face_with_steam_from_nose_,440,😤,face with steam from nose,Smileys & Emotion,face-negative
_glowing_star_,436,🌟,glowing star,Travel & Places,sky & weather
_grinning_squinting_face_,434,😆,grinning squinting face,Smileys & Emotion,face-smiling
_smiling_face_with_horns_,424,😈,smiling face with horns,Smileys & Emotion,face-negative
_backhand_index_pointing_right_light_skin_tone_,421,👉🏻,backhand index pointing right: light skin tone,People & Body,hand-single-finger
_frowning_face_,421,☹️,frowning face,Smileys & Emotion,face-concerned
_smiling_cat_with_heart-eyes_,419,😻,smiling cat with heart-eyes,Smileys & Emotion,cat-face
_drooling_face_,388,🤤,drooling face,Smileys & Emotion,face-sleepy
_flushed_face_,384,😳,flushed face,Smileys & Emotion,face-concerned
_revolving_hearts_,383,💞,revolving hearts,Smileys & Emotion,emotion
_sun_,379,☀️,sun,Travel & Places,sky & weather
_popcorn_,377,🍿,popcorn,Food & Drink,food-prepared
_woman_dancing_,376,💃,woman dancing,People & Body,person-activity
_sad_but_relieved_face_,375,😥,sad but relieved face,Smileys & Emotion,face-concerned
_winking_face_with_tongue_,361,😜,winking face with tongue,Smileys & Emotion,face-tongue
_growing_heart_,357,💗,growing heart,Smileys & Emotion,emotion
_television_,355,📺,television,Objects,light & video
_red_exclamation_mark_,353,❗,red exclamation mark,Symbols,punctuation
_leaf_fluttering_in_wind_,346,🍃,leaf fluttering in wind,Animals & Nature,plant-other
_balloon_,345,🎈,balloon,Activities,event
_nerd_face_,344,🤓,nerd face,Smileys & Emotion,face-glasses
_broken_heart_,340,💔,broken heart,Smileys & Emotion,emotion
_face_with_monocle_,320,🧐,face with monocle,Smileys & Emotion,face-glasses
_OK_hand_light_skin_tone_,319,👌🏻,OK hand: light skin tone,People & Body,hand-fingers-partial
_woman_facepalming_,314,🤦‍♀️,woman facepalming,People & Body,person-gesture
_check_mark_button_,312,✅,check mark button,Symbols,other-symbol
_face_with_raised_eyebrow_,310,🤨,face with raised eyebrow,Smileys & Emotion,face-neutral-skeptical
_crown_,309,👑,crown,Objects,clothing
_face_vomiting_,307,🤮,face vomiting,Smileys & Emotion,face-unwell
_high_voltage_,307,⚡,high voltage,Travel & Places,sky & weather
_lipstick_,300,💄,lipstick,Objects,clothing
_orange_heart_,300,🧡,orange heart,Smileys & Emotion,emotion
_thumbs_up_medium-light_skin_tone_,298,👍🏼,thumbs up: medium-light skin tone,People & Body,hand-fingers-closed
_weary_face_,294,😩,weary face,Smileys & Emotion,face-concerned
_four_leaf_clover_,292,🍀,four leaf clover,Animals & Nature,plant-other
_heart_with_arrow_,287,💘,heart with arrow,Smileys & Emotion,emotion
_kiss_mark_,283,💋,kiss mark,Smileys & Emotion,emotion
_stadium_,279,🏟️,stadium,Travel & Places,place-building
_star_,272,⭐,star,Travel & Places,sky & weather
_pushpin_,269,📌,pushpin,Objects,office
_sun_with_face_,269,🌞,sun with face,Travel & Places,sky & weather
_collision_,267,💥,collision,Smileys & Emotion,emotion
_poultry_leg_,265,🍗,poultry leg,Food & Drink,food-prepared
_folded_hands_medium-light_skin_tone_,262,🙏🏼,folded hands: medium-light skin tone,People & Body,hands
_dizzy_,258,💫,dizzy,Smileys & Emotion,emotion
_sleepy_face_,257,😪,sleepy face,Smileys & Emotion,face-sleepy
_check_mark_,256,✔️,check mark,Symbols,other-symbol
_soccer_ball_,250,⚽,soccer ball,Activities,sport
_neutral_face_,246,😐,neutral face,Smileys & Emotion,face-neutral-skeptical
_beating_heart_,244,💓,beating heart,Smileys & Emotion,emotion
_thumbs_down_light_skin_tone_,243,👎🏻,thumbs down: light skin tone,People & Body,hand-fingers-closed
_backhand_index_pointing_down_light_skin_tone_,242,👇🏻,backhand index pointing down: light skin tone,People & Body,hand-single-finger
_double_exclamation_mark_,239,‼️,double exclamation mark,Symbols,punctuation
_persevering_face_,229,😣,persevering face,Smileys & Emotion,face-concerned
_woman_dancing_light_skin_tone_,228,💃🏻,woman dancing: light skin tone,People & Body,person-activity
_rose_,227,🌹,rose,Animals & Nature,plant-flower
_waving_hand_,226,👋,waving hand,People & Body,hand-fingers-open
_exploding_head_,224,🤯,exploding head,Smileys & Emotion,face-unwell
_bouquet_,217,💐,bouquet,Animals & Nature,plant-flower
_candle_,212,🕯️,candle,Objects,light & video
_raising_hands_,208,🙌,raising hands,People & Body,hands
_victory_hand_light_skin_tone_,207,✌🏻,victory hand: light skin tone,People & Body,hand-fingers-partial
_smiling_face_with_tear_,205,🥲,smiling face with tear,Smileys & Emotion,face-affection
_woman_facepalming_medium-light_skin_tone_,199,🤦🏼‍♀️,woman facepalming: medium-light skin tone,People & Body,person-gesture
_confetti_ball_,198,🎊,confetti ball,Activities,event
_hundred_points_,197,💯,hundred points,Smileys & Emotion,emotion
_slightly_frowning_face_,196,🙁,slightly frowning face,Smileys & Emotion,face-concerned
_right_arrow_,189,➡️,right arrow,Symbols,arrow
_woman_shrugging_light_skin_tone_,187,🤷🏻‍♀️,woman shrugging: light skin tone,People & Body,person-gesture
_blossom_,185,🌼,blossom,Animals & Nature,plant-flower
_man_facepalming_light_skin_tone_,184,🤦🏻‍♂️,man facepalming: light skin tone,People & Body,person-gesture
_man_facepalming_,182,🤦‍♂️,man facepalming,People & Body,person-gesture
_sneezing_face_,181,🤧,sneezing face,Smileys & Emotion,face-unwell
_white_heart_,181,🤍,white heart,Smileys & Emotion,emotion
_tired_face_,179,😫,tired face,Smileys & Emotion,face-concerned
_megaphone_,178,📣,megaphone,Objects,sound
_raised_hand_,174,✋,raised hand,People & Body,hand-fingers-open
_cross_mark_,174,❌,cross mark,Symbols,other-symbol
_shushing_face_,171,🤫,shushing face,Smileys & Emotion,face-hand
_snowflake_,169,❄️,snowflake,Travel & Places,sky & weather
_flexed_biceps_light_skin_tone_,166,💪🏻,flexed biceps: light skin tone,People & Body,body-parts
_cigarette_,165,🚬,cigarette,Objects,other-object
_downcast_face_with_sweat_,163,😓,downcast face with sweat,Smileys & Emotion,face-concerned
_nazar_amulet_,163,🧿,nazar amulet,Activities,game
_Christmas_tree_,158,🎄,Christmas tree,Activities,event
_french_fries_,157,🍟,french fries,Food & Drink,food-prepared
_worried_face_,157,😟,worried face,Smileys & Emotion,face-concerned
_backhand_index_pointing_left_,156,👈,backhand index pointing left,People & Body,hand-single-finger
_alarm_clock_,155,⏰,alarm clock,Travel & Places,time
_rainbow_,155,🌈,rainbow,Travel & Places,sky & weather
_face_without_mouth_,155,😶,face without mouth,Smileys & Emotion,face-neutral-skeptical
_hibiscus_,154,🌺,hibiscus,Animals & Nature,plant-flower
_backhand_index_pointing_right_medium-light_skin_tone_,154,👉🏼,backhand index pointing right: medium-light skin tone,People & Body,hand-single-finger
_handshake_,152,🤝,handshake,People & Body,hands
_clapper_board_,152,🎬,clapper board,Objects,light & video
_trade_mark_,150,™️,trade mark,Symbols,other-symbol
_droplet_,150,💧,droplet,Travel & Places,sky & weather
_hot_beverage_,147,☕,hot beverage,Food & Drink,drink
_woozy_face_,143,🥴,woozy face,Smileys & Emotion,face-unwell
_oncoming_fist_light_skin_tone_,143,👊🏻,oncoming fist: light skin tone,People & Body,hand-fingers-closed
_rocket_,141,🚀,rocket,Travel & Places,transport-air
_nauseated_face_,140,🤢,nauseated face,Smileys & Emotion,face-unwell
_shopping_bags_,140,🛍️,shopping bags,Objects,clothing
_woman_shrugging_,139,🤷‍♀️,woman shrugging,People & Body,person-gesture
_squinting_face_with_tongue_,139,😝,squinting face with tongue,Smileys & Emotion,face-tongue
_musical_notes_,133,🎶,musical notes,Objects,music
_down_arrow_,132,⬇️,down arrow,Symbols,arrow
_palms_up_together_,131,🤲,palms up together,People & Body,hands
_face_with_tongue_,127,😛,face with tongue,Smileys & Emotion,face-tongue
_palms_up_together_light_skin_tone_,126,🤲🏻,palms up together: light skin tone,People & Body,hands
_red_question_mark_,124,❓,red question mark,Symbols,punctuation
_film_projector_,124,📽️,film projector,Objects,light & video
_astonished_face_,122,😲,astonished face,Smileys & Emotion,face-concerned
_camera_,122,📷,camera,Objects,light & video
_woman_raising_hand_light_skin_tone_,118,🙋🏻‍♀️,woman raising hand: light skin tone,People & Body,person-gesture
_movie_camera_,118,🎥,movie camera,Objects,light & video
_camera_with_flash_,117,📸,camera with flash,Objects,light & video
_lion_,117,🦁,lion,Animals & Nature,animal-mammal
_lemon_,116,🍋,lemon,Food & Drink,food-fruit
_man_shrugging_,114,🤷‍♂️,man shrugging,People & Body,person-gesture
_face_with_medical_mask_,113,😷,face with medical mask,Smileys & Emotion,face-unwell
_sign_of_the_horns_,112,🤘,sign of the horns,People & Body,hand-fingers-partial
_heart_with_ribbon_,111,💝,heart with ribbon,Smileys & Emotion,emotion
_butterfly_,106,🦋,butterfly,Animals & Nature,animal-bug
_soft_ice_cream_,105,🍦,soft ice cream,Food & Drink,food-sweet
_person_raising_hand_,104,🙋,person raising hand,People & Body,person-gesture
_face_with_open_mouth_,104,😮,face with open mouth,Smileys & Emotion,face-concerned
_raising_hands_medium-light_skin_tone_,102,🙌🏼,raising hands: medium-light skin tone,People & Body,hands
_speak-no-evil_monkey_,102,🙊,speak-no-evil monkey,Smileys & Emotion,monkey-face
_exclamation_question_mark_,101,⁉️,exclamation question mark,Symbols,punctuation
_video_game_,100,🎮,video game,Activities,game
_ogre_,100,👹,ogre,Smileys & Emotion,face-costume
_anxious_face_with_sweat_,99,😰,anxious face with sweat,Smileys & Emotion,face-concerned
_ghost_,98,👻,ghost,Smileys & Emotion,face-costume
_hushed_face_,97,😯,hushed face,Smileys & Emotion,face-concerned
_gem_stone_,97,💎,gem stone,Objects,clothing
_writing_hand_,96,✍️,writing hand,People & Body,hand-prop
_books_,96,📚,books,Objects,book-paper
_eye_,93,👁️,eye,People & Body,body-parts
_man_raising_hand_light_skin_tone_,93,🙋🏻‍♂️,man raising hand: light skin tone,People & Body,person-gesture
_airplane_,91,✈️,airplane,Travel & Places,transport-air
_man_shrugging_light_skin_tone_,90,🤷🏻‍♂️,man shrugging: light skin tone,People & Body,person-gesture
_confounded_face_,90,😖,confounded face,Smileys & Emotion,face-concerned
_birthday_cake_,90,🎂,birthday cake,Food & Drink,food-sweet
_sweat_droplets_,89,💦,sweat droplets,Smileys & Emotion,emotion
_OK_hand_medium-light_skin_tone_,87,👌🏼,OK hand: medium-light skin tone,People & Body,hand-fingers-partial
_person_raising_hand_medium-light_skin_tone_,87,🙋🏼,person raising hand: medium-light skin tone,People & Body,person-gesture
_kissing_face_with_closed_eyes_,87,😚,kissing face with closed eyes,Smileys & Emotion,face-affection
_hand_with_fingers_splayed_,87,🖐️,hand with fingers splayed,People & Body,hand-fingers-open
_person_facepalming_,86,🤦,person facepalming,People & Body,person-gesture
_shopping_cart_,85,🛒,shopping cart,Objects,household
_globe_showing_Europe-Africa_,85,🌍,globe showing Europe-Africa,Travel & Places,place-map
_woman_shrugging_medium-light_skin_tone_,84,🤷🏼‍♀️,woman shrugging: medium-light skin tone,People & Body,person-gesture
_flexed_biceps_medium-light_skin_tone_,84,💪🏼,flexed biceps: medium-light skin tone,People & Body,body-parts
_woman_raising_hand_,83,🙋‍♀️,woman raising hand,People & Body,person-gesture
_kitchen_knife_,83,🔪,kitchen knife,Food & Drink,dishware
_tangerine_,83,🍊,tangerine,Food & Drink,food-fruit
_seedling_,82,🌱,seedling,Animals & Nature,plant-other
_hatching_chick_,82,🐣,hatching chick,Animals & Nature,animal-bird
_artist_palette_,81,🎨,artist palette,Activities,arts & crafts
_house_,81,🏠,house,Travel & Places,place-building
_nail_polish_,79,💅,nail polish,People & Body,hand-prop
_red_apple_,79,🍎,red apple,Food & Drink,food-fruit
_thumbs_down_medium-light_skin_tone_,78,👎🏼,thumbs down: medium-light skin tone,People & Body,hand-fingers-closed
_call_me_hand_,78,🤙,call me hand,People & Body,hand-fingers-partial
_sunflower_,78,🌻,sunflower,Animals & Nature,plant-flower
_crying_cat_,78,😿,crying cat,Smileys & Emotion,cat-face
_raising_hands_light_skin_tone_,77,🙌🏻,raising hands: light skin tone,People & Body,hands
_play_button_,76,▶️,play button,Symbols,av-symbol
_mobile_phone_,75,📱,mobile phone,Objects,phone
_waving_hand_light_skin_tone_,75,👋🏻,waving hand: light skin tone,People & Body,hand-fingers-open
_bomb_,75,💣,bomb,Smileys & Emotion,emotion
_mobile_phone_with_arrow_,75,📲,mobile phone with arrow,Objects,phone
_prohibited_,75,🚫,prohibited,Symbols,warning
_microphone_,75,🎤,microphone,Objects,music
_nail_polish_light_skin_tone_,74,💅🏻,nail polish: light skin tone,People & Body,hand-prop
_victory_hand_medium-light_skin_tone_,74,✌🏼,victory hand: medium-light skin tone,People & Body,hand-fingers-partial
_chequered_flag_,74,🏁,chequered flag,Flags,flag
_pile_of_poo_,73,💩,pile of poo,Smileys & Emotion,face-costume
_beach_with_umbrella_,73,🏖️,beach with umbrella,Travel & Places,place-geographic
_backhand_index_pointing_left_light_skin_tone_,72,👈🏻,backhand index pointing left: light skin tone,People & Body,hand-single-finger
_sleeping_face_,71,😴,sleeping face,Smileys & Emotion,face-sleepy
_woman_dancing_medium-light_skin_tone_,71,💃🏼,woman dancing: medium-light skin tone,People & Body,person-activity
_tulip_,71,🌷,tulip,Animals & Nature,plant-flower
_warning_,70,⚠️,warning,Symbols,warning
_deciduous_tree_,69,🌳,deciduous tree,Animals & Nature,plant-other
_money_bag_,69,💰,money bag,Objects,money
_full_moon_face_,68,🌝,full moon face,Travel & Places,sky & weather
_mouth_,68,👄,mouth,People & Body,body-parts
_water_pistol_,68,🔫,water pistol,Objects,tool
_hourglass_not_done_,66,⏳,hourglass not done,Travel & Places,time
_fearful_face_,66,😨,fearful face,Smileys & Emotion,face-concerned
_fish_,66,🐟,fish,Animals & Nature,animal-marine
_woman_tipping_hand_medium-light_skin_tone_,66,💁🏼‍♀️,woman tipping hand: medium-light skin tone,People & Body,person-gesture
_paw_prints_,66,🐾,paw prints,Animals & Nature,animal-mammal
_police_car_light_,66,🚨,police car light,Travel & Places,transport-ground
_man_dancing_,66,🕺,man dancing,People & Body,person-activity
_zipper-mouth_face_,66,🤐,zipper-mouth face,Smileys & Emotion,face-neutral-skeptical
_automobile_,65,🚗,automobile,Travel & Places,transport-ground
_cat_,65,🐈,cat,Animals & Nature,animal-mammal
_man_raising_hand_,64,🙋‍♂️,man raising hand,People & Body,person-gesture
_person_running_,64,🏃,person running,People & Body,person-activity
_strawberry_,64,🍓,strawberry,Food & Drink,food-fruit
_lollipop_,63,🍭,lollipop,Food & Drink,food-sweet
_money_with_wings_,63,💸,money with wings,Objects,money
_crossed_fingers_,63,🤞,crossed fingers,People & Body,hand-fingers-partial
_face_with_crossed-out_eyes_,62,😵,knocked-out face,Smileys & Emotion,face-unwell
_snake_,61,🐍,snake,Animals & Nature,animal-reptile
_water_wave_,61,🌊,water wave,Travel & Places,sky & weather
_1st_place_medal_,61,🥇,1st place medal,Activities,award-medal
_running_shoe_,61,👟,running shoe,Objects,clothing
_kissing_face_with_smiling_eyes_,61,😙,kissing face with smiling eyes,Smileys & Emotion,face-affection
_folded_hands_medium_skin_tone_,59,🙏🏽,folded hands: medium skin tone,People & Body,hands
_woman_tipping_hand_light_skin_tone_,59,💁🏻‍♀️,woman tipping hand: light skin tone,People & Body,person-gesture
_sign_of_the_horns_light_skin_tone_,59,🤘🏻,sign of the horns: light skin tone,People & Body,hand-fingers-partial
_sheaf_of_rice_,58,🌾,sheaf of rice,Animals & Nature,plant-other
_front-facing_baby_chick_,58,🐥,front-facing baby chick,Animals & Nature,animal-bird
_speaking_head_,58,🗣️,speaking head,People & Body,person-symbol
_bright_button_,58,🔆,bright button,Symbols,av-symbol
_oncoming_fist_medium-light_skin_tone_,58,👊🏼,oncoming fist: medium-light skin tone,People & Body,hand-fingers-closed
_skull_and_crossbones_,57,☠️,skull and crossbones,Smileys & Emotion,face-negative
_globe_showing_Americas_,57,🌎,globe showing Americas,Travel & Places,place-map
_euro_banknote_,57,💶,euro banknote,Objects,money
_candy_,56,🍬,candy,Food & Drink,food-sweet
_round_pushpin_,56,📍,round pushpin,Objects,office
_cherries_,56,🍒,cherries,Food & Drink,food-fruit
_heart_decoration_,56,💟,heart decoration,Smileys & Emotion,emotion
_ribbon_,55,🎀,ribbon,Activities,event
_angry_face_with_horns_,54,👿,angry face with horns,Smileys & Emotion,face-negative
_snowman_,54,☃️,snowman,Travel & Places,sky & weather
_hot_face_,54,🥵,hot face,Smileys & Emotion,face-unwell
_man_facepalming_medium-light_skin_tone_,53,🤦🏼‍♂️,man facepalming: medium-light skin tone,People & Body,person-gesture
_person_tipping_hand_medium-light_skin_tone_,53,💁🏼,person tipping hand: medium-light skin tone,People & Body,person-gesture
_woman_raising_hand_medium-light_skin_tone_,53,🙋🏼‍♀️,woman raising hand: medium-light skin tone,People & Body,person-gesture
_loudspeaker_,53,📢,loudspeaker,Objects,sound
_backhand_index_pointing_down_medium-light_skin_tone_,53,👇🏼,backhand index pointing down: medium-light skin tone,People & Body,hand-single-finger
_woman_health_worker_,52,👩‍⚕️,woman health worker,People & Body,person-role
_magnifying_glass_tilted_right_,52,🔎,magnifying glass tilted right,Objects,light & video
_package_,52,📦,package,Objects,mail
_chocolate_bar_,52,🍫,chocolate bar,Food & Drink,food-sweet
_calendar_,51,📅,calendar,Objects,office
_red_circle_,50,🔴,red circle,Symbols,geometric
_cowboy_hat_face_,50,🤠,cowboy hat face,Smileys & Emotion,face-hat
_love-you_gesture_,50,🤟,love-you gesture,People & Body,hand-fingers-partial
_musical_score_,50,🎼,musical score,Objects,music
_shallow_pan_of_food_,49,🥘,shallow pan of food,Food & Drink,food-prepared
_raised_hand_light_skin_tone_,49,✋🏻,raised hand: light skin tone,People & Body,hand-fingers-open
_horse_,49,🐎,horse,Animals & Nature,animal-mammal
_clown_face_,49,🤡,clown face,Smileys & Emotion,face-costume
_cup_with_straw_,49,🥤,cup with straw,Food & Drink,drink
_skull_,49,💀,skull,Smileys & Emotion,face-negative
_index_pointing_up_,49,☝️,index pointing up,People & Body,hand-single-finger
_dollar_banknote_,48,💵,dollar banknote,Objects,money
_robot_,48,🤖,robot,Smileys & Emotion,face-costume
_palm_tree_,48,🌴,palm tree,Animals & Nature,plant-other
_unicorn_,47,🦄,unicorn,Animals & Nature,animal-mammal
_crossed_swords_,47,⚔️,crossed swords,Objects,tool
_woman_running_,47,🏃‍♀️,woman running,People & Body,person-activity
_woman_facepalming_medium_skin_tone_,45,🤦🏽‍♀️,woman facepalming: medium skin tone,People & Body,person-gesture
_glasses_,45,👓,glasses,Objects,clothing
_laptop_,45,💻,laptop,Objects,computer
_fallen_leaf_,45,🍂,fallen leaf,Animals & Nature,plant-other
_shamrock_,45,☘️,shamrock,Animals & Nature,plant-other
_pizza_,45,🍕,pizza,Food & Drink,food-prepared
_cookie_,44,🍪,cookie,Food & Drink,food-sweet
_cat_with_tears_of_joy_,44,😹,cat with tears of joy,Smileys & Emotion,cat-face
_telephone_receiver_,44,📞,telephone receiver,Objects,phone
_call_me_hand_light_skin_tone_,44,🤙🏻,call me hand: light skin tone,People & Body,hand-fingers-partial
_clinking_glasses_,44,🥂,clinking glasses,Food & Drink,drink
_man_health_worker_,44,👨‍⚕️,man health worker,People & Body,person-role
_high-heeled_shoe_,44,👠,high-heeled shoe,Objects,clothing
_thumbs_up_medium_skin_tone_,43,👍🏽,thumbs up: medium skin tone,People & Body,hand-fingers-closed
_milky_way_,43,🌌,milky way,Travel & Places,sky & weather
_cloud_,43,☁️,cloud,Travel & Places,sky & weather
_love_letter_,43,💌,love letter,Smileys & Emotion,emotion
_bell_,43,🔔,bell,Objects,sound
_raised_fist_,42,✊,raised fist,People & Body,hand-fingers-closed
_sport_utility_vehicle_,42,🚙,sport utility vehicle,Travel & Places,transport-ground
_couple_with_heart_,42,💑,couple with heart,People & Body,family
_money-mouth_face_,41,🤑,money-mouth face,Smileys & Emotion,face-tongue
_ring_,41,💍,ring,Objects,clothing
_man_running_,41,🏃‍♂️,man running,People & Body,person-activity
_maple_leaf_,41,🍁,maple leaf,Animals & Nature,plant-other
_volleyball_,41,🏐,volleyball,Activities,sport
_recycling_symbol_,41,♻️,recycling symbol,Symbols,other-symbol
_lady_beetle_,40,🐞,lady beetle,Animals & Nature,animal-bug
_headphone_,40,🎧,headphone,Objects,music
_shower_,40,🚿,shower,Objects,household
_honeybee_,40,🐝,honeybee,Animals & Nature,animal-bug
_pot_of_food_,39,🍲,pot of food,Food & Drink,food-prepared
_crescent_moon_,39,🌙,crescent moon,Travel & Places,sky & weather
_woman_gesturing_OK_light_skin_tone_,39,🙆🏻‍♀️,woman gesturing OK: light skin tone,People & Body,person-gesture
_oncoming_automobile_,39,🚘,oncoming automobile,Travel & Places,transport-ground
_musical_note_,39,🎵,musical note,Objects,music
_evergreen_tree_,39,🌲,evergreen tree,Animals & Nature,plant-other
_clinking_beer_mugs_,38,🍻,clinking beer mugs,Food & Drink,drink
_grapes_,38,🍇,grapes,Food & Drink,food-fruit
_woman_dancing_medium_skin_tone_,38,💃🏽,woman dancing: medium skin tone,People & Body,person-activity
_cold_face_,37,🥶,cold face,Smileys & Emotion,face-unwell
_middle_finger_,37,🖕,middle finger,People & Body,hand-single-finger
_watermelon_,37,🍉,watermelon,Food & Drink,food-fruit
_tongue_,37,👅,tongue,People & Body,body-parts
_clipboard_,37,📋,clipboard,Objects,office
_woman_fairy_,37,🧚‍♀️,woman fairy,People & Body,person-fantasy
_battery_,36,🔋,battery,Objects,computer
_alien_,36,👽,alien,Smileys & Emotion,face-costume
_basketball_,36,🏀,basketball,Activities,sport
_dashing_away_,35,💨,dashing away,Smileys & Emotion,emotion
_magnifying_glass_tilted_left_,35,🔍,magnifying glass tilted left,Objects,light & video
_person_shrugging_,35,🤷,person shrugging,People & Body,person-gesture
_speaker_high_volume_,35,🔊,speaker high volume,Objects,sound
_dog_,35,🐕,dog,Animals & Nature,animal-mammal
_weary_cat_,34,🙀,weary cat,Smileys & Emotion,cat-face
_love-you_gesture_light_skin_tone_,34,🤟🏻,love-you gesture: light skin tone,People & Body,hand-fingers-partial
_brown_heart_,34,🤎,brown heart,Smileys & Emotion,emotion
_woman_and_man_holding_hands_,34,👫,woman and man holding hands,People & Body,family
_green_apple_,33,🍏,green apple,Food & Drink,food-fruit
_link_,33,🔗,link,Objects,tool
_crystal_ball_,33,🔮,crystal ball,Activities,game
_ice_cream_,33,🍨,ice cream,Food & Drink,food-sweet
_comet_,33,☄️,comet,Travel & Places,sky & weather
_backhand_index_pointing_up_,32,👆,backhand index pointing up,People & Body,hand-single-finger
_white_circle_,32,⚪,white circle,Symbols,geometric
_tomato_,32,🍅,tomato,Food & Drink,food-fruit
_snowman_without_snow_,32,⛄,snowman without snow,Travel & Places,sky & weather
_avocado_,32,🥑,avocado,Food & Drink,food-vegetable
_women_with_bunny_ears_,31,👯‍♀️,women with bunny ears,People & Body,person-activity
_fireworks_,31,🎆,fireworks,Activities,event
_shaved_ice_,31,🍧,shaved ice,Food & Drink,food-sweet
_writing_hand_light_skin_tone_,31,✍🏻,writing hand: light skin tone,People & Body,hand-prop
_film_frames_,31,🎞️,film frames,Objects,light & video
_brain_,31,🧠,brain,People & Body,body-parts
_goblin_,31,👺,goblin,Smileys & Emotion,face-costume
_man_dancing_light_skin_tone_,31,🕺🏻,man dancing: light skin tone,People & Body,person-activity
_bullseye_,31,🎯,bullseye,Activities,game
_mage_,30,🧙,mage,People & Body,person-fantasy
_delivery_truck_,30,🚚,delivery truck,Travel & Places,transport-ground
_face_with_thermometer_,30,🤒,face with thermometer,Smileys & Emotion,face-unwell
_person_gesturing_OK_,30,🙆,person gesturing OK,People & Body,person-gesture
_woman_fairy_light_skin_tone_,30,🧚🏻‍♀️,woman fairy: light skin tone,People & Body,person-fantasy
_crossed_fingers_light_skin_tone_,30,🤞🏻,crossed fingers: light skin tone,People & Body,hand-fingers-partial
_kissing_face_,30,😗,kissing face,Smileys & Emotion,face-affection
_face_with_head-bandage_,29,🤕,face with head-bandage,Smileys & Emotion,face-unwell
_wilted_flower_,29,🥀,wilted flower,Animals & Nature,plant-flower
_jack-o-lantern_,29,🎃,jack-o-lantern,Activities,event
_broccoli_,29,🥦,broccoli,Food & Drink,food-vegetable
_spiral_calendar_,29,🗓️,spiral calendar,Objects,office
_peach_,29,🍑,peach,Food & Drink,food-fruit
_beer_mug_,29,🍺,beer mug,Food & Drink,drink
_hourglass_done_,29,⌛,hourglass done,Travel & Places,time
_penguin_,28,🐧,penguin,Animals & Nature,animal-bird
_speech_balloon_,28,💬,speech balloon,Smileys & Emotion,emotion
_light_bulb_,28,💡,light bulb,Objects,light & video
_hear-no-evil_monkey_,28,🙉,hear-no-evil monkey,Smileys & Emotion,monkey-face
_selfie_,28,🤳,selfie,People & Body,hand-prop
_tumbler_glass_,28,🥃,tumbler glass,Food & Drink,drink
_radio_button_,28,🔘,radio button,Symbols,geometric
_girl_,28,👧,girl,People & Body,person
_carrot_,28,🥕,carrot,Food & Drink,food-vegetable
_motor_scooter_,28,🛵,motor scooter,Travel & Places,transport-ground
_turtle_,28,🐢,turtle,Animals & Nature,animal-reptile
_mechanical_arm_,27,🦾,mechanical arm,People & Body,body-parts
_left-facing_fist_light_skin_tone_,27,🤛🏻,left-facing fist: light skin tone,People & Body,hand-fingers-closed
_flexed_biceps_dark_skin_tone_,27,💪🏿,flexed biceps: dark skin tone,People & Body,body-parts
_footprints_,27,👣,footprints,People & Body,person-symbol
_person_gesturing_NO_,27,🙅,person gesturing NO,People & Body,person-gesture
_memo_,27,📝,memo,Objects,writing
_new_moon_face_,27,🌚,new moon face,Travel & Places,sky & weather
_frowning_face_with_open_mouth_,27,😦,frowning face with open mouth,Smileys & Emotion,face-concerned
_wine_glass_,27,🍷,wine glass,Food & Drink,drink
_telephone_,27,☎️,telephone,Objects,phone
_rainbow_flag_,27,🏳️‍🌈,rainbow flag,Flags,flag
_yawning_face_,27,🥱,yawning face,Smileys & Emotion,face-concerned
_cyclone_,27,🌀,cyclone,Travel & Places,sky & weather
_waving_hand_medium-light_skin_tone_,27,👋🏼,waving hand: medium-light skin tone,People & Body,hand-fingers-open
_dagger_,27,🗡️,dagger,Objects,tool
_person_raising_hand_light_skin_tone_,27,🙋🏻,person raising hand: light skin tone,People & Body,person-gesture
_pencil_,26,✏️,pencil,Objects,writing
_bow_and_arrow_,26,🏹,bow and arrow,Objects,tool
_OK_hand_medium_skin_tone_,26,👌🏽,OK hand: medium skin tone,People & Body,hand-fingers-partial
_anguished_face_,26,😧,anguished face,Smileys & Emotion,face-concerned
_SOS_button_,26,🆘,SOS button,Symbols,alphanum
_bird_,26,🐦,bird,Animals & Nature,animal-bird
_clapping_hands_dark_skin_tone_,26,👏🏿,clapping hands: dark skin tone,People & Body,hands
_dove_,26,🕊️,dove,Animals & Nature,animal-bird
_woman_tipping_hand_,26,💁‍♀️,woman tipping hand,People & Body,person-gesture
_raised_back_of_hand_,26,🤚,raised back of hand,People & Body,hand-fingers-open
_horse_face_,26,🐴,horse face,Animals & Nature,animal-mammal
_black_circle_,26,⚫,black circle,Symbols,geometric
_right-facing_fist_light_skin_tone_,26,🤜🏻,right-facing fist: light skin tone,People & Body,hand-fingers-closed
_articulated_lorry_,26,🚛,articulated lorry,Travel & Places,transport-ground
_alien_monster_,25,👾,alien monster,Smileys & Emotion,face-costume
_woman_technologist_,25,👩‍💻,woman technologist,People & Body,person-role
_woman_shrugging_medium_skin_tone_,25,🤷🏽‍♀️,woman shrugging: medium skin tone,People & Body,person-gesture
_man_zombie_,25,🧟‍♂️,man zombie,People & Body,person-fantasy
_desktop_computer_,25,🖥️,desktop computer,Objects,computer
_hand_with_fingers_splayed_light_skin_tone_,25,🖐🏻,hand with fingers splayed: light skin tone,People & Body,hand-fingers-open
_princess_,25,👸,princess,People & Body,person-role
_open_book_,25,📖,open book,Objects,book-paper
_cloud_with_rain_,24,🌧️,cloud with rain,Travel & Places,sky & weather
_syringe_,24,💉,syringe,Objects,medical
_woman_zombie_,24,🧟‍♀️,woman zombie,People & Body,person-fantasy
_performing_arts_,24,🎭,performing arts,Activities,arts & crafts
_Japan_,23,🇯🇵,flag: Japan,Flags,country-flag
_house_with_garden_,23,🏡,house with garden,Travel & Places,place-building
_snow-capped_mountain_,23,🏔️,snow-capped mountain,Travel & Places,place-geographic
_raised_hand_medium-light_skin_tone_,23,✋🏼,raised hand: medium-light skin tone,People & Body,hand-fingers-open
_bathtub_,23,🛁,bathtub,Objects,household
_thumbs_up_dark_skin_tone_,23,👍🏿,thumbs up: dark skin tone,People & Body,hand-fingers-closed
_no_entry_,23,⛔,no entry,Symbols,warning
_lying_face_,23,🤥,lying face,Smileys & Emotion,face-neutral-skeptical
_microscope_,23,🔬,microscope,Objects,science
_no_mobile_phones_,23,📵,no mobile phones,Symbols,warning
_right_arrow_curving_down_,23,⤵️,right arrow curving down,Symbols,arrow
_sports_medal_,23,🏅,sports medal,Activities,award-medal
_leafy_green_,23,🥬,leafy green,Food & Drink,food-vegetable
_sunrise_,23,🌅,sunrise,Travel & Places,place-other
_deer_,22,🦌,deer,Animals & Nature,animal-mammal
_no_one_under_eighteen_,22,🔞,no one under eighteen,Symbols,warning
_man_light_skin_tone_,22,👨🏻,man: light skin tone,People & Body,person
_wolf_,22,🐺,wolf,Animals & Nature,animal-mammal
_small_orange_diamond_,22,🔸,small orange diamond,Symbols,geometric
_bottle_with_popping_cork_,22,🍾,bottle with popping cork,Food & Drink,drink
_man_facepalming_medium_skin_tone_,22,🤦🏽‍♂️,man facepalming: medium skin tone,People & Body,person-gesture
_coconut_,22,🥥,coconut,Food & Drink,food-fruit
_glass_of_milk_,22,🥛,glass of milk,Food & Drink,drink
_desert_island_,22,🏝️,desert island,Travel & Places,place-geographic
_umbrella_on_ground_,22,⛱️,umbrella on ground,Travel & Places,sky & weather
_guitar_,21,🎸,guitar,Objects,musical-instrument
_baby_angel_,21,👼,baby angel,People & Body,person-fantasy
_OK_hand_dark_skin_tone_,21,👌🏿,OK hand: dark skin tone,People & Body,hand-fingers-partial
_pill_,21,💊,pill,Objects,medical
_person_tipping_hand_,21,💁,person tipping hand,People & Body,person-gesture
_globe_showing_Asia-Australia_,21,🌏,globe showing Asia-Australia,Travel & Places,place-map
_musical_keyboard_,21,🎹,musical keyboard,Objects,musical-instrument
_thumbs_down_dark_skin_tone_,21,👎🏿,thumbs down: dark skin tone,People & Body,hand-fingers-closed
_kissing_cat_,21,😽,kissing cat,Smileys & Emotion,cat-face
_teddy_bear_,21,🧸,teddy bear,Activities,game
_thumbs_down_medium_skin_tone_,21,👎🏽,thumbs down: medium skin tone,People & Body,hand-fingers-closed
_man_shrugging_medium-light_skin_tone_,21,🤷🏼‍♂️,man shrugging: medium-light skin tone,People & Body,person-gesture
_lotion_bottle_,20,🧴,lotion bottle,Objects,household
_woman_,20,👩,woman,People & Body,person
_woman_bowing_,20,🙇‍♀️,woman bowing,People & Body,person-gesture
_clapping_hands_medium-dark_skin_tone_,20,👏🏾,clapping hands: medium-dark skin tone,People & Body,hands
_backhand_index_pointing_left_medium-light_skin_tone_,20,👈🏼,backhand index pointing left: medium-light skin tone,People & Body,hand-single-finger
_coffin_,20,⚰️,coffin,Objects,other-object
_shooting_star_,20,🌠,shooting star,Travel & Places,sky & weather
_doughnut_,20,🍩,doughnut,Food & Drink,food-sweet
_pineapple_,20,🍍,pineapple,Food & Drink,food-fruit
_man_mage_,20,🧙‍♂️,man mage,People & Body,person-fantasy
_hammer_,20,🔨,hammer,Objects,tool
_left-facing_fist_,20,🤛,left-facing fist,People & Body,hand-fingers-closed
_victory_hand_medium_skin_tone_,20,✌🏽,victory hand: medium skin tone,People & Body,hand-fingers-partial
_right-facing_fist_,19,🤜,right-facing fist,People & Body,hand-fingers-closed
_pinched_fingers_,19,🤌,pinched fingers,People & Body,hand-fingers-partial
_thumbs_up_medium-dark_skin_tone_,19,👍🏾,thumbs up: medium-dark skin tone,People & Body,hand-fingers-closed
_man_technologist_,19,👨‍💻,man technologist,People & Body,person-role
_kiss_,19,💏,kiss,People & Body,family
_woman_light_skin_tone_,19,👩🏻,woman: light skin tone,People & Body,person
_top_hat_,19,🎩,top hat,Objects,clothing
_man_raising_hand_medium-light_skin_tone_,19,🙋🏼‍♂️,man raising hand: medium-light skin tone,People & Body,person-gesture
_woman_cartwheeling_light_skin_tone_,19,🤸🏻‍♀️,woman cartwheeling: light skin tone,People & Body,person-sport
_fork_and_knife_with_plate_,19,🍽️,fork and knife with plate,Food & Drink,dishware
_keycap_1_,19,1️⃣,keycap: 1,Symbols,keycap
_motorcycle_,19,🏍️,motorcycle,Travel & Places,transport-ground
_boy_light_skin_tone_,19,👦🏻,boy: light skin tone,People & Body,person
_studio_microphone_,18,🎙️,studio microphone,Objects,music
_folded_hands_dark_skin_tone_,18,🙏🏿,folded hands: dark skin tone,People & Body,hands
_raised_back_of_hand_light_skin_tone_,18,🤚🏻,raised back of hand: light skin tone,People & Body,hand-fingers-open
_timer_clock_,18,⏲️,timer clock,Travel & Places,time
_cucumber_,18,🥒,cucumber,Food & Drink,food-vegetable
_wind_face_,18,🌬️,wind face,Travel & Places,sky & weather
_woman_bowing_light_skin_tone_,18,🙇🏻‍♀️,woman bowing: light skin tone,People & Body,person-gesture
_microbe_,18,🦠,microbe,Animals & Nature,animal-bug
_eggplant_,18,🍆,eggplant,Food & Drink,food-vegetable
_prayer_beads_,18,📿,prayer beads,Objects,clothing
_umbrella_,18,☂️,umbrella,Travel & Places,sky & weather
_woman_gesturing_OK_,17,🙆‍♀️,woman gesturing OK,People & Body,person-gesture
_balance_scale_,17,⚖️,balance scale,Objects,tool
_white_exclamation_mark_,17,❕,white exclamation mark,Symbols,punctuation
_women_holding_hands_,17,👭,women holding hands,People & Body,family
_keycap_3_,17,3️⃣,keycap: 3,Symbols,keycap
_litter_in_bin_sign_,17,🚮,litter in bin sign,Symbols,transport-sign
_Brazil_,17,🇧🇷,flag: Brazil,Flags,country-flag
_pinched_fingers_light_skin_tone_,17,🤌🏻,pinched fingers: light skin tone,People & Body,hand-fingers-partial
_banana_,17,🍌,banana,Food & Drink,food-fruit
_cooking_,17,🍳,cooking,Food & Drink,food-prepared
_family_man_woman_girl_boy_,17,👨‍👩‍👧‍👦,"family: man, woman, girl, boy",People & Body,family
_baby_,17,👶,baby,People & Body,person
_flashlight_,17,🔦,flashlight,Objects,light & video
_tornado_,17,🌪️,tornado,Travel & Places,sky & weather
_love-you_gesture_medium-light_skin_tone_,17,🤟🏼,love-you gesture: medium-light skin tone,People & Body,hand-fingers-partial
_dress_,17,👗,dress,Objects,clothing
_shortcake_,17,🍰,shortcake,Food & Drink,food-sweet
_woman_getting_massage_light_skin_tone_,17,💆🏻‍♀️,woman getting massage: light skin tone,People & Body,person-activity
_check_box_with_check_,16,☑️,check box with check,Symbols,other-symbol
_hot_pepper_,16,🌶️,hot pepper,Food & Drink,food-vegetable
_cheese_wedge_,16,🧀,cheese wedge,Food & Drink,food-prepared
_writing_hand_medium-light_skin_tone_,16,✍🏼,writing hand: medium-light skin tone,People & Body,hand-prop
_Santa_Claus_,16,🎅,Santa Claus,People & Body,person-fantasy
_sailboat_,16,⛵,sailboat,Travel & Places,transport-water
_person_swimming_,16,🏊,person swimming,People & Body,person-sport
_keycap_2_,16,2️⃣,keycap: 2,Symbols,keycap
_vulcan_salute_,16,🖖,vulcan salute,People & Body,hand-fingers-open
_woman_facepalming_medium-dark_skin_tone_,16,🤦🏾‍♀️,woman facepalming: medium-dark skin tone,People & Body,person-gesture
_folded_hands_medium-dark_skin_tone_,16,🙏🏾,folded hands: medium-dark skin tone,People & Body,hands
_person_bowing_,16,🙇,person bowing,People & Body,person-gesture
_flexed_biceps_medium_skin_tone_,16,💪🏽,flexed biceps: medium skin tone,People & Body,body-parts
_cat_with_wry_smile_,16,😼,cat with wry smile,Smileys & Emotion,cat-face
_owl_,15,🦉,owl,Animals & Nature,animal-bird
_honey_pot_,15,🍯,honey pot,Food & Drink,food-sweet
_multiply_,15,✖️,multiply,Symbols,math
_locomotive_,15,🚂,locomotive,Travel & Places,transport-ground
_man_cook_medium-light_skin_tone_,15,👨🏼‍🍳,man cook: medium-light skin tone,People & Body,person-role
_middle_finger_light_skin_tone_,15,🖕🏻,middle finger: light skin tone,People & Body,hand-single-finger
_zzz_,15,💤,zzz,Smileys & Emotion,emotion
_wastebasket_,15,🗑️,wastebasket,Objects,office
_sign_of_the_horns_medium-light_skin_tone_,15,🤘🏼,sign of the horns: medium-light skin tone,People & Body,hand-fingers-partial
_person_gesturing_OK_medium-light_skin_tone_,15,🙆🏼,person gesturing OK: medium-light skin tone,People & Body,person-gesture
_pear_,15,🍐,pear,Food & Drink,food-fruit
_princess_light_skin_tone_,15,👸🏻,princess: light skin tone,People & Body,person-role
_pen_,15,🖊️,pen,Objects,writing
_boy_,15,👦,boy,People & Body,person
_white_large_square_,15,⬜,white large square,Symbols,geometric
_chestnut_,15,🌰,chestnut,Food & Drink,food-vegetable
_alembic_,15,⚗️,alembic,Objects,science
_saxophone_,14,🎷,saxophone,Objects,musical-instrument
_racing_car_,14,🏎️,racing car,Travel & Places,transport-ground
_briefcase_,14,💼,briefcase,Objects,office
_up_arrow_,14,⬆️,up arrow,Symbols,arrow
_panda_,14,🐼,panda,Animals & Nature,animal-mammal
_tropical_fish_,14,🐠,tropical fish,Animals & Nature,animal-marine
_meat_on_bone_,14,🍖,meat on bone,Food & Drink,food-prepared
_sunglasses_,14,🕶️,sunglasses,Objects,clothing
_taxi_,14,🚕,taxi,Travel & Places,transport-ground
_newspaper_,14,📰,newspaper,Objects,book-paper
_bear_,14,🐻,bear,Animals & Nature,animal-mammal
_pouting_cat_,14,😾,pouting cat,Smileys & Emotion,cat-face
_person_tipping_hand_light_skin_tone_,14,💁🏻,person tipping hand: light skin tone,People & Body,person-gesture
_chicken_,14,🐔,chicken,Animals & Nature,animal-bird
_person_facepalming_light_skin_tone_,14,🤦🏻,person facepalming: light skin tone,People & Body,person-gesture
_man_,14,👨,man,People & Body,person
_call_me_hand_medium-light_skin_tone_,14,🤙🏼,call me hand: medium-light skin tone,People & Body,hand-fingers-partial
_index_pointing_up_light_skin_tone_,14,☝🏻,index pointing up: light skin tone,People & Body,hand-single-finger
_otter_,14,🦦,otter,Animals & Nature,animal-mammal
_closed_umbrella_,14,🌂,closed umbrella,Travel & Places,sky & weather
_people_with_bunny_ears_,14,👯,people with bunny ears,People & Body,person-activity
_fork_and_knife_,14,🍴,fork and knife,Food & Drink,dishware
_cloud_with_snow_,13,🌨️,cloud with snow,Travel & Places,sky & weather
_umbrella_with_rain_drops_,13,☔,umbrella with rain drops,Travel & Places,sky & weather
_trumpet_,13,🎺,trumpet,Objects,musical-instrument
_open_hands_,13,👐,open hands,People & Body,hands
_world_map_,13,🗺️,world map,Travel & Places,place-map
_rabbit_face_,13,🐰,rabbit face,Animals & Nature,animal-mammal
_radioactive_,13,☢️,radioactive,Symbols,warning
_potato_,13,🥔,potato,Food & Drink,food-vegetable
_bat_,13,🦇,bat,Animals & Nature,animal-mammal
_grinning_cat_with_smiling_eyes_,13,😸,grinning cat with smiling eyes,Smileys & Emotion,cat-face
_old_woman_light_skin_tone_,13,👵🏻,old woman: light skin tone,People & Body,person
_necktie_,13,👔,necktie,Objects,clothing
_man_walking_,13,🚶‍♂️,man walking,People & Body,person-activity
_woman_medium-light_skin_tone_,13,👩🏼,woman: medium-light skin tone,People & Body,person
_spider_,13,🕷️,spider,Animals & Nature,animal-bug
_new_moon_,13,🌑,new moon,Travel & Places,sky & weather
_selfie_light_skin_tone_,13,🤳🏻,selfie: light skin tone,People & Body,hand-prop
_infinity_,13,♾️,infinity,Symbols,math
_victory_hand_medium-dark_skin_tone_,13,✌🏾,victory hand: medium-dark skin tone,People & Body,hand-fingers-partial
_couch_and_lamp_,13,🛋️,couch and lamp,Objects,household
_graduation_cap_,13,🎓,graduation cap,Objects,clothing
_croissant_,12,🥐,croissant,Food & Drink,food-prepared
_monkey_,12,🐒,monkey,Animals & Nature,animal-mammal
_rooster_,12,🐓,rooster,Animals & Nature,animal-bird
_ship_,12,🚢,ship,Travel & Places,transport-water
_full_moon_,12,🌕,full moon,Travel & Places,sky & weather
_electric_plug_,12,🔌,electric plug,Objects,computer
_last_quarter_moon_face_,12,🌜,last quarter moon face,Travel & Places,sky & weather
_man_detective_,12,🕵️‍♂️,man detective,People & Body,person-role
_South_Korea_,12,🇰🇷,flag: South Korea,Flags,country-flag
_woman_gesturing_NO_,12,🙅‍♀️,woman gesturing NO,People & Body,person-gesture
_bank_,12,🏦,bank,Travel & Places,place-building
_Greece_,12,🇬🇷,flag: Greece,Flags,country-flag
_left_arrow_,12,⬅️,left arrow,Symbols,arrow
_ewe_,12,🐑,ewe,Animals & Nature,animal-mammal
_person_cartwheeling_,12,🤸,person cartwheeling,People & Body,person-sport
_woman_fairy_medium-light_skin_tone_,12,🧚🏼‍♀️,woman fairy: medium-light skin tone,People & Body,person-fantasy
_backhand_index_pointing_down_dark_skin_tone_,12,👇🏿,backhand index pointing down: dark skin tone,People & Body,hand-single-finger
_backhand_index_pointing_up_light_skin_tone_,12,👆🏻,backhand index pointing up: light skin tone,People & Body,hand-single-finger
_woman_walking_light_skin_tone_,12,🚶🏻‍♀️,woman walking: light skin tone,People & Body,person-activity
_kiwi_fruit_,12,🥝,kiwi fruit,Food & Drink,food-fruit
_flying_saucer_,12,🛸,flying saucer,Travel & Places,transport-air
_fountain_pen_,12,🖋️,fountain pen,Objects,writing
_wrench_,12,🔧,wrench,Objects,tool
_woman_detective_light_skin_tone_,11,🕵🏻‍♀️,woman detective: light skin tone,People & Body,person-role
_Germany_,11,🇩🇪,flag: Germany,Flags,country-flag
_muted_speaker_,11,🔇,muted speaker,Objects,sound
_thumbs_down_medium-dark_skin_tone_,11,👎🏾,thumbs down: medium-dark skin tone,People & Body,hand-fingers-closed
_VS_button_,11,🆚,VS button,Symbols,alphanum
_white_question_mark_,11,❔,white question mark,Symbols,punctuation
_mushroom_,11,🍄,mushroom,Food & Drink,food-vegetable
_airplane_departure_,11,🛫,airplane departure,Travel & Places,transport-air
_joystick_,11,🕹️,joystick,Activities,game
_mantelpiece_clock_,11,🕰️,mantelpiece clock,Travel & Places,time
_cityscape_,11,🏙️,cityscape,Travel & Places,place-other
_blue_circle_,11,🔵,blue circle,Symbols,geometric
_military_medal_,11,🎖️,military medal,Activities,award-medal
_bellhop_bell_,11,🛎️,bellhop bell,Travel & Places,hotel
_backpack_,11,🎒,backpack,Objects,clothing
_thought_balloon_,11,💭,thought balloon,Smileys & Emotion,emotion
_small_blue_diamond_,11,🔹,small blue diamond,Symbols,geometric
_cactus_,11,🌵,cactus,Animals & Nature,plant-other
_hand_with_fingers_splayed_medium-light_skin_tone_,11,🖐🏼,hand with fingers splayed: medium-light skin tone,People & Body,hand-fingers-open
_selfie_medium-light_skin_tone_,11,🤳🏼,selfie: medium-light skin tone,People & Body,hand-prop
_red_triangle_pointed_down_,11,🔻,red triangle pointed down,Symbols,geometric
_closed_book_,11,📕,closed book,Objects,book-paper
_family_,11,👪,family,People & Body,family
_grinning_cat_,11,😺,grinning cat,Smileys & Emotion,cat-face
_green_salad_,11,🥗,green salad,Food & Drink,food-prepared
_oncoming_fist_medium_skin_tone_,11,👊🏽,oncoming fist: medium skin tone,People & Body,hand-fingers-closed
_hollow_red_circle_,11,⭕,hollow red circle,Symbols,other-symbol
_construction_,11,🚧,construction,Travel & Places,transport-ground
_oncoming_police_car_,11,🚔,oncoming police car,Travel & Places,transport-ground
_national_park_,11,🏞️,national park,Travel & Places,place-geographic
_shield_,11,🛡️,shield,Objects,tool
_dragon_,11,🐉,dragon,Animals & Nature,animal-reptile
_man_gesturing_OK_light_skin_tone_,10,🙆🏻‍♂️,man gesturing OK: light skin tone,People & Body,person-gesture
_woman_cartwheeling_,10,🤸‍♀️,woman cartwheeling,People & Body,person-sport
_purse_,10,👛,purse,Objects,clothing
_middle_finger_dark_skin_tone_,10,🖕🏿,middle finger: dark skin tone,People & Body,hand-single-finger
_princess_medium-light_skin_tone_,10,👸🏼,princess: medium-light skin tone,People & Body,person-role
_backhand_index_pointing_left_dark_skin_tone_,10,👈🏿,backhand index pointing left: dark skin tone,People & Body,hand-single-finger
_backhand_index_pointing_down_medium-dark_skin_tone_,10,👇🏾,backhand index pointing down: medium-dark skin tone,People & Body,hand-single-finger
_trident_emblem_,10,🔱,trident emblem,Symbols,other-symbol
_baby_bottle_,10,🍼,baby bottle,Food & Drink,drink
_woman_student_,10,👩‍🎓,woman student,People & Body,person-role
_framed_picture_,10,🖼️,framed picture,Activities,arts & crafts
_girl_light_skin_tone_,10,👧🏻,girl: light skin tone,People & Body,person
_violin_,10,🎻,violin,Objects,musical-instrument
_volcano_,10,🌋,volcano,Travel & Places,place-geographic
_woman_raising_hand_medium_skin_tone_,10,🙋🏽‍♀️,woman raising hand: medium skin tone,People & Body,person-gesture
_man_biking_,10,🚴‍♂️,man biking,People & Body,person-sport
_lobster_,10,🦞,lobster,Food & Drink,food-marine
_white_flag_,10,🏳️,white flag,Flags,flag
_raised_fist_light_skin_tone_,10,✊🏻,raised fist: light skin tone,People & Body,hand-fingers-closed
_female_sign_,10,♀️,female sign,Symbols,gender
_man_fairy_,10,🧚‍♂️,man fairy,People & Body,person-fantasy
_fast_reverse_button_,10,⏪,fast reverse button,Symbols,av-symbol
_man_bowing_,10,🙇‍♂️,man bowing,People & Body,person-gesture
_high-speed_train_,10,🚄,high-speed train,Travel & Places,transport-ground
_black_small_square_,10,▪️,black small square,Symbols,geometric
_rosette_,10,🏵️,rosette,Animals & Nature,plant-flower
_bust_in_silhouette_,10,👤,bust in silhouette,People & Body,person-symbol
_black_large_square_,10,⬛,black large square,Symbols,geometric
_key_,10,🔑,key,Objects,lock
_test_tube_,10,🧪,test tube,Objects,science
_spaghetti_,10,🍝,spaghetti,Food & Drink,food-asian
_hole_,10,🕳️,hole,Smileys & Emotion,emotion
_detective_,10,🕵️,detective,People & Body,person-role
_call_me_hand_medium_skin_tone_,10,🤙🏽,call me hand: medium skin tone,People & Body,hand-fingers-partial
_cloud_with_lightning_and_rain_,10,⛈️,cloud with lightning and rain,Travel & Places,sky & weather
_man_raising_hand_medium_skin_tone_,9,🙋🏽‍♂️,man raising hand: medium skin tone,People & Body,person-gesture
_heart_on_fire_,9,❤️‍🔥,heart on fire,Smileys & Emotion,emotion
_watch_,9,⌚,watch,Travel & Places,time
_man_cook_,9,👨‍🍳,man cook,People & Body,person-role
_school_,9,🏫,school,Travel & Places,place-building
_person_taking_bath_,9,🛀,person taking bath,People & Body,person-resting
_night_with_stars_,9,🌃,night with stars,Travel & Places,place-other
_firecracker_,9,🧨,firecracker,Activities,event
_woman_gesturing_NO_light_skin_tone_,9,🙅🏻‍♀️,woman gesturing NO: light skin tone,People & Body,person-gesture
_sparkler_,9,🎇,sparkler,Activities,event
_United_Kingdom_,9,🇬🇧,flag: United Kingdom,Flags,country-flag
_woman_running_light_skin_tone_,9,🏃🏻‍♀️,woman running: light skin tone,People & Body,person-activity
_woman_superhero_light_skin_tone_,9,🦸🏻‍♀️,woman superhero: light skin tone,People & Body,person-fantasy
_index_pointing_up_medium-light_skin_tone_,9,☝🏼,index pointing up: medium-light skin tone,People & Body,hand-single-finger
_man_dancing_medium-light_skin_tone_,9,🕺🏼,man dancing: medium-light skin tone,People & Body,person-activity
_person_biking_,9,🚴,person biking,People & Body,person-sport
_cocktail_glass_,9,🍸,cocktail glass,Food & Drink,drink
_goat_,9,🐐,goat,Animals & Nature,animal-mammal
_Statue_of_Liberty_,9,🗽,Statue of Liberty,Travel & Places,place-building
_nail_polish_medium-light_skin_tone_,9,💅🏼,nail polish: medium-light skin tone,People & Body,hand-prop
_pool_8_ball_,9,🎱,pool 8 ball,Activities,game
_handbag_,9,👜,handbag,Objects,clothing
_tropical_drink_,9,🍹,tropical drink,Food & Drink,drink
_baby_light_skin_tone_,9,👶🏻,baby: light skin tone,People & Body,person
_pregnant_woman_,9,🤰,pregnant woman,People & Body,person-role
_bicycle_,9,🚲,bicycle,Travel & Places,transport-ground
_tiger_face_,9,🐯,tiger face,Animals & Nature,animal-mammal
_old_woman_,9,👵,old woman,People & Body,person
_ear_of_corn_,9,🌽,ear of corn,Food & Drink,food-vegetable
_backhand_index_pointing_up_dark_skin_tone_,9,👆🏿,backhand index pointing up: dark skin tone,People & Body,hand-single-finger
_man_walking_light_skin_tone_,9,🚶🏻‍♂️,man walking: light skin tone,People & Body,person-activity
_desert_,9,🏜️,desert,Travel & Places,place-geographic
_factory_,9,🏭,factory,Travel & Places,place-building
_sunrise_over_mountains_,9,🌄,sunrise over mountains,Travel & Places,place-other
_backhand_index_pointing_up_medium-dark_skin_tone_,9,👆🏾,backhand index pointing up: medium-dark skin tone,People & Body,hand-single-finger
_place_of_worship_,9,🛐,place of worship,Symbols,religion
_pirate_flag_,9,🏴‍☠️,pirate flag,Flags,flag
_drum_,9,🥁,drum,Objects,musical-instrument
_teacup_without_handle_,9,🍵,teacup without handle,Food & Drink,drink
_person_getting_massage_,8,💆,person getting massage,People & Body,person-activity
_woman_technologist_light_skin_tone_,8,👩🏻‍💻,woman technologist: light skin tone,People & Body,person-role
_woman_swimming_light_skin_tone_,8,🏊🏻‍♀️,woman swimming: light skin tone,People & Body,person-sport
_scorpion_,8,🦂,scorpion,Animals & Nature,animal-bug
_office_building_,8,🏢,office building,Travel & Places,place-building
_middle_finger_medium-light_skin_tone_,8,🖕🏼,middle finger: medium-light skin tone,People & Body,hand-single-finger
_person_fencing_,8,🤺,person fencing,People & Body,person-sport
_man_shrugging_medium_skin_tone_,8,🤷🏽‍♂️,man shrugging: medium skin tone,People & Body,person-gesture
_scissors_,8,✂️,scissors,Objects,office
_white_flower_,8,💮,white flower,Animals & Nature,plant-flower
_pine_decoration_,8,🎍,pine decoration,Activities,event
_pig_face_,8,🐷,pig face,Animals & Nature,animal-mammal
_vulcan_salute_medium-light_skin_tone_,8,🖖🏼,vulcan salute: medium-light skin tone,People & Body,hand-fingers-open
_monkey_face_,8,🐵,monkey face,Animals & Nature,animal-mammal
_sun_behind_small_cloud_,8,🌤️,sun behind small cloud,Travel & Places,sky & weather
_waving_hand_medium_skin_tone_,8,👋🏽,waving hand: medium skin tone,People & Body,hand-fingers-open
_old_key_,8,🗝️,old key,Objects,lock
_woman_light_skin_tone_red_hair_,8,👩🏻‍🦰,"woman: light skin tone, red hair",People & Body,person
_mouse_face_,8,🐭,mouse face,Animals & Nature,animal-mammal
_woman_biking_,8,🚴‍♀️,woman biking,People & Body,person-sport
_two-thirty_,8,🕝,two-thirty,Travel & Places,time
_woman_detective_,8,🕵️‍♀️,woman detective,People & Body,person-role
_potable_water_,8,🚰,potable water,Symbols,transport-sign
_vertical_traffic_light_,8,🚦,vertical traffic light,Travel & Places,transport-ground
_person_shrugging_light_skin_tone_,8,🤷🏻,person shrugging: light skin tone,People & Body,person-gesture
_man_technologist_light_skin_tone_,8,👨🏻‍💻,man technologist: light skin tone,People & Body,person-role
_disguised_face_,8,🥸,disguised face,Smileys & Emotion,face-hat
_admission_tickets_,8,🎟️,admission tickets,Activities,event
_OK_hand_medium-dark_skin_tone_,8,👌🏾,OK hand: medium-dark skin tone,People & Body,hand-fingers-partial
_hot_dog_,8,🌭,hot dog,Food & Drink,food-prepared
_chart_increasing_,8,📈,chart increasing,Objects,office
_backhand_index_pointing_right_dark_skin_tone_,8,👉🏿,backhand index pointing right: dark skin tone,People & Body,hand-single-finger
_locked_with_key_,8,🔐,locked with key,Objects,lock
_bridge_at_night_,8,🌉,bridge at night,Travel & Places,place-other
_anchor_,8,⚓,anchor,Travel & Places,transport-water
_ear_,8,👂,ear,People & Body,body-parts
_fast-forward_button_,8,⏩,fast-forward button,Symbols,av-symbol
_locked_,8,🔒,locked,Objects,lock
_fairy_,8,🧚,fairy,People & Body,person-fantasy
_gear_,8,⚙️,gear,Objects,tool
_boy_dark_skin_tone_,8,👦🏿,boy: dark skin tone,People & Body,person
_man_vampire_,7,🧛‍♂️,man vampire,People & Body,person-fantasy
_Lebanon_,7,🇱🇧,flag: Lebanon,Flags,country-flag
_bug_,7,🐛,bug,Animals & Nature,animal-bug
_tear-off_calendar_,7,📆,tear-off calendar,Objects,office
_raised_back_of_hand_medium-light_skin_tone_,7,🤚🏼,raised back of hand: medium-light skin tone,People & Body,hand-fingers-open
_woman_scientist_,7,👩‍🔬,woman scientist,People & Body,person-role
_dna_,7,🧬,dna,Objects,science
_leopard_,7,🐆,leopard,Animals & Nature,animal-mammal
_black_medium_square_,7,◼️,black medium square,Symbols,geometric
_woman_astronaut_light_skin_tone_,7,👩🏻‍🚀,woman astronaut: light skin tone,People & Body,person-role
_black_flag_,7,🏴,black flag,Flags,flag
_telescope_,7,🔭,telescope,Objects,science
_woman_scientist_medium-light_skin_tone_,7,👩🏼‍🔬,woman scientist: medium-light skin tone,People & Body,person-role
_bikini_,7,👙,bikini,Objects,clothing
_police_car_,7,🚓,police car,Travel & Places,transport-ground
_mount_fuji_,7,🗻,mount fuji,Travel & Places,place-geographic
_soap_,7,🧼,soap,Objects,household
_woman_gesturing_NO_medium-light_skin_tone_,7,🙅🏼‍♀️,woman gesturing NO: medium-light skin tone,People & Body,person-gesture
_radio_,7,📻,radio,Objects,music
_tanabata_tree_,7,🎋,tanabata tree,Activities,event
_elephant_,7,🐘,elephant,Animals & Nature,animal-mammal
_family_woman_girl_,7,👩‍👧,"family: woman, girl",People & Body,family
_melon_,7,🍈,melon,Food & Drink,food-fruit
_woman_light_skin_tone_blond_hair_,7,👱🏻‍♀️,"woman: light skin tone, blond hair",People & Body,person
_large_orange_diamond_,7,🔶,large orange diamond,Symbols,geometric
_men_with_bunny_ears_,7,👯‍♂️,men with bunny ears,People & Body,person-activity
_egg_,7,🥚,egg,Food & Drink,food-prepared
_victory_hand_dark_skin_tone_,7,✌🏿,victory hand: dark skin tone,People & Body,hand-fingers-partial
_person_with_veil_light_skin_tone_,7,👰🏻,person with veil: light skin tone,People & Body,person-role
_woman_mage_,7,🧙‍♀️,woman mage,People & Body,person-fantasy
_spider_web_,7,🕸️,spider web,Animals & Nature,animal-bug
_woman_office_worker_,7,👩‍💼,woman office worker,People & Body,person-role
_bar_chart_,7,📊,bar chart,Objects,office
_person_walking_,7,🚶,person walking,People & Body,person-activity
_woman_cartwheeling_medium-light_skin_tone_,7,🤸🏼‍♀️,woman cartwheeling: medium-light skin tone,People & Body,person-sport
_rabbit_,7,🐇,rabbit,Animals & Nature,animal-mammal
_dragon_face_,7,🐲,dragon face,Animals & Nature,animal-reptile
_fire_engine_,7,🚒,fire engine,Travel & Places,transport-ground
_ledger_,7,📒,ledger,Objects,book-paper
_antenna_bars_,7,📶,antenna bars,Symbols,av-symbol
_Spain_,7,🇪🇸,flag: Spain,Flags,country-flag
_backhand_index_pointing_left_medium_skin_tone_,7,👈🏽,backhand index pointing left: medium skin tone,People & Body,hand-single-finger
_heavy_dollar_sign_,7,💲,heavy dollar sign,Symbols,currency
_woman_walking_,7,🚶‍♀️,woman walking,People & Body,person-activity
_person_frowning_,7,🙍,person frowning,People & Body,person-gesture
_flag_in_hole_,7,⛳,flag in hole,Activities,sport
_baby_medium-light_skin_tone_,7,👶🏼,baby: medium-light skin tone,People & Body,person
_atom_symbol_,7,⚛️,atom symbol,Symbols,religion
_old_man_,7,👴,old man,People & Body,person
_man_gesturing_NO_,7,🙅‍♂️,man gesturing NO,People & Body,person-gesture
_waning_crescent_moon_,7,🌘,waning crescent moon,Travel & Places,sky & weather
_skier_,7,⛷️,skier,People & Body,person-sport
_goal_net_,7,🥅,goal net,Activities,sport
_palms_up_together_medium-light_skin_tone_,7,🤲🏼,palms up together: medium-light skin tone,People & Body,hands
_globe_with_meridians_,7,🌐,globe with meridians,Travel & Places,place-map
_game_die_,7,🎲,game die,Activities,game
_video_camera_,7,📹,video camera,Objects,light & video
_horse_racing_,7,🏇,horse racing,People & Body,person-sport
_woman_getting_massage_medium-light_skin_tone_,7,💆🏼‍♀️,woman getting massage: medium-light skin tone,People & Body,person-activity
_baguette_bread_,7,🥖,baguette bread,Food & Drink,food-prepared
_wheelchair_symbol_,7,♿,wheelchair symbol,Symbols,transport-sign
_child_light_skin_tone_,7,🧒🏻,child: light skin tone,People & Body,person
_snowboarder_,7,🏂,snowboarder,People & Body,person-sport
_Chile_,7,🇨🇱,flag: Chile,Flags,country-flag
_hotel_,7,🏨,hotel,Travel & Places,place-building
_backhand_index_pointing_right_medium_skin_tone_,7,👉🏽,backhand index pointing right: medium skin tone,People & Body,hand-single-finger
_keycap_4_,6,4️⃣,keycap: 4,Symbols,keycap
_mango_,6,🥭,mango,Food & Drink,food-fruit
_bowl_with_spoon_,6,🥣,bowl with spoon,Food & Drink,food-prepared
_gorilla_,6,🦍,gorilla,Animals & Nature,animal-mammal
_martial_arts_uniform_,6,🥋,martial arts uniform,Activities,sport
_backhand_index_pointing_up_medium-light_skin_tone_,6,👆🏼,backhand index pointing up: medium-light skin tone,People & Body,hand-single-finger
_oncoming_taxi_,6,🚖,oncoming taxi,Travel & Places,transport-ground
_mountain_,6,⛰️,mountain,Travel & Places,place-geographic
_person_lifting_weights_,6,🏋️,person lifting weights,People & Body,person-sport
_boxing_glove_,6,🥊,boxing glove,Activities,sport
_person_rowing_boat_,6,🚣,person rowing boat,People & Body,person-sport
_frog_,6,🐸,frog,Animals & Nature,animal-amphibian
_paintbrush_,6,🖌️,paintbrush,Objects,writing
_stopwatch_,6,⏱️,stopwatch,Travel & Places,time
_United_States_,6,🇺🇸,flag: United States,Flags,country-flag
_woman_getting_massage_,6,💆‍♀️,woman getting massage,People & Body,person-activity
_fairy_light_skin_tone_,6,🧚🏻,fairy: light skin tone,People & Body,person-fantasy
_man_tipping_hand_light_skin_tone_,6,💁🏻‍♂️,man tipping hand: light skin tone,People & Body,person-gesture
_girl_medium-light_skin_tone_,6,👧🏼,girl: medium-light skin tone,People & Body,person
_bookmark_tabs_,6,📑,bookmark tabs,Objects,book-paper
_plus_,6,➕,plus,Symbols,math
_passenger_ship_,6,🛳️,passenger ship,Travel & Places,transport-water
_fried_shrimp_,6,🍤,fried shrimp,Food & Drink,food-asian
_hedgehog_,6,🦔,hedgehog,Animals & Nature,animal-mammal
_keycap_0_,6,0️⃣,keycap: 0,Symbols,keycap
_fast_down_button_,6,⏬,fast down button,Symbols,av-symbol
_moai_,6,🗿,moai,Objects,other-object
_hospital_,6,🏥,hospital,Travel & Places,place-building
_person_gesturing_OK_light_skin_tone_,6,🙆🏻,person gesturing OK: light skin tone,People & Body,person-gesture
_ferry_,6,⛴️,ferry,Travel & Places,transport-water
_person_in_bed_,6,🛌,person in bed,People & Body,person-resting
_jeans_,6,👖,jeans,Objects,clothing
_backhand_index_pointing_right_medium-dark_skin_tone_,6,👉🏾,backhand index pointing right: medium-dark skin tone,People & Body,hand-single-finger
_person_with_veil_,6,👰,person with veil,People & Body,person-role
_sunset_,6,🌇,sunset,Travel & Places,place-other
_old_man_medium-light_skin_tone_,6,👴🏼,old man: medium-light skin tone,People & Body,person
_blue_book_,6,📘,blue book,Objects,book-paper
_family_woman_girl_boy_,6,👩‍👧‍👦,"family: woman, girl, boy",People & Body,family
_ambulance_,6,🚑,ambulance,Travel & Places,transport-ground
_bed_,6,🛏️,bed,Objects,household
_man_cartwheeling_,6,🤸‍♂️,man cartwheeling,People & Body,person-sport
_crayon_,6,🖍️,crayon,Objects,writing
_prince_,6,🤴,prince,People & Body,person-role
_right_arrow_curving_up_,6,⤴️,right arrow curving up,Symbols,arrow
_ear_light_skin_tone_,6,👂🏻,ear: light skin tone,People & Body,body-parts
_right_anger_bubble_,6,🗯️,right anger bubble,Smileys & Emotion,emotion
_yen_banknote_,6,💴,yen banknote,Objects,money
_spiral_shell_,6,🐚,spiral shell,Animals & Nature,animal-marine
_classical_building_,6,🏛️,classical building,Travel & Places,place-building
_writing_hand_medium_skin_tone_,6,✍🏽,writing hand: medium skin tone,People & Body,hand-prop
_camping_,6,🏕️,camping,Travel & Places,place-geographic
_woman_in_lotus_position_,6,🧘‍♀️,woman in lotus position,People & Body,person-resting
_woman_running_medium-light_skin_tone_,6,🏃🏼‍♀️,woman running: medium-light skin tone,People & Body,person-activity
_woman_running_medium_skin_tone_,6,🏃🏽‍♀️,woman running: medium skin tone,People & Body,person-activity
_bullet_train_,6,🚅,bullet train,Travel & Places,transport-ground
_detective_light_skin_tone_,6,🕵🏻,detective: light skin tone,People & Body,person-role
_busts_in_silhouette_,6,👥,busts in silhouette,People & Body,person-symbol
_satellite_antenna_,6,📡,satellite antenna,Objects,science
_man_astronaut_,6,👨‍🚀,man astronaut,People & Body,person-role
_man_mechanic_,6,👨‍🔧,man mechanic,People & Body,person-role
_cupcake_,6,🧁,cupcake,Food & Drink,food-sweet
_luggage_,6,🧳,luggage,Travel & Places,hotel
_boy_medium-light_skin_tone_,6,👦🏼,boy: medium-light skin tone,People & Body,person
_pregnant_woman_medium-light_skin_tone_,6,🤰🏼,pregnant woman: medium-light skin tone,People & Body,person-role
_envelope_,6,✉️,envelope,Objects,mail
_envelope_with_arrow_,6,📩,envelope with arrow,Objects,mail
_pregnant_woman_light_skin_tone_,6,🤰🏻,pregnant woman: light skin tone,People & Body,person-role
_woman_in_steamy_room_,6,🧖‍♀️,woman in steamy room,People & Body,person-activity
_man_dancing_medium_skin_tone_,5,🕺🏽,man dancing: medium skin tone,People & Body,person-activity
_baby_chick_,5,🐤,baby chick,Animals & Nature,animal-bird
_baby_angel_medium-light_skin_tone_,5,👼🏼,baby angel: medium-light skin tone,People & Body,person-fantasy
_derelict_house_,5,🏚️,derelict house,Travel & Places,place-building
_person_light_skin_tone_beard_,5,🧔🏻,"person: light skin tone, beard",People & Body,person
_notebook_with_decorative_cover_,5,📔,notebook with decorative cover,Objects,book-paper
_nut_and_bolt_,5,🔩,nut and bolt,Objects,tool
_ringed_planet_,5,🪐,ringed planet,Travel & Places,sky & weather
_man_in_lotus_position_,5,🧘‍♂️,man in lotus position,People & Body,person-resting
_floppy_disk_,5,💾,floppy disk,Objects,computer
_person_blond_hair_,5,👱,person: blond hair,People & Body,person
_three-thirty_,5,🕞,three-thirty,Travel & Places,time
_bell_with_slash_,5,🔕,bell with slash,Objects,sound
_oncoming_fist_dark_skin_tone_,5,👊🏿,oncoming fist: dark skin tone,People & Body,hand-fingers-closed
_raising_hands_medium_skin_tone_,5,🙌🏽,raising hands: medium skin tone,People & Body,hands
_rolled-up_newspaper_,5,🗞️,rolled-up newspaper,Objects,book-paper
_fox_,5,🦊,fox,Animals & Nature,animal-mammal
_card_index_dividers_,5,🗂️,card index dividers,Objects,office
_foot_,5,🦶,foot,People & Body,body-parts
_backhand_index_pointing_left_medium-dark_skin_tone_,5,👈🏾,backhand index pointing left: medium-dark skin tone,People & Body,hand-single-finger
_BACK_arrow_,5,🔙,BACK arrow,Symbols,arrow
_crossed_fingers_medium_skin_tone_,5,🤞🏽,crossed fingers: medium skin tone,People & Body,hand-fingers-partial
_SOON_arrow_,5,🔜,SOON arrow,Symbols,arrow
_hammer_and_wrench_,5,🛠️,hammer and wrench,Objects,tool
_person_getting_massage_light_skin_tone_,5,💆🏻,person getting massage: light skin tone,People & Body,person-activity
_skis_,5,🎿,skis,Activities,sport
_man_gesturing_NO_light_skin_tone_,5,🙅🏻‍♂️,man gesturing NO: light skin tone,People & Body,person-gesture
_Azerbaijan_,5,🇦🇿,flag: Azerbaijan,Flags,country-flag
_custard_,5,🍮,custard,Food & Drink,food-sweet
_person_facepalming_medium-light_skin_tone_,5,🤦🏼,person facepalming: medium-light skin tone,People & Body,person-gesture
_castle_,5,🏰,castle,Travel & Places,place-building
_hot_springs_,5,♨️,hot springs,Travel & Places,place-other
_satellite_,5,🛰️,satellite,Travel & Places,transport-air
_houses_,5,🏘️,houses,Travel & Places,place-building
_peanuts_,5,🥜,peanuts,Food & Drink,food-vegetable
_call_me_hand_medium-dark_skin_tone_,5,🤙🏾,call me hand: medium-dark skin tone,People & Body,hand-fingers-partial
_person_,5,🧑,person,People & Body,person
_tennis_,5,🎾,tennis,Activities,sport
_men_holding_hands_,5,👬,men holding hands,People & Body,family
_oncoming_fist_medium-dark_skin_tone_,5,👊🏾,oncoming fist: medium-dark skin tone,People & Body,hand-fingers-closed
_woman_dancing_medium-dark_skin_tone_,5,💃🏾,woman dancing: medium-dark skin tone,People & Body,person-activity
_pie_,5,🥧,pie,Food & Drink,food-sweet
_club_suit_,5,♣️,club suit,Activities,game
_woman_dark_skin_tone_,5,👩🏿,woman: dark skin tone,People & Body,person
_mermaid_light_skin_tone_,5,🧜🏻‍♀️,mermaid: light skin tone,People & Body,person-fantasy
_clutch_bag_,5,👝,clutch bag,Objects,clothing
_man_scientist_medium-light_skin_tone_,5,👨🏼‍🔬,man scientist: medium-light skin tone,People & Body,person-role
_man_running_light_skin_tone_,5,🏃🏻‍♂️,man running: light skin tone,People & Body,person-activity
_woman_mage_light_skin_tone_,5,🧙🏻‍♀️,woman mage: light skin tone,People & Body,person-fantasy
_family_woman_boy_,5,👩‍👦,"family: woman, boy",People & Body,family
_Japanese_dolls_,5,🎎,Japanese dolls,Activities,event
_Italy_,5,🇮🇹,flag: Italy,Flags,country-flag
_sun_behind_cloud_,5,⛅,sun behind cloud,Travel & Places,sky & weather
_open_mailbox_with_raised_flag_,5,📬,open mailbox with raised flag,Objects,mail
_bread_,5,🍞,bread,Food & Drink,food-prepared
_zombie_,5,🧟,zombie,People & Body,person-fantasy
_pick_,5,⛏️,pick,Objects,tool
_woman_dancing_dark_skin_tone_,5,💃🏿,woman dancing: dark skin tone,People & Body,person-activity
_kiss_woman_woman_,5,👩‍❤️‍💋‍👩,"kiss: woman, woman",People & Body,family
_parrot_,5,🦜,parrot,Animals & Nature,animal-bird
_dim_button_,5,🔅,dim button,Symbols,av-symbol
_goggles_,5,🥽,goggles,Objects,clothing
_spade_suit_,5,♠️,spade suit,Activities,game
_running_shirt_,5,🎽,running shirt,Activities,sport
_person_surfing_,5,🏄,person surfing,People & Body,person-sport
_bus_,5,🚌,bus,Travel & Places,transport-ground
_woman_cook_,5,👩‍🍳,woman cook,People & Body,person-role
_railway_track_,5,🛤️,railway track,Travel & Places,transport-ground
_dolphin_,5,🐬,dolphin,Animals & Nature,animal-marine
_man_police_officer_light_skin_tone_,5,👮🏻‍♂️,man police officer: light skin tone,People & Body,person-role
_cow_,5,🐄,cow,Animals & Nature,animal-mammal
_puzzle_piece_,5,🧩,puzzle piece,Activities,game
_drop_of_blood_,5,🩸,drop of blood,Objects,medical
_person_walking_light_skin_tone_,5,🚶🏻,person walking: light skin tone,People & Body,person-activity
_TOP_arrow_,5,🔝,TOP arrow,Symbols,arrow
_printer_,5,🖨️,printer,Objects,computer
_sign_of_the_horns_medium_skin_tone_,4,🤘🏽,sign of the horns: medium skin tone,People & Body,hand-fingers-partial
_sign_of_the_horns_medium-dark_skin_tone_,4,🤘🏾,sign of the horns: medium-dark skin tone,People & Body,hand-fingers-partial
_credit_card_,4,💳,credit card,Objects,money
_counterclockwise_arrows_button_,4,🔄,counterclockwise arrows button,Symbols,arrow
_page_facing_up_,4,📄,page facing up,Objects,book-paper
_shinto_shrine_,4,⛩️,shinto shrine,Travel & Places,place-religious
_giraffe_,4,🦒,giraffe,Animals & Nature,animal-mammal
_fuel_pump_,4,⛽,fuel pump,Travel & Places,transport-ground
_steaming_bowl_,4,🍜,steaming bowl,Food & Drink,food-asian
_cityscape_at_dusk_,4,🌆,cityscape at dusk,Travel & Places,place-other
_crossed_fingers_medium-light_skin_tone_,4,🤞🏼,crossed fingers: medium-light skin tone,People & Body,hand-fingers-partial
_biohazard_,4,☣️,biohazard,Symbols,warning
_ferris_wheel_,4,🎡,ferris wheel,Travel & Places,place-other
_bubble_tea_,4,🧋,bubble tea,Food & Drink,drink
_down-right_arrow_,4,↘️,down-right arrow,Symbols,arrow
_broom_,4,🧹,broom,Objects,household
_dvd_,4,📀,dvd,Objects,computer
_person_with_veil_medium-light_skin_tone_,4,👰🏼,person with veil: medium-light skin tone,People & Body,person-role
_pig_,4,🐖,pig,Animals & Nature,animal-mammal
_prince_light_skin_tone_,4,🤴🏻,prince: light skin tone,People & Body,person-role
_pretzel_,4,🥨,pretzel,Food & Drink,food-prepared
_stuffed_flatbread_,4,🥙,stuffed flatbread,Food & Drink,food-prepared
_spouting_whale_,4,🐳,spouting whale,Animals & Nature,animal-marine
_pound_banknote_,4,💷,pound banknote,Objects,money
_straight_ruler_,4,📏,straight ruler,Objects,office
_post_office_,4,🏤,post office,Travel & Places,place-building
_billed_cap_,4,🧢,billed cap,Objects,clothing
_person_running_light_skin_tone_,4,🏃🏻,person running: light skin tone,People & Body,person-activity
_diamond_suit_,4,♦️,diamond suit,Activities,game
_person_golfing_,4,🏌️,person golfing,People & Body,person-sport
_person_gesturing_NO_light_skin_tone_,4,🙅🏻,person gesturing NO: light skin tone,People & Body,person-gesture
_roasted_sweet_potato_,4,🍠,roasted sweet potato,Food & Drink,food-asian
_person_gesturing_NO_medium-light_skin_tone_,4,🙅🏼,person gesturing NO: medium-light skin tone,People & Body,person-gesture
_right_arrow_curving_left_,4,↩️,right arrow curving left,Symbols,arrow
_person_getting_massage_medium-light_skin_tone_,4,💆🏼,person getting massage: medium-light skin tone,People & Body,person-activity
_curry_rice_,4,🍛,curry rice,Food & Drink,food-asian
_repeat_button_,4,🔁,repeat button,Symbols,av-symbol
_detective_medium-light_skin_tone_,4,🕵🏼,detective: medium-light skin tone,People & Body,person-role
_carousel_horse_,4,🎠,carousel horse,Travel & Places,place-other
_red_triangle_pointed_up_,4,🔺,red triangle pointed up,Symbols,geometric
_tiger_,4,🐅,tiger,Animals & Nature,animal-mammal
_ballot_box_with_ballot_,4,🗳️,ballot box with ballot,Objects,mail
_razor_,4,🪒,razor,Objects,household
_first_quarter_moon_,4,🌓,first quarter moon,Travel & Places,sky & weather
_ox_,4,🐂,ox,Animals & Nature,animal-mammal
_palms_up_together_medium_skin_tone_,4,🤲🏽,palms up together: medium skin tone,People & Body,hands
_woman_singer_light_skin_tone_,4,👩🏻‍🎤,woman singer: light skin tone,People & Body,person-role
_octopus_,4,🐙,octopus,Animals & Nature,animal-marine
_woman_gesturing_OK_medium-light_skin_tone_,4,🙆🏼‍♀️,woman gesturing OK: medium-light skin tone,People & Body,person-gesture
_incoming_envelope_,4,📨,incoming envelope,Objects,mail
_man_tipping_hand_medium-light_skin_tone_,4,💁🏼‍♂️,man tipping hand: medium-light skin tone,People & Body,person-gesture
_man_tipping_hand_,4,💁‍♂️,man tipping hand,People & Body,person-gesture
_woman_health_worker_light_skin_tone_,4,👩🏻‍⚕️,woman health worker: light skin tone,People & Body,person-role
_ice_,4,🧊,ice,Food & Drink,drink
_man_teacher_,4,👨‍🏫,man teacher,People & Body,person-role
_woman_in_lotus_position_light_skin_tone_,4,🧘🏻‍♀️,woman in lotus position: light skin tone,People & Body,person-resting
_man_swimming_,4,🏊‍♂️,man swimming,People & Body,person-sport
_woman_in_lotus_position_medium-light_skin_tone_,4,🧘🏼‍♀️,woman in lotus position: medium-light skin tone,People & Body,person-resting
_Belgium_,4,🇧🇪,flag: Belgium,Flags,country-flag
_man_facepalming_dark_skin_tone_,4,🤦🏿‍♂️,man facepalming: dark skin tone,People & Body,person-gesture
_no_littering_,4,🚯,no littering,Symbols,warning
_woman_in_steamy_room_medium-light_skin_tone_,4,🧖🏼‍♀️,woman in steamy room: medium-light skin tone,People & Body,person-activity
_woman_juggling_,4,🤹‍♀️,woman juggling,People & Body,person-sport
_no_smoking_,4,🚭,no smoking,Symbols,warning
_man_health_worker_light_skin_tone_,4,👨🏻‍⚕️,man health worker: light skin tone,People & Body,person-role
_man_scientist_,4,👨‍🔬,man scientist,People & Body,person-role
_yellow_circle_,4,🟡,yellow circle,Symbols,geometric
_magic_wand_,4,🪄,magic wand,Activities,game
_woman_technologist_medium-light_skin_tone_,4,👩🏼‍💻,woman technologist: medium-light skin tone,People & Body,person-role
_woman_frowning_light_skin_tone_,4,🙍🏻‍♀️,woman frowning: light skin tone,People & Body,person-gesture
_woman_tipping_hand_medium_skin_tone_,4,💁🏽‍♀️,woman tipping hand: medium skin tone,People & Body,person-gesture
_man_genie_,4,🧞‍♂️,man genie,People & Body,person-fantasy
_minus_,4,➖,minus,Symbols,math
_woman_construction_worker_,4,👷‍♀️,woman construction worker,People & Body,person-role
_man_gesturing_OK_,4,🙆‍♂️,man gesturing OK,People & Body,person-gesture
_woman_cook_light_skin_tone_,4,👩🏻‍🍳,woman cook: light skin tone,People & Body,person-role
_woman_bowing_medium-light_skin_tone_,4,🙇🏼‍♀️,woman bowing: medium-light skin tone,People & Body,person-gesture
_woman_curly_hair_,4,👩‍🦱,woman: curly hair,People & Body,person
_woman_bouncing_ball_,4,⛹️‍♀️,woman bouncing ball,People & Body,person-sport
_love_hotel_,4,🏩,love hotel,Travel & Places,place-building
_man_fairy_light_skin_tone_,4,🧚🏻‍♂️,man fairy: light skin tone,People & Body,person-fantasy
_woman_artist_,4,👩‍🎨,woman artist,People & Body,person-role
_motor_boat_,4,🛥️,motor boat,Travel & Places,transport-water
_woman_detective_medium-light_skin_tone_,4,🕵🏼‍♀️,woman detective: medium-light skin tone,People & Body,person-role
_keyboard_,4,⌨️,keyboard,Objects,computer
_kaaba_,4,🕋,kaaba,Travel & Places,place-religious
_last_quarter_moon_,4,🌗,last quarter moon,Travel & Places,sky & weather
_joker_,4,🃏,joker,Activities,game
_woman_facepalming_dark_skin_tone_,4,🤦🏿‍♀️,woman facepalming: dark skin tone,People & Body,person-gesture
_notebook_,4,📓,notebook,Objects,book-paper
_no_pedestrians_,4,🚷,no pedestrians,Symbols,warning
_man_bowing_light_skin_tone_,4,🙇🏻‍♂️,man bowing: light skin tone,People & Body,person-gesture
_woman_police_officer_light_skin_tone_,4,👮🏻‍♀️,woman police officer: light skin tone,People & Body,person-role
_hammer_and_pick_,4,⚒️,hammer and pick,Objects,tool
_onion_,4,🧅,onion,Food & Drink,food-vegetable
_man_police_officer_,4,👮‍♂️,man police officer,People & Body,person-role
_T-Rex_,4,🦖,T-Rex,Animals & Nature,animal-reptile
_man_office_worker_,4,👨‍💼,man office worker,People & Body,person-role
_man_medium-dark_skin_tone_,4,👨🏾,man: medium-dark skin tone,People & Body,person
_man_pouting_light_skin_tone_,4,🙎🏻‍♂️,man pouting: light skin tone,People & Body,person-gesture
_woman_medium-dark_skin_tone_,4,👩🏾,woman: medium-dark skin tone,People & Body,person
_woman_shrugging_medium-dark_skin_tone_,4,🤷🏾‍♀️,woman shrugging: medium-dark skin tone,People & Body,person-gesture
_open_hands_medium-light_skin_tone_,4,👐🏼,open hands: medium-light skin tone,People & Body,hands
_vulcan_salute_light_skin_tone_,4,🖖🏻,vulcan salute: light skin tone,People & Body,hand-fingers-open
_guide_dog_,4,🦮,guide dog,Animals & Nature,animal-mammal
_woman_medium-light_skin_tone_blond_hair_,4,👱🏼‍♀️,"woman: medium-light skin tone, blond hair",People & Body,person
_older_person_,4,🧓,older person,People & Body,person
_oden_,4,🍢,oden,Food & Drink,food-asian
_2nd_place_medal_,4,🥈,2nd place medal,Activities,award-medal
_family_woman_boy_boy_,3,👩‍👦‍👦,"family: woman, boy, boy",People & Body,family
_record_button_,3,⏺️,record button,Symbols,av-symbol
_woman_elf_medium-light_skin_tone_,3,🧝🏼‍♀️,woman elf: medium-light skin tone,People & Body,person-fantasy
_bone_,3,🦴,bone,People & Body,body-parts
_man_playing_handball_,3,🤾‍♂️,man playing handball,People & Body,person-sport
_sun_behind_rain_cloud_,3,🌦️,sun behind rain cloud,Travel & Places,sky & weather
_woman_red_hair_,3,👩‍🦰,woman: red hair,People & Body,person
_woman_detective_medium_skin_tone_,3,🕵🏽‍♀️,woman detective: medium skin tone,People & Body,person-role
_man_running_medium-light_skin_tone_,3,🏃🏼‍♂️,man running: medium-light skin tone,People & Body,person-activity
_boar_,3,🐗,boar,Animals & Nature,animal-mammal
_man_medium_skin_tone_,3,👨🏽,man: medium skin tone,People & Body,person
_left-facing_fist_medium-light_skin_tone_,3,🤛🏼,left-facing fist: medium-light skin tone,People & Body,hand-fingers-closed
_man_medium-light_skin_tone_blond_hair_,3,👱🏼‍♂️,"man: medium-light skin tone, blond hair",People & Body,person
_rat_,3,🐀,rat,Animals & Nature,animal-mammal
_man_medium-light_skin_tone_,3,👨🏼,man: medium-light skin tone,People & Body,person
_metro_,3,🚇,metro,Travel & Places,transport-ground
_divide_,3,➗,divide,Symbols,math
_END_arrow_,3,🔚,END arrow,Symbols,arrow
_koala_,3,🐨,koala,Animals & Nature,animal-mammal
_child_,3,🧒,child,People & Body,person
_raised_hand_medium_skin_tone_,3,✋🏽,raised hand: medium skin tone,People & Body,hand-fingers-open
_ram_,3,🐏,ram,Animals & Nature,animal-mammal
_call_me_hand_dark_skin_tone_,3,🤙🏿,call me hand: dark skin tone,People & Body,hand-fingers-partial
_speaker_low_volume_,3,🔈,speaker low volume,Objects,sound
_man_getting_massage_light_skin_tone_,3,💆🏻‍♂️,man getting massage: light skin tone,People & Body,person-activity
_family_man_woman_girl_,3,👨‍👩‍👧,"family: man, woman, girl",People & Body,family
_chains_,3,⛓️,chains,Objects,tool
_e-mail_,3,📧,e-mail,Objects,mail
_sponge_,3,🧽,sponge,Objects,household
_man_shrugging_medium-dark_skin_tone_,3,🤷🏾‍♂️,man shrugging: medium-dark skin tone,People & Body,person-gesture
_woman_medium_skin_tone_,3,👩🏽,woman: medium skin tone,People & Body,person
_love-you_gesture_medium_skin_tone_,3,🤟🏽,love-you gesture: medium skin tone,People & Body,hand-fingers-partial
_man_student_light_skin_tone_,3,👨🏻‍🎓,man student: light skin tone,People & Body,person-role
_eight-pointed_star_,3,✴️,eight-pointed star,Symbols,other-symbol
_man_guard_,3,💂‍♂️,man guard,People & Body,person-role
_woman_mountain_biking_,3,🚵‍♀️,woman mountain biking,People & Body,person-sport
_cut_of_meat_,3,🥩,cut of meat,Food & Drink,food-prepared
_woman_teacher_,3,👩‍🏫,woman teacher,People & Body,person-role
_t-shirt_,3,👕,t-shirt,Objects,clothing
_squid_,3,🦑,squid,Food & Drink,food-marine
_duck_,3,🦆,duck,Animals & Nature,animal-bird
_man_raising_hand_dark_skin_tone_,3,🙋🏿‍♂️,man raising hand: dark skin tone,People & Body,person-gesture
_woman_playing_handball_medium-light_skin_tone_,3,🤾🏼‍♀️,woman playing handball: medium-light skin tone,People & Body,person-sport
_boy_medium_skin_tone_,3,👦🏽,boy: medium skin tone,People & Body,person
_woman_swimming_medium-light_skin_tone_,3,🏊🏼‍♀️,woman swimming: medium-light skin tone,People & Body,person-sport
_poodle_,3,🐩,poodle,Animals & Nature,animal-mammal
_station_,3,🚉,station,Travel & Places,transport-ground
_woman_health_worker_medium-light_skin_tone_,3,👩🏼‍⚕️,woman health worker: medium-light skin tone,People & Body,person-role
_woman_pouting_light_skin_tone_,3,🙎🏻‍♀️,woman pouting: light skin tone,People & Body,person-gesture
_left_arrow_curving_right_,3,↪️,left arrow curving right,Symbols,arrow
_railway_car_,3,🚃,railway car,Travel & Places,transport-ground
_play_or_pause_button_,3,⏯️,play or pause button,Symbols,av-symbol
_stethoscope_,3,🩺,stethoscope,Objects,medical
_France_,3,🇫🇷,flag: France,Flags,country-flag
_family_man_girl_boy_,3,👨‍👧‍👦,"family: man, girl, boy",People & Body,family
_woman_surfing_,3,🏄‍♀️,woman surfing,People & Body,person-sport
_blowfish_,3,🐡,blowfish,Animals & Nature,animal-marine
_Ukraine_,3,🇺🇦,flag: Ukraine,Flags,country-flag
_chipmunk_,3,🐿️,chipmunk,Animals & Nature,animal-mammal
_triangular_flag_,3,🚩,triangular flag,Flags,flag
_anger_symbol_,3,💢,anger symbol,Smileys & Emotion,emotion
_hamster_,3,🐹,hamster,Animals & Nature,animal-mammal
_man_biking_light_skin_tone_,3,🚴🏻‍♂️,man biking: light skin tone,People & Body,person-sport
_baby_angel_light_skin_tone_,3,👼🏻,baby angel: light skin tone,People & Body,person-fantasy
_sandwich_,3,🥪,sandwich,Food & Drink,food-prepared
_transgender_symbol_,3,⚧️,transgender symbol,Symbols,gender
_old_woman_medium-light_skin_tone_,3,👵🏼,old woman: medium-light skin tone,People & Body,person
_nose_,3,👃,nose,People & Body,body-parts
_sake_,3,🍶,sake,Food & Drink,drink
_small_airplane_,3,🛩️,small airplane,Travel & Places,transport-air
_person_frowning_medium-light_skin_tone_,3,🙍🏼,person frowning: medium-light skin tone,People & Body,person-gesture
_man_detective_medium-light_skin_tone_,3,🕵🏼‍♂️,man detective: medium-light skin tone,People & Body,person-role
_backhand_index_pointing_down_medium_skin_tone_,3,👇🏽,backhand index pointing down: medium skin tone,People & Body,hand-single-finger
_man_facepalming_medium-dark_skin_tone_,3,🤦🏾‍♂️,man facepalming: medium-dark skin tone,People & Body,person-gesture
_old_man_light_skin_tone_,3,👴🏻,old man: light skin tone,People & Body,person
_man_construction_worker_,3,👷‍♂️,man construction worker,People & Body,person-role
_waxing_crescent_moon_,3,🌒,waxing crescent moon,Travel & Places,sky & weather
_funeral_urn_,3,⚱️,funeral urn,Objects,other-object
_Tokyo_tower_,3,🗼,Tokyo tower,Travel & Places,place-building
_orange_book_,3,📙,orange book,Objects,book-paper
_open_hands_light_skin_tone_,3,👐🏻,open hands: light skin tone,People & Body,hands
_videocassette_,3,📼,videocassette,Objects,light & video
_garlic_,3,🧄,garlic,Food & Drink,food-vegetable
_girl_medium_skin_tone_,3,👧🏽,girl: medium skin tone,People & Body,person
_man_cartwheeling_medium-light_skin_tone_,3,🤸🏼‍♂️,man cartwheeling: medium-light skin tone,People & Body,person-sport
_paperclip_,3,📎,paperclip,Objects,office
_peacock_,3,🦚,peacock,Animals & Nature,animal-bird
_upwards_button_,3,🔼,upwards button,Symbols,av-symbol
_couple_with_heart_man_man_,3,👨‍❤️‍👨,"couple with heart: man, man",People & Body,family
_oncoming_bus_,3,🚍,oncoming bus,Travel & Places,transport-ground
_zebra_,3,🦓,zebra,Animals & Nature,animal-mammal
_scroll_,3,📜,scroll,Objects,book-paper
_peace_symbol_,3,☮️,peace symbol,Symbols,religion
_Sudan_,3,🇸🇩,flag: Sudan,Flags,country-flag
_wavy_dash_,3,〰️,wavy dash,Symbols,punctuation
_crab_,3,🦀,crab,Food & Drink,food-marine
_crocodile_,3,🐊,crocodile,Animals & Nature,animal-reptile
_person_running_medium-light_skin_tone_,3,🏃🏼,person running: medium-light skin tone,People & Body,person-activity
_wind_chime_,3,🎐,wind chime,Activities,event
_chopsticks_,3,🥢,chopsticks,Food & Drink,dishware
_man_frowning_light_skin_tone_,3,🙍🏻‍♂️,man frowning: light skin tone,People & Body,person-gesture
_Mexico_,3,🇲🇽,flag: Mexico,Flags,country-flag
_file_folder_,3,📁,file folder,Objects,office
_ten-thirty_,3,🕥,ten-thirty,Travel & Places,time
_motorway_,3,🛣️,motorway,Travel & Places,transport-ground
_file_cabinet_,3,🗄️,file cabinet,Objects,office
_barber_pole_,3,💈,barber pole,Travel & Places,place-other
_woman_artist_light_skin_tone_,3,👩🏻‍🎨,woman artist: light skin tone,People & Body,person-role
_woman_blond_hair_,3,👱‍♀️,woman: blond hair,People & Body,person
_woman_student_light_skin_tone_,3,👩🏻‍🎓,woman student: light skin tone,People & Body,person-role
_slot_machine_,3,🎰,slot machine,Activities,game
_keycap_8_,3,8️⃣,keycap: 8,Symbols,keycap
_curly_loop_,3,➰,curly loop,Symbols,other-symbol
_sloth_,3,🦥,sloth,Animals & Nature,animal-mammal
_person_mountain_biking_,3,🚵,person mountain biking,People & Body,person-sport
_teapot_,3,🫖,teapot,Food & Drink,drink
_white_medium_square_,3,◻️,white medium square,Symbols,geometric
_nail_polish_medium_skin_tone_,3,💅🏽,nail polish: medium skin tone,People & Body,hand-prop
_ice_skate_,3,⛸️,ice skate,Activities,sport
_person_juggling_,3,🤹,person juggling,People & Body,person-sport
_ticket_,3,🎫,ticket,Activities,event
_baggage_claim_,3,🛄,baggage claim,Symbols,transport-sign
_ice_hockey_,3,🏒,ice hockey,Activities,sport
_roller_coaster_,3,🎢,roller coaster,Travel & Places,place-other
_cross_mark_button_,3,❎,cross mark button,Symbols,other-symbol
_computer_mouse_,2,🖱️,computer mouse,Objects,computer
_control_knobs_,2,🎛️,control knobs,Objects,music
_carp_streamer_,2,🎏,carp streamer,Activities,event
_woman_supervillain_,2,🦹‍♀️,woman supervillain,People & Body,person-fantasy
_Cancer_,2,♋,Cancer,Symbols,zodiac
_cinema_,2,🎦,cinema,Symbols,av-symbol
_circled_M_,2,Ⓜ️,circled M,Symbols,alphanum
_Croatia_,2,🇭🇷,flag: Croatia,Flags,country-flag
_compass_,2,🧭,compass,Travel & Places,place-map
_Aquarius_,2,♒,Aquarius,Symbols,zodiac
_Argentina_,2,🇦🇷,flag: Argentina,Flags,country-flag
_six-thirty_,2,🕡,six-thirty,Travel & Places,time
_card_file_box_,2,🗃️,card file box,Objects,office
_chess_pawn_,2,♟️,chess pawn,Activities,game
_woman_teacher_light_skin_tone_,2,👩🏻‍🏫,woman teacher: light skin tone,People & Body,person-role
_church_,2,⛪,church,Travel & Places,place-religious
_yin_yang_,2,☯️,yin yang,Symbols,religion
_COOL_button_,2,🆒,COOL button,Symbols,alphanum
_3rd_place_medal_,2,🥉,3rd place medal,Activities,award-medal
_chart_decreasing_,2,📉,chart decreasing,Objects,office
_writing_hand_medium-dark_skin_tone_,2,✍🏾,writing hand: medium-dark skin tone,People & Body,hand-prop
_China_,2,🇨🇳,flag: China,Flags,country-flag
_women_wrestling_,2,🤼‍♀️,women wrestling,People & Body,person-sport
_canned_food_,2,🥫,canned food,Food & Drink,food-prepared
_sign_of_the_horns_dark_skin_tone_,2,🤘🏿,sign of the horns: dark skin tone,People & Body,hand-fingers-partial
_closed_mailbox_with_raised_flag_,2,📫,closed mailbox with raised flag,Objects,mail
_Canada_,2,🇨🇦,flag: Canada,Flags,country-flag
_woman_vampire_,2,🧛‍♀️,woman vampire,People & Body,person-fantasy
_Colombia_,2,🇨🇴,flag: Colombia,Flags,country-flag
_camel_,2,🐪,camel,Animals & Nature,animal-mammal
_stop_sign_,2,🛑,stop sign,Travel & Places,transport-ground
_Denmark_,2,🇩🇰,flag: Denmark,Flags,country-flag
_Sagittarius_,2,♐,Sagittarius,Symbols,zodiac
_train_,2,🚆,train,Travel & Places,transport-ground
_trackball_,2,🖲️,trackball,Objects,computer
_Santa_Claus_medium-light_skin_tone_,2,🎅🏼,Santa Claus: medium-light skin tone,People & Body,person-fantasy
_baby_symbol_,2,🚼,baby symbol,Symbols,transport-sign
_Santa_Claus_light_skin_tone_,2,🎅🏻,Santa Claus: light skin tone,People & Body,person-fantasy
_toolbox_,2,🧰,toolbox,Objects,tool
_waving_hand_dark_skin_tone_,2,👋🏿,waving hand: dark skin tone,People & Body,hand-fingers-open
_Russia_,2,🇷🇺,flag: Russia,Flags,country-flag
_thermometer_,2,🌡️,thermometer,Travel & Places,sky & weather
_whale_,2,🐋,whale,Animals & Nature,animal-marine
_Oman_,2,🇴🇲,flag: Oman,Flags,country-flag
_white_medium-small_square_,2,◽,white medium-small square,Symbols,geometric
_OK_button_,2,🆗,OK button,Symbols,alphanum
_white_small_square_,2,▫️,white small square,Symbols,geometric
_baseball_,2,⚾,baseball,Activities,sport
_white_square_button_,2,🔳,white square button,Symbols,geometric
_triangular_ruler_,2,📐,triangular ruler,Objects,office
_Scorpio_,2,♏,Scorpio,Symbols,zodiac
_Scotland_,2,🏴󠁧󠁢󠁳󠁣󠁴󠁿,flag: Scotland,Flags,subdivision-flag
_axe_,2,🪓,axe,Objects,tool
_Taurus_,2,♉,Taurus,Symbols,zodiac
_vibration_mode_,2,📳,vibration mode,Symbols,av-symbol
_convenience_store_,2,🏪,convenience store,Travel & Places,place-building
_vampire_,2,🧛,vampire,People & Body,person-fantasy
_Virgo_,2,♍,Virgo,Symbols,zodiac
_Sweden_,2,🇸🇪,flag: Sweden,Flags,country-flag
_up-right_arrow_,2,↗️,up-right arrow,Symbols,arrow
_up-left_arrow_,2,↖️,up-left arrow,Symbols,arrow
_vulcan_salute_medium_skin_tone_,2,🖖🏽,vulcan salute: medium skin tone,People & Body,hand-fingers-open
_up-down_arrow_,2,↕️,up-down arrow,Symbols,arrow
_unlocked_,2,🔓,unlocked,Objects,lock
_amphora_,2,🏺,amphora,Food & Drink,dishware
_two-hump_camel_,2,🐫,two-hump camel,Animals & Nature,animal-mammal
_twelve-thirty_,2,🕧,twelve-thirty,Travel & Places,time
_ant_,2,🐜,ant,Animals & Nature,animal-bug
_Norway_,2,🇳🇴,flag: Norway,Flags,country-flag
_bento_box_,2,🍱,bento box,Food & Drink,food-asian
_butter_,2,🧈,butter,Food & Drink,food-prepared
_breast-feeding_medium-light_skin_tone_,2,🤱🏼,breast-feeding: medium-light skin tone,People & Body,person-role
_woman_kneeling_medium-light_skin_tone_,2,🧎🏼‍♀️,woman kneeling: medium-light skin tone,People & Body,person-activity
_woman_lifting_weights_,2,🏋️‍♀️,woman lifting weights,People & Body,person-sport
_breast-feeding_,2,🤱,breast-feeding,People & Body,person-role
_Israel_,2,🇮🇱,flag: Israel,Flags,country-flag
_woman_light_skin_tone_white_hair_,2,👩🏻‍🦳,"woman: light skin tone, white hair",People & Body,person
_woman_mechanic_,2,👩‍🔧,woman mechanic,People & Body,person-role
_woman_mechanic_light_skin_tone_,2,👩🏻‍🔧,woman mechanic: light skin tone,People & Body,person-role
_woman_office_worker_light_skin_tone_,2,👩🏻‍💼,woman office worker: light skin tone,People & Body,person-role
_Netherlands_,2,🇳🇱,flag: Netherlands,Flags,country-flag
_woman_office_worker_medium-light_skin_tone_,2,👩🏼‍💼,woman office worker: medium-light skin tone,People & Body,person-role
_speedboat_,2,🚤,speedboat,Travel & Places,transport-water
_Gemini_,2,♊,Gemini,Symbols,zodiac
_speaker_medium_volume_,2,🔉,speaker medium volume,Objects,sound
_building_construction_,2,🏗️,building construction,Travel & Places,place-building
_burrito_,2,🌯,burrito,Food & Drink,food-prepared
_woman_scientist_light_skin_tone_,2,👩🏻‍🔬,woman scientist: light skin tone,People & Body,person-role
_boy_medium-dark_skin_tone_,2,👦🏾,boy: medium-dark skin tone,People & Body,person
_UP!_button_,2,🆙,UP! button,Symbols,alphanum
_woman_gesturing_NO_medium-dark_skin_tone_,2,🙅🏾‍♀️,woman gesturing NO: medium-dark skin tone,People & Body,person-gesture
_Japanese_castle_,2,🏯,Japanese castle,Travel & Places,place-building
_tent_,2,⛺,tent,Travel & Places,place-other
_NEW_button_,2,🆕,NEW button,Symbols,alphanum
_woman_astronaut_,2,👩‍🚀,woman astronaut,People & Body,person-role
_black_medium-small_square_,2,◾,black medium-small square,Symbols,geometric
_black_nib_,2,✒️,black nib,Objects,writing
_woman_bowing_medium_skin_tone_,2,🙇🏽‍♀️,woman bowing: medium skin tone,People & Body,person-gesture
_Japanese_symbol_for_beginner_,2,🔰,Japanese symbol for beginner,Symbols,other-symbol
_woman_cartwheeling_medium_skin_tone_,2,🤸🏽‍♀️,woman cartwheeling: medium skin tone,People & Body,person-sport
_takeout_box_,2,🥡,takeout box,Food & Drink,food-asian
_sushi_,2,🍣,sushi,Food & Drink,food-asian
_woman_construction_worker_light_skin_tone_,2,👷🏻‍♀️,woman construction worker: light skin tone,People & Body,person-role
_woman_cook_medium-light_skin_tone_,2,👩🏼‍🍳,woman cook: medium-light skin tone,People & Body,person-role
_Japanese_prohibited_button_,2,🈲,Japanese “prohibited” button,Symbols,alphanum
_woman_elf_medium_skin_tone_,2,🧝🏽‍♀️,woman elf: medium skin tone,People & Body,person-fantasy
_woman_frowning_medium-light_skin_tone_,2,🙍🏼‍♀️,woman frowning: medium-light skin tone,People & Body,person-gesture
_shark_,2,🦈,shark,Animals & Nature,animal-marine
_right-facing_fist_medium-light_skin_tone_,2,🤜🏼,right-facing fist: medium-light skin tone,People & Body,hand-fingers-closed
_raising_hands_medium-dark_skin_tone_,2,🙌🏾,raising hands: medium-dark skin tone,People & Body,hands
_green_book_,2,📗,green book,Objects,book-paper
_eleven-thirty_,2,🕦,eleven-thirty,Travel & Places,time
_om_,2,🕉️,om,Symbols,religion
_man_surfing_,2,🏄‍♂️,man surfing,People & Body,person-sport
_linked_paperclips_,2,🖇️,linked paperclips,Objects,office
_fog_,2,🌫️,fog,Travel & Places,sky & weather
_prince_medium-light_skin_tone_,2,🤴🏼,prince: medium-light skin tone,People & Body,person-role
_person_playing_handball_,2,🤾,person playing handball,People & Body,person-sport
_left-right_arrow_,2,↔️,left-right arrow,Symbols,arrow
_princess_medium_skin_tone_,2,👸🏽,princess: medium skin tone,People & Body,person-role
_man_scientist_light_skin_tone_,2,👨🏻‍🔬,man scientist: light skin tone,People & Body,person-role
_dumpling_,2,🥟,dumpling,Food & Drink,food-asian
_man_lifting_weights_,2,🏋️‍♂️,man lifting weights,People & Body,person-sport
_downwards_button_,2,🔽,downwards button,Symbols,av-symbol
_down-left_arrow_,2,↙️,down-left arrow,Symbols,arrow
_person_biking_dark_skin_tone_,2,🚴🏿,person biking: dark skin tone,People & Body,person-sport
_door_,2,🚪,door,Objects,household
_raised_back_of_hand_medium_skin_tone_,2,🤚🏽,raised back of hand: medium skin tone,People & Body,hand-fingers-open
_raised_fist_dark_skin_tone_,2,✊🏿,raised fist: dark skin tone,People & Body,hand-fingers-closed
_nose_light_skin_tone_,2,👃🏻,nose: light skin tone,People & Body,body-parts
_man_shrugging_dark_skin_tone_,2,🤷🏿‍♂️,man shrugging: dark skin tone,People & Body,person-gesture
_raised_fist_medium-light_skin_tone_,2,✊🏼,raised fist: medium-light skin tone,People & Body,hand-fingers-closed
_man_in_lotus_position_medium_skin_tone_,2,🧘🏽‍♂️,man in lotus position: medium skin tone,People & Body,person-resting
_person_light_skin_tone_blond_hair_,2,👱🏻,"person: light skin tone, blond hair",People & Body,person
_no_bicycles_,2,🚳,no bicycles,Symbols,warning
_man_light_skin_tone_blond_hair_,2,👱🏻‍♂️,"man: light skin tone, blond hair",People & Body,person
_man_light_skin_tone_red_hair_,2,👨🏻‍🦰,"man: light skin tone, red hair",People & Body,person
_man_light_skin_tone_white_hair_,2,👨🏻‍🦳,"man: light skin tone, white hair",People & Body,person
_girl_medium-dark_skin_tone_,2,👧🏾,girl: medium-dark skin tone,People & Body,person
_part_alternation_mark_,2,〽️,part alternation mark,Symbols,other-symbol
_four-thirty_,2,🕟,four-thirty,Travel & Places,time
_pancakes_,2,🥞,pancakes,Food & Drink,food-prepared
_person_taking_bath_light_skin_tone_,2,🛀🏻,person taking bath: light skin tone,People & Body,person-resting
_person_with_skullcap_,2,👲,person with skullcap,People & Body,person-role
_man_pouting_medium-light_skin_tone_,2,🙎🏼‍♂️,man pouting: medium-light skin tone,People & Body,person-gesture
_fountain_,2,⛲,fountain,Travel & Places,place-other
_page_with_curl_,2,📃,page with curl,Objects,book-paper
_person_with_veil_medium_skin_tone_,2,👰🏽,person with veil: medium skin tone,People & Body,person-role
_girl_dark_skin_tone_,2,👧🏿,girl: dark skin tone,People & Body,person
_man_pouting_medium_skin_tone_,2,🙎🏽‍♂️,man pouting: medium skin tone,People & Body,person-gesture
_pinched_fingers_medium-light_skin_tone_,2,🤌🏼,pinched fingers: medium-light skin tone,People & Body,hand-fingers-partial
_gloves_,2,🧤,gloves,Objects,clothing
_pinched_fingers_medium_skin_tone_,2,🤌🏽,pinched fingers: medium skin tone,People & Body,hand-fingers-partial
_pinching_hand_,2,🤏,pinching hand,People & Body,hand-fingers-partial
_optical_disk_,2,💿,optical disk,Objects,computer
_open_mailbox_with_lowered_flag_,2,📭,open mailbox with lowered flag,Objects,mail
_man_office_worker_light_skin_tone_,2,👨🏻‍💼,man office worker: light skin tone,People & Body,person-role
_man_mountain_biking_,2,🚵‍♂️,man mountain biking,People & Body,person-sport
_person_running_dark_skin_tone_,2,🏃🏿,person running: dark skin tone,People & Body,person-activity
_man_mechanic_light_skin_tone_,2,👨🏻‍🔧,man mechanic: light skin tone,People & Body,person-role
_family_man_boy_,2,👨‍👦,"family: man, boy",People & Body,family
_polar_bear_,2,🐻‍❄️,polar bear,Animals & Nature,animal-mammal
_police_officer_,2,👮,police officer,People & Body,person-role
_person_biking_light_skin_tone_,2,🚴🏻,person biking: light skin tone,People & Body,person-sport
_non-potable_water_,2,🚱,non-potable water,Symbols,warning
_merman_medium_skin_tone_,2,🧜🏽‍♂️,merman: medium skin tone,People & Body,person-fantasy
_person_in_suit_levitating_,2,🕴️,person in suit levitating,People & Body,person-activity
_man_cartwheeling_dark_skin_tone_,2,🤸🏿‍♂️,man cartwheeling: dark skin tone,People & Body,person-sport
_minibus_,2,🚐,minibus,Travel & Places,transport-ground
_curling_stone_,2,🥌,curling stone,Activities,sport
_male_sign_,2,♂️,male sign,Symbols,gender
_couple_with_heart_woman_man_,2,👩‍❤️‍👨,"couple with heart: woman, man",People & Body,family
_crossed_fingers_dark_skin_tone_,2,🤞🏿,crossed fingers: dark skin tone,People & Body,hand-fingers-partial
_inbox_tray_,2,📥,inbox tray,Objects,mail
_man_dancing_medium-dark_skin_tone_,2,🕺🏾,man dancing: medium-dark skin tone,People & Body,person-activity
_person_lifting_weights_light_skin_tone_,2,🏋🏻,person lifting weights: light skin tone,People & Body,person-sport
_man_detective_light_skin_tone_,2,🕵🏻‍♂️,man detective: light skin tone,People & Body,person-role
_input_latin_lowercase_,2,🔡,input latin lowercase,Symbols,alphanum
_salt_,2,🧂,salt,Food & Drink,food-prepared
_mobile_phone_off_,2,📴,mobile phone off,Symbols,av-symbol
_sauropod_,2,🦕,sauropod,Animals & Nature,animal-reptile
_input_numbers_,2,🔢,input numbers,Symbols,alphanum
_mouse_,2,🐁,mouse,Animals & Nature,animal-mammal
_cow_face_,2,🐮,cow face,Animals & Nature,animal-mammal
_fish_cake_with_swirl_,2,🍥,fish cake with swirl,Food & Drink,food-asian
_scarf_,2,🧣,scarf,Objects,clothing
_man_supervillain_,2,🦹‍♂️,man supervillain,People & Body,person-fantasy
_currency_exchange_,2,💱,currency exchange,Symbols,currency
_name_badge_,2,📛,name badge,Symbols,other-symbol
_seat_,2,💺,seat,Travel & Places,transport-air
_large_blue_diamond_,2,🔷,large blue diamond,Symbols,geometric
_level_slider_,2,🎚️,level slider,Objects,music
_service_dog_,2,🐕‍🦺,service dog,Animals & Nature,animal-mammal
_horizontal_traffic_light_,2,🚥,horizontal traffic light,Travel & Places,transport-ground
_man_cartwheeling_light_skin_tone_,2,🤸🏻‍♂️,man cartwheeling: light skin tone,People & Body,person-sport
_cooked_rice_,2,🍚,cooked rice,Food & Drink,food-asian
_mosque_,2,🕌,mosque,Travel & Places,place-religious
_rice_ball_,2,🍙,rice ball,Food & Drink,food-asian
_kite_,2,🪁,kite,Activities,game
_dango_,2,🍡,dango,Food & Drink,food-asian
_middle_finger_medium-dark_skin_tone_,2,🖕🏾,middle finger: medium-dark skin tone,People & Body,hand-single-finger
_man_bouncing_ball_,2,⛹️‍♂️,man bouncing ball,People & Body,person-sport
_kiss_man_man_,2,👨‍❤️‍💋‍👨,"kiss: man, man",People & Body,family
_person_in_tuxedo_,2,🤵,person in tuxedo,People & Body,person-role
_kimono_,2,👘,kimono,Objects,clothing
_man_swimming_medium-light_skin_tone_,2,🏊🏼‍♂️,man swimming: medium-light skin tone,People & Body,person-sport
_rhinoceros_,2,🦏,rhinoceros,Animals & Nature,animal-mammal
_man_dark_skin_tone_,2,👨🏿,man: dark skin tone,People & Body,person
_Japanese_congratulations_button_,1,㊗️,Japanese “congratulations” button,Symbols,alphanum
_man_surfing_light_skin_tone_,1,🏄🏻‍♂️,man surfing: light skin tone,People & Body,person-sport
_man_teacher_light_skin_tone_,1,👨🏻‍🏫,man teacher: light skin tone,People & Body,person-role
_woman_health_worker_medium_skin_tone_,1,👩🏽‍⚕️,woman health worker: medium skin tone,People & Body,person-role
_left_luggage_,1,🛅,left luggage,Symbols,transport-sign
_man_with_veil_light_skin_tone_,1,👰🏻‍♂️,man with veil: light skin tone,People & Body,person-role
_woman_gesturing_OK_medium_skin_tone_,1,🙆🏽‍♀️,woman gesturing OK: medium skin tone,People & Body,person-gesture
_left-facing_fist_dark_skin_tone_,1,🤛🏿,left-facing fist: dark skin tone,People & Body,hand-fingers-closed
_woman_getting_haircut_light_skin_tone_,1,💇🏻‍♀️,woman getting haircut: light skin tone,People & Body,person-activity
_man_tipping_hand_medium_skin_tone_,1,💁🏽‍♂️,man tipping hand: medium skin tone,People & Body,person-gesture
_Japanese_acceptable_button_,1,🉑,Japanese “acceptable” button,Symbols,alphanum
_man_tipping_hand_dark_skin_tone_,1,💁🏿‍♂️,man tipping hand: dark skin tone,People & Body,person-gesture
_woman_getting_haircut_,1,💇‍♀️,woman getting haircut,People & Body,person-activity
_woman_getting_massage_medium_skin_tone_,1,💆🏽‍♀️,woman getting massage: medium skin tone,People & Body,person-activity
_man_teacher_medium-light_skin_tone_,1,👨🏼‍🏫,man teacher: medium-light skin tone,People & Body,person-role
_woman_golfing_,1,🏌️‍♀️,woman golfing,People & Body,person-sport
_Jamaica_,1,🇯🇲,flag: Jamaica,Flags,country-flag
_Japanese_application_button_,1,🈸,Japanese “application” button,Symbols,alphanum
_Japanese_bargain_button_,1,🉐,Japanese “bargain” button,Symbols,alphanum
_left-facing_fist_medium_skin_tone_,1,🤛🏽,left-facing fist: medium skin tone,People & Body,hand-fingers-closed
_man_wearing_turban_light_skin_tone_,1,👳🏻‍♂️,man wearing turban: light skin tone,People & Body,person-role
_woman_genie_,1,🧞‍♀️,woman genie,People & Body,person-fantasy
_Japanese_not_free_of_charge_button_,1,🈶,Japanese “not free of charge” button,Symbols,alphanum
_map_of_Japan_,1,🗾,map of Japan,Travel & Places,place-map
_woman_frowning_,1,🙍‍♀️,woman frowning,People & Body,person-gesture
_Japanese_reserved_button_,1,🈯,Japanese “reserved” button,Symbols,alphanum
_Japanese_secret_button_,1,㊙️,Japanese “secret” button,Symbols,alphanum
_label_,1,🏷️,label,Objects,book-paper
_Japanese_service_charge_button_,1,🈂️,Japanese “service charge” button,Symbols,alphanum
_lab_coat_,1,🥼,lab coat,Objects,clothing
_woman_cook_medium_skin_tone_,1,👩🏽‍🍳,woman cook: medium skin tone,People & Body,person-role
_woman_construction_worker_medium-light_skin_tone_,1,👷🏼‍♀️,woman construction worker: medium-light skin tone,People & Body,person-role
_kick_scooter_,1,🛴,kick scooter,Travel & Places,transport-ground
_woman_climbing_,1,🧗‍♀️,woman climbing,People & Body,person-activity
_mirror_,1,🪞,mirror,Objects,household
_keycap_9_,1,9️⃣,keycap: 9,Symbols,keycap
_Japanese_vacancy_button_,1,🈳,Japanese “vacancy” button,Symbols,alphanum
_keycap_6_,1,6️⃣,keycap: 6,Symbols,keycap
_woman_bowing_medium-dark_skin_tone_,1,🙇🏾‍♀️,woman bowing: medium-dark skin tone,People & Body,person-gesture
_keycap_5_,1,5️⃣,keycap: 5,Symbols,keycap
_Leo_,1,♌,Leo,Symbols,zodiac
_keycap_10_,1,🔟,keycap: 10,Symbols,keycap
_monorail_,1,🚝,monorail,Travel & Places,transport-ground
_woman_biking_light_skin_tone_,1,🚴🏻‍♀️,woman biking: light skin tone,People & Body,person-sport
_merman_,1,🧜‍♂️,merman,People & Body,person-fantasy
_Japanese_post_office_,1,🏣,Japanese post office,Travel & Places,place-building
_Japanese_passing_grade_button_,1,🈴,Japanese “passing grade” button,Symbols,alphanum
_Japanese_here_button_,1,🈁,Japanese “here” button,Symbols,alphanum
_woman_farmer_medium-light_skin_tone_,1,👩🏼‍🌾,woman farmer: medium-light skin tone,People & Body,person-role
_woman_farmer_light_skin_tone_,1,👩🏻‍🌾,woman farmer: light skin tone,People & Body,person-role
_woman_farmer_,1,👩‍🌾,woman farmer,People & Body,person-role
_Japanese_discount_button_,1,🈹,Japanese “discount” button,Symbols,alphanum
_latin_cross_,1,✝️,latin cross,Symbols,religion
_woman_fairy_dark_skin_tone_,1,🧚🏿‍♀️,woman fairy: dark skin tone,People & Body,person-fantasy
_Japanese_free_of_charge_button_,1,🈚,Japanese “free of charge” button,Symbols,alphanum
_woman_factory_worker_light_skin_tone_,1,👩🏻‍🏭,woman factory worker: light skin tone,People & Body,person-role
_Japanese_monthly_amount_button_,1,🈷️,Japanese “monthly amount” button,Symbols,alphanum
_menorah_,1,🕎,menorah,Symbols,religion
_Japanese_no_vacancy_button_,1,🈵,Japanese “no vacancy” button,Symbols,alphanum
_last_track_button_,1,⏮️,last track button,Symbols,av-symbol
_Japanese_open_for_business_button_,1,🈺,Japanese “open for business” button,Symbols,alphanum
_medical_symbol_,1,⚕️,medical symbol,Symbols,other-symbol
_woman_elf_light_skin_tone_,1,🧝🏻‍♀️,woman elf: light skin tone,People & Body,person-fantasy
_woman_elf_,1,🧝‍♀️,woman elf,People & Body,person-fantasy
_men_wrestling_,1,🤼‍♂️,men wrestling,People & Body,person-sport
_woman_in_lotus_position_medium_skin_tone_,1,🧘🏽‍♀️,woman in lotus position: medium skin tone,People & Body,person-resting
_man_rowing_boat_,1,🚣‍♂️,man rowing boat,People & Body,person-sport
_woman_in_steamy_room_light_skin_tone_,1,🧖🏻‍♀️,woman in steamy room: light skin tone,People & Body,person-activity
_man_health_worker_medium-light_skin_tone_,1,👨🏼‍⚕️,man health worker: medium-light skin tone,People & Body,person-role
_man_frowning_,1,🙍‍♂️,man frowning,People & Body,person-gesture
_man_frowning_medium-dark_skin_tone_,1,🙍🏾‍♂️,man frowning: medium-dark skin tone,People & Body,person-gesture
_man_frowning_medium-light_skin_tone_,1,🙍🏼‍♂️,man frowning: medium-light skin tone,People & Body,person-gesture
_Capricorn_,1,♑,Capricorn,Symbols,zodiac
_man_gesturing_OK_medium_skin_tone_,1,🙆🏽‍♂️,man gesturing OK: medium skin tone,People & Body,person-gesture
_man_getting_massage_,1,💆‍♂️,man getting massage,People & Body,person-activity
_man_golfing_,1,🏌️‍♂️,man golfing,People & Body,person-sport
_Clipperton_Island_,1,🇨🇵,flag: Clipperton Island,Flags,country-flag
_woman_teacher_medium_skin_tone_,1,👩🏽‍🏫,woman teacher: medium skin tone,People & Body,person-role
_woman_teacher_medium-light_skin_tone_,1,👩🏼‍🏫,woman teacher: medium-light skin tone,People & Body,person-role
_man_in_lotus_position_light_skin_tone_,1,🧘🏻‍♂️,man in lotus position: light skin tone,People & Body,person-resting
_man_farmer_light_skin_tone_,1,👨🏻‍🌾,man farmer: light skin tone,People & Body,person-role
_man_judge_,1,👨‍⚖️,man judge,People & Body,person-role
_woman_surfing_medium_skin_tone_,1,🏄🏽‍♀️,woman surfing: medium skin tone,People & Body,person-sport
_woman_surfing_medium-light_skin_tone_,1,🏄🏼‍♀️,woman surfing: medium-light skin tone,People & Body,person-sport
_man_juggling_,1,🤹‍♂️,man juggling,People & Body,person-sport
_man_juggling_light_skin_tone_,1,🤹🏻‍♂️,man juggling: light skin tone,People & Body,person-sport
_woman_superhero_,1,🦸‍♀️,woman superhero,People & Body,person-fantasy
_woman_student_medium-dark_skin_tone_,1,👩🏾‍🎓,woman student: medium-dark skin tone,People & Body,person-role
_woman_standing_light_skin_tone_,1,🧍🏻‍♀️,woman standing: light skin tone,People & Body,person-activity
_woman_vampire_light_skin_tone_,1,🧛🏻‍♀️,woman vampire: light skin tone,People & Body,person-fantasy
_man_farmer_,1,👨‍🌾,man farmer,People & Body,person-role
_man_light_skin_tone_bald_,1,👨🏻‍🦲,"man: light skin tone, bald",People & Body,person
_man_artist_light_skin_tone_,1,👨🏻‍🎨,man artist: light skin tone,People & Body,person-role
_man_cartwheeling_medium_skin_tone_,1,🤸🏽‍♂️,man cartwheeling: medium skin tone,People & Body,person-sport
_man_climbing_,1,🧗‍♂️,man climbing,People & Body,person-activity
_man_dancing_dark_skin_tone_,1,🕺🏿,man dancing: dark skin tone,People & Body,person-activity
_yellow_square_,1,🟨,yellow square,Symbols,geometric
_ATM_sign_,1,🏧,ATM sign,Symbols,transport-sign
_man_artist_medium-light_skin_tone_,1,👨🏼‍🎨,man artist: medium-light skin tone,People & Body,person-role
_Albania_,1,🇦🇱,flag: Albania,Flags,country-flag
_yarn_,1,🧶,yarn,Activities,arts & crafts
_Andorra_,1,🇦🇩,flag: Andorra,Flags,country-flag
_man_dark_skin_tone_bald_,1,👨🏿‍🦲,"man: dark skin tone, bald",People & Body,person
_writing_hand_dark_skin_tone_,1,✍🏿,writing hand: dark skin tone,People & Body,hand-prop
_woman_walking_medium-light_skin_tone_,1,🚶🏼‍♀️,woman walking: medium-light skin tone,People & Body,person-activity
_Aries_,1,♈,Aries,Symbols,zodiac
_Austria_,1,🇦🇹,flag: Austria,Flags,country-flag
_man_elf_light_skin_tone_,1,🧝🏻‍♂️,man elf: light skin tone,People & Body,person-fantasy
_man_artist_,1,👨‍🎨,man artist,People & Body,person-role
_mahjong_red_dragon_,1,🀄,mahjong red dragon,Activities,game
_Bulgaria_,1,🇧🇬,flag: Bulgaria,Flags,country-flag
_CL_button_,1,🆑,CL button,Symbols,alphanum
_man_fairy_dark_skin_tone_,1,🧚🏿‍♂️,man fairy: dark skin tone,People & Body,person-fantasy
_woman_with_headscarf_light_skin_tone_,1,🧕🏻,woman with headscarf: light skin tone,People & Body,person-role
_woman_wearing_turban_light_skin_tone_,1,👳🏻‍♀️,woman wearing turban: light skin tone,People & Body,person-role
_woman_singer_medium-dark_skin_tone_,1,👩🏾‍🎤,woman singer: medium-dark skin tone,People & Body,person-role
_woman_singer_,1,👩‍🎤,woman singer,People & Body,person-role
_man_supervillain_light_skin_tone_,1,🦹🏻‍♂️,man supervillain: light skin tone,People & Body,person-fantasy
_man_singer_,1,👨‍🎤,man singer,People & Body,person-role
_llama_,1,🦙,llama,Animals & Nature,animal-mammal
_lizard_,1,🦎,lizard,Animals & Nature,animal-reptile
_woman_medium_skin_tone_curly_hair_,1,👩🏽‍🦱,"woman: medium skin tone, curly hair",People & Body,person
_woman_bald_,1,👩‍🦲,woman: bald,People & Body,person
_Iran_,1,🇮🇷,flag: Iran,Flags,country-flag
_man_running_medium-dark_skin_tone_,1,🏃🏾‍♂️,man running: medium-dark skin tone,People & Body,person-activity
_man_scientist_medium_skin_tone_,1,👨🏽‍🔬,man scientist: medium skin tone,People & Body,person-role
_woman_mage_medium-light_skin_tone_,1,🧙🏼‍♀️,woman mage: medium-light skin tone,People & Body,person-fantasy
_woman_mage_medium-dark_skin_tone_,1,🧙🏾‍♀️,woman mage: medium-dark skin tone,People & Body,person-fantasy
_light_rail_,1,🚈,light rail,Travel & Places,transport-ground
_woman_light_skin_tone_curly_hair_,1,👩🏻‍🦱,"woman: light skin tone, curly hair",People & Body,person
_woman_pilot_,1,👩‍✈️,woman pilot,People & Body,person-role
_man_student_dark_skin_tone_,1,👨🏿‍🎓,man student: dark skin tone,People & Body,person-role
_woman_light_skin_tone_bald_,1,👩🏻‍🦲,"woman: light skin tone, bald",People & Body,person
_man_student_medium-dark_skin_tone_,1,👨🏾‍🎓,man student: medium-dark skin tone,People & Body,person-role
_man_superhero_,1,🦸‍♂️,man superhero,People & Body,person-fantasy
_man_superhero_light_skin_tone_,1,🦸🏻‍♂️,man superhero: light skin tone,People & Body,person-fantasy
_woman_kneeling_light_skin_tone_,1,🧎🏻‍♀️,woman kneeling: light skin tone,People & Body,person-activity
_woman_juggling_light_skin_tone_,1,🤹🏻‍♀️,woman juggling: light skin tone,People & Body,person-sport
_woman_judge_medium-light_skin_tone_,1,👩🏼‍⚖️,woman judge: medium-light skin tone,People & Body,person-role
_woman_judge_medium-dark_skin_tone_,1,👩🏾‍⚖️,woman judge: medium-dark skin tone,People & Body,person-role
_woman_in_tuxedo_,1,🤵‍♀️,woman in tuxedo,People & Body,person-role
_man_raising_hand_medium-dark_skin_tone_,1,🙋🏾‍♂️,man raising hand: medium-dark skin tone,People & Body,person-gesture
_woman_playing_handball_,1,🤾‍♀️,woman playing handball,People & Body,person-sport
_locked_with_pen_,1,🔏,locked with pen,Objects,lock
_Finland_,1,🇫🇮,flag: Finland,Flags,country-flag
_woman_scientist_medium_skin_tone_,1,👩🏽‍🔬,woman scientist: medium skin tone,People & Body,person-role
_woman_scientist_medium-dark_skin_tone_,1,👩🏾‍🔬,woman scientist: medium-dark skin tone,People & Body,person-role
_man_medium-light_skin_tone_bald_,1,👨🏼‍🦲,"man: medium-light skin tone, bald",People & Body,person
_woman_scientist_dark_skin_tone_,1,👩🏿‍🔬,woman scientist: dark skin tone,People & Body,person-role
_man_pilot_,1,👨‍✈️,man pilot,People & Body,person-role
_Egypt_,1,🇪🇬,flag: Egypt,Flags,country-flag
_FREE_button_,1,🆓,FREE button,Symbols,alphanum
_woman_rowing_boat_,1,🚣‍♀️,woman rowing boat,People & Body,person-sport
_man_playing_handball_light_skin_tone_,1,🤾🏻‍♂️,man playing handball: light skin tone,People & Body,person-sport
_man_playing_water_polo_,1,🤽‍♂️,man playing water polo,People & Body,person-sport
_woman_playing_water_polo_,1,🤽‍♀️,woman playing water polo,People & Body,person-sport
_man_playing_water_polo_light_skin_tone_,1,🤽🏻‍♂️,man playing water polo: light skin tone,People & Body,person-sport
_woman_raising_hand_dark_skin_tone_,1,🙋🏿‍♀️,woman raising hand: dark skin tone,People & Body,person-gesture
_ID_button_,1,🆔,ID button,Symbols,alphanum
_woman_pouting_medium-light_skin_tone_,1,🙎🏼‍♀️,woman pouting: medium-light skin tone,People & Body,person-gesture
_man_police_officer_medium-light_skin_tone_,1,👮🏼‍♂️,man police officer: medium-light skin tone,People & Body,person-role
_woman_police_officer_medium-dark_skin_tone_,1,👮🏾‍♀️,woman police officer: medium-dark skin tone,People & Body,person-role
_man_police_officer_medium_skin_tone_,1,👮🏽‍♂️,man police officer: medium skin tone,People & Body,person-role
_woman_police_officer_,1,👮‍♀️,woman police officer,People & Body,person-role
_woman_playing_water_polo_medium_skin_tone_,1,🤽🏽‍♀️,woman playing water polo: medium skin tone,People & Body,person-sport
_woman_playing_water_polo_medium-light_skin_tone_,1,🤽🏼‍♀️,woman playing water polo: medium-light skin tone,People & Body,person-sport
_Libra_,1,♎,Libra,Symbols,zodiac
_cook_light_skin_tone_,1,🧑🏻‍🍳,cook: light skin tone,People & Body,person-role
_moon_cake_,1,🥮,moon cake,Food & Drink,food-asian
_star_and_crescent_,1,☪️,star and crescent,Symbols,religion
_pinching_hand_light_skin_tone_,1,🤏🏻,pinching hand: light skin tone,People & Body,hand-fingers-partial
_bowling_,1,🎳,bowling,Activities,sport
_pinching_hand_medium-light_skin_tone_,1,🤏🏼,pinching hand: medium-light skin tone,People & Body,hand-fingers-partial
_pinching_hand_medium_skin_tone_,1,🤏🏽,pinching hand: medium skin tone,People & Body,hand-fingers-partial
_family_man_woman_girl_girl_,1,👨‍👩‍👧‍👧,"family: man, woman, girl, girl",People & Body,family
_ping_pong_,1,🏓,ping pong,Activities,sport
_family_man_woman_boy_boy_,1,👨‍👩‍👦‍👦,"family: man, woman, boy, boy",People & Body,family
_family_man_girl_,1,👨‍👧,"family: man, girl",People & Body,family
_stop_button_,1,⏹️,stop button,Symbols,av-symbol
_star_of_David_,1,✡️,star of David,Symbols,religion
_face_with_spiral_eyes_,1,😵‍💫,face with spiral eyes,Smileys & Emotion,face-unwell
_bookmark_,1,🔖,bookmark,Objects,book-paper
_eye_in_speech_bubble_,1,👁️‍🗨️,eye in speech bubble,Smileys & Emotion,emotion
_postal_horn_,1,📯,postal horn,Objects,sound
_postbox_,1,📮,postbox,Objects,mail
_eject_button_,1,⏏️,eject button,Symbols,av-symbol
_eight-spoked_asterisk_,1,✳️,eight-spoked asterisk,Symbols,other-symbol
_breast-feeding_light_skin_tone_,1,🤱🏻,breast-feeding: light skin tone,People & Body,person-role
_spoon_,1,🥄,spoon,Food & Drink,dishware
_princess_dark_skin_tone_,1,👸🏿,princess: dark skin tone,People & Body,person-role
_spiral_notepad_,1,🗒️,spiral notepad,Objects,office
_purple_circle_,1,🟣,purple circle,Symbols,geometric
_sun_behind_large_cloud_,1,🌥️,sun behind large cloud,Travel & Places,sky & weather
_pinched_fingers_medium-dark_skin_tone_,1,🤌🏾,pinched fingers: medium-dark skin tone,People & Body,hand-fingers-partial
_moon_viewing_ceremony_,1,🎑,moon viewing ceremony,Activities,event
_person_taking_bath_medium-light_skin_tone_,1,🛀🏼,person taking bath: medium-light skin tone,People & Body,person-resting
_person_pouting_light_skin_tone_,1,🙎🏻,person pouting: light skin tone,People & Body,person-gesture
_fire_extinguisher_,1,🧯,fire extinguisher,Objects,household
_person_raising_hand_medium_skin_tone_,1,🙋🏽,person raising hand: medium skin tone,People & Body,person-gesture
_person_running_medium-dark_skin_tone_,1,🏃🏾,person running: medium-dark skin tone,People & Body,person-activity
_person_running_medium_skin_tone_,1,🏃🏽,person running: medium skin tone,People & Body,person-activity
_field_hockey_,1,🏑,field hockey,Activities,sport
_person_shrugging_medium_skin_tone_,1,🤷🏽,person shrugging: medium skin tone,People & Body,person-gesture
_person_standing_,1,🧍,person standing,People & Body,person-activity
_person_swimming_light_skin_tone_,1,🏊🏻,person swimming: light skin tone,People & Body,person-sport
_person_swimming_medium-light_skin_tone_,1,🏊🏼,person swimming: medium-light skin tone,People & Body,person-sport
_fax_machine_,1,📠,fax machine,Objects,phone
_pig_nose_,1,🐽,pig nose,Animals & Nature,animal-mammal
_fast_up_button_,1,⏫,fast up button,Symbols,av-symbol
_person_wearing_turban_,1,👳,person wearing turban,People & Body,person-role
_taco_,1,🌮,taco,Food & Drink,food-prepared
_person_wearing_turban_light_skin_tone_,1,👳🏻,person wearing turban: light skin tone,People & Body,person-role
_black_square_button_,1,🔲,black square button,Symbols,geometric
_synagogue_,1,🕍,synagogue,Travel & Places,place-religious
_swan_,1,🦢,swan,Animals & Nature,animal-bird
_person_with_skullcap_medium-light_skin_tone_,1,👲🏼,person with skullcap: medium-light skin tone,People & Body,person-role
_superhero_light_skin_tone_,1,🦸🏻,superhero: light skin tone,People & Body,person-fantasy
_petri_dish_,1,🧫,petri dish,Objects,science
_raccoon_,1,🦝,raccoon,Animals & Nature,animal-mammal
_double_curly_loop_,1,➿,double curly loop,Symbols,other-symbol
_dotted_six-pointed_star_,1,🔯,dotted six-pointed star,Symbols,religion
_scientist_,1,🧑‍🔬,scientist,People & Body,person-role
_crossed_flags_,1,🎌,crossed flags,Flags,flag
_roll_of_paper_,1,🧻,roll of paper,Objects,household
_cricket_game_,1,🏏,cricket game,Activities,sport
_sled_,1,🛷,sled,Activities,sport
_circus_tent_,1,🎪,circus tent,Travel & Places,place-other
_rugby_football_,1,🏉,rugby football,Activities,sport
_skateboard_,1,🛹,skateboard,Travel & Places,transport-ground
_singer_light_skin_tone_,1,🧑🏻‍🎤,singer: light skin tone,People & Body,person-role
_clamp_,1,🗜️,clamp,Objects,tool
_scientist_medium_skin_tone_,1,🧑🏽‍🔬,scientist: medium skin tone,People & Body,person-role
_raised_back_of_hand_medium-dark_skin_tone_,1,🤚🏾,raised back of hand: medium-dark skin tone,People & Body,hand-fingers-open
_clockwise_vertical_arrows_,1,🔃,clockwise vertical arrows,Symbols,arrow
_closed_mailbox_with_lowered_flag_,1,📪,closed mailbox with lowered flag,Objects,mail
_shuffle_tracks_button_,1,🔀,shuffle tracks button,Symbols,av-symbol
_couple_with_heart_woman_woman_,1,👩‍❤️‍👩,"couple with heart: woman, woman",People & Body,family
_cloud_with_lightning_,1,🌩️,cloud with lightning,Travel & Places,sky & weather
_coin_,1,🪙,coin,Objects,money
_copyright_,1,©️,copyright,Symbols,other-symbol
_computer_disk_,1,💽,computer disk,Objects,computer
_cook_medium-light_skin_tone_,1,🧑🏼‍🍳,cook: medium-light skin tone,People & Body,person-role
_right-facing_fist_medium_skin_tone_,1,🤜🏽,right-facing fist: medium skin tone,People & Body,hand-fingers-closed
_children_crossing_,1,🚸,children crossing,Symbols,warning
_rice_cracker_,1,🍘,rice cracker,Food & Drink,food-asian
_customs_,1,🛃,customs,Symbols,transport-sign
_diving_mask_,1,🤿,diving mask,Activities,sport
_sparkle_,1,❇️,sparkle,Symbols,other-symbol
_raised_hand_dark_skin_tone_,1,✋🏿,raised hand: dark skin tone,People & Body,hand-fingers-open
_softball_,1,🥎,softball,Activities,sport
_diamond_with_a_dot_,1,💠,diamond with a dot,Symbols,geometric
_socks_,1,🧦,socks,Objects,clothing
_raising_hands_dark_skin_tone_,1,🙌🏿,raising hands: dark skin tone,People & Body,hands
_department_store_,1,🏬,department store,Travel & Places,place-building
_red_envelope_,1,🧧,red envelope,Activities,event
_deaf_woman_,1,🧏‍♀️,deaf woman,People & Body,person-gesture
_deaf_person_light_skin_tone_,1,🧏🏻,deaf person: light skin tone,People & Body,person-gesture
_deaf_man_light_skin_tone_,1,🧏🏻‍♂️,deaf man: light skin tone,People & Body,person-gesture
_canoe_,1,🛶,canoe,Travel & Places,transport-water
_red_square_,1,🟥,red square,Symbols,geometric
_snail_,1,🐌,snail,Animals & Nature,animal-bug
_card_index_,1,📇,card index,Objects,office
_reminder_ribbon_,1,🎗️,reminder ribbon,Activities,event
_repeat_single_button_,1,🔂,repeat single button,Symbols,av-symbol
_restroom_,1,🚻,restroom,Symbols,transport-sign
_reverse_button_,1,◀️,reverse button,Symbols,av-symbol
_person_pouting_,1,🙎,person pouting,People & Body,person-gesture
_bell_pepper_,1,🫑,bell pepper,Food & Drink,food-vegetable
_person_medium_skin_tone_beard_,1,🧔🏽,"person: medium skin tone, beard",People & Body,person
_waning_gibbous_moon_,1,🌖,waning gibbous moon,Travel & Places,sky & weather
_nine-thirty_,1,🕤,nine-thirty,Travel & Places,time
_waving_hand_medium-dark_skin_tone_,1,👋🏾,waving hand: medium-dark skin tone,People & Body,hand-fingers-open
_ninja_light_skin_tone_,1,🥷🏻,ninja: light skin tone,People & Body,person-role
_health_worker_,1,🧑‍⚕️,health worker,People & Body,person-role
_Santa_Claus_medium_skin_tone_,1,🎅🏽,Santa Claus: medium skin tone,People & Body,person-fantasy
_water_closet_,1,🚾,water closet,Symbols,transport-sign
_water_buffalo_,1,🐃,water buffalo,Animals & Nature,animal-mammal
_nose_medium-light_skin_tone_,1,👃🏼,nose: medium-light skin tone,People & Body,body-parts
_Serbia_,1,🇷🇸,flag: Serbia,Flags,country-flag
_oil_drum_,1,🛢️,oil drum,Travel & Places,transport-ground
_old_woman_dark_skin_tone_,1,👵🏿,old woman: dark skin tone,People & Body,person
_Uzbekistan_,1,🇺🇿,flag: Uzbekistan,Flags,country-flag
_waffle_,1,🧇,waffle,Food & Drink,food-prepared
_olive_,1,🫒,olive,Food & Drink,food-fruit
_vulcan_salute_dark_skin_tone_,1,🖖🏿,vulcan salute: dark skin tone,People & Body,hand-fingers-open
_Switzerland_,1,🇨🇭,flag: Switzerland,Flags,country-flag
_one-thirty_,1,🕜,one-thirty,Travel & Places,time
_open_file_folder_,1,📂,open file folder,Objects,office
_open_hands_dark_skin_tone_,1,👐🏿,open hands: dark skin tone,People & Body,hands
_orthodox_cross_,1,☦️,orthodox cross,Symbols,religion
_Uganda_,1,🇺🇬,flag: Uganda,Flags,country-flag
_outbox_tray_,1,📤,outbox tray,Objects,mail
_seven-thirty_,1,🕢,seven-thirty,Travel & Places,time
_helicopter_,1,🚁,helicopter,Travel & Places,transport-air
_waxing_gibbous_moon_,1,🌔,waxing gibbous moon,Travel & Places,sky & weather
_Poland_,1,🇵🇱,flag: Poland,Flags,country-flag
_mosquito_,1,🦟,mosquito,Animals & Nature,animal-bug
_Malta_,1,🇲🇹,flag: Malta,Flags,country-flag
_mountain_railway_,1,🚞,mountain railway,Travel & Places,transport-ground
_NG_button_,1,🆖,NG button,Symbols,alphanum
_input_symbols_,1,🔣,input symbols,Symbols,alphanum
_North_Korea_,1,🇰🇵,flag: North Korea,Flags,country-flag
_North_Macedonia_,1,🇲🇰,flag: North Macedonia,Flags,country-flag
_input_latin_uppercase_,1,🔠,input latin uppercase,Symbols,alphanum
_input_latin_letters_,1,🔤,input latin letters,Symbols,alphanum
_information_,1,ℹ️,information,Symbols,alphanum
_nail_polish_dark_skin_tone_,1,💅🏿,nail polish: dark skin tone,People & Body,hand-prop
_nail_polish_medium-dark_skin_tone_,1,💅🏾,nail polish: medium-dark skin tone,People & Body,hand-prop
_ON!_arrow_,1,🔛,ON! arrow,Symbols,arrow
_Ophiuchus_,1,⛎,Ophiuchus,Symbols,zodiac
_P_button_,1,🅿️,P button,Symbols,alphanum
_Paraguay_,1,🇵🇾,flag: Paraguay,Flags,country-flag
_nesting_dolls_,1,🪆,nesting dolls,Activities,game
_wheel_of_dharma_,1,☸️,wheel of dharma,Symbols,religion
_horse_racing_light_skin_tone_,1,🏇🏻,horse racing: light skin tone,People & Body,person-sport
_wedding_,1,💒,wedding,Travel & Places,place-building
_Pisces_,1,♓,Pisces,Symbols,zodiac
_pager_,1,📟,pager,Objects,phone
_vampire_medium-light_skin_tone_,1,🧛🏼,vampire: medium-light skin tone,People & Body,person-fantasy
_person_medium-light_skin_tone_blond_hair_,1,👱🏼,"person: medium-light skin tone, blond hair",People & Body,person
_first_quarter_moon_face_,1,🌛,first quarter moon face,Travel & Places,sky & weather
_flamingo_,1,🦩,flamingo,Animals & Nature,animal-bird
_baby_medium_skin_tone_,1,👶🏽,baby: medium skin tone,People & Body,person
_tractor_,1,🚜,tractor,Travel & Places,transport-ground
_person_facepalming_medium_skin_tone_,1,🤦🏽,person facepalming: medium skin tone,People & Body,person-gesture
_five-thirty_,1,🕠,five-thirty,Travel & Places,time
_fishing_pole_,1,🎣,fishing pole,Activities,sport
_tooth_,1,🦷,tooth,People & Body,body-parts
_person_getting_haircut_,1,💇,person getting haircut,People & Body,person-activity
_person_getting_haircut_light_skin_tone_,1,💇🏻,person getting haircut: light skin tone,People & Body,person-activity
_toilet_,1,🚽,toilet,Objects,household
_person_in_lotus_position_light_skin_tone_,1,🧘🏻,person in lotus position: light skin tone,People & Body,person-resting
_parachute_,1,🪂,parachute,Travel & Places,transport-air
_person_in_suit_levitating_medium-light_skin_tone_,1,🕴🏼,person in suit levitating: medium-light skin tone,People & Body,person-activity
_person_in_tuxedo_medium_skin_tone_,1,🤵🏽,person in tuxedo: medium skin tone,People & Body,person-role
_bacon_,1,🥓,bacon,Food & Drink,food-prepared
_badger_,1,🦡,badger,Animals & Nature,animal-mammal
_badminton_,1,🏸,badminton,Activities,sport
_bagel_,1,🥯,bagel,Food & Drink,food-prepared
_person_light_skin_tone_,1,🧑🏻,person: light skin tone,People & Body,person
_person_medium-dark_skin_tone_beard_,1,🧔🏾,"person: medium-dark skin tone, beard",People & Body,person
_person_medium-light_skin_tone_,1,🧑🏼,person: medium-light skin tone,People & Body,person
_person_medium-light_skin_tone_beard_,1,🧔🏼,"person: medium-light skin tone, beard",People & Body,person
_tram_,1,🚊,tram,Travel & Places,transport-ground
_tram_car_,1,🚋,tram car,Travel & Places,transport-ground
_fleur-de-lis_,1,⚜️,fleur-de-lis,Symbols,other-symbol
_person_dark_skin_tone_beard_,1,🧔🏿,"person: dark skin tone, beard",People & Body,person
_abacus_,1,🧮,abacus,Objects,computer
_passport_control_,1,🛂,passport control,Symbols,transport-sign
_pause_button_,1,⏸️,pause button,Symbols,av-symbol
_fortune_cookie_,1,🥠,fortune cookie,Food & Drink,food-asian
_airplane_arrival_,1,🛬,airplane arrival,Travel & Places,transport-air
_foot_medium-light_skin_tone_,1,🦶🏼,foot: medium-light skin tone,People & Body,body-parts
_american_football_,1,🏈,american football,Activities,sport
_foot_light_skin_tone_,1,🦶🏻,foot: light skin tone,People & Body,body-parts
_foggy_,1,🌁,foggy,Travel & Places,place-other
_person_beard_,1,🧔,person: beard,People & Body,person
_flower_playing_cards_,1,🎴,flower playing cards,Activities,game
_turkey_,1,🦃,turkey,Animals & Nature,animal-bird
_person_biking_medium-light_skin_tone_,1,🚴🏼,person biking: medium-light skin tone,People & Body,person-sport
_person_bouncing_ball_,1,⛹️,person bouncing ball,People & Body,person-sport
_person_bouncing_ball_light_skin_tone_,1,⛹🏻,person bouncing ball: light skin tone,People & Body,person-sport
_person_bowing_light_skin_tone_,1,🙇🏻,person bowing: light skin tone,People & Body,person-gesture
_flexed_biceps_medium-dark_skin_tone_,1,💪🏾,flexed biceps: medium-dark skin tone,People & Body,body-parts
_trolleybus_,1,🚎,trolleybus,Travel & Places,transport-ground
_person_cartwheeling_light_skin_tone_,1,🤸🏻,person cartwheeling: light skin tone,People & Body,person-sport
_person_dark_skin_tone_bald_,1,🧑🏿‍🦲,"person: dark skin tone, bald",People & Body,person
_next_track_button_,1,⏭️,next track button,Symbols,av-symbol
